# WaveFront *.obj file (generated by Autodesk ATF)

mtllib Antenna Mount.mtl

g Antenna Mount

v -5.000000 16.700000 28.000000
v -4.000000 17.700000 29.000000
v -4.000000 17.700000 26.000000
v -5.000000 16.700000 27.000000
v -4.000000 25.700000 29.000000
v -4.000000 25.700000 26.000000
v 5.000000 16.700000 27.000000
v 4.000000 17.700000 26.000000
v 4.000000 17.700000 29.000000
v 5.000000 16.700000 28.000000
v 4.000000 25.700000 26.000000
v 4.000000 25.700000 29.000000
v 1.000000 16.700000 32.000000
v 3.000000 18.700000 30.000000
v -3.000000 18.700000 30.000000
v -1.000000 16.700000 32.000000
v 3.000000 24.247252 30.000000
v 2.898126 23.916313 30.000000
v 2.769122 23.599307 30.000000
v 2.614351 23.299587 30.000000
v 2.435451 23.020320 30.000000
v 2.234312 22.764459 30.000000
v 2.126059 22.646163 30.000000
v 2.013062 22.534711 30.000000
v 1.895619 22.430400 30.000000
v 1.774040 22.333505 30.000000
v 1.648647 22.244282 30.000000
v 1.519773 22.162968 30.000000
v 1.387758 22.089777 30.000000
v 1.252950 22.024903 30.000000
v 1.115708 21.968518 30.000000
v 0.976393 21.920770 30.000000
v 0.835374 21.881787 30.000000
v 0.693025 21.851670 30.000000
v 0.549721 21.830501 30.000000
v 0.405842 21.818335 30.000000
v 0.261769 21.815203 30.000000
v 0.117882 21.821115 30.000000
v -0.025437 21.836055 30.000000
v -0.167810 21.859983 30.000000
v -0.308861 21.892836 30.000000
v -0.448215 21.934527 30.000000
v -0.585505 21.984945 30.000000
v -0.720366 22.043958 30.000000
v -0.852444 22.111409 30.000000
v -0.981387 22.187120 30.000000
v -1.106856 22.270890 30.000000
v -1.228518 22.362499 30.000000
v -1.346051 22.461703 30.000000
v -1.459144 22.568240 30.000000
v -1.567499 22.681829 30.000000
v -1.670829 22.802169 30.000000
v -1.768860 22.928941 30.000000
v -1.861332 23.061811 30.000000
v -2.028641 23.344421 30.000000
v -2.170986 23.647011 30.000000
v -2.286861 23.966381 30.000000
v -2.375043 24.299155 30.000000
v -2.434597 24.641813 30.000000
v -2.464895 24.990733 30.000000
v -2.465616 25.342226 30.000000
v -2.436752 25.692573 30.000000
v -2.378609 26.038072 30.000000
v -2.291802 26.375069 30.000000
v -2.177248 26.700000 30.000000
v -3.000000 26.700000 30.000000
v 0.034908 18.313913 25.000000
v -0.102178 18.323927 25.000000
v -0.238580 18.342149 25.000000
v -0.373969 18.368534 25.000000
v -0.508020 18.403019 25.000000
v -0.770817 18.495936 25.000000
v -1.024440 18.620006 25.000000
v -1.266447 18.774033 25.000000
v -1.494508 18.956535 25.000000
v -1.706425 19.165753 25.000000
v -1.900158 19.399673 25.000000
v -2.073841 19.656042 25.000000
v -2.225801 19.932391 25.000000
v -2.354576 20.226059 25.000000
v -2.458924 20.534217 25.000000
v -2.537841 20.853898 25.000000
v -2.590568 21.182022 25.000000
v -2.616595 21.515431 25.000000
v -2.615673 21.850913 25.000000
v -2.587810 22.185237 25.000000
v -2.533275 22.515184 25.000000
v -2.452592 22.837576 25.000000
v -2.346540 23.149307 25.000000
v -2.216139 23.447377 25.000000
v -2.062645 23.728914 25.000000
v -1.887536 23.991207 25.000000
v -1.692499 24.231730 25.000000
v -1.479411 24.448167 25.000000
v -1.250326 24.638433 25.000000
v -1.007450 24.800696 25.000000
v -0.753121 24.933393 25.000000
v -0.489788 25.035247 25.000000
v -0.219988 25.105275 25.000000
v -0.083474 25.128133 25.000000
v 0.053680 25.142805 25.000000
v 0.191142 25.149257 25.000000
v 0.328582 25.147474 25.000000
v 0.465668 25.137460 25.000000
v 0.602070 25.119238 25.000000
v 0.737459 25.092853 25.000000
v 0.871510 25.058368 25.000000
v 1.134307 24.965451 25.000000
v 1.387930 24.841381 25.000000
v 1.629938 24.687354 25.000000
v 1.857998 24.504852 25.000000
v 2.069915 24.295634 25.000000
v 2.263648 24.061714 25.000000
v 2.437331 23.805345 25.000000
v 2.589291 23.528996 25.000000
v 2.718066 23.235328 25.000000
v 2.822414 22.927170 25.000000
v 2.901332 22.607489 25.000000
v 2.954058 22.279365 25.000000
v 2.980085 21.945956 25.000000
v 2.979163 21.610474 25.000000
v 2.951300 21.276150 25.000000
v 2.896765 20.946203 25.000000
v 2.816083 20.623811 25.000000
v 2.710030 20.312080 25.000000
v 2.579629 20.014010 25.000000
v 2.426135 19.732473 25.000000
v 2.251026 19.470180 25.000000
v 2.055989 19.229657 25.000000
v 1.842902 19.013220 25.000000
v 1.613817 18.822954 25.000000
v 1.370940 18.660691 25.000000
v 1.116611 18.527994 25.000000
v 0.853278 18.426140 25.000000
v 0.583479 18.356112 25.000000
v 0.446964 18.333254 25.000000
v 0.309810 18.318582 25.000000
v 0.172348 18.312130 25.000000
v -0.708836 27.700000 29.000000
v -0.976523 27.609489 29.090511
v -1.229262 27.499139 29.200861
v -1.464224 27.370187 29.329814
v -1.678775 27.224075 29.475925
v -1.870515 27.062442 29.637559
v -2.037295 26.887095 29.812905
v 3.056472 24.464123 29.943528
v 3.097053 24.696513 29.902947
v 3.121500 24.943028 29.878501
v 3.129665 25.202187 29.870336
v 3.121500 25.472433 29.878501
v 3.097053 25.752144 29.902947
v 3.056472 26.039639 29.943528
v 3.000000 26.333193 30.000000
v 2.946052 26.518751 30.000000
v 2.883338 26.700000 30.000000
v 2.741123 26.887095 29.812905
v 2.572223 27.062442 29.637559
v 2.378529 27.224075 29.475925
v 2.162211 27.370187 29.329814
v 1.925691 27.499139 29.200861
v 1.671617 27.609489 29.090511
v 1.402836 27.700000 29.000000
v 1.274624 27.700000 28.916436
v 1.144460 27.700000 28.843615
v 1.012649 27.700000 28.781707
v 0.879497 27.700000 28.730857
v 0.745315 27.700000 28.691184
v 0.610416 27.700000 28.662779
v 0.475116 27.700000 28.645710
v 0.339729 27.700000 28.640016
v 0.204573 27.700000 28.645710
v 0.069962 27.700000 28.662779
v -0.063789 27.700000 28.691184
v -0.196369 27.700000 28.730857
v -0.327467 27.700000 28.781707
v -0.456778 27.700000 28.843615
v -0.584000 27.700000 28.916436
v 0.376027 20.885914 28.668412
v 0.072948 20.891933 28.673321
v -0.228125 20.924757 28.659388
v -0.523664 20.984004 28.626775
v -0.810203 21.068977 28.575866
v -1.084383 21.178681 28.507257
v -1.342989 21.311830 28.421752
v -1.582990 21.466862 28.320354
v -1.801571 21.641959 28.204252
v -1.996171 21.835070 28.074806
v -2.164507 22.043930 27.933536
v -2.304606 22.266090 27.782096
v -2.414825 22.498945 27.622262
v -2.493873 22.739767 27.455908
v -2.540822 22.985730 27.284986
v -2.555122 23.233952 27.111497
v -2.536605 23.481522 26.937477
v -2.485489 23.725538 26.764966
v -2.402372 23.963139 26.595986
v -2.288230 24.191539 26.432518
v -2.144240 24.408273 26.276326
v -1.972569 24.610166 26.129699
v -1.774750 24.795484 25.993897
v -0.773972 25.328906 25.590015
v -0.486085 25.402472 25.529802
v -0.189638 25.449963 25.487601
v 1.298265 25.287708 25.556484
v 1.830908 25.044906 25.710567
v 2.070909 24.889874 25.811965
v 2.289490 24.714776 25.928067
v 2.484090 24.521665 26.057513
v 2.652426 24.312805 26.198783
v 2.792525 24.090645 26.350223
v 2.902744 23.857790 26.510057
v 2.981791 23.616969 26.676411
v 3.028740 23.371005 26.847333
v 3.043040 23.122783 27.020822
v 3.024524 22.875213 27.194842
v 2.973407 22.631197 27.367353
v 2.890291 22.393596 27.536333
v 2.776148 22.165196 27.699801
v 2.632318 21.948674 27.855840
v 2.460487 21.746570 28.002620
v 2.262669 21.561252 28.138422
v 2.041184 21.394893 28.261652
v 1.798627 21.249443 28.370866
v 1.537844 21.126609 28.464784
v 1.261891 21.027830 28.542304
v 0.974003 20.954263 28.602517
v 0.677557 20.906772 28.644718
v -1.553265 24.961843 25.870667
v -1.310708 25.107292 25.761453
v -1.049925 25.230126 25.667535
v 0.111892 25.470821 25.463907
v 0.414970 25.464803 25.458997
v 0.716044 25.431978 25.472931
v 1.011582 25.372731 25.505544
v 1.572301 25.178054 25.625062
v 3.000000 26.700000 30.000000
v -2.000000 27.700000 29.000000
v 2.000000 27.700000 29.000000
v -2.000000 27.700000 27.000000
v -3.500000 26.200000 25.500000
v 3.500000 26.200000 25.500000
v 3.000000 16.700000 25.000000
v 3.000000 25.700000 25.000000
v 2.000000 27.700000 27.000000
v -3.000000 25.700000 25.000000
v -3.000000 16.700000 25.000000
v -6.166154 15.827348 23.933476
v -6.166154 16.700000 23.933476
v 6.218608 16.700000 23.933476
v 6.218608 15.827348 23.933476
v -6.166154 15.827348 25.927089
v 6.218608 15.827348 25.930556
v -5.361983 15.827348 25.930556
v -5.361983 15.827348 25.927089
v -5.361983 8.700000 25.927089
v -6.166154 8.700000 25.927089
v -5.361983 15.028027 25.930556
v -5.361983 15.028027 31.000000
v -5.361983 8.700000 31.000000
v 5.451387 15.028027 25.930556
v 5.451387 15.028027 31.198529
v -4.180682 15.028027 31.198529
v -4.180682 15.028027 31.189868
v -5.158373 15.028027 31.189868
v -5.202830 15.028027 31.187761
v -5.245582 15.028027 31.175387
v -5.284291 15.028027 31.153423
v -5.316842 15.028027 31.123069
v -5.341453 15.028027 31.085987
v -5.356780 15.028027 31.044202
v -5.158373 8.700000 31.189868
v -5.202830 8.700000 31.187761
v -5.245582 8.700000 31.175387
v -5.284291 8.700000 31.153423
v -5.316842 8.700000 31.123069
v -5.341453 8.700000 31.085987
v -5.356780 8.700000 31.044202
v -5.356780 14.124023 31.044202
v -5.356780 13.220019 31.044202
v -5.356780 12.316015 31.044202
v -5.356780 11.412012 31.044202
v -5.356780 10.508008 31.044202
v -5.356780 9.604004 31.044202
v -5.341453 14.124023 31.085987
v -5.341453 13.220019 31.085987
v -5.341453 12.316015 31.085987
v -5.341453 11.412012 31.085987
v -5.341453 10.508008 31.085987
v -5.341453 9.604004 31.085987
v -5.316842 14.124023 31.123069
v -5.316842 13.220019 31.123069
v -5.316842 12.316015 31.123069
v -5.316842 11.412012 31.123069
v -5.316842 10.508008 31.123069
v -5.316842 9.604004 31.123069
v -5.284291 14.124023 31.153423
v -5.284291 13.220019 31.153423
v -5.284291 12.316015 31.153423
v -5.284291 11.412012 31.153423
v -5.284291 10.508008 31.153423
v -5.284291 9.604004 31.153423
v -5.245582 14.124023 31.175387
v -5.245582 13.220019 31.175387
v -5.245582 12.316015 31.175387
v -5.245582 11.412012 31.175387
v -5.245582 10.508008 31.175387
v -5.245582 9.604004 31.175387
v -5.202830 14.124023 31.187761
v -5.202830 13.220019 31.187761
v -5.202830 12.316015 31.187761
v -5.202830 11.412012 31.187761
v -5.202830 10.508008 31.187761
v -5.202830 9.604004 31.187761
v 4.208520 8.700000 31.198529
v 4.208520 8.700000 32.000000
v 4.272673 9.065049 32.000000
v 4.304777 9.434300 32.000000
v 4.304587 9.804944 32.000000
v 4.272104 10.174161 32.000000
v 4.207576 10.539145 32.000000
v 4.111493 10.897118 32.000000
v 3.984586 11.245358 32.000000
v 3.827821 11.581218 32.000000
v 3.642389 11.902141 32.000000
v 3.429702 12.205688 32.000000
v 3.191375 12.489549 32.000000
v 2.929224 12.751567 32.000000
v 2.645240 12.989747 32.000000
v 2.341584 13.202279 32.000000
v 2.020565 13.387546 32.000000
v 1.684625 13.544139 32.000000
v 1.336320 13.670867 32.000000
v 0.978297 13.766766 32.000000
v 0.613281 13.831106 32.000000
v 0.244047 13.863400 32.000000
v -0.126597 13.863400 32.000000
v -0.495831 13.831106 32.000000
v -0.860848 13.766766 32.000000
v -1.218870 13.670867 32.000000
v -1.567176 13.544139 32.000000
v -1.903115 13.387546 32.000000
v -2.224134 13.202279 32.000000
v -2.527790 12.989747 32.000000
v -2.811774 12.751567 32.000000
v -3.073926 12.489549 32.000000
v -3.312252 12.205688 32.000000
v -3.524939 11.902141 32.000000
v -3.710371 11.581218 32.000000
v -3.867136 11.245358 32.000000
v -3.994043 10.897118 32.000000
v -4.090126 10.539145 32.000000
v -4.154654 10.174161 32.000000
v -4.187137 9.804944 32.000000
v -4.187327 9.434300 32.000000
v -4.155224 9.065049 32.000000
v -4.091070 8.700000 32.000000
v -4.091070 8.700000 31.198529
v -4.131017 8.904306 31.198529
v -4.160911 9.110322 31.198529
v -4.180682 9.317555 31.198529
v -4.180682 9.317555 31.189868
v -4.190098 9.517406 31.189868
v -4.190098 9.717478 31.189868
v -4.180682 9.917328 31.189868
v -4.180682 9.917328 31.198529
v -4.138896 10.282630 31.198529
v -4.065693 10.642954 31.198529
v -3.961620 10.995601 31.198529
v -3.827457 11.337934 31.198529
v -3.664206 11.667389 31.198529
v -3.473091 11.981501 31.198529
v -3.255541 12.277919 31.198529
v -3.013185 12.554425 31.198529
v -2.747837 12.808948 31.198529
v -2.461483 13.039583 31.198529
v -2.156266 13.244606 31.198529
v -1.834470 13.422480 31.198529
v -1.498505 13.571874 31.198529
v -1.150884 13.691671 31.198529
v -0.794210 13.780974 31.198529
v -0.431152 13.839115 31.198529
v -0.064427 13.865657 31.198529
v 0.303220 13.860403 31.198529
v 0.669036 13.823393 31.198529
v 1.030285 13.754901 31.198529
v 1.384261 13.655443 31.198529
v 1.728317 13.525762 31.198529
v 2.059876 13.366828 31.198529
v 2.376458 13.179831 31.198529
v 2.675692 12.966171 31.198529
v 2.955338 12.727447 31.198529
v 3.213305 12.465445 31.198529
v 3.447661 12.182128 31.198529
v 3.656652 11.879614 31.198529
v 3.838713 11.560169 31.198529
v 3.992483 11.226184 31.198529
v 4.116810 10.880157 31.198529
v 4.210763 10.524679 31.198529
v 4.273640 10.162411 31.198529
v 4.304970 9.796065 31.198529
v 4.304518 9.428381 31.198529
v 4.272287 9.062112 31.198529
v -4.180682 8.700000 31.189868
v -4.180682 8.700000 31.198529
v -5.500000 8.700000 32.000000
v -7.000000 8.700000 30.500000
v -7.000000 8.700000 22.300000
v -6.127469 8.700000 21.427470
v -5.144618 8.700000 21.427470
v -5.144618 8.700000 22.428024
v -6.166154 8.700000 22.428024
v 5.451387 8.700000 31.198529
v -6.166154 16.700000 22.428024
v -5.500000 16.700000 32.000000
v -7.000000 16.700000 30.500000
v -7.000000 16.700000 22.300000
v -6.127469 16.700000 21.427470
v -5.144618 16.700000 21.427470
v -5.144618 16.700000 22.428024
v 5.499581 8.700000 32.000000
v 5.499581 16.700000 32.000000
v 5.218047 8.700000 21.431142
v 5.218047 8.700000 22.427236
v 5.218047 16.700000 22.427236
v 5.218047 16.700000 21.431142
v 6.132300 8.700000 21.431142
v 6.132300 16.700000 21.431142
v 6.999918 8.700000 22.299012
v 6.999918 16.700000 22.299012
v 6.999918 8.700000 30.500098
v 6.999918 16.700000 30.500098
v 5.451387 8.700000 25.930556
v 6.218608 8.700000 25.930556
v 6.218608 16.700000 22.425798
v 6.218608 8.700000 22.425798
vt 0.314221 0.070711 0.000000
vt 0.014221 0.070711 0.000000
vt 0.214221 -0.070711 0.000000
vt 0.114221 -0.070711 0.000000
vt 0.100000 0.100000 0.000000
vt 0.400000 0.100000 0.000000
vt 0.100000 0.900000 0.000000
vt 0.400000 0.900000 0.000000
vt 0.235779 0.070711 0.000000
vt -0.064221 0.070711 0.000000
vt 0.135779 -0.070711 0.000000
vt 0.035779 -0.070711 0.000000
vt 0.100000 0.100000 0.000000
vt 0.400000 0.100000 0.000000
vt 0.100000 0.900000 0.000000
vt 0.400000 0.900000 0.000000
vt 0.442675 0.141421 0.000000
vt -0.157325 0.141421 0.000000
vt 0.242675 -0.141421 0.000000
vt 0.042675 -0.141421 0.000000
vt 0.700000 0.200000 0.000000
vt 0.411788 0.512112 0.000000
vt 0.100000 0.200000 0.000000
vt 0.397456 0.513606 0.000000
vt 0.383219 0.515998 0.000000
vt 0.700000 0.754725 0.000000
vt 0.689813 0.721631 0.000000
vt 0.676912 0.689931 0.000000
vt 0.661435 0.659959 0.000000
vt 0.643545 0.632032 0.000000
vt 0.623431 0.606446 0.000000
vt 0.612606 0.594616 0.000000
vt 0.601306 0.583471 0.000000
vt 0.589562 0.573040 0.000000
vt 0.577404 0.563351 0.000000
vt 0.564865 0.554428 0.000000
vt 0.551977 0.546297 0.000000
vt 0.538776 0.538978 0.000000
vt 0.525295 0.532490 0.000000
vt 0.511571 0.526852 0.000000
vt 0.497639 0.522077 0.000000
vt 0.483537 0.518179 0.000000
vt 0.469302 0.515167 0.000000
vt 0.454972 0.513050 0.000000
vt 0.440584 0.511833 0.000000
vt 0.426177 0.511520 0.000000
vt 0.369114 0.519284 0.000000
vt 0.355179 0.523453 0.000000
vt 0.341450 0.528495 0.000000
vt 0.327963 0.534396 0.000000
vt 0.314756 0.541141 0.000000
vt 0.301861 0.548712 0.000000
vt 0.289314 0.557089 0.000000
vt 0.277148 0.566250 0.000000
vt 0.265395 0.576170 0.000000
vt 0.254086 0.586824 0.000000
vt 0.243250 0.598183 0.000000
vt 0.232917 0.610217 0.000000
vt 0.223114 0.622894 0.000000
vt 0.213867 0.636181 0.000000
vt 0.197136 0.664442 0.000000
vt 0.182901 0.694701 0.000000
vt 0.171314 0.726638 0.000000
vt 0.162496 0.759915 0.000000
vt 0.156540 0.794181 0.000000
vt 0.100000 1.000000 0.000000
vt 0.153511 0.829073 0.000000
vt 0.153438 0.864223 0.000000
vt 0.156325 0.899257 0.000000
vt 0.162139 0.933807 0.000000
vt 0.170820 0.967507 0.000000
vt 0.182275 1.000000 0.000000
vt -0.327669 -0.433976 0.000000
vt -0.327905 -0.447720 0.000000
vt 0.120822 -0.454989 0.000000
vt -0.327669 -0.461465 0.000000
vt -0.326960 -0.475209 0.000000
vt 0.120822 -0.485322 0.000000
vt -0.325780 -0.488953 0.000000
vt -0.324132 -0.502698 0.000000
vt 0.120822 -0.515655 0.000000
vt -0.319450 -0.530187 0.000000
vt 0.120822 -0.545987 0.000000
vt -0.312958 -0.557676 0.000000
vt 0.120822 -0.576320 0.000000
vt -0.304719 -0.585165 0.000000
vt 0.120822 -0.606652 0.000000
vt -0.294812 -0.612654 0.000000
vt 0.120822 -0.636985 0.000000
vt -0.283332 -0.640143 0.000000
vt 0.120822 -0.667318 0.000000
vt -0.270391 -0.667632 0.000000
vt -0.256113 -0.695121 0.000000
vt 0.120822 -0.697650 0.000000
vt -0.240634 -0.722609 0.000000
vt 0.120822 -0.727983 0.000000
vt -0.224106 -0.750098 0.000000
vt 0.120822 -0.758315 0.000000
vt -0.206685 -0.777587 0.000000
vt 0.120822 -0.788648 0.000000
vt -0.188541 -0.805076 0.000000
vt 0.120822 -0.818981 0.000000
vt -0.169849 -0.832565 0.000000
vt 0.120822 -0.849313 0.000000
vt -0.150787 -0.860054 0.000000
vt 0.120822 -0.879646 0.000000
vt 0.120822 0.879646 0.000000
vt -0.150787 0.899238 0.000000
vt -0.131540 0.871749 0.000000
vt 0.120822 0.849313 0.000000
vt -0.112292 0.844260 0.000000
vt 0.120822 0.818981 0.000000
vt -0.093230 0.816771 0.000000
vt 0.120822 0.788648 0.000000
vt -0.074538 0.789282 0.000000
vt -0.056394 0.761793 0.000000
vt 0.120822 0.758315 0.000000
vt -0.038973 0.734304 0.000000
vt 0.120822 0.727952 0.000000
vt -0.022445 0.706815 0.000000
vt 0.120822 0.697650 0.000000
vt -0.006966 0.679326 0.000000
vt 0.120822 0.667318 0.000000
vt 0.007312 0.651837 0.000000
vt 0.542407 0.638934 0.000000
vt 0.120822 0.636985 0.000000
vt 0.539826 0.609289 0.000000
vt 0.020253 0.624348 0.000000
vt 0.120822 0.606652 0.000000
vt 0.031733 0.596859 0.000000
vt 0.537744 0.579644 0.000000
vt 0.120822 0.576320 0.000000
vt 0.536186 0.550000 0.000000
vt 0.041640 0.569371 0.000000
vt 0.120822 0.545987 0.000000
vt 0.049879 0.541882 0.000000
vt 0.120822 0.515655 0.000000
vt 0.056371 0.514393 0.000000
vt 0.061053 0.486904 0.000000
vt 0.120822 0.485322 0.000000
vt 0.062701 0.473159 0.000000
vt 0.510497 0.468830 0.000000
vt 0.120822 0.454989 0.000000
vt 0.509431 0.455302 0.000000
vt 0.509298 0.441774 0.000000
vt 0.064590 0.445670 0.000000
vt 0.064826 0.431926 0.000000
vt 0.063881 0.459415 0.000000
vt 0.120822 0.424657 0.000000
vt 0.064590 0.418181 0.000000
vt 0.511829 0.414717 0.000000
vt 0.063881 0.404437 0.000000
vt 0.514487 0.401189 0.000000
vt 0.120822 0.394324 0.000000
vt 0.518066 0.387660 0.000000
vt 0.061053 0.376948 0.000000
vt 0.522558 0.374132 0.000000
vt 0.120822 0.363991 0.000000
vt 0.527951 0.360604 0.000000
vt 0.056371 0.349459 0.000000
vt 0.534234 0.347076 0.000000
vt 0.120822 0.333643 0.000000
vt 0.541392 0.333547 0.000000
vt 0.049879 0.321970 0.000000
vt 0.544273 0.303903 0.000000
vt 0.120822 0.303326 0.000000
vt 0.547604 0.274258 0.000000
vt 0.041640 0.294481 0.000000
vt 0.120822 0.272994 0.000000
vt 0.031733 0.266992 0.000000
vt 0.120822 0.242661 0.000000
vt 0.020253 0.239503 0.000000
vt 0.120822 0.212328 0.000000
vt 0.007312 0.212014 0.000000
vt -0.006966 0.184525 0.000000
vt 0.062701 0.390692 0.000000
vt 0.120822 0.181996 0.000000
vt -0.022445 0.157037 0.000000
vt 0.120822 0.151663 0.000000
vt -0.038973 0.129548 0.000000
vt 0.120822 0.121330 0.000000
vt -0.056394 0.102059 0.000000
vt 0.120822 0.090998 0.000000
vt -0.074538 0.074570 0.000000
vt 0.120822 0.060665 0.000000
vt -0.093230 0.047081 0.000000
vt 0.120822 0.030333 0.000000
vt -0.112292 0.019592 0.000000
vt 0.120822 0.000000 0.000000
vt -0.131540 -0.007897 0.000000
vt 0.120822 -0.030333 0.000000
vt -0.150787 -0.035386 0.000000
vt 0.120822 -0.060665 0.000000
vt -0.169849 -0.062875 0.000000
vt 0.120822 -0.090998 0.000000
vt -0.188541 -0.090364 0.000000
vt -0.206685 -0.117853 0.000000
vt 0.120822 -0.121330 0.000000
vt -0.224106 -0.145342 0.000000
vt 0.120822 -0.151663 0.000000
vt -0.240634 -0.172831 0.000000
vt 0.120822 -0.181996 0.000000
vt -0.256113 -0.200320 0.000000
vt 0.120822 -0.212328 0.000000
vt -0.270391 -0.227809 0.000000
vt 0.120822 -0.242661 0.000000
vt -0.283332 -0.255298 0.000000
vt 0.120822 -0.272994 0.000000
vt -0.294812 -0.282786 0.000000
vt 0.120822 -0.303326 0.000000
vt -0.304719 -0.310275 0.000000
vt 0.120822 -0.333659 0.000000
vt -0.312958 -0.337764 0.000000
vt 0.120822 -0.363991 0.000000
vt -0.319450 -0.365253 0.000000
vt 0.120822 -0.394324 0.000000
vt -0.324132 -0.392742 0.000000
vt -0.325780 -0.406487 0.000000
vt 0.120822 -0.424657 0.000000
vt -0.326960 -0.420231 0.000000
vt 0.545459 0.668578 0.000000
vt 0.548947 0.698223 0.000000
vt 0.552834 0.727867 0.000000
vt 0.557074 0.757512 0.000000
vt 0.538152 0.786317 0.000000
vt 0.518606 0.815121 0.000000
vt 0.498643 0.843926 0.000000
vt 0.478474 0.872731 0.000000
vt 0.478474 -0.886561 0.000000
vt 0.458313 -0.857756 0.000000
vt 0.438372 -0.828951 0.000000
vt 0.418862 -0.800147 0.000000
vt 0.399990 -0.771342 0.000000
vt 0.381955 -0.742537 0.000000
vt 0.364947 -0.713732 0.000000
vt 0.349148 -0.684928 0.000000
vt 0.341754 -0.670525 0.000000
vt 0.334723 -0.656123 0.000000
vt 0.328075 -0.641720 0.000000
vt 0.321826 -0.627318 0.000000
vt 0.315993 -0.612916 0.000000
vt 0.310592 -0.598513 0.000000
vt 0.305637 -0.584111 0.000000
vt 0.301141 -0.569708 0.000000
vt 0.297115 -0.555306 0.000000
vt 0.293572 -0.540904 0.000000
vt 0.290519 -0.526501 0.000000
vt 0.287965 -0.512099 0.000000
vt 0.285917 -0.497697 0.000000
vt 0.284380 -0.483294 0.000000
vt 0.283358 -0.468892 0.000000
vt 0.282855 -0.454489 0.000000
vt 0.282870 -0.440087 0.000000
vt 0.283405 -0.425685 0.000000
vt 0.284458 -0.411282 0.000000
vt 0.286025 -0.396880 0.000000
vt 0.288104 -0.382477 0.000000
vt 0.290688 -0.368075 0.000000
vt 0.293770 -0.353673 0.000000
vt 0.297343 -0.339270 0.000000
vt 0.301397 -0.324868 0.000000
vt 0.305921 -0.310466 0.000000
vt 0.310903 -0.296063 0.000000
vt 0.316331 -0.281661 0.000000
vt 0.322189 -0.267258 0.000000
vt 0.328462 -0.252856 0.000000
vt 0.335134 -0.238454 0.000000
vt 0.342187 -0.224051 0.000000
vt 0.357361 -0.195246 0.000000
vt 0.373822 -0.166442 0.000000
vt 0.391397 -0.137637 0.000000
vt 0.409900 -0.108832 0.000000
vt 0.429135 -0.080027 0.000000
vt 0.437092 -0.058324 0.000000
vt 0.447200 -0.036620 0.000000
vt 0.459401 -0.014917 0.000000
vt 0.473619 0.006787 0.000000
vt 0.489770 0.028490 0.000000
vt 0.507757 0.050194 0.000000
vt 0.527471 0.071897 0.000000
vt 0.548795 0.093601 0.000000
vt 0.559307 0.109818 0.000000
vt 0.569550 0.126035 0.000000
vt 0.564614 0.155680 0.000000
vt 0.559900 0.185324 0.000000
vt 0.555461 0.214969 0.000000
vt 0.551347 0.244614 0.000000
vt 0.510098 0.428245 0.000000
vt 0.512493 0.482358 0.000000
vt 0.515414 0.495887 0.000000
vt 0.519254 0.509415 0.000000
vt 0.524004 0.522943 0.000000
vt 0.529652 0.536472 0.000000
vt -0.070711 0.963319 0.000000
vt -0.062724 0.933964 0.000000
vt -0.070711 1.000000 0.000000
vt 0.070711 0.900000 0.000000
vt -0.056985 0.905214 0.000000
vt -0.053528 0.877243 0.000000
vt -0.052373 0.850219 0.000000
vt -0.053528 0.824303 0.000000
vt -0.056985 0.799651 0.000000
vt -0.062724 0.776412 0.000000
vt -0.070711 0.754725 0.000000
vt 0.070711 0.100000 0.000000
vt -0.070711 0.200000 0.000000
vt -0.353553 0.000000 0.000000
vt 0.212132 0.000000 0.000000
vt 0.688334 1.000000 0.000000
vt 0.694605 0.981875 0.000000
vt 0.700000 1.000000 0.000000
vt 0.700000 0.963319 0.000000
vt -0.017725 -0.070711 0.000000
vt -0.003729 -0.044251 0.000000
vt -0.100000 -0.070711 0.000000
vt 0.012949 -0.019454 0.000000
vt -0.000000 0.070711 0.000000
vt 0.032122 0.003405 0.000000
vt 0.053578 0.024068 0.000000
vt 0.077074 0.042305 0.000000
vt 0.102348 0.057910 0.000000
vt 0.129116 0.070711 0.000000
vt 0.340284 0.070711 0.000000
vt 0.367162 0.057910 0.000000
vt 0.400000 0.070711 0.000000
vt 0.392569 0.042305 0.000000
vt 0.416221 0.024068 0.000000
vt 0.437853 0.003405 0.000000
vt 0.457222 -0.019454 0.000000
vt 0.500000 -0.070711 0.000000
vt 0.474112 -0.044251 0.000000
vt 0.488334 -0.070711 0.000000
vt 0.275000 0.141421 0.000000
vt 0.075000 0.141421 0.000000
vt 0.375000 0.000000 0.000000
vt -0.075000 -0.070711 0.000000
vt 0.275000 -0.141421 0.000000
vt -0.025000 -0.141421 0.000000
vt -0.070711 0.900000 0.000000
vt -0.070711 0.100000 0.000000
vt 0.000000 0.950000 0.000000
vt 0.070711 0.900000 0.000000
vt 0.070711 0.000000 0.000000
vt -0.212132 0.000000 0.000000
vt -0.025000 0.141421 0.000000
vt -0.125000 0.000000 0.000000
vt 0.175000 0.141421 0.000000
vt 0.325000 -0.070711 0.000000
vt -0.025000 -0.141421 0.000000
vt 0.275000 -0.141421 0.000000
vt -0.100000 -0.141421 0.000000
vt 0.500000 -0.141421 0.000000
vt -0.150000 -0.070711 0.000000
vt 0.550000 -0.070711 0.000000
vt -0.000000 0.141421 0.000000
vt 0.400000 0.141421 0.000000
vt 0.382765 0.161213 0.000000
vt 0.100000 0.000000 0.000000
vt 0.396509 0.161391 0.000000
vt 0.700000 0.000000 0.000000
vt 0.410218 0.162393 0.000000
vt 0.423858 0.164215 0.000000
vt 0.437397 0.166853 0.000000
vt 0.450802 0.170302 0.000000
vt 0.477082 0.179594 0.000000
vt 0.502444 0.192001 0.000000
vt 0.526645 0.207403 0.000000
vt 0.549451 0.225653 0.000000
vt 0.570642 0.246575 0.000000
vt 0.590016 0.269967 0.000000
vt 0.607384 0.295604 0.000000
vt 0.622580 0.323239 0.000000
vt 0.635458 0.352606 0.000000
vt 0.645892 0.383422 0.000000
vt 0.653784 0.415390 0.000000
vt 0.659057 0.448202 0.000000
vt 0.661660 0.481543 0.000000
vt 0.700000 0.900000 0.000000
vt 0.661567 0.515091 0.000000
vt 0.658781 0.548524 0.000000
vt 0.653327 0.581518 0.000000
vt 0.645259 0.613758 0.000000
vt 0.634654 0.644931 0.000000
vt 0.621614 0.674738 0.000000
vt 0.606264 0.702891 0.000000
vt 0.588754 0.729121 0.000000
vt 0.569250 0.753173 0.000000
vt 0.547941 0.774817 0.000000
vt 0.525033 0.793843 0.000000
vt 0.500745 0.810070 0.000000
vt 0.475312 0.823339 0.000000
vt 0.448979 0.833525 0.000000
vt 0.421999 0.840528 0.000000
vt 0.408347 0.842813 0.000000
vt 0.394632 0.844281 0.000000
vt 0.380886 0.844926 0.000000
vt 0.100000 0.900000 0.000000
vt 0.367142 0.844747 0.000000
vt 0.353433 0.843746 0.000000
vt 0.339793 0.841924 0.000000
vt 0.326254 0.839285 0.000000
vt 0.312849 0.835837 0.000000
vt 0.286569 0.826545 0.000000
vt 0.261207 0.814138 0.000000
vt 0.237006 0.798735 0.000000
vt 0.214200 0.780485 0.000000
vt 0.193009 0.759563 0.000000
vt 0.173635 0.736171 0.000000
vt 0.156267 0.710535 0.000000
vt 0.141071 0.682900 0.000000
vt 0.128193 0.653533 0.000000
vt 0.117759 0.622717 0.000000
vt 0.109867 0.590749 0.000000
vt 0.104594 0.557936 0.000000
vt 0.101991 0.524596 0.000000
vt 0.102084 0.491047 0.000000
vt 0.104870 0.457615 0.000000
vt 0.110324 0.424620 0.000000
vt 0.118392 0.392381 0.000000
vt 0.128997 0.361208 0.000000
vt 0.142037 0.331401 0.000000
vt 0.157387 0.303247 0.000000
vt 0.174897 0.277018 0.000000
vt 0.194401 0.252966 0.000000
vt 0.215710 0.231322 0.000000
vt 0.238618 0.212295 0.000000
vt 0.262906 0.196069 0.000000
vt 0.288339 0.182799 0.000000
vt 0.314672 0.172614 0.000000
vt 0.341652 0.165611 0.000000
vt 0.355304 0.163325 0.000000
vt 0.369019 0.161858 0.000000
vt 0.070711 0.900000 0.000000
vt -0.000000 0.950000 0.000000
vt 0.070711 0.100000 0.000000
vt -0.070711 0.900000 0.000000
vt -0.070711 0.000000 0.000000
vt 0.212132 0.000000 0.000000
vt 0.070711 1.000000 0.000000
vt -0.070711 0.900000 0.000000
vt 0.070711 0.200000 0.000000
vt -0.070711 0.100000 0.000000
vt 0.353553 0.000000 0.000000
vt -0.212132 0.000000 0.000000
vt 0.150000 -0.070884 0.000000
vt 0.141644 -0.058400 0.000000
vt 0.150000 -0.200000 0.000000
vt 0.134361 -0.045678 0.000000
vt 0.128171 -0.032747 0.000000
vt -0.050000 -0.200000 0.000000
vt 0.123086 -0.019637 0.000000
vt 0.119118 -0.006379 0.000000
vt 0.116278 0.006996 0.000000
vt 0.114571 0.020457 0.000000
vt -0.050000 0.200000 0.000000
vt 0.114002 0.033973 0.000000
vt 0.114571 0.047512 0.000000
vt 0.116278 0.061042 0.000000
vt 0.119118 0.074531 0.000000
vt 0.123086 0.087950 0.000000
vt 0.128171 0.101265 0.000000
vt 0.150000 0.200000 0.000000
vt 0.134361 0.114446 0.000000
vt 0.141644 0.127462 0.000000
vt 0.150000 0.140284 0.000000
vt 0.087265 1.238476 0.000000
vt 0.000000 1.238476 0.000000
vt 0.087265 0.000000 0.000000
vt 0.000000 0.000000 0.000000
vt 0.199361 1.238476 0.000000
vt 0.000000 1.238476 0.000000
vt 0.199361 1.158059 0.000000
vt 0.000000 0.000000 0.000000
vt 0.199708 0.000000 0.000000
vt 0.199708 1.158059 0.000000
vt 0.080417 0.712735 0.000000
vt -0.000000 0.712735 0.000000
vt 0.080417 0.000000 0.000000
vt -0.000000 0.000000 0.000000
vt 0.506944 0.712735 0.000000
vt 0.506944 0.632803 0.000000
vt 0.507291 0.712735 0.000000
vt 0.507291 0.000000 0.000000
vt -0.000000 0.000000 0.000000
vt -0.000000 0.632803 0.000000
vt 0.000000 1.081337 0.000000
vt 0.525931 0.963207 0.000000
vt 0.506944 1.081337 0.000000
vt 0.525931 1.060976 0.000000
vt 0.511365 1.080817 0.000000
vt 0.515543 1.079284 0.000000
vt 0.519251 1.076823 0.000000
vt 0.522287 1.073568 0.000000
vt 0.524483 1.069697 0.000000
vt 0.525720 1.065422 0.000000
vt 0.000000 0.000000 0.000000
vt 0.526797 0.000000 0.000000
vt 0.526797 0.963207 0.000000
vt 0.632803 0.004461 0.000000
vt 0.542402 0.004461 0.000000
vt 0.632803 0.000000 0.000000
vt 0.452002 0.004461 0.000000
vt 0.361602 0.004461 0.000000
vt 0.361602 0.008922 0.000000
vt 0.271201 0.008922 0.000000
vt 0.271201 0.013383 0.000000
vt 0.180801 0.013383 0.000000
vt 0.180801 0.017844 0.000000
vt 0.090400 0.017844 0.000000
vt 0.090400 0.022304 0.000000
vt 0.000000 0.022304 0.000000
vt -0.000000 0.026765 0.000000
vt 0.090400 0.026765 0.000000
vt -0.000000 0.031226 0.000000
vt 0.180801 0.026765 0.000000
vt 0.271201 0.026765 0.000000
vt 0.271201 0.022304 0.000000
vt 0.361602 0.022304 0.000000
vt 0.361602 0.017844 0.000000
vt 0.452002 0.017844 0.000000
vt 0.452002 0.013383 0.000000
vt 0.542402 0.013383 0.000000
vt 0.542402 0.008922 0.000000
vt 0.632803 0.008922 0.000000
vt 0.632803 0.013383 0.000000
vt 0.542402 0.017844 0.000000
vt 0.452002 0.022304 0.000000
vt 0.361602 0.026765 0.000000
vt 0.632803 0.017844 0.000000
vt 0.542402 0.022304 0.000000
vt 0.452002 0.026765 0.000000
vt 0.632803 0.031226 0.000000
vt 0.632803 0.022304 0.000000
vt 0.542402 0.026765 0.000000
vt 0.632803 0.026765 0.000000
vt -0.000000 0.017844 0.000000
vt 0.090400 0.013383 0.000000
vt 0.180801 0.008922 0.000000
vt 0.271201 0.004461 0.000000
vt -0.000000 0.013383 0.000000
vt 0.090400 0.008922 0.000000
vt 0.180801 0.004461 0.000000
vt 0.000000 0.000000 0.000000
vt -0.000000 0.008922 0.000000
vt 0.090400 0.004461 0.000000
vt 0.000000 0.004461 0.000000
vt 0.452002 0.008922 0.000000
vt 0.361602 0.013383 0.000000
vt 0.271201 0.017844 0.000000
vt 0.180801 0.022304 0.000000
vt -0.169853 0.092472 0.000000
vt -0.250000 0.092472 0.000000
vt -0.169853 0.055692 0.000000
vt -0.250000 0.055396 0.000000
vt -0.169853 0.018912 0.000000
vt -0.250000 0.018320 0.000000
vt -0.169853 -0.017868 0.000000
vt -0.250000 -0.018756 0.000000
vt -0.169853 -0.054647 0.000000
vt -0.250000 -0.055832 0.000000
vt -0.169853 -0.091427 0.000000
vt -0.250000 -0.092909 0.000000
vt -0.169853 -0.128207 0.000000
vt -0.250000 -0.129985 0.000000
vt -0.169853 -0.164987 0.000000
vt -0.250000 -0.167061 0.000000
vt -0.169853 -0.201767 0.000000
vt -0.250000 -0.204137 0.000000
vt -0.169853 -0.238547 0.000000
vt -0.250000 -0.241213 0.000000
vt -0.169853 -0.275327 0.000000
vt -0.250000 -0.278289 0.000000
vt -0.169853 -0.312107 0.000000
vt -0.250000 -0.315365 0.000000
vt -0.169853 -0.348886 0.000000
vt -0.250000 -0.352441 0.000000
vt -0.169853 -0.385666 0.000000
vt -0.250000 -0.389518 0.000000
vt -0.169853 -0.422446 0.000000
vt -0.250000 -0.426594 0.000000
vt -0.169853 -0.459226 0.000000
vt -0.250000 -0.463670 0.000000
vt -0.169853 -0.496006 0.000000
vt -0.250000 -0.500746 0.000000
vt -0.169853 -0.532786 0.000000
vt -0.250000 -0.537822 0.000000
vt -0.169853 -0.569566 0.000000
vt -0.250000 -0.574898 0.000000
vt -0.169853 -0.606346 0.000000
vt -0.250000 -0.611974 0.000000
vt -0.169853 -0.643125 0.000000
vt -0.250000 -0.649050 0.000000
vt -0.169853 -0.679905 0.000000
vt -0.250000 -0.686127 0.000000
vt -0.169853 -0.716685 0.000000
vt -0.250000 -0.723203 0.000000
vt -0.169853 -0.753465 0.000000
vt -0.250000 -0.760279 0.000000
vt -0.169853 -0.790245 0.000000
vt -0.250000 -0.797355 0.000000
vt -0.169853 -0.827025 0.000000
vt -0.250000 -0.834431 0.000000
vt -0.169853 -0.863805 0.000000
vt -0.250000 -0.871507 0.000000
vt -0.169853 -0.900585 0.000000
vt -0.250000 -0.908583 0.000000
vt -0.169853 -0.937365 0.000000
vt -0.250000 -0.945659 0.000000
vt -0.169853 -0.974144 0.000000
vt -0.250000 -0.982735 0.000000
vt -0.169853 -1.010924 0.000000
vt -0.250000 -1.019812 0.000000
vt -0.169853 -1.047704 0.000000
vt -0.250000 -1.056888 0.000000
vt -0.169853 -1.084484 0.000000
vt -0.250000 -1.093964 0.000000
vt -0.169853 -1.121264 0.000000
vt -0.250000 -1.131040 0.000000
vt -0.169853 -1.158044 0.000000
vt -0.250000 -1.168116 0.000000
vt -0.169853 -1.194824 0.000000
vt -0.250000 -1.205192 0.000000
vt -0.169853 -1.231604 0.000000
vt -0.250000 -1.242268 0.000000
vt -0.169853 -1.268383 0.000000
vt -0.250000 -1.279344 0.000000
vt -0.169853 -1.305163 0.000000
vt -0.250000 -1.316421 0.000000
vt -0.168987 -1.305163 0.000000
vt -0.168987 -1.325172 0.000000
vt -0.250000 -1.353497 0.000000
vt -0.168987 -1.345181 0.000000
vt -0.168987 -1.365190 0.000000
vt -0.169853 -1.365190 0.000000
vt -0.250000 -1.390573 0.000000
vt -0.169853 -1.386010 0.000000
vt -0.169853 -1.406829 0.000000
vt -0.250000 -1.427649 0.000000
vt -0.169853 -1.427649 0.000000
vt -0.000000 0.632803 0.000000
vt -0.000000 0.121733 0.000000
vt 0.097769 0.632803 0.000000
vt 0.097769 0.000000 0.000000
vt 0.000942 0.101748 0.000000
vt 0.000942 0.081741 0.000000
vt -0.000000 0.061756 0.000000
vt -0.000000 0.000000 0.000000
vt 0.081013 0.061756 0.000000
vt 0.080147 0.061756 0.000000
vt 0.081013 0.000000 0.000000
vt 0.080147 0.000000 0.000000
vt 0.963207 0.061756 0.000000
vt 0.961230 0.041032 0.000000
vt 0.963207 0.000000 0.000000
vt 0.958240 0.020431 0.000000
vt 0.954246 0.000000 0.000000
vt -0.523756 0.448296 0.000000
vt -0.523756 0.528443 0.000000
vt -0.532717 0.448296 0.000000
vt -0.630486 0.447430 0.000000
vt -0.532717 0.447430 0.000000
vt -0.664649 0.528443 0.000000
vt -0.634932 0.447219 0.000000
vt -0.639207 0.445982 0.000000
vt -0.643078 0.443785 0.000000
vt -0.646333 0.440750 0.000000
vt -0.648794 0.437042 0.000000
vt -0.650327 0.432863 0.000000
vt -0.650847 0.428443 0.000000
vt -0.814649 0.378443 0.000000
vt -0.731264 -0.078848 0.000000
vt -0.814649 -0.441557 0.000000
vt -0.731264 -0.428755 0.000000
vt -0.727396 -0.528810 0.000000
vt -0.629111 -0.428755 0.000000
vt -0.629111 -0.528810 0.000000
vt -0.650847 -0.078848 0.000000
vt 0.000000 0.632803 0.000000
vt 0.514817 0.516040 0.000000
vt 0.963207 0.632803 0.000000
vt 0.551581 0.516566 0.000000
vt 0.588254 0.513911 0.000000
vt 0.000000 0.000000 0.000000
vt 0.133458 0.218016 0.000000
vt 0.145890 0.252618 0.000000
vt 0.161267 0.286017 0.000000
vt 0.124287 0.000000 0.000000
vt 0.117910 0.036211 0.000000
vt 0.114687 0.072838 0.000000
vt 0.114642 0.109606 0.000000
vt 0.117775 0.146241 0.000000
vt 0.124062 0.182468 0.000000
vt 0.179474 0.317961 0.000000
vt 0.200373 0.348213 0.000000
vt 0.223808 0.376545 0.000000
vt 0.249605 0.402745 0.000000
vt 0.277570 0.426617 0.000000
vt 0.307493 0.447983 0.000000
vt 0.339151 0.466683 0.000000
vt 0.372307 0.482576 0.000000
vt 0.406713 0.495544 0.000000
vt 0.442110 0.505490 0.000000
vt 0.478235 0.512339 0.000000
vt 0.624560 0.508097 0.000000
vt 0.660227 0.499167 0.000000
vt 0.694989 0.487187 0.000000
vt 0.728586 0.472248 0.000000
vt 0.760765 0.454461 0.000000
vt 0.791287 0.433958 0.000000
vt 0.819922 0.410895 0.000000
vt 0.846457 0.385442 0.000000
vt 0.870693 0.357792 0.000000
vt 0.892448 0.328150 0.000000
vt 0.911559 0.296739 0.000000
vt 0.927884 0.263793 0.000000
vt 0.941301 0.229560 0.000000
vt 0.951708 0.194295 0.000000
vt 0.959028 0.158263 0.000000
vt 0.963207 0.121733 0.000000
vt 0.000000 0.712735 0.000000
vt 0.000000 0.000000 0.000000
vt 0.199361 0.712735 0.000000
vt 0.349906 0.000000 0.000000
vt 0.349906 0.800000 0.000000
vt 0.199361 0.800000 0.000000
vt 0.081013 0.632803 0.000000
vt 0.080147 0.632803 0.000000
vt 0.081013 0.121733 0.000000
vt 0.080147 0.121733 0.000000
vt 0.000000 0.000000 0.000000
vt 0.212132 0.000000 0.000000
vt 0.000000 0.800000 0.000000
vt 0.212132 0.800000 0.000000
vt 0.000000 0.000000 0.000000
vt 0.820000 0.000000 0.000000
vt 0.000000 0.800000 0.000000
vt 0.820000 0.800000 0.000000
vt 0.000000 0.000000 0.000000
vt 0.123394 0.000000 0.000000
vt 0.000000 0.800000 0.000000
vt 0.123394 0.800000 0.000000
vt -0.000000 0.000000 0.000000
vt 0.098285 0.000000 0.000000
vt -0.000000 0.800000 0.000000
vt 0.098285 0.800000 0.000000
vt -0.000000 0.000000 0.000000
vt 0.100055 0.000000 0.000000
vt -0.000000 0.800000 0.000000
vt 0.100055 0.800000 0.000000
vt 0.000000 0.000000 0.000000
vt 0.102154 0.000000 0.000000
vt 0.000000 0.800000 0.000000
vt 0.102154 0.800000 0.000000
vt 0.061587 0.000000 0.000000
vt 0.055171 0.036505 0.000000
vt -0.079306 0.000000 0.000000
vt 0.051961 0.073430 0.000000
vt 0.051980 0.110494 0.000000
vt 0.055228 0.147416 0.000000
vt 0.061681 0.183914 0.000000
vt 0.071289 0.219712 0.000000
vt -0.079306 0.800000 0.000000
vt 0.083980 0.254536 0.000000
vt 0.099657 0.288122 0.000000
vt 0.118200 0.320214 0.000000
vt 0.139468 0.350569 0.000000
vt 0.163301 0.378955 0.000000
vt 0.189516 0.405157 0.000000
vt 0.217915 0.428975 0.000000
vt 0.248280 0.450228 0.000000
vt 0.280382 0.468755 0.000000
vt 0.313976 0.484414 0.000000
vt 0.370694 0.800000 0.000000
vt 0.348807 0.497087 0.000000
vt 0.384609 0.506677 0.000000
vt 0.421111 0.513111 0.000000
vt 0.458034 0.516340 0.000000
vt 0.570694 0.800000 0.000000
vt 0.495098 0.516340 0.000000
vt 0.532022 0.513111 0.000000
vt 0.568523 0.506677 0.000000
vt 0.604326 0.497087 0.000000
vt 0.639156 0.484414 0.000000
vt 1.020652 0.800000 0.000000
vt 0.672750 0.468755 0.000000
vt 0.704852 0.450228 0.000000
vt 0.735218 0.428975 0.000000
vt 0.763616 0.405157 0.000000
vt 0.789831 0.378955 0.000000
vt 0.813664 0.350569 0.000000
vt 0.834933 0.320214 0.000000
vt 0.853476 0.288122 0.000000
vt 0.869152 0.254536 0.000000
vt 0.881843 0.219712 0.000000
vt 1.020652 0.000000 0.000000
vt 0.891451 0.183914 0.000000
vt 0.897904 0.147416 0.000000
vt 0.901152 0.110494 0.000000
vt 0.901171 0.073430 0.000000
vt 0.897961 0.036505 0.000000
vt 0.891546 0.000000 0.000000
vt 0.000000 0.000000 0.000000
vt 0.099609 0.000000 0.000000
vt 0.000000 0.800000 0.000000
vt 0.099609 0.800000 0.000000
vt 0.000000 0.000000 0.000000
vt 0.091425 0.000000 0.000000
vt 0.000000 0.800000 0.000000
vt 0.091425 0.800000 0.000000
vt 0.000000 0.000000 0.000000
vt 0.122718 0.000000 0.000000
vt 0.000000 0.800000 0.000000
vt 0.122718 0.800000 0.000000
vt 0.000000 0.000000 0.000000
vt 0.820109 0.000000 0.000000
vt 0.000000 0.800000 0.000000
vt 0.820109 0.800000 0.000000
vt 0.000000 0.000000 0.000000
vt 0.212149 0.000000 0.000000
vt 0.000000 0.800000 0.000000
vt 0.212149 0.800000 0.000000
vt 0.526797 0.632803 0.000000
vt 0.000000 0.632803 0.000000
vt 0.526797 0.000000 0.000000
vt 0.000000 0.000000 0.000000
vt 1.158059 0.632803 0.000000
vt 1.158059 0.712735 0.000000
vt 0.076722 0.632803 0.000000
vt 0.000000 0.712735 0.000000
vt 0.000000 0.000000 0.000000
vt 0.076722 0.000000 0.000000
vt 0.150768 0.800000 0.000000
vt 0.000000 0.800000 0.000000
vt 0.150768 0.712735 0.000000
vt 0.000000 0.000000 0.000000
vt 0.350476 0.000000 0.000000
vt 0.350476 0.712735 0.000000
vt 0.000000 0.000000 0.000000
vt 0.100056 0.000000 0.000000
vt 0.000000 0.800000 0.000000
vt 0.100056 0.800000 0.000000
vt -0.171557 -0.414649 0.000000
vt -0.278210 -0.731264 0.000000
vt 0.028443 -0.614649 0.000000
vt 0.378443 -0.814649 0.000000
vt 0.128443 -0.614649 0.000000
vt 0.528443 -0.664649 0.000000
vt 0.528443 -0.214649 0.000000
vt -0.171557 0.185351 0.000000
vt -0.278210 0.507212 0.000000
vt 0.028443 0.385351 0.000000
vt 0.378453 0.585343 0.000000
vt 0.128443 0.385351 0.000000
vt 0.528443 0.435309 0.000000
vt 0.528443 -0.014649 0.000000
vt -0.441656 0.585343 0.000000
vt -0.428977 0.507212 0.000000
vt -0.528443 0.498581 0.000000
vt -0.428834 0.407156 0.000000
vt -0.528443 0.407156 0.000000
vt -0.441557 -0.814649 0.000000
vt -0.428755 -0.731264 0.000000
vt -0.528810 -0.727396 0.000000
vt -0.428755 -0.629111 0.000000
vt -0.528810 -0.629111 0.000000
vt 0.306203 0.448296 0.000000
vt 0.430490 0.448296 0.000000
vt 0.306203 0.528443 0.000000
vt 0.435309 0.528443 0.000000
vt 0.585343 0.378453 0.000000
vt 0.507212 -0.078501 0.000000
vt 0.585343 -0.441656 0.000000
vt 0.507212 -0.428977 0.000000
vt 0.498581 -0.528443 0.000000
vt 0.407156 -0.428834 0.000000
vt 0.407156 -0.528443 0.000000
vt 0.430490 -0.078501 0.000000
vn -0.070711 0.070711 0.000000
vn -0.070711 0.070711 0.000000
vn -0.070711 0.070711 0.000000
vn -0.070711 0.070711 0.000000
vn -0.100000 0.000000 0.000000
vn -0.100000 0.000000 0.000000
vn -0.100000 0.000000 0.000000
vn -0.100000 0.000000 0.000000
vn 0.070711 0.070711 0.000000
vn 0.070711 0.070711 0.000000
vn 0.070711 0.070711 0.000000
vn 0.070711 0.070711 0.000000
vn 0.100000 0.000000 0.000000
vn 0.100000 0.000000 0.000000
vn 0.100000 0.000000 0.000000
vn 0.100000 0.000000 0.000000
vn 0.000000 0.070711 0.070711
vn 0.000000 0.070711 0.070711
vn 0.000000 0.070711 0.070711
vn 0.000000 0.070711 0.070711
vn 0.000000 -0.000000 0.100000
vn 0.000000 -0.000000 0.100000
vn 0.000000 -0.000000 0.100000
vn 0.000000 -0.000000 0.100000
vn 0.000000 -0.000000 0.100000
vn 0.000000 -0.000000 0.100000
vn 0.000000 -0.000000 0.100000
vn 0.000000 -0.000000 0.100000
vn 0.000000 -0.000000 0.100000
vn 0.000000 -0.000000 0.100000
vn 0.000000 -0.000000 0.100000
vn 0.000000 -0.000000 0.100000
vn 0.000000 -0.000000 0.100000
vn 0.000000 -0.000000 0.100000
vn 0.000000 -0.000000 0.100000
vn 0.000000 -0.000000 0.100000
vn 0.000000 -0.000000 0.100000
vn 0.000000 -0.000000 0.100000
vn 0.000000 -0.000000 0.100000
vn 0.000000 -0.000000 0.100000
vn 0.000000 -0.000000 0.100000
vn 0.000000 -0.000000 0.100000
vn 0.000000 -0.000000 0.100000
vn 0.000000 -0.000000 0.100000
vn 0.000000 -0.000000 0.100000
vn 0.000000 -0.000000 0.100000
vn 0.000000 -0.000000 0.100000
vn 0.000000 -0.000000 0.100000
vn 0.000000 -0.000000 0.100000
vn 0.000000 -0.000000 0.100000
vn 0.000000 -0.000000 0.100000
vn 0.000000 -0.000000 0.100000
vn 0.000000 -0.000000 0.100000
vn 0.000000 -0.000000 0.100000
vn 0.000000 -0.000000 0.100000
vn 0.000000 -0.000000 0.100000
vn 0.000000 -0.000000 0.100000
vn 0.000000 -0.000000 0.100000
vn 0.000000 -0.000000 0.100000
vn 0.000000 -0.000000 0.100000
vn 0.000000 -0.000000 0.100000
vn 0.000000 -0.000000 0.100000
vn 0.000000 -0.000000 0.100000
vn 0.000000 -0.000000 0.100000
vn 0.000000 -0.000000 0.100000
vn 0.000000 -0.000000 0.100000
vn 0.000000 -0.000000 0.100000
vn 0.000000 -0.000000 0.100000
vn 0.000000 -0.000000 0.100000
vn 0.000000 -0.000000 0.100000
vn 0.000000 -0.000000 0.100000
vn 0.000000 -0.000000 0.100000
vn -0.001391 0.081910 -0.057349
vn 0.003515 0.081797 -0.057418
vn 0.006108 0.081658 -0.057399
vn 0.008413 0.081488 -0.057349
vn 0.013291 0.080983 -0.057142
vn 0.016860 0.080486 -0.056901
vn 0.018137 0.080282 -0.056797
vn 0.022939 0.079388 -0.056315
vn 0.027415 0.078370 -0.055736
vn 0.032366 0.077029 -0.054946
vn 0.037649 0.075335 -0.053918
vn 0.041481 0.073928 -0.053047
vn 0.047441 0.071417 -0.051468
vn 0.050196 0.070115 -0.050638
vn 0.056677 0.066662 -0.048414
vn 0.058429 0.065627 -0.047741
vn 0.065248 0.061125 -0.044793
vn 0.066098 0.060506 -0.044385
vn 0.073055 0.054872 -0.040646
vn 0.073131 0.054804 -0.040601
vn 0.079460 0.048573 -0.036426
vn 0.080005 0.047975 -0.036023
vn 0.085023 0.041874 -0.031900
vn 0.086017 0.040516 -0.030978
vn 0.089768 0.034772 -0.027067
vn 0.091020 0.032581 -0.025569
vn 0.093648 0.027336 -0.021973
vn 0.094957 0.024265 -0.019861
vn 0.096626 0.019636 -0.016668
vn 0.097780 0.015664 -0.013920
vn 0.098674 0.011747 -0.011202
vn 0.099456 0.006880 -0.007815
vn 0.099771 0.003745 -0.005628
vn 0.099967 -0.001985 -0.001619
vn 0.099908 -0.004294 -0.000000
vn 0.099306 -0.010827 0.004596
vn 0.099082 -0.012290 0.005628
vn 0.097480 -0.019542 0.010757
vn 0.097302 -0.020169 0.011202
vn 0.094512 -0.028028 0.016792
vn 0.094585 -0.027853 0.016668
vn 0.090958 -0.035269 0.021973
vn 0.090435 -0.036185 0.022630
vn 0.086454 -0.042346 0.027067
vn 0.085293 -0.043925 0.028208
vn 0.081117 -0.049014 0.031900
vn 0.079162 -0.051136 0.033445
vn 0.075000 -0.055211 0.036426
vn 0.072097 -0.057754 0.038295
vn 0.068160 -0.060876 0.040601
vn 0.064718 -0.063336 0.042428
vn 0.064187 -0.063696 0.042696
vn 0.056304 -0.068470 0.046279
vn 0.060663 -0.065954 0.044385
vn 0.055524 -0.068890 0.046597
vn 0.052583 -0.070397 0.047741
vn 0.047259 -0.072837 0.049611
vn 0.046210 -0.073277 0.049951
vn 0.037686 -0.076389 0.052388
vn 0.043996 -0.074163 0.050638
vn 0.036355 -0.076805 0.052719
vn 0.034985 -0.077214 0.053047
vn 0.026073 -0.079432 0.054870
vn 0.025638 -0.079522 0.054946
vn 0.016043 -0.081063 0.056315
vn 0.015486 -0.081128 0.056377
vn 0.011182 -0.081542 0.056797
vn 0.009645 -0.081652 0.056920
vn 0.004717 -0.081873 0.057223
vn 0.004828 -0.081871 0.057218
vn -0.000000 -0.081898 0.057382
vn 0.001391 -0.081910 0.057349
vn -0.003515 -0.081797 0.057418
vn 0.006294 -0.081824 0.057142
vn -0.006108 -0.081658 0.057399
vn -0.008413 -0.081488 0.057349
vn -0.009645 -0.081379 0.057310
vn -0.013291 -0.080983 0.057142
vn -0.014439 -0.080835 0.057072
vn -0.016860 -0.080486 0.056901
vn -0.019200 -0.080101 0.056702
vn -0.022939 -0.079388 0.056315
vn -0.023916 -0.079181 0.056199
vn -0.027415 -0.078370 0.055736
vn -0.028576 -0.078076 0.055565
vn -0.032366 -0.077029 0.054946
vn -0.033170 -0.076789 0.054802
vn -0.037654 -0.075334 0.053917
vn -0.037686 -0.075323 0.053910
vn -0.041481 -0.073928 0.053047
vn -0.047259 -0.071500 0.051520
vn -0.047441 -0.071417 0.051468
vn -0.056304 -0.066876 0.048553
vn -0.050196 -0.070115 0.050638
vn -0.056677 -0.066662 0.048414
vn -0.058429 -0.065627 0.047741
vn -0.065248 -0.061125 0.044793
vn -0.066098 -0.060506 0.044385
vn -0.073055 -0.054872 0.040646
vn -0.073131 -0.054804 0.040601
vn -0.079460 -0.048573 0.036426
vn -0.018137 -0.080282 0.056797
vn -0.080005 -0.047975 0.036023
vn -0.085023 -0.041874 0.031900
vn -0.086017 -0.040516 0.030978
vn -0.089768 -0.034772 0.027067
vn -0.091020 -0.032581 0.025569
vn -0.093648 -0.027336 0.021973
vn -0.094957 -0.024265 0.019861
vn -0.096626 -0.019636 0.016668
vn -0.097780 -0.015664 0.013920
vn -0.098674 -0.011747 0.011202
vn -0.099456 -0.006880 0.007815
vn -0.099771 -0.003745 0.005628
vn -0.099967 0.001985 0.001619
vn -0.099908 0.004294 -0.000000
vn -0.099306 0.010827 -0.004596
vn -0.099082 0.012290 -0.005628
vn -0.097480 0.019542 -0.010757
vn -0.097302 0.020169 -0.011202
vn -0.094512 0.028028 -0.016792
vn -0.094585 0.027853 -0.016668
vn -0.090958 0.035269 -0.021973
vn -0.090435 0.036185 -0.022630
vn -0.086454 0.042346 -0.027067
vn -0.085299 0.043918 -0.028203
vn -0.081117 0.049014 -0.031900
vn -0.079162 0.051136 -0.033445
vn -0.075000 0.055211 -0.036426
vn -0.072097 0.057754 -0.038295
vn -0.068160 0.060876 -0.040601
vn -0.064187 0.063696 -0.042696
vn -0.060663 0.065954 -0.044385
vn -0.055524 0.068890 -0.046597
vn -0.052583 0.070397 -0.047741
vn -0.046210 0.073277 -0.049951
vn -0.043996 0.074163 -0.050638
vn -0.036355 0.076805 -0.052719
vn -0.034985 0.077214 -0.053047
vn -0.026073 0.079432 -0.054870
vn -0.025638 0.079522 -0.054946
vn -0.015486 0.081128 -0.056377
vn -0.016043 0.081063 -0.056315
vn -0.011182 0.081542 -0.056797
vn -0.004717 0.081873 -0.057223
vn -0.006294 0.081824 -0.057142
vn 0.072408 -0.057492 0.038102
vn 0.079286 -0.051005 0.033350
vn 0.085277 -0.043946 0.028224
vn 0.090313 -0.036395 0.022781
vn 0.094237 -0.028667 0.017249
vn 0.097165 -0.020636 0.011533
vn 0.099066 -0.012387 0.005696
vn 0.099919 -0.004007 -0.000201
vn 0.099716 0.004416 -0.006097
vn 0.098459 0.012792 -0.011928
vn 0.096160 0.021033 -0.017632
vn 0.092844 0.029051 -0.023151
vn 0.088547 0.036762 -0.028424
vn 0.083314 0.044085 -0.033397
vn 0.077199 0.050941 -0.038017
vn 0.073832 0.054171 -0.040179
vn 0.070269 0.057259 -0.042235
vn 0.066520 0.060194 -0.044179
vn 0.062595 0.062971 -0.046006
vn 0.058504 0.065581 -0.047711
vn 0.054259 0.068017 -0.049291
vn 0.049871 0.070274 -0.050740
vn 0.045350 0.072344 -0.052054
vn 0.040709 0.074224 -0.053231
vn 0.035961 0.075907 -0.054268
vn 0.031118 0.077389 -0.055160
vn 0.026192 0.078666 -0.055907
vn 0.021197 0.079736 -0.056506
vn 0.016146 0.080594 -0.056955
vn 0.011052 0.081239 -0.057254
vn 0.005929 0.081670 -0.057401
vn 0.000791 0.081884 -0.057397
vn -0.004350 0.081882 -0.057240
vn -0.009479 0.081663 -0.056932
vn -0.014584 0.081228 -0.056474
vn -0.019649 0.080578 -0.055866
vn -0.024663 0.079715 -0.055111
vn -0.029611 0.078642 -0.054209
vn -0.034481 0.077360 -0.053165
vn -0.039260 0.075874 -0.051979
vn -0.043935 0.074186 -0.050657
vn -0.048494 0.072303 -0.049200
vn -0.052924 0.070229 -0.047613
vn -0.057215 0.067968 -0.045900
vn -0.061354 0.065528 -0.044065
vn -0.065331 0.062915 -0.042114
vn -0.069135 0.060135 -0.040052
vn -0.076185 0.054105 -0.035615
vn -0.082429 0.047504 -0.030802
vn -0.087802 0.040400 -0.025663
vn -0.092246 0.032870 -0.020253
vn -0.095715 0.024991 -0.014628
vn -0.097662 0.018876 -0.010285
vn -0.099023 0.012647 -0.005880
vn -0.099788 0.006343 -0.001439
vn -0.099955 -0.000000 0.003010
vn -0.099521 -0.006343 0.007441
vn -0.098489 -0.012647 0.011827
vn -0.096867 -0.018876 0.016142
vn -0.094662 -0.024991 0.020361
vn -0.092643 -0.029465 0.023434
vn -0.090313 -0.033839 0.026429
vn -0.085277 -0.041533 0.031668
vn -0.079286 -0.048761 0.036552
vn -0.072408 -0.055443 0.041027
vn -0.064718 -0.061504 0.045042
vn -0.004828 -0.081734 0.057413
vn 0.014439 -0.081243 0.056489
vn 0.019200 -0.080645 0.055926
vn 0.023916 -0.079858 0.055233
vn 0.028576 -0.078885 0.054411
vn 0.033170 -0.077728 0.053462
vn 0.070711 0.000000 0.070711
vn 0.070711 0.000000 0.070711
vn 0.070711 0.000000 0.070711
vn 0.070711 0.000000 0.070711
vn 0.070711 0.000000 0.070711
vn 0.070711 0.000000 0.070711
vn 0.070711 0.000000 0.070711
vn 0.070711 0.000000 0.070711
vn 0.070711 0.000000 0.070711
vn 0.070711 0.000000 0.070711
vn 0.070711 0.000000 0.070711
vn 0.070711 0.000000 0.070711
vn 0.070711 0.000000 0.070711
vn 0.070711 0.000000 0.070711
vn 0.070711 0.000000 0.070711
vn 0.000000 -0.000000 0.100000
vn 0.000000 -0.000000 0.100000
vn 0.000000 -0.000000 0.100000
vn 0.000000 -0.000000 0.100000
vn 0.000000 0.070711 0.070711
vn 0.000000 0.070711 0.070711
vn 0.000000 0.070711 0.070711
vn 0.000000 0.070711 0.070711
vn 0.000000 0.070711 0.070711
vn 0.000000 0.070711 0.070711
vn 0.000000 0.070711 0.070711
vn 0.000000 0.070711 0.070711
vn 0.000000 0.070711 0.070711
vn 0.000000 0.070711 0.070711
vn 0.000000 0.070711 0.070711
vn 0.000000 0.070711 0.070711
vn 0.000000 0.070711 0.070711
vn 0.000000 0.070711 0.070711
vn 0.000000 0.070711 0.070711
vn 0.000000 0.070711 0.070711
vn 0.000000 0.070711 0.070711
vn 0.000000 0.070711 0.070711
vn 0.000000 0.070711 0.070711
vn 0.000000 0.070711 0.070711
vn -0.070711 0.070711 0.000000
vn -0.070711 0.070711 0.000000
vn -0.070711 0.070711 0.000000
vn -0.070711 0.070711 0.000000
vn -0.070711 0.070711 0.000000
vn -0.070711 0.070711 0.000000
vn 0.070711 0.000000 -0.070711
vn 0.070711 0.000000 -0.070711
vn 0.070711 0.000000 -0.070711
vn 0.070711 0.000000 -0.070711
vn 0.070711 0.000000 -0.070711
vn 0.070711 0.000000 -0.070711
vn 0.070711 0.070711 0.000000
vn 0.070711 0.070711 0.000000
vn 0.070711 0.070711 0.000000
vn 0.070711 0.070711 0.000000
vn 0.070711 0.070711 0.000000
vn 0.070711 0.070711 0.000000
vn 0.000000 0.070711 -0.070711
vn 0.000000 0.070711 -0.070711
vn 0.000000 0.070711 -0.070711
vn 0.000000 0.070711 -0.070711
vn 0.000000 0.070711 -0.070711
vn 0.000000 0.070711 -0.070711
vn 0.000000 0.000000 -0.100000
vn 0.000000 0.000000 -0.100000
vn 0.000000 0.000000 -0.100000
vn 0.000000 0.000000 -0.100000
vn 0.000000 0.000000 -0.100000
vn 0.000000 0.000000 -0.100000
vn 0.000000 0.000000 -0.100000
vn 0.000000 0.000000 -0.100000
vn 0.000000 0.000000 -0.100000
vn 0.000000 0.000000 -0.100000
vn 0.000000 0.000000 -0.100000
vn 0.000000 0.000000 -0.100000
vn 0.000000 0.000000 -0.100000
vn 0.000000 0.000000 -0.100000
vn 0.000000 0.000000 -0.100000
vn 0.000000 0.000000 -0.100000
vn 0.000000 0.000000 -0.100000
vn 0.000000 0.000000 -0.100000
vn 0.000000 0.000000 -0.100000
vn 0.000000 0.000000 -0.100000
vn 0.000000 0.000000 -0.100000
vn 0.000000 0.000000 -0.100000
vn 0.000000 0.000000 -0.100000
vn 0.000000 0.000000 -0.100000
vn 0.000000 0.000000 -0.100000
vn 0.000000 0.000000 -0.100000
vn 0.000000 0.000000 -0.100000
vn 0.000000 0.000000 -0.100000
vn 0.000000 0.000000 -0.100000
vn 0.000000 0.000000 -0.100000
vn 0.000000 0.000000 -0.100000
vn 0.000000 0.000000 -0.100000
vn 0.000000 0.000000 -0.100000
vn 0.000000 0.000000 -0.100000
vn 0.000000 0.000000 -0.100000
vn 0.000000 0.000000 -0.100000
vn 0.000000 0.000000 -0.100000
vn 0.000000 0.000000 -0.100000
vn 0.000000 0.000000 -0.100000
vn 0.000000 0.000000 -0.100000
vn 0.000000 0.000000 -0.100000
vn 0.000000 0.000000 -0.100000
vn 0.000000 0.000000 -0.100000
vn 0.000000 0.000000 -0.100000
vn 0.000000 0.000000 -0.100000
vn 0.000000 0.000000 -0.100000
vn 0.000000 0.000000 -0.100000
vn 0.000000 0.000000 -0.100000
vn 0.000000 0.000000 -0.100000
vn 0.000000 0.000000 -0.100000
vn 0.000000 0.000000 -0.100000
vn 0.000000 0.000000 -0.100000
vn 0.000000 0.000000 -0.100000
vn 0.000000 0.000000 -0.100000
vn 0.000000 0.000000 -0.100000
vn 0.000000 0.000000 -0.100000
vn 0.000000 0.000000 -0.100000
vn 0.000000 0.000000 -0.100000
vn 0.000000 0.000000 -0.100000
vn 0.000000 0.000000 -0.100000
vn 0.000000 0.000000 -0.100000
vn 0.000000 0.000000 -0.100000
vn 0.000000 0.000000 -0.100000
vn 0.000000 0.000000 -0.100000
vn 0.000000 0.000000 -0.100000
vn 0.000000 0.000000 -0.100000
vn 0.000000 0.000000 -0.100000
vn 0.000000 0.000000 -0.100000
vn 0.000000 0.000000 -0.100000
vn 0.000000 0.000000 -0.100000
vn 0.000000 0.000000 -0.100000
vn 0.000000 0.000000 -0.100000
vn 0.000000 0.000000 -0.100000
vn 0.000000 0.000000 -0.100000
vn 0.000000 0.000000 -0.100000
vn 0.000000 0.000000 -0.100000
vn -0.070711 0.000000 -0.070711
vn -0.070711 0.000000 -0.070711
vn -0.070711 0.000000 -0.070711
vn -0.070711 0.000000 -0.070711
vn -0.070711 0.000000 -0.070711
vn -0.070711 0.000000 -0.070711
vn -0.070711 0.000000 0.070711
vn -0.070711 0.000000 0.070711
vn -0.070711 0.000000 0.070711
vn -0.070711 0.000000 0.070711
vn -0.070711 0.000000 0.070711
vn -0.070711 0.000000 0.070711
vn 0.000000 0.100000 0.000000
vn 0.000000 0.100000 0.000000
vn 0.000000 0.100000 0.000000
vn 0.000000 0.100000 0.000000
vn 0.000000 0.100000 0.000000
vn 0.000000 0.100000 0.000000
vn 0.000000 0.100000 0.000000
vn 0.000000 0.100000 0.000000
vn 0.000000 0.100000 0.000000
vn 0.000000 0.100000 0.000000
vn 0.000000 0.100000 0.000000
vn 0.000000 0.100000 0.000000
vn 0.000000 0.100000 0.000000
vn 0.000000 0.100000 0.000000
vn 0.000000 0.100000 0.000000
vn 0.000000 0.100000 0.000000
vn 0.000000 0.100000 0.000000
vn 0.000000 0.100000 0.000000
vn 0.000000 0.100000 0.000000
vn 0.000000 0.100000 0.000000
vn 0.000000 0.100000 0.000000
vn 0.000000 0.000000 -0.100000
vn 0.000000 0.000000 -0.100000
vn 0.000000 0.000000 -0.100000
vn 0.000000 0.000000 -0.100000
vn 0.000000 -0.100000 0.000000
vn 0.000000 -0.100000 0.000000
vn 0.000000 -0.100000 0.000000
vn 0.000000 -0.100000 0.000000
vn 0.000000 -0.100000 0.000000
vn 0.000000 -0.100000 0.000000
vn 0.000000 0.000000 -0.100000
vn 0.000000 0.000000 -0.100000
vn 0.000000 0.000000 -0.100000
vn 0.000000 0.000000 -0.100000
vn 0.100000 0.000000 0.000000
vn 0.100000 0.000000 0.000000
vn 0.100000 0.000000 0.000000
vn 0.100000 0.000000 0.000000
vn 0.100000 0.000000 0.000000
vn 0.100000 0.000000 0.000000
vn 0.000000 -0.100000 0.000000
vn 0.000000 -0.100000 0.000000
vn 0.000000 -0.100000 0.000000
vn 0.000000 -0.100000 0.000000
vn 0.000000 -0.100000 0.000000
vn 0.000000 -0.100000 0.000000
vn 0.000000 -0.100000 0.000000
vn 0.000000 -0.100000 0.000000
vn 0.000000 -0.100000 0.000000
vn 0.000000 -0.100000 0.000000
vn 0.000000 -0.100000 0.000000
vn 0.000000 -0.100000 0.000000
vn 0.000000 -0.100000 0.000000
vn 0.097266 0.000000 -0.023223
vn 0.097266 0.000000 -0.023223
vn 0.097266 0.000000 -0.023223
vn 0.097266 0.000000 -0.023223
vn 0.089213 0.000000 -0.045177
vn 0.089213 0.000000 -0.045177
vn 0.076283 0.000000 -0.064660
vn 0.076283 0.000000 -0.064660
vn 0.059181 0.000000 -0.080608
vn 0.059181 0.000000 -0.080608
vn 0.038843 0.000000 -0.092148
vn 0.038843 0.000000 -0.092148
vn 0.016381 0.000000 -0.098649
vn 0.016381 0.000000 -0.098649
vn -0.006977 0.000000 -0.099756
vn 0.016381 0.000000 -0.098649
vn 0.016381 0.000000 -0.098649
vn 0.038843 0.000000 -0.092148
vn 0.038843 0.000000 -0.092148
vn 0.059181 0.000000 -0.080608
vn 0.059181 0.000000 -0.080608
vn 0.076283 0.000000 -0.064660
vn 0.076283 0.000000 -0.064660
vn 0.089213 0.000000 -0.045177
vn 0.089213 0.000000 -0.045177
vn 0.076283 0.000000 -0.064660
vn 0.059181 0.000000 -0.080608
vn 0.038843 0.000000 -0.092148
vn 0.016381 0.000000 -0.098649
vn 0.059181 0.000000 -0.080608
vn 0.038843 0.000000 -0.092148
vn 0.016381 0.000000 -0.098649
vn -0.006977 0.000000 -0.099756
vn 0.038843 0.000000 -0.092148
vn 0.016381 0.000000 -0.098649
vn 0.016381 0.000000 -0.098649
vn 0.059181 0.000000 -0.080608
vn 0.076283 0.000000 -0.064660
vn 0.089213 0.000000 -0.045177
vn 0.097266 0.000000 -0.023223
vn 0.076283 0.000000 -0.064660
vn 0.089213 0.000000 -0.045177
vn 0.097266 0.000000 -0.023223
vn 0.089213 0.000000 -0.045177
vn 0.097266 0.000000 -0.023223
vn 0.097266 0.000000 -0.023223
vn 0.089213 0.000000 -0.045177
vn 0.076283 0.000000 -0.064660
vn 0.059181 0.000000 -0.080608
vn 0.038843 0.000000 -0.092148
vn -0.097642 0.021587 0.000000
vn -0.097642 0.021587 0.000000
vn -0.099143 0.013067 0.000000
vn -0.099152 0.012997 0.000000
vn -0.099901 0.004448 0.000000
vn -0.099907 0.004309 0.000000
vn -0.099912 -0.004203 0.000000
vn -0.099903 -0.004412 0.000000
vn -0.099174 -0.012823 0.000000
vn -0.099138 -0.013099 0.000000
vn -0.097695 -0.021347 0.000000
vn -0.097620 -0.021687 0.000000
vn -0.095484 -0.029711 0.000000
vn -0.095359 -0.030110 0.000000
vn -0.092559 -0.037853 0.000000
vn -0.092373 -0.038304 0.000000
vn -0.088941 -0.045711 0.000000
vn -0.088685 -0.046206 0.000000
vn -0.084657 -0.053228 0.000000
vn -0.084322 -0.053758 0.000000
vn -0.079740 -0.060346 0.000000
vn -0.079317 -0.060900 0.000000
vn -0.074225 -0.067012 0.000000
vn -0.073709 -0.067579 0.000000
vn -0.068156 -0.073177 0.000000
vn -0.067541 -0.073744 0.000000
vn -0.061576 -0.078794 0.000000
vn -0.060859 -0.079348 0.000000
vn -0.054535 -0.083821 0.000000
vn -0.053714 -0.084349 0.000000
vn -0.047086 -0.088221 0.000000
vn -0.046161 -0.088708 0.000000
vn -0.039285 -0.091960 0.000000
vn -0.038256 -0.092393 0.000000
vn -0.031189 -0.095012 0.000000
vn -0.030061 -0.095375 0.000000
vn -0.022860 -0.097352 0.000000
vn -0.021637 -0.097631 0.000000
vn -0.014360 -0.098964 0.000000
vn -0.013048 -0.099145 0.000000
vn -0.005753 -0.099834 0.000000
vn -0.004361 -0.099905 0.000000
vn 0.002898 -0.099958 0.000000
vn 0.004361 -0.099905 0.000000
vn 0.011527 -0.099333 0.000000
vn 0.013048 -0.099145 0.000000
vn 0.020069 -0.097965 0.000000
vn 0.021637 -0.097631 0.000000
vn 0.028461 -0.095864 0.000000
vn 0.030061 -0.095375 0.000000
vn 0.036641 -0.093045 0.000000
vn 0.038256 -0.092393 0.000000
vn 0.044546 -0.089530 0.000000
vn 0.046161 -0.088708 0.000000
vn 0.052117 -0.085345 0.000000
vn 0.053714 -0.084349 0.000000
vn 0.059299 -0.080521 0.000000
vn 0.060859 -0.079348 0.000000
vn 0.066037 -0.075094 0.000000
vn 0.067541 -0.073744 0.000000
vn 0.072280 -0.069105 0.000000
vn 0.073709 -0.067579 0.000000
vn 0.077983 -0.062599 0.000000
vn 0.079317 -0.060900 0.000000
vn 0.083102 -0.055625 0.000000
vn 0.084322 -0.053758 0.000000
vn 0.087598 -0.048234 0.000000
vn 0.088685 -0.046206 0.000000
vn 0.091440 -0.040482 0.000000
vn 0.092373 -0.038304 0.000000
vn 0.094596 -0.032427 0.000000
vn 0.095359 -0.030110 0.000000
vn 0.097045 -0.024130 0.000000
vn 0.097620 -0.021687 0.000000
vn 0.098768 -0.015651 0.000000
vn 0.099138 -0.013099 0.000000
vn 0.099751 -0.007056 0.000000
vn 0.099903 -0.004412 0.000000
vn 0.099751 -0.007056 0.000000
vn 0.099972 -0.002354 0.000000
vn 0.099907 0.004309 0.000000
vn 0.099972 0.002354 0.000000
vn 0.099751 0.007056 0.000000
vn 0.099751 0.007056 0.000000
vn 0.099152 0.012997 0.000000
vn 0.099286 0.011932 0.000000
vn 0.098582 0.016780 0.000000
vn 0.097642 0.021587 0.000000
vn 0.097642 0.021587 0.000000
vn 0.000000 0.000000 -0.100000
vn 0.000000 0.000000 -0.100000
vn 0.000000 0.000000 -0.100000
vn 0.000000 0.000000 -0.100000
vn 0.000000 0.000000 -0.100000
vn 0.000000 0.000000 -0.100000
vn 0.000000 0.000000 -0.100000
vn 0.000000 0.000000 -0.100000
vn 0.100000 -0.000000 0.000000
vn 0.100000 -0.000000 0.000000
vn 0.100000 -0.000000 0.000000
vn 0.100000 -0.000000 0.000000
vn 0.000000 0.000000 -0.100000
vn 0.000000 0.000000 -0.100000
vn 0.000000 0.000000 -0.100000
vn 0.000000 0.000000 -0.100000
vn 0.000000 0.000000 -0.100000
vn 0.000000 -0.100000 0.000000
vn 0.000000 -0.100000 0.000000
vn 0.000000 -0.100000 0.000000
vn 0.000000 -0.100000 0.000000
vn 0.000000 -0.100000 0.000000
vn 0.000000 -0.100000 0.000000
vn 0.000000 -0.100000 0.000000
vn 0.000000 -0.100000 0.000000
vn 0.000000 -0.100000 0.000000
vn 0.000000 -0.100000 0.000000
vn 0.000000 -0.100000 0.000000
vn 0.000000 -0.100000 0.000000
vn 0.000000 -0.100000 0.000000
vn 0.000000 -0.100000 0.000000
vn 0.000000 -0.100000 0.000000
vn 0.000000 -0.100000 0.000000
vn 0.000000 -0.100000 0.000000
vn 0.000000 -0.100000 0.000000
vn 0.000000 -0.100000 0.000000
vn 0.000000 -0.100000 0.000000
vn 0.000000 -0.100000 0.000000
vn 0.000000 0.000000 -0.100000
vn 0.000000 0.000000 -0.100000
vn 0.000000 0.000000 -0.100000
vn 0.000000 0.000000 -0.100000
vn 0.000000 0.000000 -0.100000
vn 0.000000 0.000000 -0.100000
vn 0.000000 0.000000 -0.100000
vn 0.000000 0.000000 -0.100000
vn 0.000000 0.000000 -0.100000
vn 0.000000 0.000000 -0.100000
vn 0.000000 0.000000 -0.100000
vn 0.000000 0.000000 -0.100000
vn 0.000000 0.000000 -0.100000
vn 0.000000 0.000000 -0.100000
vn 0.000000 0.000000 -0.100000
vn 0.000000 0.000000 -0.100000
vn 0.000000 0.000000 -0.100000
vn 0.000000 0.000000 -0.100000
vn 0.000000 0.000000 -0.100000
vn 0.000000 0.000000 -0.100000
vn 0.000000 0.000000 -0.100000
vn 0.000000 0.000000 -0.100000
vn 0.000000 0.000000 -0.100000
vn 0.000000 0.000000 -0.100000
vn 0.000000 0.000000 -0.100000
vn 0.000000 0.000000 -0.100000
vn 0.000000 0.000000 -0.100000
vn 0.000000 0.000000 -0.100000
vn 0.000000 0.000000 -0.100000
vn 0.000000 0.000000 -0.100000
vn 0.000000 0.000000 -0.100000
vn 0.000000 0.000000 -0.100000
vn 0.000000 0.000000 -0.100000
vn 0.000000 0.000000 -0.100000
vn 0.000000 0.000000 -0.100000
vn 0.000000 0.000000 -0.100000
vn 0.000000 0.000000 -0.100000
vn 0.000000 0.000000 -0.100000
vn 0.000000 0.000000 -0.100000
vn 0.000000 0.000000 -0.100000
vn 0.000000 0.000000 -0.100000
vn 0.000000 0.000000 -0.100000
vn 0.100000 -0.000000 0.000000
vn 0.100000 -0.000000 0.000000
vn 0.100000 -0.000000 0.000000
vn 0.100000 -0.000000 0.000000
vn 0.100000 -0.000000 0.000000
vn 0.100000 -0.000000 0.000000
vn 0.100000 -0.000000 0.000000
vn 0.100000 -0.000000 0.000000
vn 0.100000 -0.000000 0.000000
vn 0.100000 -0.000000 0.000000
vn -0.070711 0.000000 0.070711
vn -0.070711 0.000000 0.070711
vn -0.070711 0.000000 0.070711
vn -0.070711 0.000000 0.070711
vn -0.100000 0.000000 0.000000
vn -0.100000 0.000000 0.000000
vn -0.100000 0.000000 0.000000
vn -0.100000 0.000000 0.000000
vn -0.070711 0.000000 -0.070711
vn -0.070711 0.000000 -0.070711
vn -0.070711 0.000000 -0.070711
vn -0.070711 0.000000 -0.070711
vn 0.000000 0.000000 -0.100000
vn 0.000000 0.000000 -0.100000
vn 0.000000 0.000000 -0.100000
vn 0.000000 0.000000 -0.100000
vn 0.100000 0.000000 0.000000
vn 0.100000 0.000000 0.000000
vn 0.100000 0.000000 0.000000
vn 0.100000 0.000000 0.000000
vn 0.000000 0.000000 0.100000
vn 0.000000 0.000000 0.100000
vn 0.000000 0.000000 0.100000
vn 0.000000 0.000000 0.100000
vn 0.000000 0.000000 0.100000
vn 0.000000 0.000000 0.100000
vn 0.000000 0.000000 0.100000
vn 0.000000 0.000000 0.100000
vn 0.000000 0.000000 0.100000
vn 0.000000 0.000000 0.100000
vn 0.000000 0.000000 0.100000
vn 0.000000 0.000000 0.100000
vn 0.000000 0.000000 0.100000
vn 0.000000 0.000000 0.100000
vn 0.000000 0.000000 0.100000
vn 0.000000 0.000000 0.100000
vn 0.000000 0.000000 0.100000
vn 0.000000 0.000000 0.100000
vn 0.000000 0.000000 0.100000
vn 0.000000 0.000000 0.100000
vn 0.000000 0.000000 0.100000
vn 0.000000 0.000000 0.100000
vn 0.000000 0.000000 0.100000
vn 0.000000 0.000000 0.100000
vn 0.000000 0.000000 0.100000
vn 0.000000 0.000000 0.100000
vn 0.000000 0.000000 0.100000
vn 0.000000 0.000000 0.100000
vn 0.000000 0.000000 0.100000
vn 0.000000 0.000000 0.100000
vn 0.000000 0.000000 0.100000
vn 0.000000 0.000000 0.100000
vn 0.000000 0.000000 0.100000
vn 0.000000 0.000000 0.100000
vn 0.000000 0.000000 0.100000
vn 0.000000 0.000000 0.100000
vn 0.000000 0.000000 0.100000
vn 0.000000 0.000000 0.100000
vn 0.000000 0.000000 0.100000
vn 0.000000 0.000000 0.100000
vn 0.000000 0.000000 0.100000
vn 0.000000 0.000000 0.100000
vn 0.000000 0.000000 0.100000
vn 0.000000 0.000000 0.100000
vn 0.000000 0.000000 0.100000
vn 0.000000 0.000000 0.100000
vn 0.000000 0.000000 0.100000
vn 0.000000 0.000000 0.100000
vn 0.000000 0.000000 0.100000
vn 0.000000 0.000000 0.100000
vn 0.000000 0.000000 0.100000
vn 0.000000 0.000000 0.100000
vn -0.100000 0.000000 0.000000
vn -0.100000 0.000000 0.000000
vn -0.100000 0.000000 0.000000
vn -0.100000 0.000000 0.000000
vn 0.000000 0.000000 -0.100000
vn 0.000000 0.000000 -0.100000
vn 0.000000 0.000000 -0.100000
vn 0.000000 0.000000 -0.100000
vn 0.070721 0.000000 -0.070700
vn 0.070721 0.000000 -0.070700
vn 0.070721 0.000000 -0.070700
vn 0.070721 0.000000 -0.070700
vn 0.100000 -0.000000 0.000000
vn 0.100000 -0.000000 0.000000
vn 0.100000 -0.000000 0.000000
vn 0.100000 -0.000000 0.000000
vn 0.070700 -0.000000 0.070721
vn 0.070700 -0.000000 0.070721
vn 0.070700 -0.000000 0.070721
vn 0.070700 -0.000000 0.070721
vn -0.100000 0.000000 0.000000
vn -0.100000 0.000000 0.000000
vn -0.100000 0.000000 0.000000
vn -0.100000 0.000000 0.000000
vn 0.000000 0.000000 -0.100000
vn 0.000000 0.000000 -0.100000
vn 0.000000 0.000000 -0.100000
vn 0.000000 0.000000 -0.100000
vn 0.000000 0.000000 -0.100000
vn 0.000000 0.000000 -0.100000
vn -0.100000 0.000000 0.000000
vn -0.100000 0.000000 0.000000
vn -0.100000 0.000000 0.000000
vn -0.100000 0.000000 0.000000
vn -0.100000 0.000000 0.000000
vn -0.100000 0.000000 0.000000
vn 0.000144 -0.000000 0.100000
vn 0.000144 -0.000000 0.100000
vn 0.000144 -0.000000 0.100000
vn 0.000144 -0.000000 0.100000
vn 0.000000 0.100000 0.000000
vn 0.000000 0.100000 0.000000
vn 0.000000 0.100000 0.000000
vn 0.000000 0.100000 0.000000
vn 0.000000 0.100000 0.000000
vn 0.000000 0.100000 0.000000
vn 0.000000 0.100000 0.000000
vn 0.000000 0.100000 0.000000
vn 0.000000 0.100000 0.000000
vn 0.000000 0.100000 0.000000
vn 0.000000 0.100000 0.000000
vn 0.000000 0.100000 0.000000
vn 0.000000 0.100000 0.000000
vn 0.000000 0.100000 0.000000
vn 0.000000 0.100000 0.000000
vn 0.000000 0.100000 0.000000
vn 0.000000 0.100000 0.000000
vn 0.000000 0.100000 0.000000
vn 0.000000 0.100000 0.000000
vn 0.000000 0.100000 0.000000
vn 0.000000 0.100000 0.000000
vn 0.000000 0.100000 0.000000
vn 0.000000 0.100000 0.000000
vn 0.000000 0.100000 0.000000
vn 0.000000 -0.100000 0.000000
vn 0.000000 -0.100000 0.000000
vn 0.000000 -0.100000 0.000000
vn 0.000000 -0.100000 0.000000
vn 0.000000 -0.100000 0.000000
vn 0.000000 -0.100000 0.000000
vn 0.000000 -0.100000 0.000000
vn 0.000000 -0.100000 0.000000
vn 0.000000 -0.100000 0.000000
vn 0.000000 -0.100000 0.000000
vn 0.000000 -0.100000 0.000000
vn 0.000000 -0.100000 0.000000
usemtl Steel_-_Satin
f 2/1/1 3/2/2 1/3/3
f 1/3/3 3/2/2 4/4/4
f 3/5/5 2/6/6 6/7/7
f 6/7/7 2/6/6 5/8/8
f 8/9/9 9/10/10 7/11/11
f 7/11/11 9/10/10 10/12/12
f 9/13/13 8/14/14 12/15/15
f 12/15/15 8/14/14 11/16/16
f 14/17/17 15/18/18 13/19/19
f 13/19/19 15/18/18 16/20/20
f 14/21/21 38/22/22 15/23/23
f 15/23/23 38/22/22 39/24/24
f 15/23/23 39/24/24 40/25/25
f 17/26/26 18/27/27 14/21/21
f 14/21/21 18/27/27 19/28/28
f 14/21/21 19/28/28 20/29/29
f 20/29/29 21/30/30 14/21/21
f 14/21/21 21/30/30 22/31/31
f 14/21/21 22/31/31 23/32/32
f 23/32/32 24/33/33 14/21/21
f 14/21/21 24/33/33 25/34/34
f 14/21/21 25/34/34 26/35/35
f 26/35/35 27/36/36 14/21/21
f 14/21/21 27/36/36 28/37/37
f 14/21/21 28/37/37 29/38/38
f 29/38/38 30/39/39 14/21/21
f 14/21/21 30/39/39 31/40/40
f 14/21/21 31/40/40 32/41/41
f 32/41/41 33/42/42 14/21/21
f 14/21/21 33/42/42 34/43/43
f 14/21/21 34/43/43 35/44/44
f 35/44/44 36/45/45 14/21/21
f 14/21/21 36/45/45 37/46/46
f 14/21/21 37/46/46 38/22/22
f 40/25/25 41/47/47 15/23/23
f 15/23/23 41/47/47 42/48/48
f 15/23/23 42/48/48 43/49/49
f 43/49/49 44/50/50 15/23/23
f 15/23/23 44/50/50 45/51/51
f 15/23/23 45/51/51 46/52/52
f 46/52/52 47/53/53 15/23/23
f 15/23/23 47/53/53 48/54/54
f 15/23/23 48/54/54 49/55/55
f 49/55/55 50/56/56 15/23/23
f 15/23/23 50/56/56 51/57/57
f 15/23/23 51/57/57 52/58/58
f 52/58/58 53/59/59 15/23/23
f 15/23/23 53/59/59 54/60/60
f 15/23/23 54/60/60 55/61/61
f 55/61/61 56/62/62 15/23/23
f 15/23/23 56/62/62 57/63/63
f 15/23/23 57/63/63 58/64/64
f 58/64/64 59/65/65 15/23/23
f 15/23/23 59/65/65 66/66/66
f 66/66/66 59/65/65 60/67/67
f 66/66/66 60/67/67 61/68/68
f 61/68/68 62/69/69 66/66/66
f 66/66/66 62/69/69 63/70/70
f 66/66/66 63/70/70 64/71/71
f 64/71/71 65/72/72 66/66/66
f 138/73/73 67/74/74 179/75/75
f 179/75/75 67/74/74 68/76/76
f 179/75/75 68/76/76 69/77/77
f 179/75/75 69/77/77 180/78/78
f 180/78/78 69/77/77 70/79/79
f 180/78/78 70/79/79 71/80/80
f 180/78/78 71/80/80 181/81/81
f 181/81/81 71/80/80 72/82/82
f 181/81/81 72/82/82 182/83/83
f 182/83/83 72/82/82 73/84/84
f 182/83/83 73/84/84 183/85/85
f 183/85/85 73/84/84 74/86/86
f 183/85/85 74/86/86 184/87/87
f 184/87/87 74/86/86 75/88/88
f 184/87/87 75/88/88 185/89/89
f 185/89/89 75/88/88 76/90/90
f 185/89/89 76/90/90 186/91/91
f 186/91/91 76/90/90 77/92/92
f 186/91/91 77/92/92 78/93/93
f 186/91/91 78/93/93 187/94/94
f 187/94/94 78/93/93 79/95/95
f 187/94/94 79/95/95 188/96/96
f 188/96/96 79/95/95 80/97/97
f 188/96/96 80/97/97 189/98/98
f 189/98/98 80/97/97 81/99/99
f 189/98/98 81/99/99 190/100/100
f 190/100/100 81/99/99 82/101/101
f 190/100/100 82/101/101 191/102/102
f 191/102/102 82/101/101 83/103/103
f 191/102/102 83/103/103 192/104/104
f 192/104/104 83/103/103 84/105/105
f 192/104/104 84/105/105 193/106/106
f 193/107/106 84/108/105 85/109/107
f 193/107/106 85/109/107 194/110/108
f 194/110/108 85/109/107 86/111/109
f 194/110/108 86/111/109 195/112/110
f 195/112/110 86/111/109 87/113/111
f 195/112/110 87/113/111 196/114/112
f 196/114/112 87/113/111 88/115/113
f 196/114/112 88/115/113 89/116/114
f 196/114/112 89/116/114 197/117/115
f 197/117/115 89/116/114 90/118/116
f 197/117/115 90/118/116 198/119/117
f 198/119/117 90/118/116 91/120/118
f 198/119/117 91/120/118 199/121/119
f 199/121/119 91/120/118 92/122/120
f 199/121/119 92/122/120 200/123/121
f 200/123/121 92/122/120 93/124/122
f 200/123/121 93/124/122 142/125/123
f 142/125/123 93/124/122 228/126/124
f 142/125/123 228/126/124 141/127/125
f 141/127/125 228/126/124 94/128/126
f 141/127/125 94/128/126 229/129/127
f 229/129/127 94/128/126 95/130/128
f 229/129/127 95/130/128 140/131/129
f 140/131/129 95/130/128 230/132/130
f 140/131/129 230/132/130 139/133/131
f 139/133/131 230/132/130 96/134/132
f 139/133/131 96/134/132 201/135/133
f 201/135/133 96/134/132 97/136/134
f 201/135/133 97/136/134 202/137/135
f 202/137/135 97/136/134 98/138/136
f 202/137/135 98/138/136 99/139/137
f 93/124/122 94/128/126 228/126/124
f 95/130/128 96/134/132 230/132/130
f 202/137/135 99/139/137 203/140/138
f 203/140/138 99/139/137 100/141/139
f 203/140/138 100/141/139 172/142/140
f 172/142/140 100/141/139 231/143/141
f 172/142/140 231/143/141 171/144/142
f 171/144/142 231/143/141 170/145/143
f 170/145/143 231/143/141 102/146/144
f 170/145/143 102/146/144 103/147/145
f 100/141/139 101/148/146 231/143/141
f 231/143/141 101/148/146 102/146/144
f 170/145/143 103/147/145 232/149/147
f 232/149/147 103/147/145 104/150/148
f 232/149/147 104/150/148 168/151/149
f 168/151/149 104/150/148 105/152/150
f 168/151/149 105/152/150 167/153/151
f 167/153/151 105/152/150 233/154/152
f 167/153/151 233/154/152 166/155/153
f 166/155/153 233/154/152 107/156/154
f 166/155/153 107/156/154 165/157/155
f 165/157/155 107/156/154 234/158/156
f 165/157/155 234/158/156 164/159/157
f 164/159/157 234/158/156 108/160/158
f 164/159/157 108/160/158 163/161/159
f 163/161/159 108/160/158 204/162/160
f 163/161/159 204/162/160 162/163/161
f 162/163/161 204/162/160 109/164/162
f 162/163/161 109/164/162 161/165/163
f 161/165/163 109/164/162 235/166/164
f 161/165/163 235/166/164 160/167/165
f 160/167/165 235/166/164 110/168/166
f 160/167/165 110/168/166 205/169/167
f 205/169/167 110/168/166 111/170/168
f 205/169/167 111/170/168 206/171/169
f 206/171/169 111/170/168 112/172/170
f 206/171/169 112/172/170 207/173/171
f 207/173/171 112/172/170 113/174/172
f 207/173/171 113/174/172 114/175/173
f 105/152/150 106/176/174 233/154/152
f 233/154/152 106/176/174 107/156/154
f 107/156/154 108/160/158 234/158/156
f 108/160/158 109/164/162 204/162/160
f 109/164/162 110/168/166 235/166/164
f 207/173/171 114/175/173 208/177/175
f 208/177/175 114/175/173 115/178/176
f 208/177/175 115/178/176 209/179/177
f 209/179/177 115/178/176 116/180/178
f 209/179/177 116/180/178 210/181/179
f 210/181/179 116/180/178 117/182/180
f 210/181/179 117/182/180 211/183/181
f 211/183/181 117/182/180 118/184/182
f 211/183/181 118/184/182 212/185/183
f 212/185/183 118/184/182 119/186/184
f 212/185/183 119/186/184 213/187/185
f 213/187/185 119/186/184 120/188/186
f 213/187/185 120/188/186 214/189/187
f 214/189/187 120/188/186 121/190/188
f 214/189/187 121/190/188 215/191/189
f 215/191/189 121/190/188 122/192/190
f 215/191/189 122/192/190 216/193/191
f 216/193/191 122/192/190 123/194/192
f 216/193/191 123/194/192 217/195/193
f 217/195/193 123/194/192 124/196/194
f 217/195/193 124/196/194 125/197/195
f 217/195/193 125/197/195 218/198/196
f 218/198/196 125/197/195 126/199/197
f 218/198/196 126/199/197 219/200/198
f 219/200/198 126/199/197 127/201/199
f 219/200/198 127/201/199 220/202/200
f 220/202/200 127/201/199 128/203/201
f 220/202/200 128/203/201 221/204/202
f 221/204/202 128/203/201 129/205/203
f 221/204/202 129/205/203 222/206/204
f 222/206/204 129/205/203 130/207/205
f 222/206/204 130/207/205 223/208/206
f 223/208/206 130/207/205 131/209/207
f 223/208/206 131/209/207 224/210/208
f 224/210/208 131/209/207 132/211/209
f 224/210/208 132/211/209 225/212/210
f 225/212/210 132/211/209 133/213/211
f 225/212/210 133/213/211 226/214/212
f 226/214/212 133/213/211 134/215/213
f 226/214/212 134/215/213 227/216/214
f 227/216/214 134/215/213 135/217/215
f 227/216/214 135/217/215 136/218/216
f 227/216/214 136/218/216 178/219/217
f 178/219/217 136/218/216 137/220/218
f 178/219/217 137/220/218 138/73/73
f 178/219/217 138/73/73 179/75/75
f 140/131/129 141/127/125 229/129/127
f 142/125/123 143/221/219 200/123/121
f 200/123/121 143/221/219 199/121/119
f 143/221/219 144/222/220 199/121/119
f 199/121/119 144/222/220 198/119/117
f 144/222/220 145/223/221 198/119/117
f 198/119/117 145/223/221 65/224/222
f 198/119/117 65/224/222 197/117/115
f 197/117/115 65/224/222 64/225/223
f 197/117/115 64/225/223 196/114/112
f 196/114/112 64/225/223 63/226/224
f 196/114/112 63/226/224 195/112/110
f 195/112/110 63/226/224 62/227/225
f 195/112/110 62/227/225 194/110/108
f 194/110/108 62/227/225 61/228/226
f 194/110/108 61/228/226 193/107/106
f 193/106/106 61/229/226 60/230/227
f 193/106/106 60/230/227 192/104/104
f 192/104/104 60/230/227 59/231/228
f 192/104/104 59/231/228 191/102/102
f 191/102/102 59/231/228 58/232/229
f 191/102/102 58/232/229 190/100/100
f 190/100/100 58/232/229 57/233/230
f 190/100/100 57/233/230 189/98/98
f 189/98/98 57/233/230 56/234/231
f 189/98/98 56/234/231 188/96/96
f 188/96/96 56/234/231 55/235/232
f 188/96/96 55/235/232 187/94/94
f 187/94/94 55/235/232 54/236/233
f 187/94/94 54/236/233 186/91/91
f 186/91/91 54/236/233 53/237/234
f 186/91/91 53/237/234 52/238/235
f 186/91/91 52/238/235 185/89/89
f 185/89/89 52/238/235 51/239/236
f 185/89/89 51/239/236 50/240/237
f 185/89/89 50/240/237 184/87/87
f 184/87/87 50/240/237 49/241/238
f 184/87/87 49/241/238 48/242/239
f 48/242/239 47/243/240 184/87/87
f 184/87/87 47/243/240 183/85/85
f 47/243/240 46/244/241 183/85/85
f 183/85/85 46/244/241 45/245/242
f 183/85/85 45/245/242 182/83/83
f 182/83/83 45/245/242 44/246/243
f 182/83/83 44/246/243 43/247/244
f 182/83/83 43/247/244 181/81/81
f 181/81/81 43/247/244 42/248/245
f 181/81/81 42/248/245 41/249/246
f 181/81/81 41/249/246 180/78/78
f 180/78/78 41/249/246 40/250/247
f 180/78/78 40/250/247 39/251/248
f 180/78/78 39/251/248 179/75/75
f 179/75/75 39/251/248 38/252/249
f 179/75/75 38/252/249 37/253/250
f 179/75/75 37/253/250 178/219/217
f 178/219/217 37/253/250 36/254/251
f 178/219/217 36/254/251 35/255/252
f 178/219/217 35/255/252 227/216/214
f 227/216/214 35/255/252 34/256/253
f 227/216/214 34/256/253 33/257/254
f 227/216/214 33/257/254 226/214/212
f 226/214/212 33/257/254 32/258/255
f 226/214/212 32/258/255 31/259/256
f 226/214/212 31/259/256 225/212/210
f 225/212/210 31/259/256 30/260/257
f 225/212/210 30/260/257 29/261/258
f 225/212/210 29/261/258 224/210/208
f 224/210/208 29/261/258 28/262/259
f 224/210/208 28/262/259 27/263/260
f 27/263/260 26/264/261 224/210/208
f 224/210/208 26/264/261 223/208/206
f 26/264/261 25/265/262 223/208/206
f 223/208/206 25/265/262 24/266/263
f 223/208/206 24/266/263 222/206/204
f 222/206/204 24/266/263 23/267/264
f 222/206/204 23/267/264 22/268/265
f 222/206/204 22/268/265 221/204/202
f 221/204/202 22/268/265 21/269/266
f 221/204/202 21/269/266 220/202/200
f 220/202/200 21/269/266 20/270/267
f 220/202/200 20/270/267 219/200/198
f 219/200/198 20/270/267 19/271/268
f 219/200/198 19/271/268 218/198/196
f 218/198/196 19/271/268 18/272/269
f 218/198/196 18/272/269 217/195/193
f 217/195/193 18/272/269 17/273/270
f 217/195/193 17/273/270 216/193/191
f 216/193/191 17/273/270 146/274/271
f 216/193/191 146/274/271 147/275/272
f 216/193/191 147/275/272 215/191/189
f 215/191/189 147/275/272 148/276/273
f 215/191/189 148/276/273 214/189/187
f 214/189/187 148/276/273 149/277/274
f 214/189/187 149/277/274 213/187/185
f 213/187/185 149/277/274 150/278/275
f 213/187/185 150/278/275 151/279/276
f 213/187/185 151/279/276 212/185/183
f 212/185/183 151/279/276 152/280/277
f 212/185/183 152/280/277 211/183/181
f 211/183/181 152/280/277 153/281/278
f 211/183/181 153/281/278 154/282/279
f 211/183/181 154/282/279 210/181/179
f 210/181/179 154/282/279 155/283/280
f 210/181/179 155/283/280 209/179/177
f 209/179/177 155/283/280 156/284/281
f 209/179/177 156/284/281 208/177/175
f 208/177/175 156/284/281 157/285/282
f 208/177/175 157/285/282 207/173/171
f 207/173/171 157/285/282 158/286/283
f 207/173/171 158/286/283 206/171/169
f 206/171/169 158/286/283 159/287/284
f 206/171/169 159/287/284 205/169/167
f 205/169/167 159/287/284 160/167/165
f 168/151/149 169/288/285 232/149/147
f 232/149/147 169/288/285 170/145/143
f 172/142/140 173/289/286 203/140/138
f 203/140/138 173/289/286 174/290/287
f 203/140/138 174/290/287 202/137/135
f 202/137/135 174/290/287 175/291/288
f 202/137/135 175/291/288 176/292/289
f 176/292/289 177/293/290 202/137/135
f 202/137/135 177/293/290 201/135/133
f 177/293/290 139/133/131 201/135/133
f 153/294/291 152/295/292 236/296/293
f 236/296/293 152/295/292 12/297/294
f 12/297/294 152/295/292 151/298/295
f 12/297/294 151/298/295 150/299/296
f 150/299/296 149/300/297 12/297/294
f 12/297/294 149/300/297 148/301/298
f 12/297/294 148/301/298 147/302/299
f 147/302/299 146/303/300 12/297/294
f 12/297/294 146/303/300 17/304/301
f 12/297/294 17/304/301 9/305/302
f 9/305/302 17/304/301 14/306/303
f 9/305/302 14/306/303 13/307/304
f 13/307/304 10/308/305 9/305/302
f 155/309/306 154/310/307 236/311/308
f 236/311/308 154/310/307 153/312/309
f 65/313/310 145/314/311 66/315/312
f 66/315/312 145/314/311 144/316/313
f 66/315/312 144/316/313 237/317/314
f 237/317/314 144/316/313 143/318/315
f 237/317/314 143/318/315 142/319/316
f 142/319/316 141/320/317 237/317/314
f 237/317/314 141/320/317 140/321/318
f 237/317/314 140/321/318 139/322/319
f 162/323/320 161/324/321 238/325/322
f 238/325/322 161/324/321 160/326/323
f 238/325/322 160/326/323 159/327/324
f 159/327/324 158/328/325 238/325/322
f 238/325/322 158/328/325 157/329/326
f 238/325/322 157/329/326 236/330/327
f 236/330/327 157/329/326 156/331/328
f 236/330/327 156/331/328 155/332/329
f 237/333/330 239/334/331 66/335/332
f 66/335/332 239/334/331 240/336/333
f 66/335/332 240/336/333 5/337/334
f 5/337/334 240/336/333 6/338/335
f 11/339/336 8/340/337 241/341/338
f 241/341/338 8/340/337 243/342/339
f 243/342/339 8/340/337 242/343/340
f 242/343/340 8/340/337 7/344/341
f 238/345/342 236/346/343 244/347/344
f 244/347/344 236/346/343 241/348/345
f 241/348/345 236/346/343 12/349/346
f 241/348/345 12/349/346 11/350/347
f 243/351/348 245/352/349 241/353/350
f 241/353/350 245/352/349 240/354/351
f 241/353/350 240/354/351 244/355/352
f 244/355/352 240/354/351 239/356/353
f 138/357/354 242/358/355 67/359/356
f 67/359/356 242/358/355 246/360/357
f 67/359/356 246/360/357 68/361/358
f 68/361/358 246/360/357 69/362/359
f 69/362/359 246/360/357 70/363/360
f 70/363/360 246/360/357 71/364/361
f 71/364/361 246/360/357 72/365/362
f 72/365/362 246/360/357 73/366/363
f 73/366/363 246/360/357 74/367/364
f 74/367/364 246/360/357 75/368/365
f 75/368/365 246/360/357 76/369/366
f 76/369/366 246/360/357 77/370/367
f 77/370/367 246/360/357 78/371/368
f 78/371/368 246/360/357 79/372/369
f 79/372/369 246/360/357 80/373/370
f 80/373/370 246/360/357 81/374/371
f 81/374/371 246/360/357 82/375/372
f 82/375/372 246/360/357 83/376/373
f 83/376/373 246/360/357 84/377/374
f 84/377/374 246/360/357 245/378/375
f 84/377/374 245/378/375 85/379/376
f 85/379/376 245/378/375 86/380/377
f 86/380/377 245/378/375 87/381/378
f 87/381/378 245/378/375 88/382/379
f 88/382/379 245/378/375 89/383/380
f 89/383/380 245/378/375 90/384/381
f 90/384/381 245/378/375 91/385/382
f 91/385/382 245/378/375 92/386/383
f 92/386/383 245/378/375 93/387/384
f 93/387/384 245/378/375 94/388/385
f 94/388/385 245/378/375 95/389/386
f 95/389/386 245/378/375 96/390/387
f 96/390/387 245/378/375 97/391/388
f 97/391/388 245/378/375 98/392/389
f 98/392/389 245/378/375 99/393/390
f 99/393/390 245/378/375 100/394/391
f 100/394/391 245/378/375 101/395/392
f 101/395/392 245/378/375 102/396/393
f 102/396/393 245/378/375 243/397/394
f 102/396/393 243/397/394 103/398/395
f 103/398/395 243/397/394 104/399/396
f 104/399/396 243/397/394 105/400/397
f 105/400/397 243/397/394 106/401/398
f 106/401/398 243/397/394 107/402/399
f 107/402/399 243/397/394 108/403/400
f 108/403/400 243/397/394 109/404/401
f 109/404/401 243/397/394 110/405/402
f 110/405/402 243/397/394 111/406/403
f 111/406/403 243/397/394 112/407/404
f 112/407/404 243/397/394 113/408/405
f 113/408/405 243/397/394 114/409/406
f 114/409/406 243/397/394 115/410/407
f 115/410/407 243/397/394 116/411/408
f 116/411/408 243/397/394 117/412/409
f 117/412/409 243/397/394 118/413/410
f 118/413/410 243/397/394 119/414/411
f 119/414/411 243/397/394 120/415/412
f 120/415/412 243/397/394 242/358/355
f 120/415/412 242/358/355 121/416/413
f 121/416/413 242/358/355 122/417/414
f 122/417/414 242/358/355 123/418/415
f 123/418/415 242/358/355 124/419/416
f 124/419/416 242/358/355 125/420/417
f 125/420/417 242/358/355 126/421/418
f 126/421/418 242/358/355 127/422/419
f 127/422/419 242/358/355 128/423/420
f 128/423/420 242/358/355 129/424/421
f 129/424/421 242/358/355 130/425/422
f 130/425/422 242/358/355 131/426/423
f 131/426/423 242/358/355 132/427/424
f 132/427/424 242/358/355 133/428/425
f 133/428/425 242/358/355 134/429/426
f 134/429/426 242/358/355 135/430/427
f 135/430/427 242/358/355 136/431/428
f 136/431/428 242/358/355 137/432/429
f 137/432/429 242/358/355 138/357/354
f 6/433/430 240/434/431 3/435/432
f 3/435/432 240/434/431 245/436/433
f 3/435/432 245/436/433 246/437/434
f 246/437/434 4/438/435 3/435/432
f 66/439/436 5/440/437 15/441/438
f 15/441/438 5/440/437 2/442/439
f 15/441/438 2/442/439 16/443/440
f 16/443/440 2/442/439 1/444/441
f 139/445/442 177/446/443 237/447/444
f 237/447/444 177/446/443 176/448/445
f 237/447/444 176/448/445 175/449/446
f 237/447/444 175/449/446 239/450/447
f 239/450/447 175/449/446 174/451/448
f 239/450/447 174/451/448 173/452/449
f 173/452/449 172/453/450 239/450/447
f 239/450/447 172/453/450 171/454/451
f 239/450/447 171/454/451 244/455/452
f 244/455/452 171/454/451 170/456/453
f 244/455/452 170/456/453 169/457/454
f 169/457/454 168/458/455 244/455/452
f 244/455/452 168/458/455 167/459/456
f 244/455/452 167/459/456 166/460/457
f 166/460/457 165/461/458 244/455/452
f 244/455/452 165/461/458 238/462/459
f 238/462/459 165/461/458 164/463/460
f 238/462/459 164/463/460 163/464/461
f 163/464/461 162/465/462 238/462/459
f 247/466/463 248/467/464 250/468/465
f 250/468/465 248/467/464 249/469/466
f 251/470/467 247/471/468 254/472/469
f 254/472/469 247/471/468 250/473/470
f 254/472/469 250/473/470 252/474/471
f 252/474/471 253/475/472 254/472/469
f 251/476/473 254/477/474 256/478/475
f 256/478/475 254/477/474 255/479/476
f 253/480/477 257/481/478 254/482/479
f 254/482/479 257/481/478 255/483/480
f 255/483/480 257/481/478 259/484/481
f 259/484/481 257/481/478 258/485/482
f 257/486/483 263/487/484 258/488/485
f 258/488/485 263/487/484 264/489/486
f 258/488/485 264/489/486 270/490/487
f 270/490/487 264/489/486 269/491/488
f 269/491/488 264/489/486 268/492/489
f 268/492/489 264/489/486 267/493/490
f 267/493/490 264/489/486 266/494/491
f 266/494/491 264/489/486 265/495/492
f 257/486/483 260/496/493 263/487/484
f 263/487/484 260/496/493 261/497/494
f 263/487/484 261/497/494 262/498/495
f 270/499/496 278/500/497 258/501/482
f 258/501/482 278/500/497 279/502/498
f 258/501/482 279/502/498 280/503/499
f 280/503/499 279/502/498 286/504/500
f 280/503/499 286/504/500 287/505/501
f 287/505/501 286/504/500 293/506/502
f 287/505/501 293/506/502 294/507/503
f 294/507/503 293/506/502 300/508/504
f 294/507/503 300/508/504 301/509/505
f 301/509/505 300/508/504 307/510/506
f 301/509/505 307/510/506 273/511/507
f 273/511/507 307/510/506 272/512/508
f 272/512/508 307/510/506 313/513/509
f 272/512/508 313/513/509 271/514/510
f 271/514/510 313/513/509 312/515/511
f 271/514/510 312/515/511 311/516/512
f 311/516/512 312/515/511 305/517/513
f 311/516/512 305/517/513 304/518/514
f 304/518/514 305/517/513 298/519/515
f 304/518/514 298/519/515 297/520/516
f 297/520/516 298/519/515 291/521/517
f 297/520/516 291/521/517 290/522/518
f 290/522/518 291/521/517 284/523/519
f 290/522/518 284/523/519 269/524/520
f 269/524/520 284/523/519 270/499/496
f 270/499/496 284/523/519 278/500/497
f 269/524/520 268/525/521 290/522/518
f 290/522/518 268/525/521 296/526/522
f 290/522/518 296/526/522 297/520/516
f 297/520/516 296/526/522 303/527/523
f 297/520/516 303/527/523 304/518/514
f 304/518/514 303/527/523 310/528/524
f 304/518/514 310/528/524 311/516/512
f 311/516/512 310/528/524 271/514/510
f 268/525/521 267/529/525 296/526/522
f 296/526/522 267/529/525 302/530/526
f 296/526/522 302/530/526 303/527/523
f 303/527/523 302/530/526 309/531/527
f 303/527/523 309/531/527 310/528/524
f 310/528/524 309/531/527 264/532/528
f 310/528/524 264/532/528 271/514/510
f 267/529/525 266/533/529 302/530/526
f 302/530/526 266/533/529 308/534/530
f 302/530/526 308/534/530 309/531/527
f 309/531/527 308/534/530 264/532/528
f 266/533/529 265/535/531 308/534/530
f 308/534/530 265/535/531 264/532/528
f 273/511/507 274/536/532 301/509/505
f 301/509/505 274/536/532 295/537/533
f 301/509/505 295/537/533 294/507/503
f 294/507/503 295/537/533 288/538/534
f 294/507/503 288/538/534 287/505/501
f 287/505/501 288/538/534 281/539/535
f 287/505/501 281/539/535 280/503/499
f 280/503/499 281/539/535 258/501/482
f 274/536/532 275/540/536 295/537/533
f 295/537/533 275/540/536 289/541/537
f 295/537/533 289/541/537 288/538/534
f 288/538/534 289/541/537 282/542/538
f 288/538/534 282/542/538 281/539/535
f 281/539/535 282/542/538 259/543/481
f 281/539/535 259/543/481 258/501/482
f 275/540/536 276/544/539 289/541/537
f 289/541/537 276/544/539 283/545/540
f 289/541/537 283/545/540 282/542/538
f 282/542/538 283/545/540 259/543/481
f 276/544/539 277/546/541 283/545/540
f 283/545/540 277/546/541 259/543/481
f 279/502/498 278/500/497 285/547/542
f 285/547/542 278/500/497 284/523/519
f 285/547/542 284/523/519 291/521/517
f 279/502/498 285/547/542 286/504/500
f 286/504/500 285/547/542 292/548/543
f 286/504/500 292/548/543 293/506/502
f 293/506/502 292/548/543 299/549/544
f 293/506/502 299/549/544 300/508/504
f 300/508/504 299/549/544 306/550/545
f 300/508/504 306/550/545 307/510/506
f 307/510/506 306/550/545 313/513/509
f 292/548/543 285/547/542 291/521/517
f 299/549/544 292/548/543 298/519/515
f 298/519/515 292/548/543 291/521/517
f 306/550/545 299/549/544 305/517/513
f 305/517/513 299/549/544 298/519/515
f 313/513/509 306/550/545 312/515/511
f 312/515/511 306/550/545 305/517/513
f 314/551/546 315/552/547 402/553/548
f 402/553/548 315/552/547 316/554/549
f 402/553/548 316/554/549 401/555/550
f 401/555/550 316/554/549 317/556/551
f 401/555/550 317/556/551 400/557/552
f 400/557/552 317/556/551 318/558/553
f 400/557/552 318/558/553 399/559/554
f 399/559/554 318/558/553 319/560/555
f 399/559/554 319/560/555 398/561/556
f 398/561/556 319/560/555 320/562/557
f 398/561/556 320/562/557 397/563/558
f 397/563/558 320/562/557 321/564/559
f 397/563/558 321/564/559 396/565/560
f 396/565/560 321/564/559 322/566/561
f 396/565/560 322/566/561 395/567/562
f 395/567/562 322/566/561 323/568/563
f 395/567/562 323/568/563 394/569/564
f 394/569/564 323/568/563 324/570/565
f 394/569/564 324/570/565 393/571/566
f 393/571/566 324/570/565 325/572/567
f 393/571/566 325/572/567 392/573/568
f 392/573/568 325/572/567 326/574/569
f 392/573/568 326/574/569 391/575/570
f 391/575/570 326/574/569 327/576/571
f 391/575/570 327/576/571 390/577/572
f 390/577/572 327/576/571 328/578/573
f 390/577/572 328/578/573 389/579/574
f 389/579/574 328/578/573 329/580/575
f 389/579/574 329/580/575 388/581/576
f 388/581/576 329/580/575 330/582/577
f 388/581/576 330/582/577 387/583/578
f 387/583/578 330/582/577 331/584/579
f 387/583/578 331/584/579 386/585/580
f 386/585/580 331/584/579 332/586/581
f 386/585/580 332/586/581 385/587/582
f 385/587/582 332/586/581 333/588/583
f 385/587/582 333/588/583 384/589/584
f 384/589/584 333/588/583 334/590/585
f 384/589/584 334/590/585 383/591/586
f 383/591/586 334/590/585 335/592/587
f 383/591/586 335/592/587 382/593/588
f 382/593/588 335/592/587 336/594/589
f 382/593/588 336/594/589 381/595/590
f 381/595/590 336/594/589 337/596/591
f 381/595/590 337/596/591 380/597/592
f 380/597/592 337/596/591 338/598/593
f 380/597/592 338/598/593 379/599/594
f 379/599/594 338/598/593 339/600/595
f 379/599/594 339/600/595 378/601/596
f 378/601/596 339/600/595 340/602/597
f 378/601/596 340/602/597 377/603/598
f 377/603/598 340/602/597 341/604/599
f 377/603/598 341/604/599 376/605/600
f 376/605/600 341/604/599 342/606/601
f 376/605/600 342/606/601 375/607/602
f 375/607/602 342/606/601 343/608/603
f 375/607/602 343/608/603 374/609/604
f 374/609/604 343/608/603 344/610/605
f 374/609/604 344/610/605 373/611/606
f 373/611/606 344/610/605 345/612/607
f 373/611/606 345/612/607 372/613/608
f 372/613/608 345/612/607 346/614/609
f 372/613/608 346/614/609 371/615/610
f 371/615/610 346/614/609 347/616/611
f 371/615/610 347/616/611 370/617/612
f 370/617/612 347/616/611 348/618/613
f 370/617/612 348/618/613 369/619/614
f 369/619/614 348/618/613 349/620/615
f 369/619/614 349/620/615 368/621/616
f 368/621/616 349/620/615 350/622/617
f 368/621/616 350/622/617 367/623/618
f 367/623/618 350/622/617 351/624/619
f 367/623/618 351/624/619 366/625/620
f 366/625/620 351/624/619 352/626/621
f 366/625/620 352/626/621 365/627/622
f 365/627/622 352/626/621 353/628/623
f 365/627/622 353/628/623 364/629/624
f 364/629/624 353/628/623 363/630/625
f 363/630/625 353/628/623 354/631/626
f 363/630/625 354/631/626 362/632/627
f 362/632/627 354/631/626 361/633/628
f 361/633/628 354/631/626 360/634/629
f 360/634/629 354/631/626 355/635/630
f 360/634/629 355/635/630 359/636/631
f 359/636/631 355/635/630 358/637/632
f 358/637/632 355/635/630 356/638/633
f 358/637/632 356/638/633 357/639/634
f 263/640/635 364/641/636 264/642/637
f 264/642/637 364/641/636 271/643/638
f 271/643/638 364/641/636 363/644/639
f 271/643/638 363/644/639 362/645/640
f 361/646/641 403/647/642 362/645/640
f 362/645/640 403/647/642 271/643/638
f 361/648/643 360/649/644 403/650/645
f 403/650/645 360/649/644 404/651/646
f 360/652/647 359/653/648 404/654/649
f 404/654/649 359/653/648 358/655/650
f 404/654/649 358/655/650 357/656/651
f 357/657/652 356/658/653 404/659/654
f 404/659/654 356/658/653 271/660/655
f 404/659/654 271/660/655 403/661/656
f 356/658/653 405/662/657 271/660/655
f 271/660/655 405/662/657 272/663/658
f 272/663/658 405/662/657 273/664/659
f 273/664/659 405/662/657 274/665/660
f 274/665/660 405/662/657 275/666/661
f 275/666/661 405/662/657 276/667/662
f 276/667/662 405/662/657 277/668/663
f 277/668/663 405/662/657 259/669/664
f 259/669/664 405/662/657 406/670/665
f 259/669/664 406/670/665 256/671/666
f 256/671/666 406/670/665 407/672/667
f 256/671/666 407/672/667 411/673/668
f 411/673/668 407/672/667 408/674/669
f 411/673/668 408/674/669 410/675/670
f 410/675/670 408/674/669 409/676/671
f 256/671/666 255/677/672 259/669/664
f 261/678/673 383/679/674 262/680/675
f 262/680/675 383/679/674 382/681/676
f 262/680/675 382/681/676 381/682/677
f 412/683/678 397/684/679 261/678/673
f 261/678/673 397/684/679 396/685/680
f 261/678/673 396/685/680 395/686/681
f 314/687/682 402/688/683 412/683/678
f 412/683/678 402/688/683 401/689/684
f 412/683/678 401/689/684 400/690/685
f 400/690/685 399/691/686 412/683/678
f 412/683/678 399/691/686 398/692/687
f 412/683/678 398/692/687 397/684/679
f 395/686/681 394/693/688 261/678/673
f 261/678/673 394/693/688 393/694/689
f 261/678/673 393/694/689 392/695/690
f 392/695/690 391/696/691 261/678/673
f 261/678/673 391/696/691 390/697/692
f 261/678/673 390/697/692 389/698/693
f 389/698/693 388/699/694 261/678/673
f 261/678/673 388/699/694 387/700/695
f 261/678/673 387/700/695 386/701/696
f 386/701/696 385/702/697 261/678/673
f 261/678/673 385/702/697 384/703/698
f 261/678/673 384/703/698 383/679/674
f 381/682/677 380/704/699 262/680/675
f 262/680/675 380/704/699 379/705/700
f 262/680/675 379/705/700 378/706/701
f 378/706/701 377/707/702 262/680/675
f 262/680/675 377/707/702 376/708/703
f 262/680/675 376/708/703 375/709/704
f 375/709/704 374/710/705 262/680/675
f 262/680/675 374/710/705 373/711/706
f 262/680/675 373/711/706 372/712/707
f 372/712/707 371/713/708 262/680/675
f 262/680/675 371/713/708 370/714/709
f 262/680/675 370/714/709 369/715/710
f 369/715/710 368/716/711 262/680/675
f 262/680/675 368/716/711 367/717/712
f 262/680/675 367/717/712 366/718/713
f 366/718/713 365/719/714 262/680/675
f 251/720/715 256/721/716 247/722/717
f 247/722/717 256/721/716 411/723/718
f 247/722/717 411/723/718 413/724/719
f 413/724/719 248/725/720 247/722/717
f 263/726/721 262/727/722 364/728/723
f 364/728/723 262/727/722 365/729/724
f 406/730/725 405/731/726 415/732/727
f 415/732/727 405/731/726 414/733/728
f 407/734/729 406/735/730 416/736/731
f 416/736/731 406/735/730 415/737/732
f 408/738/733 407/739/734 417/740/735
f 417/740/735 407/739/734 416/741/736
f 409/742/737 408/743/738 418/744/739
f 418/744/739 408/743/738 417/745/740
f 410/746/741 409/747/742 419/748/743
f 419/748/743 409/747/742 418/749/744
f 411/750/745 410/751/746 413/752/747
f 413/752/747 410/751/746 419/753/748
f 356/754/749 355/755/750 405/756/751
f 405/756/751 355/755/750 354/757/752
f 405/756/751 354/757/752 353/758/753
f 353/758/753 352/759/754 405/756/751
f 405/756/751 352/759/754 351/760/755
f 405/756/751 351/760/755 350/761/756
f 405/756/751 350/761/756 414/762/757
f 414/762/757 350/761/756 349/763/758
f 414/762/757 349/763/758 348/764/759
f 348/764/759 347/765/760 414/762/757
f 414/762/757 347/765/760 346/766/761
f 414/762/757 346/766/761 345/767/762
f 345/767/762 344/768/763 414/762/757
f 414/762/757 344/768/763 343/769/764
f 414/762/757 343/769/764 342/770/765
f 342/770/765 341/771/766 414/762/757
f 414/762/757 341/771/766 340/772/767
f 414/762/757 340/772/767 16/773/768
f 16/773/768 340/772/767 339/774/769
f 16/773/768 339/774/769 338/775/770
f 338/775/770 337/776/771 16/773/768
f 16/773/768 337/776/771 336/777/772
f 16/773/768 336/777/772 13/778/773
f 13/778/773 336/777/772 335/779/774
f 13/778/773 335/779/774 334/780/775
f 334/780/775 333/781/776 13/778/773
f 13/778/773 333/781/776 332/782/777
f 13/778/773 332/782/777 331/783/778
f 13/778/773 331/783/778 421/784/779
f 421/784/779 331/783/778 330/785/780
f 421/784/779 330/785/780 329/786/781
f 329/786/781 328/787/782 421/784/779
f 421/784/779 328/787/782 327/788/783
f 421/784/779 327/788/783 326/789/784
f 326/789/784 325/790/785 421/784/779
f 421/784/779 325/790/785 324/791/786
f 421/784/779 324/791/786 323/792/787
f 323/792/787 322/793/788 421/784/779
f 421/784/779 322/793/788 321/794/789
f 421/784/779 321/794/789 420/795/790
f 420/795/790 321/794/789 320/796/791
f 420/795/790 320/796/791 319/797/792
f 319/797/792 318/798/793 420/795/790
f 420/795/790 318/798/793 317/799/794
f 420/795/790 317/799/794 316/800/795
f 316/800/795 315/801/796 420/795/790
f 422/802/797 423/803/798 425/804/799
f 425/804/799 423/803/798 424/805/800
f 426/806/801 422/807/802 427/808/803
f 427/808/803 422/807/802 425/809/804
f 428/810/805 426/811/806 429/812/807
f 429/812/807 426/811/806 427/813/808
f 430/814/809 428/815/810 431/816/811
f 431/816/811 428/815/810 429/817/812
f 420/818/813 430/819/814 421/820/815
f 421/820/815 430/819/814 431/821/816
f 261/822/817 260/823/818 412/824/819
f 412/824/819 260/823/818 432/825/820
f 257/826/821 253/827/822 260/828/823
f 260/828/823 253/827/822 252/829/824
f 260/828/823 252/829/824 433/830/825
f 433/830/825 432/831/826 260/828/823
f 249/832/827 434/833/828 250/834/829
f 250/834/829 434/833/828 435/835/830
f 250/834/829 435/835/830 433/836/831
f 433/836/831 252/837/832 250/834/829
f 423/838/833 435/839/834 424/840/835
f 424/840/835 435/839/834 434/841/836
f 246/842/837 248/843/838 4/844/839
f 4/844/839 248/843/838 415/845/840
f 4/844/839 415/845/840 1/846/841
f 1/846/841 415/845/840 414/847/842
f 1/846/841 414/847/842 16/848/843
f 246/842/837 242/849/844 248/843/838
f 248/843/838 242/849/844 249/850/845
f 249/850/845 242/849/844 7/851/846
f 249/850/845 7/851/846 431/852/847
f 431/852/847 7/851/846 10/853/848
f 431/852/847 10/853/848 421/854/849
f 421/854/849 10/853/848 13/855/850
f 431/852/847 429/856/851 249/850/845
f 249/850/845 429/856/851 434/857/852
f 434/857/852 429/856/851 427/858/853
f 434/857/852 427/858/853 424/859/854
f 424/859/854 427/858/853 425/860/855
f 415/845/840 248/843/838 416/861/856
f 416/861/856 248/843/838 413/862/857
f 416/861/856 413/862/857 417/863/858
f 417/863/858 413/862/857 419/864/859
f 417/863/858 419/864/859 418/865/860
f 314/866/861 412/867/862 315/868/863
f 315/868/863 412/867/862 420/869/864
f 420/869/864 412/867/862 430/870/865
f 430/870/865 412/867/862 433/871/866
f 430/870/865 433/871/866 428/872/867
f 428/872/867 433/871/866 435/873/868
f 428/872/867 435/873/868 426/874/869
f 426/874/869 435/873/868 423/875/870
f 426/874/869 423/875/870 422/876/871
f 412/867/862 432/877/872 433/871/866
# 435 vertices
# 877 texture params
# 872 normals
# 870 facets

# 1 groups
