# WaveFront *.obj file (generated by Autodesk ATF)

mtllib Battery Mount.mtl

g Battery Mount (3)

v -8.000670 18.759695 4.000000
v 7.999330 18.759695 4.000000
v 7.999330 18.759695 5.861776
v -8.000670 18.759695 5.861776
v 7.999330 10.759695 5.861776
v 7.999330 11.303402 5.861776
v 7.999330 11.303402 -11.799660
v 7.999330 10.759695 -11.799660
v -8.000670 10.759695 -11.798320
v -8.000670 11.303402 -11.798320
v -8.000670 11.303402 5.861776
v -8.000670 10.759695 5.861776
v 0.998522 10.759695 -18.030547
v 0.969464 10.759695 -17.791231
v 0.883978 10.759695 -17.565824
v 0.747033 10.759695 -17.367424
v 0.566587 10.759695 -17.207563
v 0.353127 10.759695 -17.095531
v 0.119059 10.759695 -17.037838
v -0.122015 10.759695 -17.037838
v -0.356083 10.759695 -17.095531
v -0.569543 10.759695 -17.207563
v -0.749989 10.759695 -17.367424
v -0.886934 10.759695 -17.565824
v -0.972420 10.759695 -17.791231
v -1.001478 10.759695 -18.030547
v -0.972420 10.759695 -18.269862
v -0.886934 10.759695 -18.495270
v -0.749989 10.759695 -18.693669
v -0.569543 10.759695 -18.853531
v -0.356083 10.759695 -18.965563
v -0.122015 10.759695 -19.023256
v 0.119059 10.759695 -19.023256
v 0.353127 10.759695 -18.965563
v 0.566587 10.759695 -18.853531
v 0.747033 10.759695 -18.693669
v 0.883978 10.759695 -18.495270
v 0.969464 10.759695 -18.269862
v -2.496087 10.759695 -17.302903
v 2.496087 10.759695 -17.302903
v 2.577104 10.759695 -17.686727
v 2.599485 10.759695 -18.078370
v 2.562722 10.759695 -18.468925
v 2.467650 10.759695 -18.849512
v 2.316431 10.759695 -19.211475
v 2.112505 10.759695 -19.546586
v 1.860507 10.759695 -19.847222
v 1.566169 10.759695 -20.106548
v 1.236183 10.759695 -20.318666
v 0.878054 10.759695 -20.478754
v 0.499924 10.759695 -20.583171
v 0.499988 10.759695 -20.480576
v 0.167668 10.759695 -20.525455
v -0.167668 10.759695 -20.525455
v -0.499988 10.759695 -20.480576
v -0.499924 10.759695 -20.583171
v -0.878054 10.759695 -20.478754
v -1.236183 10.759695 -20.318666
v -1.566169 10.759695 -20.106548
v -1.860507 10.759695 -19.847222
v -2.112505 10.759695 -19.546586
v -2.316431 10.759695 -19.211475
v -2.467650 10.759695 -18.849512
v -2.562722 10.759695 -18.468925
v -2.599485 10.759695 -18.078370
v -2.577104 10.759695 -17.686727
v 7.999330 18.540095 4.000000
v 7.999330 18.540095 5.861776
v 7.999330 18.759695 -5.858820
v 7.999330 18.540095 -5.858820
v 7.999330 18.540095 -4.000000
v 7.999330 18.759695 -4.000000
v -8.000670 18.759695 -5.858820
v -8.000670 18.759695 -4.000000
v -8.000670 18.517159 4.000000
v -8.000670 18.517159 5.861776
v -8.000670 18.517159 -5.858820
v -8.000670 18.517159 -4.000000
v -0.499924 10.303402 -20.583171
v -0.878054 10.303402 -20.478754
v -1.236183 10.303402 -20.318666
v -1.566169 10.303402 -20.106548
v -1.860507 10.303402 -19.847222
v -2.112505 10.303402 -19.546586
v -2.316431 10.303402 -19.211475
v -2.467650 10.303402 -18.849512
v -2.562722 10.303402 -18.468925
v -2.599485 10.303402 -18.078370
v -2.577104 10.303402 -17.686727
v -2.496087 10.303402 -17.302903
v -0.499988 10.303402 -20.480576
v 0.499988 10.303402 -20.480576
v 0.167668 10.303402 -20.525455
v -0.167668 10.303402 -20.525455
v 0.499924 10.303402 -20.583171
v 2.496087 10.303402 -17.302903
v 2.577104 10.303402 -17.686727
v 2.599485 10.303402 -18.078370
v 2.562722 10.303402 -18.468925
v 2.467650 10.303402 -18.849512
v 2.316431 10.303402 -19.211475
v 2.112505 10.303402 -19.546586
v 1.860507 10.303402 -19.847222
v 1.566169 10.303402 -20.106548
v 1.236183 10.303402 -20.318666
v 0.878054 10.303402 -20.478754
v 9.485912 11.303402 -10.313078
v 9.485912 10.303402 -10.313078
v 8.002369 11.303402 5.861776
v 8.002369 11.303402 4.000000
v 9.810606 11.303402 4.000000
v 10.036787 11.303402 3.462574
v 10.318593 11.303402 2.952114
v 10.652855 11.303402 2.474355
v 10.982461 11.303402 2.102803
v 11.355572 11.303402 1.774964
v 11.766437 11.303402 1.495893
v 12.208719 11.303402 1.269891
v 12.675601 11.303402 1.100443
v 13.159882 11.303402 0.990163
v 13.654098 11.303402 0.940750
v 14.150627 11.303402 0.952966
v 14.641815 11.303402 1.026623
v 15.120087 11.303402 1.160586
v 15.578071 11.303402 1.352788
v 16.008704 11.303402 1.600266
v 16.405347 11.303402 1.899205
v 16.722648 11.303402 2.130257
v 17.072203 11.303402 2.308798
v 17.445394 11.303402 2.430425
v 17.833022 11.303402 2.492142
v 18.225533 11.303402 2.492426
v 18.613251 11.303402 2.431272
v 18.986618 11.303402 2.310185
v 19.336431 11.303402 2.132151
v 19.654066 11.303402 1.901560
v 19.931694 11.303402 1.624094
v 20.162472 11.303402 1.306593
v 20.340710 11.303402 0.956884
v 20.462015 11.303402 0.583588
v 20.523396 11.303402 0.195906
v 20.523341 11.303402 -0.196605
v 20.461851 11.303402 -0.584269
v 20.340442 11.303402 -0.957531
v 20.162106 11.303402 -1.307190
v 19.931239 11.303402 -1.624626
v 19.653533 11.303402 -1.902014
v 19.335833 11.303402 -2.132517
v 18.985971 11.303402 -2.310453
v 18.612570 11.303402 -2.431435
v 18.224835 11.303402 -2.492481
v 17.832324 11.303402 -2.492086
v 17.444713 11.303402 -2.430261
v 17.071556 11.303402 -2.308529
v 16.722052 11.303402 -2.129891
v 16.404816 11.303402 -1.898750
v 16.007799 11.303402 -1.599398
v 15.576711 11.303402 -1.351615
v 15.118212 11.303402 -1.159230
v 14.639387 11.303402 -1.025215
v 14.147634 11.303402 -0.951642
v 13.650553 11.303402 -0.939647
v 13.155825 11.303402 -0.989416
v 12.671093 11.303402 -1.100179
v 12.203848 11.303402 -1.270226
v 11.761310 11.303402 -1.496928
v 11.350317 11.303402 -1.776782
v 10.977220 11.303402 -2.105464
v 10.647784 11.303402 -2.477896
v 10.315136 11.303402 -2.954711
v 10.034677 11.303402 -3.463976
v 9.809543 11.303402 -4.000000
v 8.002369 11.303402 -4.000000
v 8.002369 11.303402 -5.858820
v 9.485912 11.303402 -5.858820
v 19.031084 11.303402 0.000000
v 19.002026 11.303402 0.239316
v 18.916540 11.303402 0.464723
v 18.779595 11.303402 0.663123
v 18.599149 11.303402 0.822984
v 18.385689 11.303402 0.935016
v 18.151621 11.303402 0.992709
v 17.910547 11.303402 0.992709
v 17.676479 11.303402 0.935016
v 17.463019 11.303402 0.822984
v 17.282573 11.303402 0.663123
v 17.145628 11.303402 0.464723
v 17.060142 11.303402 0.239316
v 17.031084 11.303402 0.000000
v 17.060142 11.303402 -0.239316
v 17.145628 11.303402 -0.464723
v 17.282573 11.303402 -0.663123
v 17.463019 11.303402 -0.822984
v 17.676479 11.303402 -0.935016
v 17.910547 11.303402 -0.992709
v 18.151621 11.303402 -0.992709
v 18.385689 11.303402 -0.935016
v 18.599149 11.303402 -0.822984
v 18.779595 11.303402 -0.663123
v 18.916540 11.303402 -0.464723
v 19.002026 11.303402 -0.239316
v -8.000952 18.511854 5.861776
v -8.001121 18.506545 5.861776
v -8.001177 18.501233 5.861776
v -8.001177 18.501233 4.000000
v -8.001121 18.506545 4.000000
v -8.000952 18.511854 4.000000
v -8.000952 18.511854 -4.000000
v -8.001121 18.506545 -4.000000
v -8.001177 18.501233 -4.000000
v -8.001177 18.501233 -5.858820
v -8.001121 18.506545 -5.858820
v -8.000952 18.511854 -5.858820
v 8.001017 18.527200 -4.000000
v 8.002031 18.514234 -4.000000
v 8.002369 18.501233 -4.000000
v 9.809543 14.048702 -4.000000
v 9.466272 14.596071 -4.000000
v 9.171386 15.170954 -4.000000
v 8.927071 15.769083 -4.000000
v 8.735143 16.386020 -4.000000
v 8.597025 17.017187 -4.000000
v 8.513742 17.657899 -4.000000
v 8.485912 18.303402 -4.000000
v 8.485912 18.553402 -4.000000
v 8.460356 18.747516 -4.000000
v 8.385431 18.928402 -4.000000
v 8.266242 19.083732 -4.000000
v 8.110912 19.202921 -4.000000
v 7.930026 19.277846 -4.000000
v 7.735912 19.303402 -4.000000
v -7.817155 19.303402 -4.000000
v -8.011269 19.277846 -4.000000
v -8.192155 19.202921 -4.000000
v -8.347485 19.083732 -4.000000
v -8.466674 18.928402 -4.000000
v -8.541599 18.747516 -4.000000
v -8.567155 18.553402 -4.000000
v -8.567155 18.303402 -4.000000
v -8.594985 17.657899 -4.000000
v -8.678268 17.017187 -4.000000
v -8.816386 16.386020 -4.000000
v -9.008314 15.769083 -4.000000
v -9.252629 15.170954 -4.000000
v -9.547515 14.596071 -4.000000
v -9.890786 14.048702 -4.000000
v -9.890786 11.303402 -4.000000
v -8.001177 11.303402 -4.000000
v -9.567155 11.303402 -10.231835
v -9.567155 11.303402 -5.858820
v -8.001177 11.303402 -5.858820
v -10.088659 11.303402 -3.521176
v -10.330708 11.303402 -3.063096
v -10.614787 11.303402 -2.629823
v -10.911710 11.303402 -2.267176
v -11.249016 11.303402 -1.941751
v -11.622072 11.303402 -1.658015
v -12.025756 11.303402 -1.419864
v -12.454526 11.303402 -1.230568
v -12.902495 11.303402 -1.092727
v -13.363513 11.303402 -1.008231
v -13.831249 11.303402 -0.978243
v -14.299283 11.303402 -1.003173
v -14.761187 11.303402 -1.082679
v -15.210620 11.303402 -1.215669
v -15.641412 11.303402 -1.400318
v -16.047647 11.303402 -1.634091
v -16.423749 11.303402 -1.913777
v -16.741840 11.303402 -2.140772
v -17.091420 11.303402 -2.315425
v -17.463945 11.303402 -2.433468
v -17.850314 11.303402 -2.492017
v -18.241087 11.303402 -2.489641
v -18.626715 11.303402 -2.426398
v -18.997778 11.303402 -2.303834
v -19.345207 11.303402 -2.124943
v -19.660515 11.303402 -1.894097
v -19.935997 11.303402 -1.616935
v -20.164922 11.303402 -1.300229
v -20.341697 11.303402 -0.951719
v -20.462003 11.303402 -0.579918
v -20.522900 11.303402 -0.193912
v -20.522900 11.303402 0.196868
v -20.462003 11.303402 0.582874
v -20.341697 11.303402 0.954675
v -20.164922 11.303402 1.303185
v -19.935997 11.303402 1.619891
v -19.660515 11.303402 1.897053
v -19.345207 11.303402 2.127899
v -18.997778 11.303402 2.306790
v -18.626715 11.303402 2.429354
v -18.241087 11.303402 2.492597
v -17.850314 11.303402 2.494973
v -17.463945 11.303402 2.436424
v -17.091420 11.303402 2.318381
v -16.741840 11.303402 2.143728
v -16.423749 11.303402 1.916733
v -16.047647 11.303402 1.637047
v -15.641412 11.303402 1.403274
v -15.210620 11.303402 1.218625
v -14.761187 11.303402 1.085635
v -14.299283 11.303402 1.006129
v -13.831249 11.303402 0.981199
v -13.363513 11.303402 1.011187
v -12.902495 11.303402 1.095683
v -12.454526 11.303402 1.233524
v -12.025756 11.303402 1.422820
v -11.622072 11.303402 1.660971
v -11.249016 11.303402 1.944707
v -10.911710 11.303402 2.270132
v -10.614787 11.303402 2.632779
v -10.331240 11.303402 3.065150
v -10.089549 11.303402 3.522237
v -9.891849 11.303402 4.000000
v -8.001177 11.303402 4.000000
v -8.001177 11.303402 5.861776
v -17.030547 11.303402 0.001478
v -17.059605 11.303402 0.240794
v -17.145091 11.303402 0.466201
v -17.282036 11.303402 0.664601
v -17.462482 11.303402 0.824462
v -17.675942 11.303402 0.936494
v -17.910010 11.303402 0.994187
v -18.151083 11.303402 0.994187
v -18.385152 11.303402 0.936494
v -18.598612 11.303402 0.824462
v -18.779058 11.303402 0.664601
v -18.916003 11.303402 0.466201
v -19.001489 11.303402 0.240794
v -19.030547 11.303402 0.001478
v -19.001489 11.303402 -0.237838
v -18.916003 11.303402 -0.463245
v -18.779058 11.303402 -0.661645
v -18.598612 11.303402 -0.821506
v -18.385152 11.303402 -0.933538
v -18.151083 11.303402 -0.991231
v -17.910010 11.303402 -0.991231
v -17.675942 11.303402 -0.933538
v -17.462482 11.303402 -0.821506
v -17.282036 11.303402 -0.661645
v -17.145091 11.303402 -0.463245
v -17.059605 11.303402 -0.237838
v 8.002369 18.501233 -5.858820
v 8.001017 18.527200 4.000000
v 8.002031 18.514234 4.000000
v 8.002369 18.501233 4.000000
v 8.002369 18.501233 5.861776
v 8.002031 18.514234 5.861776
v 8.001017 18.527200 5.861776
v 8.001017 18.527200 -5.858820
v 8.002031 18.514234 -5.858820
v -9.891849 14.047160 4.000000
v -9.548309 14.594676 4.000000
v -9.253187 15.169738 4.000000
v -9.008676 15.768076 4.000000
v -8.816591 16.385245 4.000000
v -8.678359 17.016660 4.000000
v -8.595008 17.657633 4.000000
v -8.567155 18.303402 4.000000
v -8.567155 18.553402 4.000000
v -8.541599 18.747516 4.000000
v -8.466674 18.928402 4.000000
v -8.347485 19.083732 4.000000
v -8.192155 19.202921 4.000000
v -8.011269 19.277846 4.000000
v -7.817155 19.303402 4.000000
v 7.735912 19.303402 4.000000
v 7.930026 19.277846 4.000000
v 8.110912 19.202921 4.000000
v 8.266242 19.083732 4.000000
v 8.385431 18.928402 4.000000
v 8.460356 18.747516 4.000000
v 8.485912 18.553402 4.000000
v 8.485912 18.303402 4.000000
v 8.513765 17.657633 4.000000
v 8.597116 17.016660 4.000000
v 8.735348 16.385245 4.000000
v 8.927433 15.768076 4.000000
v 9.171944 15.169738 4.000000
v 9.467066 14.594676 4.000000
v 9.810606 14.047160 4.000000
v -10.614787 10.303402 -2.629823
v -10.911710 10.303402 -2.267176
v -11.249016 10.303402 -1.941751
v -11.622072 10.303402 -1.658015
v -12.025756 10.303402 -1.419864
v -12.454526 10.303402 -1.230568
v -12.902495 10.303402 -1.092727
v -13.363513 10.303402 -1.008231
v -13.831249 10.303402 -0.978243
v -14.299283 10.303402 -1.003173
v -14.761187 10.303402 -1.082679
v -15.210620 10.303402 -1.215669
v -15.641412 10.303402 -1.400318
v -16.047647 10.303402 -1.634091
v -16.423749 10.303402 -1.913777
v -9.753549 14.255151 -4.439061
v -9.698244 14.342723 -4.665158
v -9.652156 14.417761 -4.895549
v -9.615591 14.478616 -5.130195
v -9.588959 14.523849 -5.369013
v -9.572675 14.552033 -5.611917
v -9.567155 14.561745 -5.858820
v -9.567155 10.303402 -5.858820
v -9.597202 10.303402 -5.284696
v -9.687016 10.303402 -4.716846
v -9.835615 10.303402 -4.161473
v -10.041375 10.303402 -3.624645
v -10.302048 10.303402 -3.112229
v -8.567155 18.303402 -5.858820
v -8.595555 17.651333 -5.858820
v -8.680540 17.004202 -5.858820
v -8.821466 16.366910 -5.858820
v -9.017267 15.744284 -5.858820
v -9.266459 15.141040 -5.858820
v -9.754166 14.254189 4.439708
v -9.698680 14.342021 4.666153
v -9.652441 14.417291 4.896907
v -9.615754 14.478341 5.131931
v -9.589033 14.523722 5.371141
v -9.572694 14.552000 5.614452
v -9.567155 14.561745 5.861776
v -9.266459 15.141040 5.861776
v -9.017267 15.744284 5.861776
v -8.821466 16.366910 5.861776
v -8.680540 17.004202 5.861776
v -8.595555 17.651333 5.861776
v -8.567155 18.303402 5.861776
v -8.567155 18.553402 -5.858820
v -7.817155 19.303402 -5.858820
v -8.011269 19.277846 -5.858820
v -8.192155 19.202921 -5.858820
v -8.347485 19.083732 -5.858820
v -8.466674 18.928402 -5.858820
v -8.541599 18.747516 -5.858820
v 7.735912 19.303402 -5.858820
v 8.485912 18.553402 -5.858820
v 8.460356 18.747516 -5.858820
v 8.385431 18.928402 -5.858820
v 8.266242 19.083732 -5.858820
v 8.110912 19.202921 -5.858820
v 7.930026 19.277846 -5.858820
v 8.485912 18.303402 -5.858820
v 10.647784 10.303402 -2.477896
v 10.347897 10.303402 -2.902670
v 10.089463 10.303402 -3.353866
v 9.874793 10.303402 -3.827450
v 9.705804 10.303402 -4.319190
v 9.584007 10.303402 -4.824691
v 9.510490 10.303402 -5.339434
v 9.485912 10.303402 -5.858820
v 9.485912 14.561745 -5.858820
v 9.491432 14.552033 -5.611917
v 9.507716 14.523849 -5.369013
v 9.534348 14.478616 -5.130195
v 9.570913 14.417761 -4.895549
v 9.617001 14.342723 -4.665158
v 9.672306 14.255151 -4.439061
v 16.404816 10.303402 -1.898750
v 16.007799 10.303402 -1.599398
v 15.576711 10.303402 -1.351615
v 15.118212 10.303402 -1.159230
v 14.639387 10.303402 -1.025215
v 14.147634 10.303402 -0.951642
v 13.650553 10.303402 -0.939647
v 13.155825 10.303402 -0.989416
v 12.671093 10.303402 -1.100179
v 12.203848 10.303402 -1.270226
v 11.761310 10.303402 -1.496928
v 11.350317 10.303402 -1.776782
v 10.977220 10.303402 -2.105464
v 9.185216 15.141040 -5.858820
v 8.936024 15.744284 -5.858820
v 8.740223 16.366910 -5.858820
v 8.599297 17.004202 -5.858820
v 8.514312 17.651333 -5.858820
v 7.735912 19.303402 5.861776
v 7.930026 19.277846 5.861776
v 8.110912 19.202921 5.861776
v 8.266242 19.083732 5.861776
v 8.385431 18.928402 5.861776
v 8.460356 18.747516 5.861776
v 8.485912 18.553402 5.861776
v 8.485912 18.303402 5.861776
v -7.817155 19.303402 5.861776
v -8.011269 19.277846 5.861776
v -8.192155 19.202921 5.861776
v -8.347485 19.083732 5.861776
v -8.466674 18.928402 5.861776
v -8.541599 18.747516 5.861776
v -8.567155 18.553402 5.861776
v -9.567155 10.303402 5.861776
v 9.485912 10.303402 5.861776
v 9.485912 14.561745 5.861776
v 9.185216 15.141040 5.861776
v 8.936024 15.744284 5.861776
v 8.740223 16.366910 5.861776
v 8.599297 17.004202 5.861776
v 8.514312 17.651333 5.861776
v 9.491451 14.552000 5.614452
v 9.507790 14.523722 5.371141
v 9.534511 14.478341 5.131931
v 9.571198 14.417291 4.896907
v 9.617437 14.342021 4.666153
v 9.672923 14.254189 4.439708
v 19.031084 10.303402 0.000000
v 19.002026 10.303402 -0.239316
v 18.916540 10.303402 -0.464723
v 18.779595 10.303402 -0.663123
v 18.599149 10.303402 -0.822984
v 18.385689 10.303402 -0.935016
v 18.151621 10.303402 -0.992709
v 17.910547 10.303402 -0.992709
v 17.676479 10.303402 -0.935016
v 17.463019 10.303402 -0.822984
v 17.282573 10.303402 -0.663123
v 17.145628 10.303402 -0.464723
v 17.060142 10.303402 -0.239316
v 17.031084 10.303402 0.000000
v 17.060142 10.303402 0.239316
v 17.145628 10.303402 0.464723
v 17.282573 10.303402 0.663123
v 17.463019 10.303402 0.822984
v 17.676479 10.303402 0.935016
v 17.910547 10.303402 0.992709
v 18.151621 10.303402 0.992709
v 18.385689 10.303402 0.935016
v 18.599149 10.303402 0.822984
v 18.779595 10.303402 0.663123
v 18.916540 10.303402 0.464723
v 19.002026 10.303402 0.239316
v -17.030547 10.303402 0.001478
v -17.059605 10.303402 -0.237838
v -17.145091 10.303402 -0.463245
v -17.282036 10.303402 -0.661645
v -17.462482 10.303402 -0.821506
v -17.675942 10.303402 -0.933538
v -17.910010 10.303402 -0.991231
v -18.151083 10.303402 -0.991231
v -18.385152 10.303402 -0.933538
v -18.598612 10.303402 -0.821506
v -18.779058 10.303402 -0.661645
v -18.916003 10.303402 -0.463245
v -19.001489 10.303402 -0.237838
v -19.030547 10.303402 0.001478
v -19.001489 10.303402 0.240794
v -18.916003 10.303402 0.466201
v -18.779058 10.303402 0.664601
v -18.598612 10.303402 0.824462
v -18.385152 10.303402 0.936494
v -18.151083 10.303402 0.994187
v -17.910010 10.303402 0.994187
v -17.675942 10.303402 0.936494
v -17.462482 10.303402 0.824462
v -17.282036 10.303402 0.664601
v -17.145091 10.303402 0.466201
v -17.059605 10.303402 0.240794
v -9.597202 10.303402 5.287652
v -9.687016 10.303402 4.719802
v -9.835615 10.303402 4.164429
v -10.041375 10.303402 3.627601
v -10.302048 10.303402 3.115185
v -10.614787 10.303402 2.632779
v -10.911710 10.303402 2.270132
v -11.249016 10.303402 1.944707
v -11.622072 10.303402 1.660971
v -12.025756 10.303402 1.422820
v -12.454526 10.303402 1.233524
v -12.902495 10.303402 1.095683
v -13.363513 10.303402 1.011187
v -13.831249 10.303402 0.981199
v -14.299283 10.303402 1.006129
v -14.761187 10.303402 1.085635
v -15.210620 10.303402 1.218625
v -15.641412 10.303402 1.403274
v -16.047647 10.303402 1.637047
v -16.423749 10.303402 1.916733
v -16.741840 10.303402 2.143728
v -17.091420 10.303402 2.318381
v -17.463945 10.303402 2.436424
v -17.850314 10.303402 2.494973
v -18.241087 10.303402 2.492597
v -18.626715 10.303402 2.429354
v -18.997778 10.303402 2.306790
v -19.345207 10.303402 2.127899
v -19.660515 10.303402 1.897053
v -19.935997 10.303402 1.619891
v -20.164922 10.303402 1.303185
v -20.341697 10.303402 0.954675
v -20.462003 10.303402 0.582874
v -20.522900 10.303402 0.196868
v -20.522900 10.303402 -0.193912
v -20.462003 10.303402 -0.579918
v -20.341697 10.303402 -0.951719
v -20.164922 10.303402 -1.300229
v -19.935997 10.303402 -1.616935
v -19.660515 10.303402 -1.894097
v -19.345207 10.303402 -2.124943
v -18.997778 10.303402 -2.303834
v -18.626715 10.303402 -2.426398
v -18.241087 10.303402 -2.489641
v -17.850314 10.303402 -2.492017
v -17.463945 10.303402 -2.433468
v -17.091420 10.303402 -2.315425
v -16.741840 10.303402 -2.140772
v -9.567155 10.303402 -10.231835
v 16.722052 10.303402 -2.129891
v 17.071556 10.303402 -2.308529
v 17.444713 10.303402 -2.430261
v 17.832324 10.303402 -2.492086
v 18.224835 10.303402 -2.492481
v 18.612570 10.303402 -2.431435
v 18.985971 10.303402 -2.310453
v 19.335833 10.303402 -2.132517
v 19.653533 10.303402 -1.902014
v 19.931239 10.303402 -1.624626
v 20.162106 10.303402 -1.307190
v 20.340442 10.303402 -0.957531
v 20.461851 10.303402 -0.584269
v 20.523341 10.303402 -0.196605
v 20.523396 10.303402 0.195906
v 20.462015 10.303402 0.583588
v 20.340710 10.303402 0.956884
v 20.162472 10.303402 1.306593
v 19.931694 10.303402 1.624094
v 19.654066 10.303402 1.901560
v 19.336431 10.303402 2.132151
v 18.986618 10.303402 2.310185
v 18.613251 10.303402 2.431272
v 18.225533 10.303402 2.492426
v 17.833022 10.303402 2.492142
v 17.445394 10.303402 2.430425
v 17.072203 10.303402 2.308798
v 16.722648 10.303402 2.130257
v 16.405347 10.303402 1.899205
v 16.008704 10.303402 1.600266
v 15.578071 10.303402 1.352788
v 15.120087 10.303402 1.160586
v 14.641815 10.303402 1.026623
v 14.150627 10.303402 0.952966
v 13.654098 10.303402 0.940750
v 13.159882 10.303402 0.990163
v 12.675601 10.303402 1.100443
v 12.208719 10.303402 1.269891
v 11.766437 10.303402 1.495893
v 11.355572 10.303402 1.774964
v 10.982461 10.303402 2.102803
v 10.652855 10.303402 2.474355
v 10.351698 10.303402 2.899672
v 10.092147 10.303402 3.351582
v 9.876534 10.303402 3.826030
v 9.706794 10.303402 4.318755
v 9.584450 10.303402 4.825334
v 9.510602 10.303402 5.341218
v 0.998522 10.303402 -18.030547
v 0.969464 10.303402 -18.269862
v 0.883978 10.303402 -18.495270
v 0.747033 10.303402 -18.693669
v 0.566587 10.303402 -18.853531
v 0.353127 10.303402 -18.965563
v 0.119059 10.303402 -19.023256
v -0.122015 10.303402 -19.023256
v -0.356083 10.303402 -18.965563
v -0.569543 10.303402 -18.853531
v -0.749989 10.303402 -18.693669
v -0.886934 10.303402 -18.495270
v -0.972420 10.303402 -18.269862
v -1.001478 10.303402 -18.030547
v -0.972420 10.303402 -17.791231
v -0.886934 10.303402 -17.565824
v -0.749989 10.303402 -17.367424
v -0.569543 10.303402 -17.207563
v -0.356083 10.303402 -17.095531
v -0.122015 10.303402 -17.037838
v 0.119059 10.303402 -17.037838
v 0.353127 10.303402 -17.095531
v 0.566587 10.303402 -17.207563
v 0.747033 10.303402 -17.367424
v 0.883978 10.303402 -17.565824
v 0.969464 10.303402 -17.791231
vt -1.099025 0.800000 0.000000
vt -1.285203 0.800000 0.000000
vt -1.099025 -0.800000 0.000000
vt -1.285203 -0.800000 0.000000
vt -0.614797 0.054371 0.000000
vt -2.380941 0.054371 0.000000
vt -0.614797 -0.000000 0.000000
vt -2.380941 0.000000 0.000000
vt -1.419193 0.054371 0.000000
vt -3.185203 0.054371 0.000000
vt -1.419193 0.000000 0.000000
vt -3.185203 -0.000000 0.000000
vt 0.097013 1.080098 0.000000
vt 0.249676 1.031265 0.000000
vt 0.099919 1.104029 0.000000
vt 0.257777 1.069647 0.000000
vt 0.260015 1.108812 0.000000
vt 0.088465 1.057557 0.000000
vt 0.074770 1.037717 0.000000
vt 0.056726 1.021731 0.000000
vt 0.035380 1.010528 0.000000
vt 0.800000 0.480941 0.000000
vt 0.011973 1.004758 0.000000
vt 0.800000 -1.285203 0.000000
vt -0.012134 1.004758 0.000000
vt -0.800000 0.480807 0.000000
vt -0.035541 1.010528 0.000000
vt -0.249542 1.031265 0.000000
vt -0.056887 1.021731 0.000000
vt -0.074932 1.037717 0.000000
vt -0.088626 1.057557 0.000000
vt -0.097175 1.080098 0.000000
vt -0.100081 1.104029 0.000000
vt -0.097175 1.127961 0.000000
vt -0.231576 1.222122 0.000000
vt -0.246698 1.185926 0.000000
vt -0.256205 1.147867 0.000000
vt -0.088626 1.150502 0.000000
vt -0.185984 1.285697 0.000000
vt -0.211183 1.255633 0.000000
vt -0.156550 1.311629 0.000000
vt -0.074932 1.170342 0.000000
vt -0.123551 1.332841 0.000000
vt -0.056887 1.186328 0.000000
vt -0.087738 1.348850 0.000000
vt -0.049932 1.349032 0.000000
vt -0.049925 1.359292 0.000000
vt -0.035541 1.197531 0.000000
vt -0.012134 1.203300 0.000000
vt -0.016700 1.353520 0.000000
vt 0.011973 1.203300 0.000000
vt 0.016834 1.353520 0.000000
vt 0.050066 1.349032 0.000000
vt 0.035380 1.197531 0.000000
vt 0.056726 1.186328 0.000000
vt 0.087872 1.348850 0.000000
vt 0.074770 1.170342 0.000000
vt 0.123685 1.332841 0.000000
vt 0.156684 1.311629 0.000000
vt 0.088465 1.150502 0.000000
vt 0.186118 1.285697 0.000000
vt 0.097013 1.127961 0.000000
vt 0.211317 1.255633 0.000000
vt 0.231710 1.222122 0.000000
vt 0.246832 1.185926 0.000000
vt 0.256339 1.147867 0.000000
vt -0.800000 -1.285203 0.000000
vt 0.050059 1.359292 0.000000
vt -0.259882 1.108812 0.000000
vt -0.257643 1.069647 0.000000
vt -0.800975 0.778040 0.000000
vt -0.614797 0.778040 0.000000
vt -0.800975 0.800000 0.000000
vt -0.614797 0.800000 0.000000
vt -1.786857 0.778040 0.000000
vt -1.600975 0.778040 0.000000
vt -1.786857 0.800000 0.000000
vt -1.600975 0.800000 0.000000
vt -0.113143 0.800000 0.000000
vt -0.299025 0.800000 0.000000
vt -0.113143 -0.800000 0.000000
vt -0.299025 -0.800000 0.000000
vt -2.999025 0.800000 0.000000
vt -3.185203 0.800000 0.000000
vt -2.999025 0.775746 0.000000
vt -3.185203 0.775746 0.000000
vt -2.013143 0.800000 0.000000
vt -2.199025 0.800000 0.000000
vt -2.013143 0.775746 0.000000
vt -2.199025 0.775746 0.000000
vt 0.020000 0.431920 0.000000
vt -0.025629 0.431920 0.000000
vt 0.020000 0.392654 0.000000
vt -0.025629 0.392654 0.000000
vt 0.020000 0.353389 0.000000
vt -0.025629 0.353389 0.000000
vt 0.020000 0.314123 0.000000
vt -0.025629 0.314123 0.000000
vt 0.020000 0.274858 0.000000
vt -0.025629 0.274858 0.000000
vt 0.020000 0.235593 0.000000
vt -0.025629 0.235593 0.000000
vt 0.020000 0.196327 0.000000
vt -0.025629 0.196327 0.000000
vt 0.020000 0.157062 0.000000
vt -0.025629 0.157062 0.000000
vt 0.020000 0.117796 0.000000
vt -0.025629 0.117796 0.000000
vt 0.020000 0.078531 0.000000
vt -0.025629 0.078531 0.000000
vt 0.020000 0.039265 0.000000
vt -0.025629 0.039265 0.000000
vt 0.020000 0.000000 0.000000
vt -0.025629 0.000000 0.000000
vt 0.010260 0.025629 0.000000
vt 0.000000 0.025629 0.000000
vt 0.010260 -0.020000 0.000000
vt 0.000000 -0.020000 0.000000
vt 0.020000 -0.342361 0.000000
vt -0.025629 -0.342361 0.000000
vt 0.020000 -0.375920 0.000000
vt -0.025629 -0.375920 0.000000
vt 0.020000 -0.409479 0.000000
vt -0.025629 -0.409479 0.000000
vt 0.020000 -0.443037 0.000000
vt -0.025629 -0.443037 0.000000
vt 0.010260 0.025629 0.000000
vt 0.000000 0.025629 0.000000
vt 0.010260 -0.020000 0.000000
vt 0.000000 -0.020000 0.000000
vt 0.020000 0.431920 0.000000
vt -0.025629 0.431920 0.000000
vt 0.020000 0.392654 0.000000
vt -0.025629 0.392654 0.000000
vt 0.020000 0.353389 0.000000
vt -0.025629 0.353389 0.000000
vt 0.020000 0.314123 0.000000
vt -0.025629 0.314123 0.000000
vt 0.020000 0.274858 0.000000
vt -0.025629 0.274858 0.000000
vt 0.020000 0.235593 0.000000
vt -0.025629 0.235593 0.000000
vt 0.020000 0.196327 0.000000
vt -0.025629 0.196327 0.000000
vt 0.020000 0.157062 0.000000
vt -0.025629 0.157062 0.000000
vt 0.020000 0.117796 0.000000
vt -0.025629 0.117796 0.000000
vt 0.020000 0.078531 0.000000
vt -0.025629 0.078531 0.000000
vt 0.020000 0.039265 0.000000
vt -0.025629 0.039265 0.000000
vt 0.020000 -0.000000 0.000000
vt -0.025629 -0.000000 0.000000
vt 0.988511 0.025629 0.000000
vt 0.210234 0.025629 0.000000
vt 0.988511 -0.020000 0.000000
vt 0.000000 -0.020000 0.000000
vt -0.000000 0.080000 0.000000
vt 0.210234 0.080000 0.000000
vt 0.586178 0.799933 0.000000
vt -0.400000 0.800237 0.000000
vt -1.179966 0.799933 0.000000
vt -0.585882 0.800237 0.000000
vt -1.031308 0.948591 0.000000
vt -0.585882 0.948591 0.000000
vt 0.586178 0.800237 0.000000
vt 0.400000 0.800237 0.000000
vt 0.400000 0.981061 0.000000
vt 0.346257 1.003679 0.000000
vt 0.295211 1.031859 0.000000
vt -0.295471 1.031514 0.000000
vt -0.247790 1.064778 0.000000
vt 0.247435 1.065286 0.000000
vt -0.210546 1.097722 0.000000
vt 0.210280 1.098246 0.000000
vt -0.177678 1.135032 0.000000
vt 0.177496 1.135557 0.000000
vt -0.149693 1.176131 0.000000
vt 0.149589 1.176644 0.000000
vt -0.127023 1.220385 0.000000
vt 0.126989 1.220872 0.000000
vt -0.110018 1.267109 0.000000
vt 0.110044 1.267560 0.000000
vt -0.098942 1.315582 0.000000
vt 0.099016 1.315988 0.000000
vt -0.093965 1.365055 0.000000
vt 0.094075 1.365410 0.000000
vt -0.095164 1.414763 0.000000
vt 0.095297 1.415063 0.000000
vt -0.102522 1.463939 0.000000
vt 0.102662 1.464181 0.000000
vt -0.115923 1.511821 0.000000
vt 0.116059 1.512009 0.000000
vt -0.135162 1.557671 0.000000
vt 0.135279 1.557807 0.000000
vt -0.000000 1.703108 0.000000
vt 0.160027 1.600870 0.000000
vt 0.023932 1.706014 0.000000
vt 0.046472 1.714563 0.000000
vt 0.189921 1.640535 0.000000
vt 0.066312 1.728257 0.000000
vt 0.213026 1.672265 0.000000
vt 0.082298 1.746302 0.000000
vt 0.230880 1.707220 0.000000
vt 0.093502 1.767648 0.000000
vt 0.243043 1.744539 0.000000
vt 0.099271 1.791055 0.000000
vt 0.249214 1.783302 0.000000
vt 0.249243 1.822553 0.000000
vt 0.099271 1.815162 0.000000
vt 0.243127 1.861325 0.000000
vt 0.093502 1.838569 0.000000
vt 0.231019 1.898662 0.000000
vt 0.082298 1.859915 0.000000
vt 0.213215 1.933643 0.000000
vt 0.066312 1.877959 0.000000
vt 0.190156 1.965407 0.000000
vt 0.046472 1.891654 0.000000
vt 0.162409 1.993169 0.000000
vt 0.023932 1.900203 0.000000
vt 0.130659 2.016247 0.000000
vt 0.095688 2.034071 0.000000
vt 0.058359 2.046201 0.000000
vt 0.000000 1.903108 0.000000
vt 0.019591 2.052340 0.000000
vt -0.019660 2.052334 0.000000
vt -0.058427 2.046185 0.000000
vt -0.023932 1.900203 0.000000
vt -0.095753 2.034044 0.000000
vt -0.130719 2.016211 0.000000
vt -0.162463 1.993124 0.000000
vt -0.046472 1.891654 0.000000
vt -0.190201 1.965353 0.000000
vt -0.066312 1.877959 0.000000
vt -0.213252 1.933583 0.000000
vt -0.082298 1.859915 0.000000
vt -0.231045 1.898597 0.000000
vt -0.093502 1.838569 0.000000
vt -0.243143 1.861257 0.000000
vt -0.099271 1.815162 0.000000
vt -0.249248 1.822484 0.000000
vt -0.099271 1.791055 0.000000
vt -0.249209 1.783232 0.000000
vt -0.093502 1.767648 0.000000
vt -0.243026 1.744471 0.000000
vt -0.230853 1.707156 0.000000
vt -0.082298 1.746302 0.000000
vt -0.212989 1.672205 0.000000
vt -0.066312 1.728257 0.000000
vt -0.189875 1.640482 0.000000
vt -0.046472 1.714563 0.000000
vt -0.159940 1.600780 0.000000
vt -0.023932 1.706014 0.000000
vt -0.346398 1.003468 0.000000
vt -0.400000 0.980954 0.000000
vt 0.985882 0.018041 0.000000
vt 1.172060 0.018041 0.000000
vt 0.985882 0.018573 0.000000
vt 1.172060 0.018573 0.000000
vt 0.985882 0.019104 0.000000
vt 1.172060 0.019104 0.000000
vt 0.985882 0.019635 0.000000
vt 1.172060 0.019635 0.000000
vt -0.000000 0.018041 0.000000
vt 0.185882 0.018041 0.000000
vt 0.000000 0.018573 0.000000
vt 0.185882 0.018573 0.000000
vt 0.000000 0.019104 0.000000
vt 0.185882 0.019104 0.000000
vt -0.000000 0.019635 0.000000
vt 0.185882 0.019635 0.000000
vt -0.799905 0.079155 0.000000
vt -0.799933 0.078624 0.000000
vt -0.743285 0.075000 0.000000
vt -0.799933 0.054371 0.000000
vt -0.745840 0.055589 0.000000
vt -0.753333 0.037500 0.000000
vt -0.765252 0.021967 0.000000
vt -0.780785 0.010048 0.000000
vt -0.818285 0.000000 0.000000
vt -0.798873 0.002556 0.000000
vt -2.373591 0.000000 0.000000
vt -2.399933 0.054371 0.000000
vt -2.411091 0.010048 0.000000
vt -2.426624 0.021967 0.000000
vt -2.438543 0.037500 0.000000
vt -2.446036 0.055589 0.000000
vt -2.399933 0.076331 0.000000
vt -2.448591 0.075000 0.000000
vt -2.400102 0.077620 0.000000
vt -2.400203 0.078917 0.000000
vt -2.400237 0.080217 0.000000
vt -2.448591 0.100000 0.000000
vt -2.451374 0.164550 0.000000
vt -2.459702 0.228621 0.000000
vt -2.473514 0.291738 0.000000
vt -2.400237 0.800000 0.000000
vt -2.492707 0.353432 0.000000
vt -2.517139 0.413245 0.000000
vt -2.546627 0.470733 0.000000
vt -2.580954 0.525470 0.000000
vt -2.580954 0.800000 0.000000
vt -2.393003 0.002556 0.000000
vt -0.743285 0.100000 0.000000
vt -0.799882 0.080217 0.000000
vt -0.799888 0.079686 0.000000
vt -0.740502 0.164550 0.000000
vt -0.732173 0.228621 0.000000
vt -0.718361 0.291738 0.000000
vt -0.799882 0.800000 0.000000
vt -0.699169 0.353432 0.000000
vt -0.674737 0.413245 0.000000
vt -0.645248 0.470733 0.000000
vt -0.610921 0.525470 0.000000
vt -0.610921 0.800000 0.000000
vt -1.179832 -0.800067 0.000000
vt -0.400000 -0.800118 0.000000
vt 0.586178 -0.800067 0.000000
vt 0.400000 -0.800118 0.000000
vt 0.586178 -0.800118 0.000000
vt -0.585882 -0.800118 0.000000
vt -1.023184 -0.956715 0.000000
vt -0.585882 -0.956715 0.000000
vt -0.400000 -0.989079 0.000000
vt -0.352118 -1.008866 0.000000
vt -0.306310 -1.033071 0.000000
vt -0.262982 -1.061479 0.000000
vt -0.226718 -1.091171 0.000000
vt 0.227013 -1.091171 0.000000
vt 0.263278 -1.061479 0.000000
vt 0.306515 -1.033124 0.000000
vt 0.352224 -1.008955 0.000000
vt 0.194471 -1.124902 0.000000
vt -0.194175 -1.124902 0.000000
vt 0.166097 -1.162207 0.000000
vt -0.165801 -1.162207 0.000000
vt 0.142282 -1.202576 0.000000
vt -0.141986 -1.202576 0.000000
vt 0.123352 -1.245453 0.000000
vt -0.123057 -1.245453 0.000000
vt 0.109568 -1.290250 0.000000
vt -0.109273 -1.290250 0.000000
vt 0.101119 -1.336351 0.000000
vt -0.100823 -1.336351 0.000000
vt 0.098120 -1.383125 0.000000
vt -0.097824 -1.383125 0.000000
vt 0.100613 -1.429928 0.000000
vt -0.100317 -1.429928 0.000000
vt 0.108563 -1.476119 0.000000
vt -0.108268 -1.476119 0.000000
vt 0.121863 -1.521062 0.000000
vt -0.121567 -1.521062 0.000000
vt 0.140327 -1.564141 0.000000
vt -0.140032 -1.564141 0.000000
vt 0.000148 -1.703055 0.000000
vt -0.023784 -1.705960 0.000000
vt -0.163409 -1.604765 0.000000
vt -0.046325 -1.714509 0.000000
vt -0.191378 -1.642375 0.000000
vt -0.066164 -1.728204 0.000000
vt -0.214077 -1.674184 0.000000
vt -0.082151 -1.746248 0.000000
vt -0.231543 -1.709142 0.000000
vt -0.093354 -1.767594 0.000000
vt -0.243347 -1.746394 0.000000
vt -0.099123 -1.791001 0.000000
vt -0.249202 -1.785031 0.000000
vt -0.099123 -1.815108 0.000000
vt -0.248964 -1.824109 0.000000
vt -0.093354 -1.838515 0.000000
vt -0.242640 -1.862672 0.000000
vt -0.230383 -1.899778 0.000000
vt -0.082151 -1.859861 0.000000
vt -0.212494 -1.934521 0.000000
vt -0.066164 -1.877906 0.000000
vt -0.189410 -1.966051 0.000000
vt -0.046325 -1.891600 0.000000
vt -0.161693 -1.993600 0.000000
vt -0.023784 -1.900149 0.000000
vt -0.130023 -2.016492 0.000000
vt -0.095172 -2.034170 0.000000
vt -0.057992 -2.046200 0.000000
vt 0.000148 -1.903055 0.000000
vt -0.019391 -2.052290 0.000000
vt 0.019687 -2.052290 0.000000
vt 0.058287 -2.046200 0.000000
vt 0.024079 -1.900149 0.000000
vt 0.095467 -2.034170 0.000000
vt 0.130319 -2.016492 0.000000
vt 0.161989 -1.993600 0.000000
vt 0.046620 -1.891600 0.000000
vt 0.189705 -1.966051 0.000000
vt 0.066460 -1.877906 0.000000
vt 0.212790 -1.934521 0.000000
vt 0.082446 -1.859861 0.000000
vt 0.230679 -1.899778 0.000000
vt 0.093649 -1.838515 0.000000
vt 0.242935 -1.862672 0.000000
vt 0.249260 -1.824109 0.000000
vt 0.099419 -1.815108 0.000000
vt 0.249497 -1.785031 0.000000
vt 0.099419 -1.791001 0.000000
vt 0.243642 -1.746394 0.000000
vt 0.093649 -1.767594 0.000000
vt 0.231838 -1.709142 0.000000
vt 0.082446 -1.746248 0.000000
vt 0.214373 -1.674184 0.000000
vt 0.066460 -1.728204 0.000000
vt 0.191673 -1.642375 0.000000
vt 0.046620 -1.714509 0.000000
vt 0.163705 -1.604765 0.000000
vt 0.024079 -1.705960 0.000000
vt 0.400000 -0.989185 0.000000
vt -0.050000 0.185882 0.000000
vt -0.769783 0.185882 0.000000
vt -0.050000 0.000000 0.000000
vt -0.769783 0.000000 0.000000
vt -0.744783 0.985882 0.000000
vt -0.025000 0.985882 0.000000
vt -0.744783 1.172060 0.000000
vt -0.025000 1.172060 0.000000
vt -0.025000 0.185882 0.000000
vt -0.744783 0.185882 0.000000
vt -0.025000 -0.000000 0.000000
vt -0.744783 -0.000000 0.000000
vt 1.172060 -0.015733 0.000000
vt 0.985882 -0.015733 0.000000
vt 1.172060 -0.017034 0.000000
vt 0.985882 -0.017034 0.000000
vt 1.172060 -0.018334 0.000000
vt 0.985882 -0.018334 0.000000
vt 1.172060 -0.019635 0.000000
vt 0.985882 -0.019635 0.000000
vt -0.769783 0.985882 0.000000
vt -0.050000 0.985882 0.000000
vt -0.769783 1.172060 0.000000
vt -0.050000 1.172060 0.000000
vt 0.185882 -0.015733 0.000000
vt 0.000000 -0.015733 0.000000
vt 0.185882 -0.017034 0.000000
vt 0.000000 -0.017034 0.000000
vt 0.185882 -0.018334 0.000000
vt -0.000000 -0.018334 0.000000
vt 0.185882 -0.019635 0.000000
vt -0.000000 -0.019635 0.000000
vt -2.400067 0.078624 0.000000
vt -2.456715 0.075000 0.000000
vt -2.400067 0.054371 0.000000
vt -2.454160 0.055589 0.000000
vt -2.446667 0.037500 0.000000
vt -2.400095 0.079155 0.000000
vt -2.400112 0.079686 0.000000
vt -2.400118 0.080217 0.000000
vt -2.400118 0.800000 0.000000
vt -2.481659 0.291816 0.000000
vt -2.467836 0.228674 0.000000
vt -2.459501 0.164577 0.000000
vt -2.589185 0.800000 0.000000
vt -2.589185 0.525624 0.000000
vt -2.554831 0.470873 0.000000
vt -2.525319 0.413366 0.000000
vt -2.500868 0.353533 0.000000
vt -2.456715 0.100000 0.000000
vt -2.434749 0.021967 0.000000
vt -2.419215 0.010048 0.000000
vt -2.381715 0.000000 0.000000
vt -2.401127 0.002556 0.000000
vt -0.826409 0.000000 0.000000
vt -0.800067 0.054371 0.000000
vt -0.788909 0.010048 0.000000
vt -0.773376 0.021967 0.000000
vt -0.806997 0.002556 0.000000
vt -0.761457 0.037500 0.000000
vt -0.753964 0.055589 0.000000
vt -0.800067 0.076331 0.000000
vt -0.751409 0.075000 0.000000
vt -0.799898 0.077620 0.000000
vt -0.799797 0.078917 0.000000
vt -0.799763 0.080217 0.000000
vt -0.751409 0.100000 0.000000
vt -0.748624 0.164577 0.000000
vt -0.740288 0.228674 0.000000
vt -0.726465 0.291816 0.000000
vt -0.799763 0.800000 0.000000
vt -0.707257 0.353533 0.000000
vt -0.682806 0.413366 0.000000
vt -0.653293 0.470873 0.000000
vt -0.618939 0.525624 0.000000
vt -0.618939 0.800000 0.000000
vt 0.020000 -0.600086 0.000000
vt -0.080000 -0.600086 0.000000
vt 0.020000 -0.646982 0.000000
vt -0.080000 -0.646982 0.000000
vt -0.080000 -0.693879 0.000000
vt 0.020000 -0.693879 0.000000
vt -0.080000 -0.740775 0.000000
vt 0.020000 -0.740775 0.000000
vt -0.080000 -0.787672 0.000000
vt 0.020000 -0.787672 0.000000
vt -0.080000 -0.834568 0.000000
vt 0.020000 -0.834568 0.000000
vt -0.080000 -0.881465 0.000000
vt 0.020000 -0.881465 0.000000
vt -0.080000 -0.928361 0.000000
vt 0.020000 -0.928361 0.000000
vt -0.080000 -0.975258 0.000000
vt 0.020000 -0.975258 0.000000
vt -0.080000 -1.022154 0.000000
vt 0.020000 -1.022154 0.000000
vt -0.080000 -1.069051 0.000000
vt 0.020000 -1.069051 0.000000
vt -0.080000 -1.115947 0.000000
vt 0.020000 -1.115947 0.000000
vt -0.080000 -1.162844 0.000000
vt 0.020000 -1.162844 0.000000
vt -0.080000 -1.209741 0.000000
vt 0.020000 -1.209741 0.000000
vt 0.020000 -1.256637 0.000000
vt -0.080000 -1.256637 0.000000
vt 0.080000 0.086866 0.000000
vt 0.080000 0.138695 0.000000
vt -0.020000 0.086866 0.000000
vt -0.020000 0.144383 0.000000
vt 0.080000 0.190524 0.000000
vt -0.020000 0.201900 0.000000
vt 0.080000 0.242353 0.000000
vt -0.020000 0.259418 0.000000
vt 0.354530 0.242353 0.000000
vt 0.375175 0.288367 0.000000
vt -0.020000 0.316935 0.000000
vt 0.383932 0.311645 0.000000
vt 0.391436 0.335143 0.000000
vt -0.020000 0.374452 0.000000
vt 0.397521 0.358892 0.000000
vt 0.402045 0.382924 0.000000
vt 0.404863 0.407270 0.000000
vt -0.020000 0.431969 0.000000
vt 0.080000 0.431969 0.000000
vt 0.405834 0.431969 0.000000
vt -0.101032 -0.136637 0.000000
vt -0.101032 -0.201267 0.000000
vt -0.057126 -0.161428 0.000000
vt -0.034517 -0.171786 0.000000
vt -0.011477 -0.180592 0.000000
vt 0.011987 -0.187692 0.000000
vt 0.035869 -0.192940 0.000000
vt 0.060159 -0.196195 0.000000
vt 0.084850 -0.197313 0.000000
vt 0.084850 -0.262602 0.000000
vt -0.101032 -0.265897 0.000000
vt 0.084850 -0.327891 0.000000
vt -0.101032 -0.330528 0.000000
vt 0.084850 -0.393181 0.000000
vt -0.101032 -0.395158 0.000000
vt 0.084850 -0.458470 0.000000
vt -0.101032 -0.459788 0.000000
vt 0.084850 -0.523759 0.000000
vt -0.101032 -0.524418 0.000000
vt 0.084850 -0.589049 0.000000
vt -0.101032 -0.589049 0.000000
vt -0.901032 -0.589049 0.000000
vt -0.901032 -0.524392 0.000000
vt -1.087210 -0.589049 0.000000
vt -1.087210 -0.523759 0.000000
vt -0.901032 -0.459735 0.000000
vt -1.087210 -0.458470 0.000000
vt -0.901032 -0.395078 0.000000
vt -1.087210 -0.393181 0.000000
vt -0.901032 -0.330421 0.000000
vt -1.087210 -0.327891 0.000000
vt -0.901032 -0.265764 0.000000
vt -1.087210 -0.262602 0.000000
vt -0.901032 -0.201107 0.000000
vt -1.087210 -0.197313 0.000000
vt -1.062477 -0.196192 0.000000
vt -1.038146 -0.192926 0.000000
vt -1.014225 -0.187660 0.000000
vt -0.990723 -0.180537 0.000000
vt -0.967648 -0.171703 0.000000
vt -0.945003 -0.161314 0.000000
vt -0.901032 -0.136450 0.000000
vt 0.185882 0.775000 0.000000
vt -0.000000 0.775000 0.000000
vt 0.185882 0.750000 0.000000
vt -0.000000 0.750000 0.000000
vt 0.293015 0.058905 0.000000
vt 0.107133 0.058905 0.000000
vt 0.293015 0.039270 0.000000
vt 0.107133 0.039270 0.000000
vt 0.293015 0.019635 0.000000
vt 0.107133 0.019635 0.000000
vt 0.293015 -0.000000 0.000000
vt 0.107133 -0.000000 0.000000
vt 0.293015 -0.019635 0.000000
vt 0.107133 -0.019635 0.000000
vt 0.293015 -0.039270 0.000000
vt 0.107133 -0.039270 0.000000
vt 0.293015 -0.058905 0.000000
vt 0.107133 -0.058905 0.000000
vt -0.400148 0.777653 0.000000
vt -0.586030 0.777653 0.000000
vt -0.400148 -0.777653 0.000000
vt -0.586030 -0.777653 0.000000
vt -0.879045 -0.058905 0.000000
vt -0.693163 -0.058905 0.000000
vt -0.879045 -0.039270 0.000000
vt -0.693163 -0.039270 0.000000
vt -0.879045 -0.019635 0.000000
vt -0.693163 -0.019635 0.000000
vt -0.879045 0.000000 0.000000
vt -0.693163 0.000000 0.000000
vt -0.879045 0.019635 0.000000
vt -0.693163 0.019635 0.000000
vt -0.879045 0.039270 0.000000
vt -0.693163 0.039270 0.000000
vt -0.879045 0.058905 0.000000
vt -0.693163 0.058905 0.000000
vt 0.986178 0.750000 0.000000
vt 1.172060 0.750000 0.000000
vt 0.986178 0.775000 0.000000
vt 1.172060 0.775000 0.000000
vt 0.375175 -0.288367 0.000000
vt 0.354530 -0.242353 0.000000
vt -0.020000 -0.275921 0.000000
vt 0.080000 -0.242353 0.000000
vt -0.020000 -0.223905 0.000000
vt 0.080000 -0.184188 0.000000
vt -0.020000 -0.171889 0.000000
vt 0.080000 -0.126022 0.000000
vt -0.020000 -0.119873 0.000000
vt 0.080000 -0.067857 0.000000
vt -0.020000 -0.067857 0.000000
vt 0.383932 -0.311645 0.000000
vt -0.020000 -0.327937 0.000000
vt 0.391436 -0.335143 0.000000
vt 0.397521 -0.358892 0.000000
vt -0.020000 -0.379953 0.000000
vt 0.402045 -0.382924 0.000000
vt 0.404863 -0.407270 0.000000
vt -0.020000 -0.431969 0.000000
vt 0.080000 -0.431969 0.000000
vt 0.405834 -0.431969 0.000000
vt 0.020000 -0.609827 0.000000
vt -0.080000 -0.609827 0.000000
vt 0.020000 -0.659581 0.000000
vt -0.080000 -0.659581 0.000000
vt 0.020000 -0.709336 0.000000
vt -0.080000 -0.709336 0.000000
vt 0.020000 -0.759091 0.000000
vt -0.080000 -0.759091 0.000000
vt 0.020000 -0.808845 0.000000
vt -0.080000 -0.808845 0.000000
vt 0.020000 -0.858600 0.000000
vt -0.080000 -0.858600 0.000000
vt 0.020000 -0.908355 0.000000
vt -0.080000 -0.908355 0.000000
vt 0.020000 -0.958109 0.000000
vt -0.080000 -0.958109 0.000000
vt 0.020000 -1.007864 0.000000
vt -0.080000 -1.007864 0.000000
vt 0.020000 -1.057618 0.000000
vt -0.080000 -1.057618 0.000000
vt 0.020000 -1.107373 0.000000
vt -0.080000 -1.107373 0.000000
vt 0.020000 -1.157128 0.000000
vt -0.080000 -1.157128 0.000000
vt 0.020000 -1.206882 0.000000
vt -0.080000 -1.206882 0.000000
vt 0.020000 -1.256637 0.000000
vt -0.080000 -1.256637 0.000000
vt -0.484997 -0.589049 0.000000
vt -0.484997 -0.524418 0.000000
vt -0.670879 -0.589049 0.000000
vt -0.670879 -0.523759 0.000000
vt -0.484997 -0.459788 0.000000
vt -0.670879 -0.458470 0.000000
vt -0.484997 -0.395158 0.000000
vt -0.670879 -0.393181 0.000000
vt -0.484997 -0.330528 0.000000
vt -0.670879 -0.327891 0.000000
vt -0.484997 -0.265897 0.000000
vt -0.670879 -0.262602 0.000000
vt -0.484997 -0.201267 0.000000
vt -0.670879 -0.197313 0.000000
vt -0.646189 -0.196195 0.000000
vt -0.621899 -0.192940 0.000000
vt -0.598017 -0.187692 0.000000
vt -0.574552 -0.180592 0.000000
vt -0.551513 -0.171786 0.000000
vt -0.528904 -0.161428 0.000000
vt -0.484997 -0.136637 0.000000
vt 0.293015 0.058905 0.000000
vt 0.106837 0.058905 0.000000
vt 0.293015 0.039270 0.000000
vt 0.106837 0.039270 0.000000
vt 0.293015 0.019635 0.000000
vt 0.106837 0.019635 0.000000
vt 0.293015 0.000000 0.000000
vt 0.106837 0.000000 0.000000
vt 0.293015 -0.019635 0.000000
vt 0.106837 -0.019635 0.000000
vt 0.293015 -0.039270 0.000000
vt 0.106837 -0.039270 0.000000
vt 0.293015 -0.058905 0.000000
vt 0.106837 -0.058905 0.000000
vt 0.186178 0.775000 0.000000
vt -0.000000 0.775000 0.000000
vt 0.186178 0.750000 0.000000
vt -0.000000 0.750000 0.000000
vt 0.156649 0.050000 0.000000
vt 0.156598 0.050000 0.000000
vt 0.156649 -0.004371 0.000000
vt -0.000000 -0.050000 0.000000
vt 1.905307 -0.050000 0.000000
vt 0.156598 0.769783 0.000000
vt 0.074569 0.556351 0.000000
vt 0.054989 0.494088 0.000000
vt 0.030070 0.433764 0.000000
vt 0.156603 0.770314 0.000000
vt 0.100000 0.775000 0.000000
vt 0.100000 0.750000 0.000000
vt 0.097160 0.684793 0.000000
vt 0.156620 0.770845 0.000000
vt 0.156649 0.771376 0.000000
vt 0.102556 0.794411 0.000000
vt 0.156649 0.795629 0.000000
vt 0.110048 0.812500 0.000000
vt 0.121967 0.828033 0.000000
vt 0.137500 0.839952 0.000000
vt 0.155589 0.847444 0.000000
vt 0.175000 0.850000 0.000000
vt 1.730307 0.850000 0.000000
vt 1.756649 0.795629 0.000000
vt 1.749718 0.847444 0.000000
vt 1.767807 0.839952 0.000000
vt 1.783340 0.828033 0.000000
vt 1.795259 0.812500 0.000000
vt 1.802751 0.794411 0.000000
vt 1.756649 0.773669 0.000000
vt 1.805307 0.775000 0.000000
vt 1.756817 0.772380 0.000000
vt 1.756919 0.771083 0.000000
vt 1.756952 0.769783 0.000000
vt 1.805307 0.750000 0.000000
vt 1.808147 0.684793 0.000000
vt 1.816645 0.620080 0.000000
vt 1.830738 0.556351 0.000000
vt 1.756952 0.050000 0.000000
vt 1.850318 0.494088 0.000000
vt 1.875237 0.433764 0.000000
vt 1.905307 0.375834 0.000000
vt 1.756649 -0.004371 0.000000
vt 1.756649 0.050000 0.000000
vt 0.088661 0.620080 0.000000
vt -0.000000 0.375834 0.000000
vt -0.879045 -0.058905 0.000000
vt -0.692867 -0.058905 0.000000
vt -0.879045 -0.039270 0.000000
vt -0.692867 -0.039270 0.000000
vt -0.879045 -0.019635 0.000000
vt -0.692867 -0.019635 0.000000
vt -0.879045 -0.000000 0.000000
vt -0.692867 -0.000000 0.000000
vt -0.879045 0.019635 0.000000
vt -0.692867 0.019635 0.000000
vt -0.879045 0.039270 0.000000
vt -0.692867 0.039270 0.000000
vt -0.879045 0.058905 0.000000
vt -0.692867 0.058905 0.000000
vt 0.985882 0.750000 0.000000
vt 1.172060 0.750000 0.000000
vt 0.985882 0.775000 0.000000
vt 1.172060 0.775000 0.000000
vt 0.315003 -0.136450 0.000000
vt 0.315003 -0.201107 0.000000
vt 0.358973 -0.161314 0.000000
vt 0.381618 -0.171703 0.000000
vt 0.404693 -0.180537 0.000000
vt 0.428196 -0.187660 0.000000
vt 0.452117 -0.192926 0.000000
vt 0.476448 -0.196192 0.000000
vt 0.501180 -0.197313 0.000000
vt 0.501180 -0.262602 0.000000
vt 0.315003 -0.265764 0.000000
vt 0.501180 -0.327891 0.000000
vt 0.315003 -0.330421 0.000000
vt 0.501180 -0.393181 0.000000
vt 0.315003 -0.395078 0.000000
vt 0.501180 -0.458470 0.000000
vt 0.315003 -0.459735 0.000000
vt 0.501180 -0.523759 0.000000
vt 0.315003 -0.524392 0.000000
vt 0.501180 -0.589049 0.000000
vt 0.315003 -0.589049 0.000000
vt 1.748658 0.771376 0.000000
vt 1.805307 0.775000 0.000000
vt 1.748658 0.795629 0.000000
vt 1.802751 0.794411 0.000000
vt 1.795259 0.812500 0.000000
vt 1.748686 0.770845 0.000000
vt 1.748703 0.770314 0.000000
vt 1.748709 0.769783 0.000000
vt 1.748709 0.050000 0.000000
vt 1.830738 0.556351 0.000000
vt 1.816645 0.620080 0.000000
vt 1.808147 0.684793 0.000000
vt 1.905307 0.050000 0.000000
vt 1.905307 0.375834 0.000000
vt 1.875237 0.433764 0.000000
vt 1.850318 0.494088 0.000000
vt 1.805307 0.750000 0.000000
vt 1.783340 0.828033 0.000000
vt 1.767807 0.839952 0.000000
vt 1.730307 0.850000 0.000000
vt 1.749718 0.847444 0.000000
vt 0.175000 0.850000 0.000000
vt 0.148658 0.795629 0.000000
vt 0.137500 0.839952 0.000000
vt 0.121967 0.828033 0.000000
vt 0.155589 0.847444 0.000000
vt 0.110048 0.812500 0.000000
vt 0.102556 0.794411 0.000000
vt 0.148658 0.773669 0.000000
vt 0.100000 0.775000 0.000000
vt 0.148489 0.772380 0.000000
vt 0.148388 0.771083 0.000000
vt 0.148354 0.769783 0.000000
vt 0.100000 0.750000 0.000000
vt 0.097160 0.684793 0.000000
vt 0.088661 0.620080 0.000000
vt 0.074569 0.556351 0.000000
vt 0.148354 0.050000 0.000000
vt 0.054989 0.494088 0.000000
vt 0.030070 0.433764 0.000000
vt 0.000000 0.375834 0.000000
vt -0.000000 0.050000 0.000000
vt 1.900176 0.392251 0.000000
vt 2.052307 0.396522 0.000000
vt 1.903082 0.416183 0.000000
vt 2.052313 0.435773 0.000000
vt 1.900176 0.440114 0.000000
vt 2.046175 0.474541 0.000000
vt 1.891627 0.462655 0.000000
vt 2.034044 0.511871 0.000000
vt 1.877933 0.482495 0.000000
vt 2.016220 0.546842 0.000000
vt 1.859888 0.498481 0.000000
vt 1.993143 0.578592 0.000000
vt 1.838542 0.509684 0.000000
vt 1.965380 0.606339 0.000000
vt 1.933616 0.629398 0.000000
vt 2.046158 0.357756 0.000000
vt 1.891627 0.369710 0.000000
vt 2.034017 0.320429 0.000000
vt 1.877933 0.349870 0.000000
vt 2.016184 0.285464 0.000000
vt 1.859888 0.333884 0.000000
vt 1.993097 0.253720 0.000000
vt 1.838542 0.322681 0.000000
vt 1.965326 0.225981 0.000000
vt 1.933556 0.202931 0.000000
vt 1.815135 0.316912 0.000000
vt 1.898570 0.185137 0.000000
vt 1.861230 0.173039 0.000000
vt 1.822457 0.166935 0.000000
vt 1.791028 0.316912 0.000000
vt 1.783206 0.166974 0.000000
vt 1.744444 0.173157 0.000000
vt 1.707129 0.185330 0.000000
vt 1.672178 0.203194 0.000000
vt 1.767621 0.322681 0.000000
vt 1.640455 0.226308 0.000000
vt 1.746275 0.333884 0.000000
vt 1.600753 0.256243 0.000000
vt 1.728230 0.349870 0.000000
vt 1.557644 0.281021 0.000000
vt 1.714536 0.369710 0.000000
vt 1.511794 0.300260 0.000000
vt 1.705987 0.392251 0.000000
vt 1.703082 0.416183 0.000000
vt 1.705987 0.440114 0.000000
vt 1.464155 0.518845 0.000000
vt 1.463912 0.313661 0.000000
vt 1.511982 0.532241 0.000000
vt 1.714536 0.462655 0.000000
vt 1.557780 0.551461 0.000000
vt 1.728230 0.482495 0.000000
vt 1.600844 0.576209 0.000000
vt 1.746275 0.498481 0.000000
vt 1.640508 0.606103 0.000000
vt 1.767621 0.509684 0.000000
vt 1.672238 0.629208 0.000000
vt 1.791028 0.515454 0.000000
vt 1.707193 0.647062 0.000000
vt 1.744513 0.659225 0.000000
vt 1.783275 0.665397 0.000000
vt 1.822526 0.665425 0.000000
vt 1.815135 0.515454 0.000000
vt 1.861298 0.659310 0.000000
vt 1.898635 0.647201 0.000000
vt -1.705987 0.392399 0.000000
vt -1.476146 0.307915 0.000000
vt -1.703082 0.416330 0.000000
vt -1.476146 0.524746 0.000000
vt -1.705987 0.440262 0.000000
vt -1.521089 0.538045 0.000000
vt -1.714536 0.462803 0.000000
vt -1.564168 0.556510 0.000000
vt -1.728230 0.482643 0.000000
vt -1.604792 0.579887 0.000000
vt -1.746275 0.498629 0.000000
vt -1.767621 0.509832 0.000000
vt -1.642402 0.607856 0.000000
vt -1.674211 0.630555 0.000000
vt -1.521089 0.294616 0.000000
vt -1.714536 0.369858 0.000000
vt -1.564168 0.276151 0.000000
vt -1.728230 0.350018 0.000000
vt -1.604792 0.252774 0.000000
vt -1.746275 0.334032 0.000000
vt -1.767621 0.322829 0.000000
vt -1.791028 0.317060 0.000000
vt -1.674211 0.202105 0.000000
vt -1.642402 0.224805 0.000000
vt -1.815135 0.317060 0.000000
vt -1.785058 0.166981 0.000000
vt -1.746421 0.172836 0.000000
vt -1.709169 0.184640 0.000000
vt -1.838542 0.322829 0.000000
vt -1.934548 0.203688 0.000000
vt -1.899805 0.185799 0.000000
vt -1.862698 0.173543 0.000000
vt -1.859888 0.334032 0.000000
vt -1.993627 0.254489 0.000000
vt -1.966078 0.226773 0.000000
vt -2.016519 0.286160 0.000000
vt -1.877933 0.350018 0.000000
vt -2.034197 0.321011 0.000000
vt -1.891627 0.369858 0.000000
vt -2.046227 0.358191 0.000000
vt -1.900176 0.392399 0.000000
vt -2.052317 0.396791 0.000000
vt -1.903082 0.416330 0.000000
vt -2.052317 0.435869 0.000000
vt -1.900176 0.440262 0.000000
vt -2.046227 0.474470 0.000000
vt -1.891627 0.462803 0.000000
vt -2.034197 0.511650 0.000000
vt -1.877933 0.482643 0.000000
vt -2.016519 0.546501 0.000000
vt -1.859888 0.498629 0.000000
vt -1.993627 0.578172 0.000000
vt -1.838542 0.509832 0.000000
vt -1.966078 0.605888 0.000000
vt -1.934548 0.628973 0.000000
vt -1.815135 0.515601 0.000000
vt -1.899805 0.646862 0.000000
vt -1.862698 0.659118 0.000000
vt -1.824136 0.665442 0.000000
vt -1.785058 0.665680 0.000000
vt -1.791028 0.515601 0.000000
vt -1.746421 0.659825 0.000000
vt -1.709169 0.648021 0.000000
vt 0.948564 1.002360 0.000000
vt -0.956742 1.002360 0.000000
vt 0.951033 0.950304 0.000000
vt -0.959747 0.944948 0.000000
vt 0.958418 0.898716 0.000000
vt -0.968728 0.888163 0.000000
vt 0.970653 0.848058 0.000000
vt -0.983588 0.832625 0.000000
vt 0.987627 0.798786 0.000000
vt -1.004164 0.778943 0.000000
vt 1.009188 0.751341 0.000000
vt -1.030232 0.727701 0.000000
vt 1.035143 0.706150 0.000000
vt -1.061506 0.679461 0.000000
vt -1.061506 0.153200 0.000000
vt -1.091198 0.643196 0.000000
vt -1.091198 0.189465 0.000000
vt -1.124928 0.610653 0.000000
vt -1.124928 0.222008 0.000000
vt -1.162234 0.582280 0.000000
vt -1.162234 0.250381 0.000000
vt -1.202602 0.558465 0.000000
vt -1.202602 0.274196 0.000000
vt -1.245479 0.539535 0.000000
vt -1.245479 0.293126 0.000000
vt -1.290276 0.525751 0.000000
vt -1.290276 0.306910 0.000000
vt -1.336378 0.517301 0.000000
vt -1.336378 0.315359 0.000000
vt -1.383152 0.514303 0.000000
vt -1.383152 0.318358 0.000000
vt -1.429955 0.516796 0.000000
vt -1.429955 0.315865 0.000000
vt -1.824136 0.167219 0.000000
vt 1.034763 0.125916 0.000000
vt -1.030232 0.104960 0.000000
vt 1.008919 0.080796 0.000000
vt -1.004164 0.053718 0.000000
vt 0.987452 0.033438 0.000000
vt -0.983588 0.000035 0.000000
vt 0.970554 -0.015736 0.000000
vt -0.968728 -0.055502 0.000000
vt 0.958374 -0.066286 0.000000
vt -0.959747 -0.112287 0.000000
vt 0.951022 -0.117761 0.000000
vt -0.956742 -0.169699 0.000000
vt 0.948564 -0.169699 0.000000
vt -0.956742 -0.607001 0.000000
vt 0.948564 -0.615125 0.000000
vt -0.012228 -1.287601 0.000000
vt 0.011879 -1.287601 0.000000
vt -0.249636 -1.314108 0.000000
vt -0.035635 -1.293370 0.000000
vt -0.056981 -1.304574 0.000000
vt -0.075026 -1.320560 0.000000
vt -0.088720 -1.340400 0.000000
vt -0.097269 -1.362940 0.000000
vt -0.257737 -1.352490 0.000000
vt -0.100175 -1.386872 0.000000
vt -0.259975 -1.391654 0.000000
vt -0.097269 -1.410804 0.000000
vt -0.256299 -1.430710 0.000000
vt -0.088720 -1.433344 0.000000
vt -0.246792 -1.468769 0.000000
vt -0.075026 -1.453184 0.000000
vt -0.231670 -1.504965 0.000000
vt -0.056981 -1.469170 0.000000
vt -0.211277 -1.538476 0.000000
vt -0.186078 -1.568540 0.000000
vt -0.035635 -1.480374 0.000000
vt -0.156644 -1.594472 0.000000
vt -0.012228 -1.486143 0.000000
vt -0.123645 -1.615684 0.000000
vt -0.050026 -1.631875 0.000000
vt -0.087832 -1.631693 0.000000
vt -0.050019 -1.642135 0.000000
vt -0.016794 -1.636363 0.000000
vt 0.011879 -1.486143 0.000000
vt 0.016740 -1.636363 0.000000
vt 0.049972 -1.631875 0.000000
vt 0.049966 -1.642135 0.000000
vt 0.087779 -1.631693 0.000000
vt 0.123591 -1.615684 0.000000
vt 0.156590 -1.594472 0.000000
vt 0.035286 -1.480374 0.000000
vt 0.186024 -1.568540 0.000000
vt 0.056632 -1.469170 0.000000
vt 0.211224 -1.538476 0.000000
vt 0.231616 -1.504965 0.000000
vt 0.074676 -1.453184 0.000000
vt 0.246738 -1.468769 0.000000
vt 0.088371 -1.433344 0.000000
vt 0.256245 -1.430710 0.000000
vt 0.096920 -1.410804 0.000000
vt 0.259922 -1.391654 0.000000
vt 0.099825 -1.386872 0.000000
vt 0.257684 -1.352490 0.000000
vt 0.096920 -1.362940 0.000000
vt 0.249582 -1.314108 0.000000
vt 0.088371 -1.340400 0.000000
vt 0.074676 -1.320560 0.000000
vt 0.056632 -1.304574 0.000000
vt 0.035286 -1.293370 0.000000
vt 1.064752 0.168393 0.000000
vt 1.065259 0.663618 0.000000
vt 1.097695 0.205636 0.000000
vt 1.098219 0.626463 0.000000
vt 1.135005 0.238504 0.000000
vt 1.135530 0.593679 0.000000
vt 1.176104 0.266490 0.000000
vt 1.176617 0.565772 0.000000
vt 1.220358 0.289160 0.000000
vt 1.220845 0.543172 0.000000
vt 1.267082 0.306165 0.000000
vt 1.267533 0.526227 0.000000
vt 1.315556 0.317241 0.000000
vt 1.315961 0.515199 0.000000
vt 1.365383 0.510258 0.000000
vt 1.365028 0.322218 0.000000
vt 1.414737 0.321018 0.000000
vt 1.415036 0.511479 0.000000
vt 0.399852 -0.777653 0.000000
vt 0.586030 -0.777653 0.000000
vt 0.399852 0.777653 0.000000
vt 0.586030 0.777653 0.000000
vt 0.020000 -0.610538 0.000000
vt -0.080000 -0.610538 0.000000
vt 0.020000 -0.660238 0.000000
vt -0.080000 -0.660238 0.000000
vt 0.020000 -0.709938 0.000000
vt -0.080000 -0.709938 0.000000
vt 0.020000 -0.759638 0.000000
vt -0.080000 -0.759638 0.000000
vt 0.020000 -0.809338 0.000000
vt -0.080000 -0.809338 0.000000
vt 0.020000 -0.859038 0.000000
vt -0.080000 -0.859038 0.000000
vt 0.020000 -0.908738 0.000000
vt -0.080000 -0.908738 0.000000
vt 0.020000 -0.958438 0.000000
vt -0.080000 -0.958438 0.000000
vt 0.020000 -1.008137 0.000000
vt -0.080000 -1.008137 0.000000
vt 0.020000 -1.057837 0.000000
vt -0.080000 -1.057837 0.000000
vt 0.020000 -1.107537 0.000000
vt -0.080000 -1.107537 0.000000
vt 0.020000 -1.157237 0.000000
vt -0.080000 -1.157237 0.000000
vt 0.020000 -1.206937 0.000000
vt -0.080000 -1.206937 0.000000
vt 0.020000 -1.256637 0.000000
vt -0.080000 -1.256637 0.000000
vt 0.354376 0.242039 0.000000
vt -0.020000 0.275568 0.000000
vt 0.080000 0.242039 0.000000
vt -0.020000 0.223434 0.000000
vt 0.080000 0.183703 0.000000
vt -0.020000 0.171300 0.000000
vt 0.080000 0.125368 0.000000
vt -0.020000 0.119166 0.000000
vt 0.080000 0.067032 0.000000
vt -0.020000 0.067032 0.000000
vt 0.375079 0.288128 0.000000
vt 0.383862 0.311444 0.000000
vt -0.020000 0.327701 0.000000
vt 0.391389 0.334980 0.000000
vt 0.397494 0.358769 0.000000
vt -0.020000 0.379835 0.000000
vt 0.402032 0.382841 0.000000
vt 0.404860 0.407228 0.000000
vt 0.405834 0.431969 0.000000
vt -0.020000 0.431969 0.000000
vt -0.080000 0.215706 0.000000
vt 0.020000 0.215706 0.000000
vt -0.080000 0.254998 0.000000
vt 0.020000 0.254998 0.000000
vt -0.080000 0.294289 0.000000
vt 0.020000 0.294289 0.000000
vt -0.080000 0.333581 0.000000
vt 0.020000 0.333581 0.000000
vt -0.080000 0.372872 0.000000
vt 0.020000 0.372872 0.000000
vt -0.080000 0.412164 0.000000
vt 0.020000 0.412164 0.000000
vt -0.080000 0.451455 0.000000
vt 0.020000 0.451455 0.000000
vt -0.080000 0.490747 0.000000
vt 0.020000 0.490747 0.000000
vt -0.080000 0.530038 0.000000
vt 0.020000 0.530038 0.000000
vt -0.080000 0.569330 0.000000
vt 0.020000 0.569330 0.000000
vt -0.080000 0.608621 0.000000
vt 0.020000 0.608621 0.000000
vt -0.080000 0.647913 0.000000
vt 0.020000 0.647913 0.000000
vt -0.080000 0.687204 0.000000
vt 0.020000 0.687204 0.000000
vt -0.080000 0.726496 0.000000
vt 0.020000 0.726496 0.000000
vt -0.080000 0.765787 0.000000
vt 0.020000 0.765787 0.000000
vt -0.080000 0.805079 0.000000
vt 0.020000 0.805079 0.000000
vt -0.080000 0.844370 0.000000
vt 0.020000 0.844370 0.000000
vt -0.080000 0.883662 0.000000
vt 0.020000 0.883662 0.000000
vt -0.080000 0.922954 0.000000
vt 0.020000 0.922954 0.000000
vt -0.080000 0.962245 0.000000
vt 0.020000 0.962245 0.000000
vt -0.080000 1.001537 0.000000
vt 0.020000 1.001537 0.000000
vt -0.080000 1.040828 0.000000
vt 0.020000 1.040828 0.000000
vt -0.080000 1.080120 0.000000
vt 0.020000 1.080120 0.000000
vt -0.080000 1.119411 0.000000
vt 0.020000 1.119411 0.000000
vt -0.080000 1.158703 0.000000
vt 0.020000 1.158703 0.000000
vt -0.080000 1.197994 0.000000
vt 0.020000 1.197994 0.000000
vt -0.080000 1.237286 0.000000
vt 0.020000 1.237286 0.000000
vt -0.080000 1.276577 0.000000
vt 0.020000 1.276577 0.000000
vt -0.080000 1.315869 0.000000
vt 0.020000 1.315869 0.000000
vt -0.080000 1.355160 0.000000
vt 0.020000 1.355160 0.000000
vt 0.020000 -0.600086 0.000000
vt -0.080000 -0.600086 0.000000
vt 0.020000 -0.646982 0.000000
vt -0.080000 -0.646982 0.000000
vt -0.080000 -0.693879 0.000000
vt 0.020000 -0.693879 0.000000
vt -0.080000 -0.740775 0.000000
vt 0.020000 -0.740775 0.000000
vt -0.080000 -0.787672 0.000000
vt 0.020000 -0.787672 0.000000
vt -0.080000 -0.834568 0.000000
vt 0.020000 -0.834568 0.000000
vt -0.080000 -0.881465 0.000000
vt 0.020000 -0.881465 0.000000
vt -0.080000 -0.928361 0.000000
vt 0.020000 -0.928361 0.000000
vt -0.080000 -0.975258 0.000000
vt 0.020000 -0.975258 0.000000
vt -0.080000 -1.022154 0.000000
vt 0.020000 -1.022154 0.000000
vt -0.080000 -1.069051 0.000000
vt 0.020000 -1.069051 0.000000
vt -0.080000 -1.115947 0.000000
vt 0.020000 -1.115947 0.000000
vt -0.080000 -1.162844 0.000000
vt 0.020000 -1.162844 0.000000
vt -0.080000 -1.209741 0.000000
vt 0.020000 -1.209741 0.000000
vt 0.020000 -1.256637 0.000000
vt -0.080000 -1.256637 0.000000
vt -0.080000 -0.567210 0.000000
vt 0.020000 -0.567210 0.000000
vt -0.080000 -0.528092 0.000000
vt 0.020000 -0.528092 0.000000
vt -0.080000 -0.488974 0.000000
vt 0.020000 -0.488974 0.000000
vt -0.080000 -0.449856 0.000000
vt 0.020000 -0.449856 0.000000
vt -0.080000 -0.410738 0.000000
vt 0.020000 -0.410738 0.000000
vt -0.080000 -0.371620 0.000000
vt 0.020000 -0.371620 0.000000
vt -0.080000 -0.332502 0.000000
vt 0.020000 -0.332502 0.000000
vt -0.080000 -0.293384 0.000000
vt 0.020000 -0.293384 0.000000
vt -0.080000 -0.254266 0.000000
vt 0.020000 -0.254266 0.000000
vt -0.080000 -0.215148 0.000000
vt 0.020000 -0.215148 0.000000
vt -0.080000 -0.176031 0.000000
vt 0.020000 -0.176031 0.000000
vt -0.080000 -0.136913 0.000000
vt 0.020000 -0.136913 0.000000
vt -0.080000 -0.097795 0.000000
vt 0.020000 -0.097795 0.000000
vt -0.080000 -0.058677 0.000000
vt 0.020000 -0.058677 0.000000
vt -0.080000 -0.019559 0.000000
vt 0.020000 -0.019559 0.000000
vt -0.080000 0.019559 0.000000
vt 0.020000 0.019559 0.000000
vt -0.080000 0.058677 0.000000
vt 0.020000 0.058677 0.000000
vt -0.080000 0.097795 0.000000
vt 0.020000 0.097795 0.000000
vt -0.080000 0.136913 0.000000
vt 0.020000 0.136913 0.000000
vt -0.080000 0.176031 0.000000
vt 0.020000 0.176031 0.000000
vt -0.080000 0.215148 0.000000
vt 0.020000 0.215148 0.000000
vt -0.080000 0.254266 0.000000
vt 0.020000 0.254266 0.000000
vt -0.080000 0.293384 0.000000
vt 0.020000 0.293384 0.000000
vt -0.080000 0.332502 0.000000
vt 0.020000 0.332502 0.000000
vt -0.080000 0.371620 0.000000
vt 0.020000 0.371620 0.000000
vt -0.080000 0.410738 0.000000
vt 0.020000 0.410738 0.000000
vt -0.080000 0.449856 0.000000
vt 0.020000 0.449856 0.000000
vt -0.080000 0.488974 0.000000
vt 0.020000 0.488974 0.000000
vt -0.080000 0.528092 0.000000
vt 0.020000 0.528092 0.000000
vt -0.080000 0.567210 0.000000
vt 0.020000 0.567210 0.000000
vt 0.080000 -0.190315 0.000000
vt -0.020000 -0.201900 0.000000
vt 0.080000 -0.242039 0.000000
vt -0.020000 -0.259418 0.000000
vt 0.354376 -0.242039 0.000000
vt 0.375079 -0.288128 0.000000
vt -0.020000 -0.316935 0.000000
vt 0.383862 -0.311444 0.000000
vt 0.391389 -0.334980 0.000000
vt -0.020000 -0.374452 0.000000
vt 0.397494 -0.358769 0.000000
vt 0.402032 -0.382841 0.000000
vt 0.404860 -0.407228 0.000000
vt -0.020000 -0.431969 0.000000
vt 0.405834 -0.431969 0.000000
vt -0.020000 -0.144383 0.000000
vt 0.080000 -0.138590 0.000000
vt -0.020000 -0.086866 0.000000
vt 0.080000 -0.086866 0.000000
vt 0.550000 -0.020000 0.000000
vt 0.995426 -0.020000 0.000000
vt 0.550000 0.080000 0.000000
vt 0.995426 0.080000 0.000000
vt 0.025629 -0.289993 0.000000
vt -0.020000 -0.289993 0.000000
vt 0.025629 -0.314159 0.000000
vt -0.020000 -0.314159 0.000000
vt 0.025629 0.314159 0.000000
vt -0.020000 0.314159 0.000000
vt 0.025629 0.289993 0.000000
vt -0.020000 0.289993 0.000000
vt -0.020000 0.265827 0.000000
vt 0.025629 -0.265827 0.000000
vt -0.020000 -0.265827 0.000000
vt 0.025629 -0.241661 0.000000
vt -0.020000 -0.241661 0.000000
vt 0.025629 -0.217495 0.000000
vt -0.020000 -0.217495 0.000000
vt 0.025629 -0.193329 0.000000
vt -0.020000 -0.193329 0.000000
vt 0.025629 -0.169163 0.000000
vt -0.020000 -0.169163 0.000000
vt 0.025629 -0.144997 0.000000
vt -0.020000 -0.144997 0.000000
vt 0.025629 -0.120830 0.000000
vt -0.020000 -0.120830 0.000000
vt 0.025629 -0.096664 0.000000
vt -0.020000 -0.096664 0.000000
vt 0.025629 -0.072498 0.000000
vt -0.020000 -0.072498 0.000000
vt 0.025629 -0.048332 0.000000
vt -0.020000 -0.048332 0.000000
vt 0.025629 -0.024166 0.000000
vt -0.020000 -0.024166 0.000000
vt 0.025629 0.000000 0.000000
vt -0.020000 0.000000 0.000000
vt 0.025629 0.024166 0.000000
vt -0.020000 0.024166 0.000000
vt 0.025629 0.048332 0.000000
vt -0.020000 0.048332 0.000000
vt 0.025629 0.072498 0.000000
vt -0.020000 0.072498 0.000000
vt 0.025629 0.096664 0.000000
vt -0.020000 0.096664 0.000000
vt 0.025629 0.120830 0.000000
vt -0.020000 0.120830 0.000000
vt 0.025629 0.144997 0.000000
vt -0.020000 0.144997 0.000000
vt 0.025629 0.169163 0.000000
vt -0.020000 0.169163 0.000000
vt 0.025629 0.193329 0.000000
vt -0.020000 0.193329 0.000000
vt 0.025629 0.217495 0.000000
vt -0.020000 0.217495 0.000000
vt 0.025629 0.241661 0.000000
vt -0.020000 0.241661 0.000000
vt 0.025629 0.265827 0.000000
vt 0.080000 -0.289993 0.000000
vt -0.020000 -0.289993 0.000000
vt 0.080000 -0.314159 0.000000
vt -0.020000 -0.314159 0.000000
vt 0.080000 0.314159 0.000000
vt -0.020000 0.314159 0.000000
vt 0.080000 0.289993 0.000000
vt -0.020000 0.289993 0.000000
vt -0.020000 0.265827 0.000000
vt 0.080000 -0.265827 0.000000
vt -0.020000 -0.265827 0.000000
vt 0.080000 -0.241661 0.000000
vt -0.020000 -0.241661 0.000000
vt 0.080000 -0.217495 0.000000
vt -0.020000 -0.217495 0.000000
vt 0.080000 -0.193329 0.000000
vt -0.020000 -0.193329 0.000000
vt 0.080000 -0.169163 0.000000
vt -0.020000 -0.169163 0.000000
vt 0.080000 -0.144997 0.000000
vt -0.020000 -0.144997 0.000000
vt 0.080000 -0.120830 0.000000
vt -0.020000 -0.120830 0.000000
vt 0.080000 -0.096664 0.000000
vt -0.020000 -0.096664 0.000000
vt 0.080000 -0.072498 0.000000
vt -0.020000 -0.072498 0.000000
vt 0.080000 -0.048332 0.000000
vt -0.020000 -0.048332 0.000000
vt 0.080000 -0.024166 0.000000
vt -0.020000 -0.024166 0.000000
vt 0.080000 0.000000 0.000000
vt -0.020000 0.000000 0.000000
vt 0.080000 0.024166 0.000000
vt -0.020000 0.024166 0.000000
vt 0.080000 0.048332 0.000000
vt -0.020000 0.048332 0.000000
vt 0.080000 0.072498 0.000000
vt -0.020000 0.072498 0.000000
vt 0.080000 0.096664 0.000000
vt -0.020000 0.096664 0.000000
vt 0.080000 0.120830 0.000000
vt -0.020000 0.120830 0.000000
vt 0.080000 0.144997 0.000000
vt -0.020000 0.144997 0.000000
vt 0.080000 0.169163 0.000000
vt -0.020000 0.169163 0.000000
vt 0.080000 0.193329 0.000000
vt -0.020000 0.193329 0.000000
vt 0.080000 0.217495 0.000000
vt -0.020000 0.217495 0.000000
vt 0.080000 0.241661 0.000000
vt -0.020000 0.241661 0.000000
vt 0.080000 0.265827 0.000000
vt 0.080000 -0.289993 0.000000
vt -0.020000 -0.289993 0.000000
vt 0.080000 -0.314159 0.000000
vt -0.020000 -0.314159 0.000000
vt 0.080000 0.314159 0.000000
vt -0.020000 0.314159 0.000000
vt 0.080000 0.289993 0.000000
vt -0.020000 0.289993 0.000000
vt -0.020000 0.265827 0.000000
vt 0.080000 -0.265827 0.000000
vt -0.020000 -0.265827 0.000000
vt 0.080000 -0.241661 0.000000
vt -0.020000 -0.241661 0.000000
vt 0.080000 -0.217495 0.000000
vt -0.020000 -0.217495 0.000000
vt 0.080000 -0.193329 0.000000
vt -0.020000 -0.193329 0.000000
vt 0.080000 -0.169163 0.000000
vt -0.020000 -0.169163 0.000000
vt 0.080000 -0.144997 0.000000
vt -0.020000 -0.144997 0.000000
vt 0.080000 -0.120830 0.000000
vt -0.020000 -0.120830 0.000000
vt 0.080000 -0.096664 0.000000
vt -0.020000 -0.096664 0.000000
vt 0.080000 -0.072498 0.000000
vt -0.020000 -0.072498 0.000000
vt 0.080000 -0.048332 0.000000
vt -0.020000 -0.048332 0.000000
vt 0.080000 -0.024166 0.000000
vt -0.020000 -0.024166 0.000000
vt 0.080000 0.000000 0.000000
vt -0.020000 0.000000 0.000000
vt 0.080000 0.024166 0.000000
vt -0.020000 0.024166 0.000000
vt 0.080000 0.048332 0.000000
vt -0.020000 0.048332 0.000000
vt 0.080000 0.072498 0.000000
vt -0.020000 0.072498 0.000000
vt 0.080000 0.096664 0.000000
vt -0.020000 0.096664 0.000000
vt 0.080000 0.120830 0.000000
vt -0.020000 0.120830 0.000000
vt 0.080000 0.144997 0.000000
vt -0.020000 0.144997 0.000000
vt 0.080000 0.169163 0.000000
vt -0.020000 0.169163 0.000000
vt 0.080000 0.193329 0.000000
vt -0.020000 0.193329 0.000000
vt 0.080000 0.217495 0.000000
vt -0.020000 0.217495 0.000000
vt 0.080000 0.241661 0.000000
vt -0.020000 0.241661 0.000000
vt 0.080000 0.265827 0.000000
vt 0.437302 0.080000 0.000000
vt 0.000000 0.080000 0.000000
vt 0.437302 -0.020000 0.000000
vt 0.000000 -0.020000 0.000000
vt 0.000000 0.025629 0.000000
vt 0.000000 -0.020000 0.000000
vt 0.778466 0.025629 0.000000
vt 1.000000 -0.020000 0.000000
vt 1.000000 0.080000 0.000000
vt 0.778466 0.080000 0.000000
vn -0.000000 -0.100000 -0.000000
vn -0.000000 -0.100000 -0.000000
vn -0.000000 -0.100000 -0.000000
vn -0.000000 -0.100000 -0.000000
vn -0.100000 0.000000 -0.000000
vn -0.100000 0.000000 -0.000000
vn -0.100000 0.000000 -0.000000
vn -0.100000 0.000000 -0.000000
vn 0.100000 -0.000000 0.000000
vn 0.100000 -0.000000 0.000000
vn 0.100000 -0.000000 0.000000
vn 0.100000 -0.000000 0.000000
vn 0.000000 0.100000 0.000000
vn 0.000000 0.100000 0.000000
vn 0.000000 0.100000 0.000000
vn 0.000000 0.100000 0.000000
vn 0.000000 0.100000 0.000000
vn 0.000000 0.100000 0.000000
vn 0.000000 0.100000 0.000000
vn 0.000000 0.100000 0.000000
vn 0.000000 0.100000 0.000000
vn 0.000000 0.100000 0.000000
vn 0.000000 0.100000 0.000000
vn 0.000000 0.100000 0.000000
vn 0.000000 0.100000 0.000000
vn 0.000000 0.100000 0.000000
vn 0.000000 0.100000 0.000000
vn 0.000000 0.100000 0.000000
vn 0.000000 0.100000 0.000000
vn 0.000000 0.100000 0.000000
vn 0.000000 0.100000 0.000000
vn 0.000000 0.100000 0.000000
vn 0.000000 0.100000 0.000000
vn 0.000000 0.100000 0.000000
vn 0.000000 0.100000 0.000000
vn 0.000000 0.100000 0.000000
vn 0.000000 0.100000 0.000000
vn 0.000000 0.100000 0.000000
vn 0.000000 0.100000 0.000000
vn 0.000000 0.100000 0.000000
vn 0.000000 0.100000 0.000000
vn 0.000000 0.100000 0.000000
vn 0.000000 0.100000 0.000000
vn 0.000000 0.100000 0.000000
vn 0.000000 0.100000 0.000000
vn 0.000000 0.100000 0.000000
vn 0.000000 0.100000 0.000000
vn 0.000000 0.100000 0.000000
vn 0.000000 0.100000 0.000000
vn 0.000000 0.100000 0.000000
vn 0.000000 0.100000 0.000000
vn 0.000000 0.100000 0.000000
vn 0.000000 0.100000 0.000000
vn 0.000000 0.100000 0.000000
vn 0.000000 0.100000 0.000000
vn 0.000000 0.100000 0.000000
vn 0.000000 0.100000 0.000000
vn 0.000000 0.100000 0.000000
vn 0.000000 0.100000 0.000000
vn 0.000000 0.100000 0.000000
vn 0.000000 0.100000 0.000000
vn 0.000000 0.100000 0.000000
vn 0.000000 0.100000 0.000000
vn 0.000000 0.100000 0.000000
vn 0.000000 0.100000 0.000000
vn 0.000000 0.100000 0.000000
vn 0.000000 0.100000 0.000000
vn 0.000000 0.100000 0.000000
vn 0.000000 0.100000 0.000000
vn 0.000000 0.100000 0.000000
vn -0.100000 0.000000 -0.000000
vn -0.100000 0.000000 -0.000000
vn -0.100000 0.000000 -0.000000
vn -0.100000 0.000000 -0.000000
vn -0.100000 0.000000 -0.000000
vn -0.100000 0.000000 -0.000000
vn -0.100000 0.000000 -0.000000
vn -0.100000 0.000000 -0.000000
vn -0.000000 -0.100000 -0.000000
vn -0.000000 -0.100000 -0.000000
vn -0.000000 -0.100000 -0.000000
vn -0.000000 -0.100000 -0.000000
vn 0.100000 -0.000000 0.000000
vn 0.100000 -0.000000 0.000000
vn 0.100000 -0.000000 0.000000
vn 0.100000 -0.000000 0.000000
vn 0.100000 -0.000000 0.000000
vn 0.100000 -0.000000 0.000000
vn 0.100000 -0.000000 0.000000
vn 0.100000 -0.000000 0.000000
vn -0.096008 0.000000 0.027971
vn -0.096008 0.000000 0.027971
vn -0.099123 0.000000 0.013217
vn -0.099123 0.000000 0.013217
vn -0.099983 0.000000 -0.001838
vn -0.099983 0.000000 -0.001838
vn -0.098570 0.000000 -0.016852
vn -0.098570 0.000000 -0.016852
vn -0.094915 0.000000 -0.031482
vn -0.094915 0.000000 -0.031482
vn -0.089102 0.000000 -0.045396
vn -0.089102 0.000000 -0.045396
vn -0.081263 0.000000 -0.058278
vn -0.081263 0.000000 -0.058278
vn -0.071576 0.000000 -0.069834
vn -0.071576 0.000000 -0.069834
vn -0.060262 0.000000 -0.079803
vn -0.060262 0.000000 -0.079803
vn -0.047577 0.000000 -0.087957
vn -0.047577 0.000000 -0.087957
vn -0.033810 0.000000 -0.094111
vn -0.033810 0.000000 -0.094111
vn -0.019274 0.000000 -0.098125
vn -0.019274 0.000000 -0.098125
vn 0.100000 0.000000 0.000062
vn 0.100000 0.000000 0.000062
vn 0.100000 0.000000 0.000062
vn 0.100000 0.000000 0.000062
vn -0.020000 0.000000 -0.097980
vn -0.020000 0.000000 -0.097980
vn -0.006707 0.000000 -0.099775
vn -0.006707 0.000000 -0.099775
vn 0.006707 0.000000 -0.099775
vn 0.006707 0.000000 -0.099775
vn 0.020000 0.000000 -0.097980
vn 0.020000 0.000000 -0.097980
vn -0.100000 0.000000 0.000062
vn -0.100000 0.000000 0.000062
vn -0.100000 0.000000 0.000062
vn -0.100000 0.000000 0.000062
vn 0.019274 0.000000 -0.098125
vn 0.019274 0.000000 -0.098125
vn 0.033810 0.000000 -0.094111
vn 0.033810 0.000000 -0.094111
vn 0.047577 0.000000 -0.087957
vn 0.047577 0.000000 -0.087957
vn 0.060262 0.000000 -0.079803
vn 0.060262 0.000000 -0.079803
vn 0.071576 0.000000 -0.069834
vn 0.071576 0.000000 -0.069834
vn 0.081263 0.000000 -0.058278
vn 0.081263 0.000000 -0.058278
vn 0.089102 0.000000 -0.045396
vn 0.089102 0.000000 -0.045396
vn 0.094915 0.000000 -0.031482
vn 0.094915 0.000000 -0.031482
vn 0.098570 0.000000 -0.016852
vn 0.098570 0.000000 -0.016852
vn 0.099983 0.000000 -0.001838
vn 0.099983 0.000000 -0.001838
vn 0.099123 -0.000000 0.013217
vn 0.099123 -0.000000 0.013217
vn 0.096008 -0.000000 0.027971
vn 0.096008 -0.000000 0.027971
vn 0.070711 0.000000 -0.070711
vn 0.070711 0.000000 -0.070711
vn 0.070711 0.000000 -0.070711
vn 0.070711 0.000000 -0.070711
vn 0.070711 0.000000 -0.070711
vn 0.070711 0.000000 -0.070711
vn -0.000000 0.100000 -0.000000
vn -0.000000 0.100000 -0.000000
vn -0.000000 0.100000 -0.000000
vn -0.000000 0.100000 -0.000000
vn -0.000000 0.100000 -0.000000
vn -0.000000 0.100000 -0.000000
vn -0.000000 0.100000 -0.000000
vn -0.000000 0.100000 -0.000000
vn -0.000000 0.100000 -0.000000
vn -0.000000 0.100000 -0.000000
vn -0.000000 0.100000 -0.000000
vn -0.000000 0.100000 -0.000000
vn -0.000000 0.100000 -0.000000
vn -0.000000 0.100000 -0.000000
vn -0.000000 0.100000 -0.000000
vn -0.000000 0.100000 -0.000000
vn -0.000000 0.100000 -0.000000
vn -0.000000 0.100000 -0.000000
vn -0.000000 0.100000 -0.000000
vn -0.000000 0.100000 -0.000000
vn -0.000000 0.100000 -0.000000
vn -0.000000 0.100000 -0.000000
vn -0.000000 0.100000 -0.000000
vn -0.000000 0.100000 -0.000000
vn -0.000000 0.100000 -0.000000
vn -0.000000 0.100000 -0.000000
vn -0.000000 0.100000 -0.000000
vn -0.000000 0.100000 -0.000000
vn -0.000000 0.100000 -0.000000
vn -0.000000 0.100000 -0.000000
vn -0.000000 0.100000 -0.000000
vn -0.000000 0.100000 -0.000000
vn -0.000000 0.100000 -0.000000
vn -0.000000 0.100000 -0.000000
vn -0.000000 0.100000 -0.000000
vn -0.000000 0.100000 -0.000000
vn -0.000000 0.100000 -0.000000
vn -0.000000 0.100000 -0.000000
vn -0.000000 0.100000 -0.000000
vn -0.000000 0.100000 -0.000000
vn -0.000000 0.100000 -0.000000
vn -0.000000 0.100000 -0.000000
vn -0.000000 0.100000 -0.000000
vn -0.000000 0.100000 -0.000000
vn -0.000000 0.100000 -0.000000
vn -0.000000 0.100000 -0.000000
vn -0.000000 0.100000 -0.000000
vn -0.000000 0.100000 -0.000000
vn -0.000000 0.100000 -0.000000
vn -0.000000 0.100000 -0.000000
vn -0.000000 0.100000 -0.000000
vn -0.000000 0.100000 -0.000000
vn -0.000000 0.100000 -0.000000
vn -0.000000 0.100000 -0.000000
vn -0.000000 0.100000 -0.000000
vn -0.000000 0.100000 -0.000000
vn -0.000000 0.100000 -0.000000
vn -0.000000 0.100000 -0.000000
vn -0.000000 0.100000 -0.000000
vn -0.000000 0.100000 -0.000000
vn -0.000000 0.100000 -0.000000
vn -0.000000 0.100000 -0.000000
vn -0.000000 0.100000 -0.000000
vn -0.000000 0.100000 -0.000000
vn -0.000000 0.100000 -0.000000
vn -0.000000 0.100000 -0.000000
vn -0.000000 0.100000 -0.000000
vn -0.000000 0.100000 -0.000000
vn -0.000000 0.100000 -0.000000
vn -0.000000 0.100000 -0.000000
vn -0.000000 0.100000 -0.000000
vn -0.000000 0.100000 -0.000000
vn -0.000000 0.100000 -0.000000
vn -0.000000 0.100000 -0.000000
vn -0.000000 0.100000 -0.000000
vn -0.000000 0.100000 -0.000000
vn -0.000000 0.100000 -0.000000
vn -0.000000 0.100000 -0.000000
vn -0.000000 0.100000 -0.000000
vn -0.000000 0.100000 -0.000000
vn -0.000000 0.100000 -0.000000
vn -0.000000 0.100000 -0.000000
vn -0.000000 0.100000 -0.000000
vn -0.000000 0.100000 -0.000000
vn -0.000000 0.100000 -0.000000
vn -0.000000 0.100000 -0.000000
vn -0.000000 0.100000 -0.000000
vn -0.000000 0.100000 -0.000000
vn -0.000000 0.100000 -0.000000
vn -0.000000 0.100000 -0.000000
vn -0.000000 0.100000 -0.000000
vn -0.000000 0.100000 -0.000000
vn -0.000000 0.100000 -0.000000
vn -0.000000 0.100000 -0.000000
vn -0.000000 0.100000 -0.000000
vn -0.000000 0.100000 -0.000000
vn 0.099797 -0.006370 0.000000
vn 0.099797 -0.006370 0.000000
vn 0.099910 -0.004248 0.000000
vn 0.099910 -0.004248 0.000000
vn 0.099977 -0.002125 0.000000
vn 0.099977 -0.002125 0.000000
vn 0.100000 0.000000 0.000000
vn 0.100000 0.000000 0.000000
vn 0.099797 -0.006370 0.000000
vn 0.099797 -0.006370 0.000000
vn 0.099910 -0.004248 0.000000
vn 0.099910 -0.004248 0.000000
vn 0.099977 -0.002125 0.000000
vn 0.099977 -0.002125 0.000000
vn 0.100000 0.000000 0.000000
vn 0.100000 0.000000 0.000000
vn 0.000000 0.000000 0.100000
vn 0.000000 0.000000 0.100000
vn 0.000000 0.000000 0.100000
vn 0.000000 0.000000 0.100000
vn 0.000000 0.000000 0.100000
vn 0.000000 0.000000 0.100000
vn 0.000000 0.000000 0.100000
vn 0.000000 0.000000 0.100000
vn 0.000000 0.000000 0.100000
vn 0.000000 0.000000 0.100000
vn 0.000000 0.000000 0.100000
vn 0.000000 0.000000 0.100000
vn 0.000000 0.000000 0.100000
vn 0.000000 0.000000 0.100000
vn 0.000000 0.000000 0.100000
vn 0.000000 0.000000 0.100000
vn 0.000000 0.000000 0.100000
vn 0.000000 0.000000 0.100000
vn 0.000000 0.000000 0.100000
vn 0.000000 0.000000 0.100000
vn 0.000000 0.000000 0.100000
vn 0.000000 0.000000 0.100000
vn 0.000000 0.000000 0.100000
vn 0.000000 0.000000 0.100000
vn 0.000000 0.000000 0.100000
vn 0.000000 0.000000 0.100000
vn 0.000000 0.000000 0.100000
vn 0.000000 0.000000 0.100000
vn 0.000000 0.000000 0.100000
vn 0.000000 0.000000 0.100000
vn 0.000000 0.000000 0.100000
vn 0.000000 0.000000 0.100000
vn 0.000000 0.000000 0.100000
vn 0.000000 0.000000 0.100000
vn 0.000000 0.000000 0.100000
vn 0.000000 0.000000 0.100000
vn 0.000000 0.000000 0.100000
vn 0.000000 0.000000 0.100000
vn 0.000000 0.000000 0.100000
vn 0.000000 0.000000 0.100000
vn 0.000000 0.000000 0.100000
vn 0.000000 0.000000 0.100000
vn 0.000000 0.000000 0.100000
vn 0.000000 0.000000 0.100000
vn -0.000000 0.100000 -0.000000
vn -0.000000 0.100000 -0.000000
vn -0.000000 0.100000 -0.000000
vn -0.000000 0.100000 -0.000000
vn -0.000000 0.100000 -0.000000
vn -0.000000 0.100000 -0.000000
vn -0.000000 0.100000 -0.000000
vn -0.000000 0.100000 -0.000000
vn -0.000000 0.100000 -0.000000
vn -0.000000 0.100000 -0.000000
vn -0.000000 0.100000 -0.000000
vn -0.000000 0.100000 -0.000000
vn -0.000000 0.100000 -0.000000
vn -0.000000 0.100000 -0.000000
vn -0.000000 0.100000 -0.000000
vn -0.000000 0.100000 -0.000000
vn -0.000000 0.100000 -0.000000
vn -0.000000 0.100000 -0.000000
vn -0.000000 0.100000 -0.000000
vn -0.000000 0.100000 -0.000000
vn -0.000000 0.100000 -0.000000
vn -0.000000 0.100000 -0.000000
vn -0.000000 0.100000 -0.000000
vn -0.000000 0.100000 -0.000000
vn -0.000000 0.100000 -0.000000
vn -0.000000 0.100000 -0.000000
vn -0.000000 0.100000 -0.000000
vn -0.000000 0.100000 -0.000000
vn -0.000000 0.100000 -0.000000
vn -0.000000 0.100000 -0.000000
vn -0.000000 0.100000 -0.000000
vn -0.000000 0.100000 -0.000000
vn -0.000000 0.100000 -0.000000
vn -0.000000 0.100000 -0.000000
vn -0.000000 0.100000 -0.000000
vn -0.000000 0.100000 -0.000000
vn -0.000000 0.100000 -0.000000
vn -0.000000 0.100000 -0.000000
vn -0.000000 0.100000 -0.000000
vn -0.000000 0.100000 -0.000000
vn -0.000000 0.100000 -0.000000
vn -0.000000 0.100000 -0.000000
vn -0.000000 0.100000 -0.000000
vn -0.000000 0.100000 -0.000000
vn -0.000000 0.100000 -0.000000
vn -0.000000 0.100000 -0.000000
vn -0.000000 0.100000 -0.000000
vn -0.000000 0.100000 -0.000000
vn -0.000000 0.100000 -0.000000
vn -0.000000 0.100000 -0.000000
vn -0.000000 0.100000 -0.000000
vn -0.000000 0.100000 -0.000000
vn -0.000000 0.100000 -0.000000
vn -0.000000 0.100000 -0.000000
vn -0.000000 0.100000 -0.000000
vn -0.000000 0.100000 -0.000000
vn -0.000000 0.100000 -0.000000
vn -0.000000 0.100000 -0.000000
vn -0.000000 0.100000 -0.000000
vn -0.000000 0.100000 -0.000000
vn -0.000000 0.100000 -0.000000
vn -0.000000 0.100000 -0.000000
vn -0.000000 0.100000 -0.000000
vn -0.000000 0.100000 -0.000000
vn -0.000000 0.100000 -0.000000
vn -0.000000 0.100000 -0.000000
vn -0.000000 0.100000 -0.000000
vn -0.000000 0.100000 -0.000000
vn -0.000000 0.100000 -0.000000
vn -0.000000 0.100000 -0.000000
vn -0.000000 0.100000 -0.000000
vn -0.000000 0.100000 -0.000000
vn -0.000000 0.100000 -0.000000
vn -0.000000 0.100000 -0.000000
vn -0.000000 0.100000 -0.000000
vn -0.000000 0.100000 -0.000000
vn -0.000000 0.100000 -0.000000
vn -0.000000 0.100000 -0.000000
vn -0.000000 0.100000 -0.000000
vn -0.000000 0.100000 -0.000000
vn -0.000000 0.100000 -0.000000
vn -0.000000 0.100000 -0.000000
vn -0.000000 0.100000 -0.000000
vn -0.000000 0.100000 -0.000000
vn -0.000000 0.100000 -0.000000
vn -0.000000 0.100000 -0.000000
vn -0.000000 0.100000 -0.000000
vn -0.000000 0.100000 -0.000000
vn -0.000000 0.100000 -0.000000
vn -0.000000 0.100000 -0.000000
vn -0.000000 0.100000 -0.000000
vn -0.000000 0.100000 -0.000000
vn -0.000000 0.100000 -0.000000
vn -0.000000 0.100000 -0.000000
vn -0.000000 0.100000 -0.000000
vn -0.000000 0.100000 -0.000000
vn -0.000000 0.100000 -0.000000
vn -0.000000 0.100000 -0.000000
vn -0.100000 0.000000 0.000000
vn -0.100000 0.000000 0.000000
vn -0.100000 0.000000 0.000000
vn -0.100000 0.000000 0.000000
vn 0.100000 0.000000 0.000000
vn 0.100000 0.000000 0.000000
vn 0.100000 0.000000 0.000000
vn 0.100000 0.000000 0.000000
vn -0.098784 -0.015545 0.000000
vn -0.098784 -0.015545 0.000000
vn -0.099459 -0.010387 0.000000
vn -0.099459 -0.010387 0.000000
vn -0.099865 -0.005200 0.000000
vn -0.099865 -0.005200 0.000000
vn -0.100000 0.000000 -0.000000
vn -0.100000 0.000000 -0.000000
vn -0.100000 0.000000 0.000000
vn -0.100000 0.000000 0.000000
vn -0.098784 -0.015545 0.000000
vn -0.098784 -0.015545 0.000000
vn -0.099459 -0.010387 0.000000
vn -0.099459 -0.010387 0.000000
vn -0.099865 -0.005200 0.000000
vn -0.099865 -0.005200 0.000000
vn 0.000000 0.000000 -0.100000
vn 0.000000 0.000000 -0.100000
vn 0.000000 0.000000 -0.100000
vn 0.000000 0.000000 -0.100000
vn 0.000000 0.000000 -0.100000
vn 0.000000 0.000000 -0.100000
vn 0.000000 0.000000 -0.100000
vn 0.000000 0.000000 -0.100000
vn 0.000000 0.000000 -0.100000
vn 0.000000 0.000000 -0.100000
vn 0.000000 0.000000 -0.100000
vn 0.000000 0.000000 -0.100000
vn 0.000000 0.000000 -0.100000
vn 0.000000 0.000000 -0.100000
vn 0.000000 0.000000 -0.100000
vn 0.000000 0.000000 -0.100000
vn 0.000000 0.000000 -0.100000
vn 0.000000 0.000000 -0.100000
vn 0.000000 0.000000 -0.100000
vn 0.000000 0.000000 -0.100000
vn 0.000000 0.000000 -0.100000
vn 0.000000 0.000000 -0.100000
vn 0.000000 0.000000 -0.100000
vn 0.000000 0.000000 -0.100000
vn 0.000000 0.000000 -0.100000
vn 0.000000 0.000000 -0.100000
vn 0.000000 0.000000 -0.100000
vn 0.000000 0.000000 -0.100000
vn 0.000000 0.000000 -0.100000
vn 0.000000 0.000000 -0.100000
vn 0.000000 0.000000 -0.100000
vn 0.000000 0.000000 -0.100000
vn 0.000000 0.000000 -0.100000
vn 0.000000 0.000000 -0.100000
vn 0.000000 0.000000 -0.100000
vn 0.000000 0.000000 -0.100000
vn 0.000000 0.000000 -0.100000
vn 0.000000 0.000000 -0.100000
vn 0.000000 0.000000 -0.100000
vn 0.000000 0.000000 -0.100000
vn 0.000000 0.000000 -0.100000
vn 0.000000 0.000000 -0.100000
vn 0.000000 0.000000 -0.100000
vn 0.000000 0.000000 -0.100000
vn 0.064272 0.000000 -0.076610
vn 0.064272 0.000000 -0.076610
vn 0.054869 0.000000 -0.083602
vn 0.054869 0.000000 -0.083602
vn 0.044713 0.000000 -0.089447
vn 0.044713 0.000000 -0.089447
vn 0.033944 0.000000 -0.094063
vn 0.033944 0.000000 -0.094063
vn 0.022708 0.000000 -0.097388
vn 0.022708 0.000000 -0.097388
vn 0.011160 0.000000 -0.099375
vn 0.011160 0.000000 -0.099375
vn -0.000541 0.000000 -0.099999
vn -0.000541 0.000000 -0.099999
vn -0.012234 0.000000 -0.099249
vn -0.012234 0.000000 -0.099249
vn -0.023759 0.000000 -0.097136
vn -0.023759 0.000000 -0.097136
vn -0.034959 0.000000 -0.093690
vn -0.034959 0.000000 -0.093690
vn -0.045678 0.000000 -0.088958
vn -0.045678 0.000000 -0.088958
vn -0.055770 0.000000 -0.083004
vn -0.055770 0.000000 -0.083004
vn -0.065096 0.000000 -0.075911
vn -0.065096 0.000000 -0.075911
vn -0.073529 0.000000 -0.067775
vn -0.073529 0.000000 -0.067775
vn -0.080952 0.000000 -0.058709
vn -0.080952 0.000000 -0.058709
vn -0.086117 0.000000 -0.050831
vn -0.086638 0.000000 -0.049938
vn -0.090518 0.000000 -0.042503
vn -0.091378 0.000000 -0.040621
vn -0.094116 0.000000 -0.033797
vn -0.095119 0.000000 -0.030861
vn -0.094116 0.000000 -0.033797
vn -0.096611 0.000000 -0.025814
vn -0.097821 0.000000 -0.020763
vn -0.097617 0.000000 -0.021703
vn -0.098454 0.000000 -0.017514
vn -0.099454 0.000000 -0.010439
vn -0.099119 0.000000 -0.013248
vn -0.099603 0.000000 -0.008905
vn -0.099899 0.000000 -0.004489
vn -0.100000 0.000000 0.000000
vn -0.100000 0.000000 0.000000
vn -0.100000 0.000000 -0.000000
vn -0.082352 0.056729 0.000000
vn -0.086929 0.049431 0.000000
vn -0.084181 0.053977 0.000000
vn -0.084919 0.052809 0.000000
vn -0.085533 0.051808 0.000000
vn -0.086020 0.050996 0.000000
vn -0.086374 0.050393 0.000000
vn -0.086592 0.050018 0.000000
vn -0.086667 0.049889 0.000000
vn -0.090676 0.042165 0.000000
vn -0.090860 0.041766 0.000000
vn -0.093999 0.034122 0.000000
vn -0.094118 0.033791 0.000000
vn -0.096609 0.025820 0.000000
vn -0.096677 0.025565 0.000000
vn -0.098488 0.017323 0.000000
vn -0.098518 0.017150 0.000000
vn -0.099621 0.008694 0.000000
vn -0.099629 0.008607 0.000000
vn -0.100000 -0.000000 0.000000
vn -0.100000 -0.000000 0.000000
vn -0.100000 -0.000000 0.000000
vn -0.099629 0.008610 0.000000
vn -0.100000 -0.000000 0.000000
vn -0.099621 0.008694 0.000000
vn -0.098517 0.017157 0.000000
vn -0.098488 0.017323 0.000000
vn -0.096674 0.025575 0.000000
vn -0.096609 0.025820 0.000000
vn -0.094113 0.033804 0.000000
vn -0.093999 0.034122 0.000000
vn -0.090853 0.041782 0.000000
vn -0.090676 0.042165 0.000000
vn -0.086918 0.049450 0.000000
vn -0.086667 0.049889 0.000000
vn -0.086592 0.050018 0.000000
vn -0.086373 0.050395 0.000000
vn -0.086017 0.051000 0.000000
vn -0.085529 0.051815 0.000000
vn -0.084913 0.052818 0.000000
vn -0.084173 0.053990 0.000000
vn -0.082337 0.056750 0.000000
vn -0.100000 0.000000 0.000000
vn -0.100000 0.000000 0.000000
vn -0.096593 0.025882 0.000000
vn -0.096593 0.025882 0.000000
vn -0.086603 0.050000 0.000000
vn -0.086603 0.050000 0.000000
vn -0.070711 0.070711 0.000000
vn -0.070711 0.070711 0.000000
vn -0.050000 0.086603 0.000000
vn -0.050000 0.086603 0.000000
vn -0.025882 0.096593 0.000000
vn -0.025882 0.096593 0.000000
vn 0.000000 0.100000 -0.000000
vn 0.000000 0.100000 -0.000000
vn 0.000000 0.100000 0.000000
vn 0.000000 0.100000 0.000000
vn 0.025882 0.096593 0.000000
vn 0.025882 0.096593 0.000000
vn 0.050000 0.086603 0.000000
vn 0.050000 0.086603 0.000000
vn 0.070711 0.070711 0.000000
vn 0.070711 0.070711 0.000000
vn 0.086603 0.050000 0.000000
vn 0.086603 0.050000 0.000000
vn 0.096593 0.025882 0.000000
vn 0.096593 0.025882 0.000000
vn 0.100000 -0.000000 0.000000
vn 0.100000 -0.000000 0.000000
vn 0.100000 0.000000 0.000000
vn 0.100000 0.000000 0.000000
vn 0.096611 0.000000 -0.025814
vn 0.094116 0.000000 -0.033797
vn 0.096002 0.000000 -0.027993
vn 0.094116 0.000000 -0.033797
vn 0.092929 0.000000 -0.036934
vn 0.090022 0.000000 -0.043543
vn 0.089026 0.000000 -0.045545
vn 0.084923 0.000000 -0.052802
vn 0.084328 0.000000 -0.053748
vn 0.078875 0.000000 -0.061471
vn 0.078875 0.000000 -0.061471
vn 0.097617 0.000000 -0.021703
vn 0.098216 0.000000 -0.018802
vn 0.098454 0.000000 -0.017514
vn 0.099119 0.000000 -0.013248
vn 0.099553 0.000000 -0.009443
vn 0.099603 0.000000 -0.008905
vn 0.099899 0.000000 -0.004489
vn 0.100000 -0.000000 0.000000
vn 0.100000 -0.000000 0.000000
vn 0.100000 0.000000 -0.000000
vn 0.070639 0.000000 -0.070782
vn 0.070639 0.000000 -0.070782
vn 0.061312 0.000000 -0.078999
vn 0.061312 0.000000 -0.078999
vn 0.051037 0.000000 -0.085996
vn 0.051037 0.000000 -0.085996
vn 0.039973 0.000000 -0.091663
vn 0.039973 0.000000 -0.091663
vn 0.028292 0.000000 -0.095914
vn 0.028292 0.000000 -0.095914
vn 0.016174 0.000000 -0.098683
vn 0.016174 0.000000 -0.098683
vn 0.003806 0.000000 -0.099928
vn 0.003806 0.000000 -0.099928
vn -0.008621 0.000000 -0.099628
vn -0.008621 0.000000 -0.099628
vn -0.020915 0.000000 -0.097788
vn -0.020915 0.000000 -0.097788
vn -0.032886 0.000000 -0.094438
vn -0.032886 0.000000 -0.094438
vn -0.044348 0.000000 -0.089628
vn -0.044348 0.000000 -0.089628
vn -0.055125 0.000000 -0.083434
vn -0.055125 0.000000 -0.083434
vn -0.065051 0.000000 -0.075950
vn -0.065051 0.000000 -0.075950
vn 0.099629 0.008607 0.000000
vn 0.099621 0.008694 0.000000
vn 0.098518 0.017150 0.000000
vn 0.098488 0.017323 0.000000
vn 0.096677 0.025565 0.000000
vn 0.096609 0.025820 0.000000
vn 0.094118 0.033791 0.000000
vn 0.093999 0.034122 0.000000
vn 0.090860 0.041766 0.000000
vn 0.090676 0.042165 0.000000
vn 0.086929 0.049431 0.000000
vn 0.086667 0.049889 0.000000
vn 0.086592 0.050018 0.000000
vn 0.086374 0.050393 0.000000
vn 0.086020 0.050996 0.000000
vn 0.085533 0.051808 0.000000
vn 0.084919 0.052809 0.000000
vn 0.084181 0.053977 0.000000
vn 0.082352 0.056729 0.000000
vn 0.100000 -0.000000 0.000000
vn 0.100000 -0.000000 0.000000
vn 0.096593 0.025882 0.000000
vn 0.096593 0.025882 0.000000
vn 0.086603 0.050000 0.000000
vn 0.086603 0.050000 0.000000
vn 0.070711 0.070711 0.000000
vn 0.070711 0.070711 0.000000
vn 0.050000 0.086603 0.000000
vn 0.050000 0.086603 0.000000
vn 0.025882 0.096593 0.000000
vn 0.025882 0.096593 0.000000
vn -0.000000 0.100000 -0.000000
vn -0.000000 0.100000 -0.000000
vn 0.100000 0.000000 0.000000
vn 0.100000 0.000000 0.000000
vn 0.000000 -0.000000 0.100000
vn 0.000000 -0.000000 0.100000
vn 0.000000 -0.000000 0.100000
vn 0.000000 -0.000000 0.100000
vn 0.000000 -0.000000 0.100000
vn 0.000000 -0.000000 0.100000
vn 0.000000 -0.000000 0.100000
vn 0.000000 -0.000000 0.100000
vn 0.000000 -0.000000 0.100000
vn 0.000000 -0.000000 0.100000
vn 0.000000 -0.000000 0.100000
vn 0.000000 -0.000000 0.100000
vn 0.000000 -0.000000 0.100000
vn 0.000000 -0.000000 0.100000
vn 0.000000 -0.000000 0.100000
vn 0.000000 -0.000000 0.100000
vn 0.000000 -0.000000 0.100000
vn 0.000000 -0.000000 0.100000
vn 0.000000 -0.000000 0.100000
vn 0.000000 -0.000000 0.100000
vn 0.000000 -0.000000 0.100000
vn 0.000000 -0.000000 0.100000
vn 0.000000 -0.000000 0.100000
vn 0.000000 -0.000000 0.100000
vn 0.000000 -0.000000 0.100000
vn 0.000000 -0.000000 0.100000
vn 0.000000 -0.000000 0.100000
vn 0.000000 -0.000000 0.100000
vn 0.000000 -0.000000 0.100000
vn 0.000000 -0.000000 0.100000
vn 0.000000 -0.000000 0.100000
vn 0.000000 -0.000000 0.100000
vn 0.000000 -0.000000 0.100000
vn 0.000000 -0.000000 0.100000
vn 0.000000 -0.000000 0.100000
vn 0.000000 -0.000000 0.100000
vn 0.000000 -0.000000 0.100000
vn 0.000000 -0.000000 0.100000
vn 0.000000 -0.000000 0.100000
vn 0.000000 -0.000000 0.100000
vn 0.000000 -0.000000 0.100000
vn 0.000000 -0.000000 0.100000
vn 0.000000 -0.000000 0.100000
vn 0.000000 -0.000000 0.100000
vn 0.000000 -0.000000 0.100000
vn 0.000000 -0.000000 0.100000
vn -0.000000 0.100000 0.000000
vn 0.000000 0.100000 -0.000000
vn -0.025882 0.096593 0.000000
vn -0.025882 0.096593 0.000000
vn -0.050000 0.086603 0.000000
vn -0.050000 0.086603 0.000000
vn -0.070711 0.070711 0.000000
vn -0.070711 0.070711 0.000000
vn -0.086603 0.050000 0.000000
vn -0.086603 0.050000 0.000000
vn -0.096593 0.025882 0.000000
vn -0.096593 0.025882 0.000000
vn -0.100000 -0.000000 0.000000
vn -0.100000 -0.000000 0.000000
vn 0.082337 0.056750 0.000000
vn 0.086918 0.049450 0.000000
vn 0.084173 0.053990 0.000000
vn 0.084913 0.052818 0.000000
vn 0.085529 0.051815 0.000000
vn 0.086017 0.051000 0.000000
vn 0.086373 0.050395 0.000000
vn 0.086592 0.050018 0.000000
vn 0.086667 0.049889 0.000000
vn 0.090676 0.042165 0.000000
vn 0.090853 0.041782 0.000000
vn 0.093999 0.034122 0.000000
vn 0.094113 0.033804 0.000000
vn 0.096609 0.025820 0.000000
vn 0.096674 0.025575 0.000000
vn 0.098488 0.017323 0.000000
vn 0.098517 0.017157 0.000000
vn 0.099621 0.008694 0.000000
vn 0.099629 0.008610 0.000000
vn 0.000000 0.000000 -0.100000
vn 0.000000 0.000000 -0.100000
vn 0.000000 0.000000 -0.100000
vn 0.000000 0.000000 -0.100000
vn 0.000000 0.000000 -0.100000
vn 0.000000 0.000000 -0.100000
vn 0.000000 0.000000 -0.100000
vn 0.000000 0.000000 -0.100000
vn 0.000000 0.000000 -0.100000
vn 0.000000 0.000000 -0.100000
vn 0.000000 0.000000 -0.100000
vn 0.000000 0.000000 -0.100000
vn 0.000000 0.000000 -0.100000
vn 0.000000 0.000000 -0.100000
vn 0.000000 0.000000 -0.100000
vn 0.000000 0.000000 -0.100000
vn 0.000000 0.000000 -0.100000
vn 0.000000 0.000000 -0.100000
vn 0.000000 0.000000 -0.100000
vn 0.000000 0.000000 -0.100000
vn 0.000000 0.000000 -0.100000
vn 0.000000 0.000000 -0.100000
vn 0.000000 0.000000 -0.100000
vn 0.000000 0.000000 -0.100000
vn 0.000000 0.000000 -0.100000
vn 0.000000 0.000000 -0.100000
vn 0.000000 0.000000 -0.100000
vn 0.000000 0.000000 -0.100000
vn 0.000000 0.000000 -0.100000
vn 0.000000 0.000000 -0.100000
vn 0.000000 0.000000 -0.100000
vn 0.000000 0.000000 -0.100000
vn 0.000000 0.000000 -0.100000
vn 0.000000 0.000000 -0.100000
vn 0.000000 0.000000 -0.100000
vn 0.000000 0.000000 -0.100000
vn 0.000000 0.000000 -0.100000
vn 0.000000 0.000000 -0.100000
vn 0.000000 0.000000 -0.100000
vn 0.000000 0.000000 -0.100000
vn 0.000000 0.000000 -0.100000
vn 0.000000 0.000000 -0.100000
vn 0.000000 -0.100000 0.000000
vn 0.000000 -0.100000 0.000000
vn 0.000000 -0.100000 0.000000
vn 0.000000 -0.100000 0.000000
vn 0.000000 -0.100000 0.000000
vn 0.000000 -0.100000 0.000000
vn 0.000000 -0.100000 0.000000
vn 0.000000 -0.100000 0.000000
vn 0.000000 -0.100000 0.000000
vn 0.000000 -0.100000 0.000000
vn 0.000000 -0.100000 0.000000
vn 0.000000 -0.100000 0.000000
vn 0.000000 -0.100000 0.000000
vn 0.000000 -0.100000 0.000000
vn 0.000000 -0.100000 0.000000
vn 0.000000 -0.100000 0.000000
vn 0.000000 -0.100000 0.000000
vn 0.000000 -0.100000 0.000000
vn 0.000000 -0.100000 0.000000
vn 0.000000 -0.100000 0.000000
vn 0.000000 -0.100000 0.000000
vn 0.000000 -0.100000 0.000000
vn 0.000000 -0.100000 0.000000
vn 0.000000 -0.100000 0.000000
vn 0.000000 -0.100000 0.000000
vn 0.000000 -0.100000 0.000000
vn 0.000000 -0.100000 0.000000
vn 0.000000 -0.100000 0.000000
vn 0.000000 -0.100000 0.000000
vn 0.000000 -0.100000 0.000000
vn 0.000000 -0.100000 0.000000
vn 0.000000 -0.100000 0.000000
vn 0.000000 -0.100000 0.000000
vn 0.000000 -0.100000 0.000000
vn 0.000000 -0.100000 0.000000
vn 0.000000 -0.100000 0.000000
vn 0.000000 -0.100000 0.000000
vn 0.000000 -0.100000 0.000000
vn 0.000000 -0.100000 0.000000
vn 0.000000 -0.100000 0.000000
vn 0.000000 -0.100000 0.000000
vn 0.000000 -0.100000 0.000000
vn 0.000000 -0.100000 0.000000
vn 0.000000 -0.100000 0.000000
vn 0.000000 -0.100000 0.000000
vn 0.000000 -0.100000 0.000000
vn 0.000000 -0.100000 0.000000
vn 0.000000 -0.100000 0.000000
vn 0.000000 -0.100000 0.000000
vn 0.000000 -0.100000 0.000000
vn 0.000000 -0.100000 0.000000
vn 0.000000 -0.100000 0.000000
vn 0.000000 -0.100000 0.000000
vn 0.000000 -0.100000 0.000000
vn 0.000000 -0.100000 0.000000
vn 0.000000 -0.100000 0.000000
vn 0.000000 -0.100000 0.000000
vn 0.000000 -0.100000 0.000000
vn 0.000000 -0.100000 0.000000
vn 0.000000 -0.100000 0.000000
vn 0.000000 -0.100000 0.000000
vn 0.000000 -0.100000 0.000000
vn 0.000000 -0.100000 0.000000
vn 0.000000 -0.100000 0.000000
vn 0.000000 -0.100000 0.000000
vn 0.000000 -0.100000 0.000000
vn 0.000000 -0.100000 0.000000
vn 0.000000 -0.100000 0.000000
vn 0.000000 -0.100000 0.000000
vn 0.000000 -0.100000 0.000000
vn 0.000000 -0.100000 0.000000
vn 0.000000 -0.100000 0.000000
vn 0.000000 -0.100000 0.000000
vn 0.000000 -0.100000 0.000000
vn 0.000000 -0.100000 0.000000
vn 0.000000 -0.100000 0.000000
vn 0.000000 -0.100000 0.000000
vn 0.000000 -0.100000 0.000000
vn 0.000000 -0.100000 0.000000
vn 0.000000 -0.100000 0.000000
vn 0.000000 -0.100000 0.000000
vn 0.000000 -0.100000 0.000000
vn 0.000000 -0.100000 0.000000
vn 0.000000 -0.100000 0.000000
vn 0.000000 -0.100000 0.000000
vn 0.000000 -0.100000 0.000000
vn 0.000000 -0.100000 0.000000
vn 0.000000 -0.100000 0.000000
vn 0.000000 -0.100000 0.000000
vn 0.000000 -0.100000 0.000000
vn 0.000000 -0.100000 0.000000
vn 0.000000 -0.100000 0.000000
vn 0.000000 -0.100000 0.000000
vn 0.000000 -0.100000 0.000000
vn 0.000000 -0.100000 0.000000
vn 0.000000 -0.100000 0.000000
vn 0.000000 -0.100000 0.000000
vn 0.000000 -0.100000 0.000000
vn 0.000000 -0.100000 0.000000
vn 0.000000 -0.100000 0.000000
vn 0.000000 -0.100000 0.000000
vn 0.000000 -0.100000 0.000000
vn 0.000000 -0.100000 0.000000
vn 0.000000 -0.100000 0.000000
vn 0.000000 -0.100000 0.000000
vn 0.000000 -0.100000 0.000000
vn 0.000000 -0.100000 0.000000
vn 0.000000 -0.100000 0.000000
vn 0.000000 -0.100000 0.000000
vn 0.000000 -0.100000 0.000000
vn 0.000000 -0.100000 0.000000
vn 0.000000 -0.100000 0.000000
vn 0.000000 -0.100000 0.000000
vn 0.000000 -0.100000 0.000000
vn 0.000000 -0.100000 0.000000
vn 0.000000 -0.100000 0.000000
vn 0.000000 -0.100000 0.000000
vn 0.000000 -0.100000 0.000000
vn 0.000000 -0.100000 0.000000
vn 0.000000 -0.100000 0.000000
vn 0.000000 -0.100000 0.000000
vn 0.000000 -0.100000 0.000000
vn 0.000000 -0.100000 0.000000
vn 0.000000 -0.100000 0.000000
vn 0.000000 -0.100000 0.000000
vn 0.000000 -0.100000 0.000000
vn 0.000000 -0.100000 0.000000
vn 0.000000 -0.100000 0.000000
vn 0.000000 -0.100000 0.000000
vn 0.000000 -0.100000 0.000000
vn 0.000000 -0.100000 0.000000
vn 0.000000 -0.100000 0.000000
vn 0.000000 -0.100000 0.000000
vn 0.000000 -0.100000 0.000000
vn 0.000000 -0.100000 0.000000
vn 0.000000 -0.100000 0.000000
vn 0.000000 -0.100000 0.000000
vn 0.000000 -0.100000 0.000000
vn 0.000000 -0.100000 0.000000
vn 0.000000 -0.100000 0.000000
vn 0.000000 -0.100000 0.000000
vn 0.000000 -0.100000 0.000000
vn 0.000000 -0.100000 0.000000
vn 0.000000 -0.100000 0.000000
vn 0.000000 -0.100000 0.000000
vn 0.000000 -0.100000 0.000000
vn 0.000000 -0.100000 0.000000
vn 0.000000 -0.100000 0.000000
vn 0.000000 -0.100000 0.000000
vn 0.000000 -0.100000 0.000000
vn 0.000000 -0.100000 0.000000
vn 0.000000 -0.100000 0.000000
vn 0.000000 -0.100000 0.000000
vn 0.000000 -0.100000 0.000000
vn 0.000000 -0.100000 0.000000
vn 0.000000 -0.100000 0.000000
vn 0.000000 -0.100000 0.000000
vn 0.000000 -0.100000 0.000000
vn 0.000000 -0.100000 0.000000
vn 0.000000 -0.100000 0.000000
vn 0.000000 -0.100000 0.000000
vn 0.000000 -0.100000 0.000000
vn 0.000000 -0.100000 0.000000
vn 0.000000 -0.100000 0.000000
vn 0.000000 -0.100000 0.000000
vn 0.000000 -0.100000 0.000000
vn 0.000000 -0.100000 0.000000
vn 0.000000 -0.100000 0.000000
vn 0.000000 -0.100000 0.000000
vn 0.000000 -0.100000 0.000000
vn 0.000000 -0.100000 0.000000
vn 0.000000 -0.100000 0.000000
vn 0.000000 -0.100000 0.000000
vn 0.000000 -0.100000 0.000000
vn 0.000000 -0.100000 0.000000
vn 0.000000 -0.100000 0.000000
vn 0.000000 -0.100000 0.000000
vn 0.000000 -0.100000 0.000000
vn 0.000000 -0.100000 0.000000
vn 0.000000 -0.100000 0.000000
vn 0.000000 -0.100000 0.000000
vn 0.000000 -0.100000 0.000000
vn 0.000000 -0.100000 0.000000
vn 0.000000 -0.100000 0.000000
vn 0.000000 -0.100000 0.000000
vn 0.000000 -0.100000 0.000000
vn 0.000000 -0.100000 0.000000
vn 0.000000 -0.100000 0.000000
vn 0.000000 -0.100000 0.000000
vn 0.000000 -0.100000 0.000000
vn 0.000000 -0.100000 0.000000
vn 0.000000 -0.100000 0.000000
vn 0.000000 -0.100000 0.000000
vn 0.000000 -0.100000 0.000000
vn 0.000000 -0.100000 0.000000
vn 0.000000 -0.100000 0.000000
vn 0.000000 -0.100000 0.000000
vn 0.000000 -0.100000 0.000000
vn 0.000000 -0.100000 0.000000
vn 0.000000 -0.100000 0.000000
vn 0.000000 -0.100000 0.000000
vn 0.000000 -0.100000 0.000000
vn 0.000000 -0.100000 0.000000
vn 0.000000 -0.100000 0.000000
vn 0.000000 -0.100000 0.000000
vn 0.000000 -0.100000 0.000000
vn 0.000000 -0.100000 0.000000
vn 0.000000 -0.100000 0.000000
vn 0.000000 -0.100000 0.000000
vn 0.000000 -0.100000 0.000000
vn 0.000000 -0.100000 0.000000
vn 0.000000 -0.100000 0.000000
vn 0.000000 -0.100000 0.000000
vn 0.000000 -0.100000 0.000000
vn 0.000000 -0.100000 0.000000
vn 0.000000 -0.100000 0.000000
vn 0.000000 -0.100000 0.000000
vn 0.000000 -0.100000 0.000000
vn 0.000000 -0.100000 0.000000
vn 0.000000 -0.100000 0.000000
vn 0.000000 -0.100000 0.000000
vn 0.000000 -0.100000 0.000000
vn 0.000000 -0.100000 0.000000
vn 0.000000 -0.100000 0.000000
vn 0.000000 -0.100000 0.000000
vn 0.000000 -0.100000 0.000000
vn 0.000000 -0.100000 0.000000
vn 0.000000 -0.100000 0.000000
vn 0.000000 -0.100000 0.000000
vn 0.000000 -0.100000 0.000000
vn 0.000000 -0.100000 0.000000
vn 0.000000 -0.100000 0.000000
vn 0.000000 -0.100000 0.000000
vn 0.000000 -0.100000 0.000000
vn 0.000000 -0.100000 0.000000
vn 0.000000 -0.100000 0.000000
vn 0.000000 -0.100000 0.000000
vn 0.000000 -0.100000 0.000000
vn 0.000000 -0.100000 0.000000
vn 0.000000 -0.100000 0.000000
vn 0.000000 -0.100000 0.000000
vn 0.000000 -0.100000 0.000000
vn 0.000000 -0.100000 0.000000
vn 0.000000 -0.100000 0.000000
vn 0.000000 -0.100000 0.000000
vn 0.000000 -0.100000 0.000000
vn 0.000000 -0.100000 0.000000
vn 0.000000 -0.100000 0.000000
vn -0.065029 0.000000 0.075968
vn -0.065029 0.000000 0.075968
vn -0.055113 0.000000 0.083442
vn -0.055113 0.000000 0.083442
vn -0.044348 0.000000 0.089629
vn -0.044348 0.000000 0.089629
vn -0.032898 0.000000 0.094434
vn -0.032898 0.000000 0.094434
vn -0.020941 0.000000 0.097783
vn -0.020941 0.000000 0.097783
vn -0.008661 0.000000 0.099624
vn -0.008661 0.000000 0.099624
vn 0.003752 0.000000 0.099930
vn 0.003752 0.000000 0.099930
vn 0.016107 0.000000 0.098694
vn 0.016107 0.000000 0.098694
vn 0.028214 0.000000 0.095937
vn 0.028214 0.000000 0.095937
vn 0.039886 0.000000 0.091701
vn 0.039886 0.000000 0.091701
vn 0.050943 0.000000 0.086051
vn 0.050943 0.000000 0.086051
vn 0.061215 0.000000 0.079074
vn 0.061215 0.000000 0.079074
vn 0.070543 0.000000 0.070878
vn 0.070543 0.000000 0.070878
vn 0.078783 0.000000 0.061589
vn 0.078783 0.000000 0.061589
vn 0.094096 -0.000000 0.033850
vn 0.095984 -0.000000 0.028055
vn 0.094096 -0.000000 0.033850
vn 0.092898 -0.000000 0.037014
vn 0.089984 -0.000000 0.043622
vn 0.088978 -0.000000 0.045640
vn 0.084860 -0.000000 0.052903
vn 0.084258 -0.000000 0.053856
vn 0.096600 -0.000000 0.025856
vn 0.097609 -0.000000 0.021739
vn 0.098208 -0.000000 0.018844
vn 0.098449 -0.000000 0.017543
vn 0.099116 -0.000000 0.013270
vn 0.099551 -0.000000 0.009465
vn 0.099601 -0.000000 0.008921
vn 0.099899 -0.000000 0.004497
vn 0.100000 -0.000000 0.000000
vn 0.100000 -0.000000 0.000000
vn -0.052337 0.000000 0.085210
vn -0.052337 0.000000 0.085210
vn -0.038355 0.000000 0.092352
vn -0.038355 0.000000 0.092352
vn -0.023428 0.000000 0.097217
vn -0.023428 0.000000 0.097217
vn -0.007922 0.000000 0.099686
vn -0.007922 0.000000 0.099686
vn 0.007778 -0.000000 0.099697
vn 0.007778 -0.000000 0.099697
vn 0.023287 -0.000000 0.097251
vn 0.023287 -0.000000 0.097251
vn 0.038221 -0.000000 0.092407
vn 0.038221 -0.000000 0.092407
vn 0.052214 -0.000000 0.085286
vn 0.052214 -0.000000 0.085286
vn 0.064919 -0.000000 0.076062
vn 0.064919 -0.000000 0.076062
vn 0.076024 -0.000000 0.064964
vn 0.076024 -0.000000 0.064964
vn 0.085256 -0.000000 0.052264
vn 0.085256 -0.000000 0.052264
vn 0.092385 -0.000000 0.038275
vn 0.092385 -0.000000 0.038275
vn 0.097237 -0.000000 0.023344
vn 0.097237 -0.000000 0.023344
vn 0.099692 -0.000000 0.007836
vn 0.099692 -0.000000 0.007836
vn 0.099690 0.000000 -0.007864
vn 0.099690 0.000000 -0.007864
vn 0.097231 0.000000 -0.023371
vn 0.097231 0.000000 -0.023371
vn 0.092374 0.000000 -0.038301
vn 0.092374 0.000000 -0.038301
vn 0.085241 0.000000 -0.052288
vn 0.085241 0.000000 -0.052288
vn 0.076006 0.000000 -0.064985
vn 0.076006 0.000000 -0.064985
vn 0.064898 0.000000 -0.076081
vn 0.064898 0.000000 -0.076081
vn 0.052190 0.000000 -0.085301
vn 0.052190 0.000000 -0.085301
vn 0.038195 0.000000 -0.092418
vn 0.038195 0.000000 -0.092418
vn 0.023259 0.000000 -0.097257
vn 0.023259 0.000000 -0.097257
vn 0.007750 0.000000 -0.099699
vn 0.007750 0.000000 -0.099699
vn -0.007950 0.000000 -0.099683
vn -0.007950 0.000000 -0.099683
vn -0.023455 0.000000 -0.097210
vn -0.023455 0.000000 -0.097210
vn -0.038381 0.000000 -0.092341
vn -0.038381 0.000000 -0.092341
vn -0.052361 0.000000 -0.085196
vn -0.052361 0.000000 -0.085196
vn -0.080952 0.000000 0.058709
vn -0.080952 0.000000 0.058709
vn -0.073529 0.000000 0.067775
vn -0.073529 0.000000 0.067775
vn -0.065096 0.000000 0.075911
vn -0.065096 0.000000 0.075911
vn -0.055770 0.000000 0.083004
vn -0.055770 0.000000 0.083004
vn -0.045678 0.000000 0.088958
vn -0.045678 0.000000 0.088958
vn -0.034959 0.000000 0.093690
vn -0.034959 0.000000 0.093690
vn -0.023759 0.000000 0.097136
vn -0.023759 0.000000 0.097136
vn -0.012234 0.000000 0.099249
vn -0.012234 0.000000 0.099249
vn -0.000541 0.000000 0.099999
vn -0.000541 0.000000 0.099999
vn 0.011160 0.000000 0.099375
vn 0.011160 0.000000 0.099375
vn 0.022708 0.000000 0.097388
vn 0.022708 0.000000 0.097388
vn 0.033944 0.000000 0.094063
vn 0.033944 0.000000 0.094063
vn 0.044713 0.000000 0.089447
vn 0.044713 0.000000 0.089447
vn 0.054869 0.000000 0.083602
vn 0.054869 0.000000 0.083602
vn 0.064272 0.000000 0.076610
vn 0.064272 0.000000 0.076610
vn 0.051548 0.000000 -0.085690
vn 0.051548 0.000000 -0.085690
vn 0.037565 0.000000 -0.092676
vn 0.037565 0.000000 -0.092676
vn 0.022664 0.000000 -0.097398
vn 0.022664 0.000000 -0.097398
vn 0.007209 0.000000 -0.099740
vn 0.007209 0.000000 -0.099740
vn -0.008422 0.000000 -0.099645
vn -0.008422 0.000000 -0.099645
vn -0.023847 0.000000 -0.097115
vn -0.023847 0.000000 -0.097115
vn -0.038689 0.000000 -0.092212
vn -0.038689 0.000000 -0.092212
vn -0.052586 0.000000 -0.085057
vn -0.052586 0.000000 -0.085057
vn -0.065199 0.000000 -0.075823
vn -0.065199 0.000000 -0.075823
vn -0.076218 0.000000 -0.064737
vn -0.076218 0.000000 -0.064737
vn -0.085375 0.000000 -0.052068
vn -0.085375 0.000000 -0.052068
vn -0.092446 0.000000 -0.038128
vn -0.092446 0.000000 -0.038128
vn -0.097258 0.000000 -0.023256
vn -0.097258 0.000000 -0.023256
vn -0.099694 0.000000 -0.007816
vn -0.099694 0.000000 -0.007816
vn -0.099694 0.000000 0.007816
vn -0.099694 0.000000 0.007816
vn -0.097258 0.000000 0.023256
vn -0.097258 0.000000 0.023256
vn -0.092446 0.000000 0.038128
vn -0.092446 0.000000 0.038128
vn -0.085375 0.000000 0.052068
vn -0.085375 0.000000 0.052068
vn -0.076218 0.000000 0.064737
vn -0.076218 0.000000 0.064737
vn -0.065199 0.000000 0.075823
vn -0.065199 0.000000 0.075823
vn -0.052586 0.000000 0.085057
vn -0.052586 0.000000 0.085057
vn -0.038689 0.000000 0.092212
vn -0.038689 0.000000 0.092212
vn -0.023847 0.000000 0.097115
vn -0.023847 0.000000 0.097115
vn -0.008422 0.000000 0.099645
vn -0.008422 0.000000 0.099645
vn 0.007209 -0.000000 0.099740
vn 0.007209 -0.000000 0.099740
vn 0.022664 -0.000000 0.097398
vn 0.022664 -0.000000 0.097398
vn 0.037565 -0.000000 0.092676
vn 0.037565 -0.000000 0.092676
vn 0.051548 -0.000000 0.085690
vn 0.051548 -0.000000 0.085690
vn -0.090502 0.000000 0.042537
vn -0.091378 0.000000 0.040621
vn -0.094096 0.000000 0.033850
vn -0.095119 0.000000 0.030861
vn -0.094096 0.000000 0.033850
vn -0.096600 0.000000 0.025856
vn -0.097821 0.000000 0.020763
vn -0.097609 0.000000 0.021739
vn -0.098449 0.000000 0.017543
vn -0.099454 0.000000 0.010439
vn -0.099116 0.000000 0.013270
vn -0.099601 0.000000 0.008921
vn -0.099899 0.000000 0.004497
vn -0.100000 0.000000 0.000000
vn -0.100000 0.000000 0.000000
vn -0.086638 0.000000 0.049938
vn -0.086108 0.000000 0.050848
vn 0.100000 0.000000 0.000000
vn 0.100000 0.000000 0.000000
vn -0.097094 0.000000 0.023932
vn -0.097094 0.000000 0.023932
vn -0.100000 0.000000 0.000000
vn -0.100000 0.000000 0.000000
vn -0.097094 0.000000 -0.023932
vn -0.097094 0.000000 -0.023932
vn -0.088546 0.000000 -0.046472
vn -0.088546 0.000000 0.046472
vn -0.088546 0.000000 0.046472
vn -0.074851 0.000000 0.066312
vn -0.074851 0.000000 0.066312
vn -0.056806 0.000000 0.082298
vn -0.056806 0.000000 0.082298
vn -0.035460 0.000000 0.093502
vn -0.035460 0.000000 0.093502
vn -0.012054 0.000000 0.099271
vn -0.012054 0.000000 0.099271
vn 0.012054 -0.000000 0.099271
vn 0.012054 -0.000000 0.099271
vn 0.035460 -0.000000 0.093502
vn 0.035460 -0.000000 0.093502
vn 0.056806 -0.000000 0.082298
vn 0.056806 -0.000000 0.082298
vn 0.074851 -0.000000 0.066312
vn 0.074851 -0.000000 0.066312
vn 0.088546 -0.000000 0.046472
vn 0.088546 -0.000000 0.046472
vn 0.097094 -0.000000 0.023932
vn 0.097094 -0.000000 0.023932
vn 0.100000 0.000000 0.000000
vn 0.100000 0.000000 0.000000
vn 0.097094 0.000000 -0.023932
vn 0.097094 0.000000 -0.023932
vn 0.088546 0.000000 -0.046472
vn 0.088546 0.000000 -0.046472
vn 0.074851 0.000000 -0.066312
vn 0.074851 0.000000 -0.066312
vn 0.056806 0.000000 -0.082298
vn 0.056806 0.000000 -0.082298
vn 0.035460 0.000000 -0.093502
vn 0.035460 0.000000 -0.093502
vn 0.012054 0.000000 -0.099271
vn 0.012054 0.000000 -0.099271
vn -0.012054 0.000000 -0.099271
vn -0.012054 0.000000 -0.099271
vn -0.035460 0.000000 -0.093502
vn -0.035460 0.000000 -0.093502
vn -0.056806 0.000000 -0.082298
vn -0.056806 0.000000 -0.082298
vn -0.074851 0.000000 -0.066312
vn -0.074851 0.000000 -0.066312
vn -0.088546 0.000000 -0.046472
vn -0.097094 0.000000 0.023932
vn -0.097094 0.000000 0.023932
vn -0.100000 0.000000 0.000000
vn -0.100000 0.000000 0.000000
vn -0.097094 0.000000 -0.023932
vn -0.097094 0.000000 -0.023932
vn -0.088546 0.000000 -0.046472
vn -0.088546 0.000000 0.046472
vn -0.088546 0.000000 0.046472
vn -0.074851 0.000000 0.066312
vn -0.074851 0.000000 0.066312
vn -0.056806 0.000000 0.082298
vn -0.056806 0.000000 0.082298
vn -0.035460 0.000000 0.093502
vn -0.035460 0.000000 0.093502
vn -0.012054 0.000000 0.099271
vn -0.012054 0.000000 0.099271
vn 0.012054 -0.000000 0.099271
vn 0.012054 -0.000000 0.099271
vn 0.035460 -0.000000 0.093502
vn 0.035460 -0.000000 0.093502
vn 0.056806 -0.000000 0.082298
vn 0.056806 -0.000000 0.082298
vn 0.074851 -0.000000 0.066312
vn 0.074851 -0.000000 0.066312
vn 0.088546 -0.000000 0.046472
vn 0.088546 -0.000000 0.046472
vn 0.097094 -0.000000 0.023932
vn 0.097094 -0.000000 0.023932
vn 0.100000 0.000000 0.000000
vn 0.100000 0.000000 0.000000
vn 0.097094 0.000000 -0.023932
vn 0.097094 0.000000 -0.023932
vn 0.088546 0.000000 -0.046472
vn 0.088546 0.000000 -0.046472
vn 0.074851 0.000000 -0.066312
vn 0.074851 0.000000 -0.066312
vn 0.056806 0.000000 -0.082298
vn 0.056806 0.000000 -0.082298
vn 0.035460 0.000000 -0.093502
vn 0.035460 0.000000 -0.093502
vn 0.012054 0.000000 -0.099271
vn 0.012054 0.000000 -0.099271
vn -0.012054 0.000000 -0.099271
vn -0.012054 0.000000 -0.099271
vn -0.035460 0.000000 -0.093502
vn -0.035460 0.000000 -0.093502
vn -0.056806 0.000000 -0.082298
vn -0.056806 0.000000 -0.082298
vn -0.074851 0.000000 -0.066312
vn -0.074851 0.000000 -0.066312
vn -0.088546 0.000000 -0.046472
vn -0.097094 0.000000 0.023932
vn -0.097094 0.000000 0.023932
vn -0.100000 0.000000 0.000000
vn -0.100000 0.000000 0.000000
vn -0.097094 0.000000 -0.023932
vn -0.097094 0.000000 -0.023932
vn -0.088546 0.000000 -0.046472
vn -0.088546 0.000000 0.046472
vn -0.088546 0.000000 0.046472
vn -0.074851 0.000000 0.066312
vn -0.074851 0.000000 0.066312
vn -0.056806 0.000000 0.082298
vn -0.056806 0.000000 0.082298
vn -0.035460 0.000000 0.093502
vn -0.035460 0.000000 0.093502
vn -0.012054 0.000000 0.099271
vn -0.012054 0.000000 0.099271
vn 0.012054 -0.000000 0.099271
vn 0.012054 -0.000000 0.099271
vn 0.035460 -0.000000 0.093502
vn 0.035460 -0.000000 0.093502
vn 0.056806 -0.000000 0.082298
vn 0.056806 -0.000000 0.082298
vn 0.074851 -0.000000 0.066312
vn 0.074851 -0.000000 0.066312
vn 0.088546 -0.000000 0.046472
vn 0.088546 -0.000000 0.046472
vn 0.097094 -0.000000 0.023932
vn 0.097094 -0.000000 0.023932
vn 0.100000 0.000000 0.000000
vn 0.100000 0.000000 0.000000
vn 0.097094 0.000000 -0.023932
vn 0.097094 0.000000 -0.023932
vn 0.088546 0.000000 -0.046472
vn 0.088546 0.000000 -0.046472
vn 0.074851 0.000000 -0.066312
vn 0.074851 0.000000 -0.066312
vn 0.056806 0.000000 -0.082298
vn 0.056806 0.000000 -0.082298
vn 0.035460 0.000000 -0.093502
vn 0.035460 0.000000 -0.093502
vn 0.012054 0.000000 -0.099271
vn 0.012054 0.000000 -0.099271
vn -0.012054 0.000000 -0.099271
vn -0.012054 0.000000 -0.099271
vn -0.035460 0.000000 -0.093502
vn -0.035460 0.000000 -0.093502
vn -0.056806 0.000000 -0.082298
vn -0.056806 0.000000 -0.082298
vn -0.074851 0.000000 -0.066312
vn -0.074851 0.000000 -0.066312
vn -0.088546 0.000000 -0.046472
vn -0.100000 0.000000 0.000000
vn -0.100000 0.000000 0.000000
vn -0.070711 0.000000 -0.070711
vn -0.070711 0.000000 -0.070711
vn -0.070711 0.000000 -0.070711
vn -0.070711 0.000000 -0.070711
vn -0.070711 0.000000 -0.070711
vn -0.070711 0.000000 -0.070711
usemtl Steel_-_Satin
f 2/1/1 3/2/2 1/3/3
f 1/3/3 3/2/2 4/4/4
f 6/5/5 7/6/6 5/7/7
f 5/7/7 7/6/6 8/8/8
f 10/9/9 11/10/10 9/11/11
f 9/11/11 11/10/10 12/12/12
f 14/13/13 40/14/14 13/15/15
f 13/15/15 40/14/14 41/16/16
f 13/15/15 41/16/16 42/17/17
f 14/13/13 15/18/18 40/14/14
f 40/14/14 15/18/18 16/19/19
f 40/14/14 16/19/19 17/20/20
f 17/20/20 18/21/21 40/14/14
f 40/14/14 18/21/21 8/22/22
f 8/22/22 18/21/21 19/23/23
f 8/22/22 19/23/23 5/24/24
f 5/24/24 19/23/23 20/25/25
f 5/24/24 20/25/25 9/26/26
f 9/26/26 20/25/25 21/27/27
f 9/26/26 21/27/27 39/28/28
f 39/28/28 21/27/27 22/29/29
f 39/28/28 22/29/29 23/30/30
f 23/30/30 24/31/31 39/28/28
f 39/28/28 24/31/31 25/32/32
f 39/28/28 25/32/32 26/33/33
f 27/34/34 62/35/35 26/33/33
f 26/33/33 62/35/35 63/36/36
f 26/33/33 63/36/36 64/37/37
f 28/38/38 60/39/39 27/34/34
f 27/34/34 60/39/39 61/40/40
f 27/34/34 61/40/40 62/35/35
f 60/39/39 28/38/38 59/41/41
f 59/41/41 28/38/38 29/42/42
f 59/41/41 29/42/42 58/43/43
f 58/43/43 29/42/42 30/44/44
f 58/43/43 30/44/44 57/45/45
f 57/45/45 30/44/44 55/46/46
f 57/45/45 55/46/46 56/47/47
f 30/44/44 31/48/48 55/46/46
f 55/46/46 31/48/48 32/49/49
f 55/46/46 32/49/49 54/50/50
f 54/50/50 32/49/49 33/51/51
f 54/50/50 33/51/51 53/52/52
f 53/52/52 33/51/51 52/53/53
f 52/53/53 33/51/51 34/54/54
f 52/53/53 34/54/54 35/55/55
f 52/53/53 35/55/55 50/56/56
f 50/56/56 35/55/55 36/57/57
f 50/56/56 36/57/57 49/58/58
f 49/58/58 36/57/57 48/59/59
f 48/59/59 36/57/57 37/60/60
f 48/59/59 37/60/60 47/61/61
f 47/61/61 37/60/60 38/62/62
f 47/61/61 38/62/62 46/63/63
f 46/63/63 38/62/62 45/64/64
f 45/64/64 38/62/62 13/15/15
f 45/64/64 13/15/15 44/65/65
f 44/65/65 13/15/15 43/66/66
f 43/66/66 13/15/15 42/17/17
f 9/26/26 12/67/67 5/24/24
f 50/56/56 51/68/68 52/53/53
f 64/37/37 65/69/69 26/33/33
f 26/33/33 65/69/69 66/70/70
f 26/33/33 66/70/70 39/28/28
f 67/71/71 68/72/72 2/73/73
f 2/73/73 68/72/72 3/74/74
f 70/75/75 71/76/76 69/77/77
f 69/77/77 71/76/76 72/78/78
f 69/79/79 72/80/80 73/81/81
f 73/81/81 72/80/80 74/82/82
f 1/83/83 4/84/84 75/85/85
f 75/85/85 4/84/84 76/86/86
f 73/87/87 74/88/88 77/89/89
f 77/89/89 74/88/88 78/90/90
f 90/91/91 39/92/92 89/93/93
f 89/93/93 39/92/92 66/94/94
f 89/93/93 66/94/94 88/95/95
f 88/95/95 66/94/94 65/96/96
f 88/95/95 65/96/96 87/97/97
f 87/97/97 65/96/96 64/98/98
f 87/97/97 64/98/98 86/99/99
f 86/99/99 64/98/98 63/100/100
f 86/99/99 63/100/100 85/101/101
f 85/101/101 63/100/100 62/102/102
f 85/101/101 62/102/102 84/103/103
f 84/103/103 62/102/102 61/104/104
f 84/103/103 61/104/104 83/105/105
f 83/105/105 61/104/104 60/106/106
f 83/105/105 60/106/106 82/107/107
f 82/107/107 60/106/106 59/108/108
f 82/107/107 59/108/108 81/109/109
f 81/109/109 59/108/108 58/110/110
f 81/109/109 58/110/110 80/111/111
f 80/111/111 58/110/110 57/112/112
f 80/111/111 57/112/112 79/113/113
f 79/113/113 57/112/112 56/114/114
f 56/115/115 55/116/116 79/117/117
f 79/117/117 55/116/116 91/118/118
f 91/119/119 55/120/120 94/121/121
f 94/121/121 55/120/120 54/122/122
f 94/121/121 54/122/122 93/123/123
f 93/123/123 54/122/122 53/124/124
f 93/123/123 53/124/124 92/125/125
f 92/125/125 53/124/124 52/126/126
f 52/127/127 51/128/128 92/129/129
f 92/129/129 51/128/128 95/130/130
f 95/131/131 51/132/132 106/133/133
f 106/133/133 51/132/132 50/134/134
f 106/133/133 50/134/134 105/135/135
f 105/135/135 50/134/134 49/136/136
f 105/135/135 49/136/136 104/137/137
f 104/137/137 49/136/136 48/138/138
f 104/137/137 48/138/138 103/139/139
f 103/139/139 48/138/138 47/140/140
f 103/139/139 47/140/140 102/141/141
f 102/141/141 47/140/140 46/142/142
f 102/141/141 46/142/142 101/143/143
f 101/143/143 46/142/142 45/144/144
f 101/143/143 45/144/144 100/145/145
f 100/145/145 45/144/144 44/146/146
f 100/145/145 44/146/146 99/147/147
f 99/147/147 44/146/146 43/148/148
f 99/147/147 43/148/148 98/149/149
f 98/149/149 43/148/148 42/150/150
f 98/149/149 42/150/150 97/151/151
f 97/151/151 42/150/150 41/152/152
f 97/151/151 41/152/152 96/153/153
f 96/153/153 41/152/152 40/154/154
f 40/155/155 8/156/156 96/157/157
f 96/157/157 8/156/156 108/158/158
f 108/158/158 8/156/156 107/159/159
f 107/159/159 8/156/156 7/160/160
f 6/161/161 173/162/162 7/163/163
f 7/163/163 173/162/162 174/164/164
f 7/163/163 174/164/164 107/165/165
f 107/165/165 174/164/164 175/166/166
f 109/167/167 110/168/168 6/161/161
f 6/161/161 110/168/168 173/162/162
f 111/169/169 112/170/170 110/168/168
f 110/168/168 112/170/170 113/171/171
f 110/168/168 113/171/171 170/172/172
f 170/172/172 113/171/171 169/173/173
f 169/173/173 113/171/171 114/174/174
f 169/173/173 114/174/174 168/175/175
f 168/175/175 114/174/174 115/176/176
f 168/175/175 115/176/176 167/177/177
f 167/177/177 115/176/176 116/178/178
f 167/177/177 116/178/178 166/179/179
f 166/179/179 116/178/178 117/180/180
f 166/179/179 117/180/180 165/181/181
f 165/181/181 117/180/180 118/182/182
f 165/181/181 118/182/182 164/183/183
f 164/183/183 118/182/182 119/184/184
f 164/183/183 119/184/184 163/185/185
f 163/185/185 119/184/184 120/186/186
f 163/185/185 120/186/186 162/187/187
f 162/187/187 120/186/186 121/188/188
f 162/187/187 121/188/188 161/189/189
f 161/189/189 121/188/188 122/190/190
f 161/189/189 122/190/190 160/191/191
f 160/191/191 122/190/190 123/192/192
f 160/191/191 123/192/192 159/193/193
f 159/193/193 123/192/192 124/194/194
f 159/193/193 124/194/194 158/195/195
f 158/195/195 124/194/194 125/196/196
f 158/195/195 125/196/196 189/197/197
f 189/197/197 125/196/196 126/198/198
f 189/197/197 126/198/198 188/199/199
f 188/199/199 126/198/198 187/200/200
f 187/200/200 126/198/198 127/201/201
f 187/200/200 127/201/201 186/202/202
f 186/202/202 127/201/201 128/203/203
f 186/202/202 128/203/203 185/204/204
f 185/204/204 128/203/203 129/205/205
f 185/204/204 129/205/205 184/206/206
f 184/206/206 129/205/205 130/207/207
f 184/206/206 130/207/207 183/208/208
f 183/208/208 130/207/207 131/209/209
f 183/208/208 131/209/209 132/210/210
f 183/208/208 132/210/210 182/211/211
f 182/211/211 132/210/210 133/212/212
f 182/211/211 133/212/212 181/213/213
f 181/213/213 133/212/212 134/214/214
f 181/213/213 134/214/214 180/215/215
f 180/215/215 134/214/214 135/216/216
f 180/215/215 135/216/216 179/217/217
f 179/217/217 135/216/216 136/218/218
f 179/217/217 136/218/218 178/219/219
f 178/219/219 136/218/218 137/220/220
f 178/219/219 137/220/220 177/221/221
f 177/221/221 137/220/220 138/222/222
f 177/221/221 138/222/222 139/223/223
f 139/223/223 140/224/224 177/221/221
f 177/221/221 140/224/224 176/225/225
f 176/225/225 140/224/224 141/226/226
f 176/225/225 141/226/226 142/227/227
f 142/227/227 143/228/228 176/225/225
f 176/225/225 143/228/228 201/229/229
f 201/229/229 143/228/228 144/230/230
f 201/229/229 144/230/230 145/231/231
f 145/231/231 146/232/232 201/229/229
f 201/229/229 146/232/232 200/233/233
f 200/233/233 146/232/232 147/234/234
f 200/233/233 147/234/234 199/235/235
f 199/235/235 147/234/234 148/236/236
f 199/235/235 148/236/236 198/237/237
f 198/237/237 148/236/236 149/238/238
f 198/237/237 149/238/238 197/239/239
f 197/239/239 149/238/238 150/240/240
f 197/239/239 150/240/240 196/241/241
f 196/241/241 150/240/240 151/242/242
f 196/241/241 151/242/242 195/243/243
f 195/243/243 151/242/242 152/244/244
f 195/243/243 152/244/244 194/245/245
f 194/245/245 152/244/244 153/246/246
f 194/245/245 153/246/246 154/247/247
f 194/245/245 154/247/247 193/248/248
f 193/248/248 154/247/247 155/249/249
f 193/248/248 155/249/249 192/250/250
f 192/250/250 155/249/249 156/251/251
f 192/250/250 156/251/251 191/252/252
f 191/252/252 156/251/251 157/253/253
f 191/252/252 157/253/253 190/254/254
f 190/254/254 157/253/253 189/197/197
f 189/197/197 157/253/253 158/195/195
f 110/168/168 170/172/172 173/162/162
f 173/162/162 170/172/172 171/255/255
f 173/162/162 171/255/255 172/256/256
f 75/257/257 76/258/258 207/259/259
f 207/259/259 76/258/258 202/260/260
f 207/259/259 202/260/260 206/261/261
f 206/261/261 202/260/260 203/262/262
f 206/261/261 203/262/262 205/263/263
f 205/263/263 203/262/262 204/264/264
f 77/265/265 78/266/266 213/267/267
f 213/267/267 78/266/266 208/268/268
f 213/267/267 208/268/268 212/269/269
f 212/269/269 208/268/268 209/270/270
f 212/269/269 209/270/270 211/271/271
f 211/271/271 209/270/270 210/272/272
f 208/273/273 78/274/274 238/275/275
f 238/275/275 78/274/274 74/276/276
f 238/275/275 74/276/276 237/277/277
f 237/277/277 74/276/276 236/278/278
f 236/278/278 74/276/276 235/279/279
f 235/279/279 74/276/276 234/280/280
f 234/280/280 74/276/276 232/281/281
f 234/280/280 232/281/281 233/282/282
f 232/281/281 74/276/276 231/283/283
f 231/283/283 74/276/276 72/284/284
f 231/283/283 72/284/284 229/285/285
f 229/285/285 72/284/284 228/286/286
f 228/286/286 72/284/284 227/287/287
f 227/287/287 72/284/284 226/288/288
f 226/288/288 72/284/284 71/289/289
f 226/288/288 71/289/289 225/290/290
f 225/290/290 71/289/289 214/291/291
f 225/290/290 214/291/291 215/292/292
f 215/292/292 216/293/293 225/290/290
f 225/290/290 216/293/293 224/294/294
f 224/294/294 216/293/293 223/295/295
f 223/295/295 216/293/293 222/296/296
f 222/296/296 216/293/293 221/297/297
f 221/297/297 216/293/293 173/298/298
f 221/297/297 173/298/298 220/299/299
f 220/299/299 173/298/298 219/300/300
f 219/300/300 173/298/298 218/301/301
f 218/301/301 173/298/298 217/302/302
f 217/302/302 173/298/298 172/303/303
f 229/285/285 230/304/304 231/283/283
f 239/305/305 210/306/306 238/275/275
f 238/275/275 210/306/306 209/307/307
f 238/275/275 209/307/307 208/273/273
f 239/305/305 240/308/308 210/306/306
f 210/306/306 240/308/308 241/309/309
f 210/306/306 241/309/309 242/310/310
f 210/306/306 242/310/310 248/311/311
f 248/311/311 242/310/310 243/312/312
f 248/311/311 243/312/312 244/313/313
f 244/313/313 245/314/314 248/311/311
f 248/311/311 245/314/314 246/315/315
f 248/311/311 246/315/315 247/316/316
f 10/317/317 248/318/318 11/319/319
f 11/319/319 248/318/318 315/320/320
f 11/319/319 315/320/320 316/321/321
f 248/318/318 10/317/317 251/322/322
f 251/322/322 10/317/317 249/323/323
f 251/322/322 249/323/323 250/324/324
f 247/325/325 252/326/326 248/318/318
f 248/318/318 252/326/326 253/327/327
f 248/318/318 253/327/327 254/328/328
f 255/329/329 310/330/330 254/328/328
f 254/328/328 310/330/330 311/331/331
f 254/328/328 311/331/331 315/320/320
f 315/320/320 311/331/331 312/332/332
f 315/320/320 312/332/332 313/333/333
f 310/330/330 255/329/329 309/334/334
f 309/334/334 255/329/329 256/335/335
f 309/334/334 256/335/335 308/336/336
f 308/336/336 256/335/335 257/337/337
f 308/336/336 257/337/337 307/338/338
f 307/338/338 257/337/337 258/339/339
f 307/338/338 258/339/339 306/340/340
f 306/340/340 258/339/339 259/341/341
f 306/340/340 259/341/341 305/342/342
f 305/342/342 259/341/341 260/343/343
f 305/342/342 260/343/343 304/344/344
f 304/344/344 260/343/343 261/345/345
f 304/344/344 261/345/345 303/346/346
f 303/346/346 261/345/345 262/347/347
f 303/346/346 262/347/347 302/348/348
f 302/348/348 262/347/347 263/349/349
f 302/348/348 263/349/349 301/350/350
f 301/350/350 263/349/349 264/351/351
f 301/350/350 264/351/351 300/352/352
f 300/352/352 264/351/351 265/353/353
f 300/352/352 265/353/353 299/354/354
f 299/354/354 265/353/353 266/355/355
f 299/354/354 266/355/355 317/356/356
f 317/356/356 266/355/355 342/357/357
f 342/357/357 266/355/355 267/358/358
f 342/357/357 267/358/358 341/359/359
f 341/359/359 267/358/358 268/360/360
f 341/359/359 268/360/360 340/361/361
f 340/361/361 268/360/360 269/362/362
f 340/361/361 269/362/362 339/363/363
f 339/363/363 269/362/362 270/364/364
f 339/363/363 270/364/364 338/365/365
f 338/365/365 270/364/364 271/366/366
f 338/365/365 271/366/366 337/367/367
f 337/367/367 271/366/366 272/368/368
f 337/367/367 272/368/368 336/369/369
f 336/369/369 272/368/368 273/370/370
f 336/369/369 273/370/370 335/371/371
f 335/371/371 273/370/370 274/372/372
f 335/371/371 274/372/372 275/373/373
f 335/371/371 275/373/373 334/374/374
f 334/374/374 275/373/373 276/375/375
f 334/374/374 276/375/375 333/376/376
f 333/376/376 276/375/375 277/377/377
f 333/376/376 277/377/377 332/378/378
f 332/378/378 277/377/377 278/379/379
f 332/378/378 278/379/379 331/380/380
f 331/380/380 278/379/379 279/381/381
f 331/380/380 279/381/381 280/382/382
f 280/382/382 281/383/383 331/380/380
f 331/380/380 281/383/383 330/384/384
f 330/384/384 281/383/383 282/385/385
f 330/384/384 282/385/385 283/386/386
f 283/386/386 284/387/387 330/384/384
f 330/384/384 284/387/387 329/388/388
f 329/388/388 284/387/387 285/389/389
f 329/388/388 285/389/389 286/390/390
f 286/390/390 287/391/391 329/388/388
f 329/388/388 287/391/391 328/392/392
f 328/392/392 287/391/391 288/393/393
f 328/392/392 288/393/393 327/394/394
f 327/394/394 288/393/393 289/395/395
f 327/394/394 289/395/395 326/396/396
f 326/396/396 289/395/395 290/397/397
f 326/396/396 290/397/397 325/398/398
f 325/398/398 290/397/397 291/399/399
f 325/398/398 291/399/399 292/400/400
f 325/398/398 292/400/400 324/401/401
f 324/401/401 292/400/400 293/402/402
f 324/401/401 293/402/402 323/403/403
f 323/403/403 293/402/402 294/404/404
f 323/403/403 294/404/404 322/405/405
f 322/405/405 294/404/404 295/406/406
f 322/405/405 295/406/406 321/407/407
f 321/407/407 295/406/406 296/408/408
f 321/407/407 296/408/408 320/409/409
f 320/409/409 296/408/408 297/410/410
f 320/409/409 297/410/410 319/411/411
f 319/411/411 297/410/410 298/412/412
f 319/411/411 298/412/412 318/413/413
f 318/413/413 298/412/412 299/354/354
f 318/413/413 299/354/354 317/356/356
f 313/333/333 314/414/414 315/320/320
f 254/328/328 315/320/320 248/318/318
f 173/415/415 216/416/416 174/417/417
f 174/417/417 216/416/416 343/418/418
f 315/419/419 205/420/263 316/421/420
f 316/421/420 205/420/263 204/422/264
f 210/423/272 248/424/421 211/425/271
f 211/425/271 248/424/421 251/426/422
f 68/427/423 67/428/424 349/429/425
f 349/429/425 67/428/424 344/430/426
f 349/429/425 344/430/426 348/431/427
f 348/431/427 344/430/426 345/432/428
f 348/431/427 345/432/428 347/433/429
f 347/433/429 345/432/428 346/434/430
f 346/435/430 110/436/431 347/437/429
f 347/437/429 110/436/431 109/438/432
f 71/439/433 70/440/434 214/441/435
f 214/441/435 70/440/434 350/442/436
f 214/441/435 350/442/436 215/443/437
f 215/443/437 350/442/436 351/444/438
f 215/443/437 351/444/438 216/445/416
f 216/445/416 351/444/438 343/446/418
f 75/447/439 360/448/440 1/449/441
f 1/449/441 360/448/440 361/450/442
f 1/449/441 361/450/442 362/451/443
f 75/447/439 207/452/444 360/448/440
f 360/448/440 207/452/444 206/453/445
f 360/448/440 206/453/445 205/454/446
f 315/455/447 356/456/448 205/454/446
f 205/454/446 356/456/448 357/457/449
f 205/454/446 357/457/449 358/458/450
f 314/459/451 352/460/452 315/455/447
f 315/455/447 352/460/452 353/461/453
f 315/455/447 353/461/453 354/462/454
f 354/462/454 355/463/455 315/455/447
f 315/455/447 355/463/455 356/456/448
f 358/458/450 359/464/456 205/454/446
f 205/454/446 359/464/456 360/448/440
f 362/451/443 363/465/457 1/449/441
f 1/449/441 363/465/457 364/466/458
f 1/449/441 364/466/458 366/467/459
f 366/467/459 364/466/458 365/468/460
f 366/467/459 367/469/461 1/449/441
f 1/449/441 367/469/461 2/470/462
f 2/470/462 367/469/461 369/471/463
f 2/470/462 369/471/463 370/472/464
f 367/469/461 368/473/465 369/471/463
f 370/472/464 371/474/466 2/470/462
f 2/470/462 371/474/466 372/475/467
f 2/470/462 372/475/467 67/476/468
f 67/476/468 372/475/467 373/477/469
f 67/476/468 373/477/469 344/478/470
f 344/478/470 373/477/469 345/479/471
f 345/479/471 373/477/469 346/480/472
f 346/480/472 373/477/469 374/481/473
f 346/480/472 374/481/473 375/482/474
f 375/482/474 376/483/475 346/480/472
f 346/480/472 376/483/475 377/484/476
f 346/480/472 377/484/476 110/485/477
f 110/485/477 377/484/476 378/486/478
f 110/485/477 378/486/478 379/487/479
f 379/487/479 380/488/480 110/485/477
f 110/485/477 380/488/480 381/489/481
f 110/485/477 381/489/481 111/490/482
f 396/491/483 268/492/484 395/493/485
f 395/493/485 268/492/484 267/494/486
f 395/493/485 267/494/486 266/495/487
f 395/493/485 266/495/487 394/496/488
f 394/496/488 266/495/487 265/497/489
f 394/496/488 265/497/489 393/498/490
f 393/498/490 265/497/489 264/499/491
f 393/498/490 264/499/491 392/500/492
f 392/500/492 264/499/491 263/501/493
f 392/500/492 263/501/493 391/502/494
f 391/502/494 263/501/493 262/503/495
f 391/502/494 262/503/495 390/504/496
f 390/504/496 262/503/495 261/505/497
f 390/504/496 261/505/497 389/506/498
f 389/506/498 261/505/497 260/507/499
f 389/506/498 260/507/499 388/508/500
f 388/508/500 260/507/499 259/509/501
f 388/508/500 259/509/501 387/510/502
f 387/510/502 259/509/501 258/511/503
f 387/510/502 258/511/503 386/512/504
f 386/512/504 258/511/503 257/513/505
f 386/512/504 257/513/505 385/514/506
f 385/514/506 257/513/505 256/515/507
f 385/514/506 256/515/507 384/516/508
f 384/516/508 256/515/507 255/517/509
f 384/516/508 255/517/509 383/518/510
f 383/518/510 255/517/509 382/519/511
f 382/519/511 255/517/509 254/520/512
f 254/521/512 253/522/513 382/523/511
f 382/523/511 253/522/513 409/524/514
f 409/524/514 253/522/513 252/525/515
f 409/524/514 252/525/515 408/526/516
f 408/526/516 252/525/515 247/527/517
f 408/526/516 247/527/517 407/528/518
f 407/528/518 247/527/517 246/529/519
f 407/528/518 246/529/519 397/530/520
f 407/528/518 397/530/520 406/531/521
f 406/531/521 397/530/520 398/532/522
f 406/531/521 398/532/522 399/533/523
f 406/531/521 399/533/523 405/534/524
f 405/534/524 399/533/523 400/535/525
f 405/534/524 400/535/525 401/536/526
f 401/536/526 402/537/527 405/534/524
f 405/534/524 402/537/527 404/538/528
f 404/538/528 402/537/527 250/539/529
f 250/539/529 402/537/527 403/540/530
f 246/541/531 245/542/532 397/543/533
f 397/543/533 245/542/532 398/544/534
f 398/544/534 245/542/532 399/545/535
f 399/545/535 245/542/532 400/546/536
f 400/546/536 245/542/532 401/547/537
f 401/547/537 245/542/532 402/548/538
f 402/548/538 245/542/532 403/549/539
f 403/549/539 245/542/532 415/550/540
f 415/550/540 245/542/532 244/551/541
f 415/550/540 244/551/541 414/552/542
f 414/552/542 244/551/541 243/553/543
f 414/552/542 243/553/543 413/554/544
f 413/554/544 243/553/543 242/555/545
f 413/554/544 242/555/545 412/556/546
f 412/556/546 242/555/545 241/557/547
f 412/556/546 241/557/547 411/558/548
f 411/558/548 241/557/547 240/559/549
f 411/558/548 240/559/549 410/560/550
f 410/560/550 240/559/549 239/561/551
f 359/562/552 358/563/553 428/564/554
f 428/564/554 358/563/553 427/565/555
f 427/565/555 358/563/553 357/566/556
f 427/565/555 357/566/556 426/567/557
f 426/567/557 357/566/556 356/568/558
f 426/567/557 356/568/558 425/569/559
f 425/569/559 356/568/558 355/570/560
f 425/569/559 355/570/560 424/571/561
f 424/571/561 355/570/560 354/572/562
f 424/571/561 354/572/562 423/573/563
f 423/573/563 354/572/562 353/574/564
f 423/573/563 353/574/564 422/575/565
f 422/575/565 353/574/564 421/576/566
f 421/576/566 353/574/564 420/577/567
f 420/577/567 353/574/564 419/578/568
f 419/578/568 353/574/564 418/579/569
f 418/579/569 353/574/564 417/580/570
f 417/580/570 353/574/564 416/581/571
f 416/581/571 353/574/564 352/582/572
f 238/583/573 429/584/574 239/585/551
f 239/585/551 429/584/574 410/586/550
f 429/587/574 238/588/573 435/589/575
f 435/589/575 238/588/573 237/590/576
f 435/589/575 237/590/576 434/591/577
f 434/591/577 237/590/576 236/592/578
f 434/591/577 236/592/578 433/593/579
f 433/593/579 236/592/578 235/594/580
f 433/593/579 235/594/580 432/595/581
f 432/595/581 235/594/580 234/596/582
f 432/595/581 234/596/582 431/597/583
f 431/597/583 234/596/582 233/598/584
f 431/597/583 233/598/584 430/599/585
f 430/599/585 233/598/584 232/600/586
f 231/601/587 436/602/588 232/603/586
f 232/603/586 436/602/588 430/604/585
f 436/605/588 231/606/587 442/607/589
f 442/607/589 231/606/587 230/608/590
f 442/607/589 230/608/590 441/609/591
f 441/609/591 230/608/590 229/610/592
f 441/609/591 229/610/592 440/611/593
f 440/611/593 229/610/592 228/612/594
f 440/611/593 228/612/594 439/613/595
f 439/613/595 228/612/594 227/614/596
f 439/613/595 227/614/596 438/615/597
f 438/615/597 227/614/596 226/616/598
f 438/615/597 226/616/598 437/617/599
f 437/617/599 226/616/598 225/618/600
f 224/619/601 443/620/602 225/621/600
f 225/621/600 443/620/602 437/622/599
f 458/623/603 217/624/604 448/625/605
f 448/625/605 217/624/604 172/626/606
f 448/625/605 172/626/606 447/627/607
f 447/627/607 172/626/606 171/628/608
f 447/627/607 171/628/608 446/629/609
f 446/629/609 171/628/608 170/630/610
f 446/629/609 170/630/610 445/631/611
f 445/631/611 170/630/610 169/632/612
f 445/631/611 169/632/612 444/633/613
f 458/623/603 448/625/605 457/634/614
f 457/634/614 448/625/605 449/635/615
f 457/634/614 449/635/615 456/636/616
f 456/636/616 449/635/615 455/637/617
f 455/637/617 449/635/615 450/638/618
f 455/637/617 450/638/618 454/639/619
f 454/639/619 450/638/618 453/640/620
f 453/640/620 450/638/618 451/641/621
f 453/640/620 451/641/621 175/642/622
f 175/642/622 452/643/623 453/640/620
f 444/644/613 169/645/612 471/646/624
f 471/646/624 169/645/612 168/647/625
f 471/646/624 168/647/625 470/648/626
f 470/648/626 168/647/625 167/649/627
f 470/648/626 167/649/627 469/650/628
f 469/650/628 167/649/627 166/651/629
f 469/650/628 166/651/629 468/652/630
f 468/652/630 166/651/629 165/653/631
f 468/652/630 165/653/631 467/654/632
f 467/654/632 165/653/631 164/655/633
f 467/654/632 164/655/633 466/656/634
f 466/656/634 164/655/633 163/657/635
f 466/656/634 163/657/635 465/658/636
f 465/658/636 163/657/635 162/659/637
f 465/658/636 162/659/637 464/660/638
f 464/660/638 162/659/637 161/661/639
f 464/660/638 161/661/639 463/662/640
f 463/662/640 161/661/639 160/663/641
f 463/662/640 160/663/641 462/664/642
f 462/664/642 160/663/641 159/665/643
f 462/664/642 159/665/643 461/666/644
f 461/666/644 159/665/643 158/667/645
f 461/666/644 158/667/645 460/668/646
f 460/668/646 158/667/645 157/669/647
f 460/668/646 157/669/647 459/670/648
f 459/670/648 157/669/647 156/671/649
f 224/672/601 223/673/650 443/674/602
f 443/674/602 223/673/650 476/675/651
f 476/675/651 223/673/650 222/676/652
f 476/675/651 222/676/652 475/677/653
f 475/677/653 222/676/652 221/678/654
f 475/677/653 221/678/654 474/679/655
f 474/679/655 221/678/654 220/680/656
f 474/679/655 220/680/656 473/681/657
f 473/681/657 220/680/656 219/682/658
f 473/681/657 219/682/658 472/683/659
f 472/683/659 219/682/658 218/684/660
f 472/683/659 218/684/660 452/685/661
f 452/685/661 218/684/660 453/686/662
f 453/686/662 218/684/660 454/687/663
f 454/687/663 218/684/660 455/688/664
f 455/688/664 218/684/660 456/689/665
f 456/689/665 218/684/660 457/690/666
f 457/690/666 218/684/660 458/691/667
f 458/691/667 218/684/660 217/692/668
f 483/693/669 373/694/670 482/695/671
f 482/695/671 373/694/670 372/696/672
f 482/695/671 372/696/672 481/697/673
f 481/697/673 372/696/672 371/698/674
f 481/697/673 371/698/674 480/699/675
f 480/699/675 371/698/674 370/700/676
f 480/699/675 370/700/676 479/701/677
f 479/701/677 370/700/676 369/702/678
f 479/701/677 369/702/678 478/703/679
f 478/703/679 369/702/678 368/704/680
f 478/703/679 368/704/680 477/705/681
f 477/705/681 368/704/680 367/706/682
f 373/707/670 483/708/669 374/709/683
f 374/709/683 483/708/669 484/710/684
f 11/711/685 316/712/686 12/713/687
f 12/713/687 316/712/686 492/714/688
f 12/713/687 492/714/688 493/715/689
f 204/716/690 425/717/691 316/712/686
f 316/712/686 425/717/691 424/718/692
f 316/712/686 424/718/692 423/719/693
f 203/720/694 491/721/695 204/716/690
f 204/716/690 491/721/695 428/722/696
f 204/716/690 428/722/696 427/723/697
f 203/720/694 202/724/698 491/721/695
f 491/721/695 202/724/698 76/725/699
f 491/721/695 76/725/699 490/726/700
f 490/726/700 76/725/699 4/727/701
f 490/726/700 4/727/701 489/728/702
f 489/728/702 4/727/701 488/729/703
f 488/729/703 4/727/701 487/730/704
f 487/730/704 4/727/701 486/731/705
f 486/731/705 4/727/701 485/732/706
f 485/732/706 4/727/701 477/733/707
f 477/733/707 4/727/701 3/734/708
f 477/733/707 3/734/708 478/735/709
f 478/735/709 3/734/708 479/736/710
f 479/736/710 3/734/708 480/737/711
f 480/737/711 3/734/708 481/738/712
f 481/738/712 3/734/708 482/739/713
f 482/739/713 3/734/708 68/740/714
f 482/739/713 68/740/714 483/741/715
f 483/741/715 68/740/714 349/742/716
f 483/741/715 349/742/716 348/743/717
f 348/743/717 347/744/718 483/741/715
f 483/741/715 347/744/718 484/745/719
f 484/745/719 347/744/718 499/746/720
f 499/746/720 347/744/718 498/747/721
f 498/747/721 347/744/718 497/748/722
f 497/748/722 347/744/718 109/749/723
f 497/748/722 109/749/723 496/750/724
f 496/750/724 109/749/723 495/751/725
f 495/751/725 109/749/723 494/752/726
f 494/752/726 109/749/723 493/715/689
f 493/715/689 109/749/723 5/753/727
f 493/715/689 5/753/727 12/713/687
f 109/749/723 6/754/728 5/753/727
f 427/723/697 426/755/729 204/716/690
f 204/716/690 426/755/729 425/717/691
f 423/719/693 422/756/730 316/712/686
f 316/712/686 422/756/730 492/714/688
f 485/757/731 366/758/732 486/759/733
f 486/759/733 366/758/732 365/760/734
f 486/759/733 365/760/734 487/761/735
f 487/761/735 365/760/734 364/762/736
f 487/761/735 364/762/736 488/763/737
f 488/763/737 364/762/736 363/764/738
f 488/763/737 363/764/738 489/765/739
f 489/765/739 363/764/738 362/766/740
f 489/765/739 362/766/740 490/767/741
f 490/767/741 362/766/740 361/768/742
f 490/767/741 361/768/742 491/769/743
f 491/769/743 361/768/742 360/770/744
f 359/771/552 428/772/554 360/773/744
f 360/773/744 428/772/554 491/774/743
f 381/775/745 380/776/746 505/777/747
f 505/777/747 380/776/746 504/778/748
f 504/778/748 380/776/746 503/779/749
f 503/779/749 380/776/746 502/780/750
f 502/780/750 380/776/746 501/781/751
f 501/781/751 380/776/746 500/782/752
f 500/782/752 380/776/746 494/783/753
f 494/783/753 380/776/746 495/784/754
f 495/784/754 380/776/746 379/785/755
f 495/784/754 379/785/755 496/786/756
f 496/786/756 379/785/755 378/787/757
f 496/786/756 378/787/757 497/788/758
f 497/788/758 378/787/757 377/789/759
f 497/788/758 377/789/759 498/790/760
f 498/790/760 377/789/759 376/791/761
f 498/790/760 376/791/761 499/792/762
f 499/792/762 376/791/761 375/793/763
f 499/792/762 375/793/763 484/794/684
f 484/794/684 375/793/763 374/795/683
f 77/796/764 429/797/765 73/798/766
f 73/798/766 429/797/765 435/799/767
f 73/798/766 435/799/767 434/800/768
f 77/796/764 213/801/769 429/797/765
f 429/797/765 213/801/769 212/802/770
f 429/797/765 212/802/770 211/803/771
f 251/804/772 413/805/773 211/803/771
f 211/803/771 413/805/773 412/806/774
f 211/803/771 412/806/774 411/807/775
f 250/808/776 403/809/777 251/804/772
f 251/804/772 403/809/777 415/810/778
f 251/804/772 415/810/778 414/811/779
f 414/811/779 413/805/773 251/804/772
f 411/807/775 410/812/780 211/803/771
f 211/803/771 410/812/780 429/797/765
f 434/800/768 433/813/781 73/798/766
f 73/798/766 433/813/781 432/814/782
f 73/798/766 432/814/782 430/815/783
f 430/815/783 432/814/782 431/816/784
f 430/815/783 436/817/785 73/798/766
f 73/798/766 436/817/785 69/818/786
f 69/818/786 436/817/785 441/819/787
f 69/818/786 441/819/787 440/820/788
f 436/817/785 442/821/789 441/819/787
f 440/820/788 439/822/790 69/818/786
f 69/818/786 439/822/790 438/823/791
f 69/818/786 438/823/791 70/824/792
f 70/824/792 438/823/791 437/825/793
f 70/824/792 437/825/793 350/826/794
f 350/826/794 437/825/793 351/827/795
f 351/827/795 437/825/793 343/828/796
f 343/828/796 437/825/793 443/829/797
f 343/828/796 443/829/797 476/830/798
f 476/830/798 475/831/799 343/828/796
f 343/828/796 475/831/799 474/832/800
f 343/828/796 474/832/800 174/833/801
f 174/833/801 474/832/800 473/834/802
f 174/833/801 473/834/802 472/835/803
f 472/835/803 452/836/804 174/833/801
f 174/833/801 452/836/804 175/837/805
f 507/838/806 620/839/807 506/840/808
f 506/840/808 620/839/807 621/841/809
f 506/840/808 621/841/809 531/842/810
f 531/842/810 621/841/809 622/843/811
f 531/842/810 622/843/811 530/844/812
f 530/844/812 622/843/811 623/845/813
f 530/844/812 623/845/813 529/846/814
f 529/846/814 623/845/813 624/847/815
f 529/846/814 624/847/815 528/848/816
f 528/848/816 624/847/815 625/849/817
f 528/848/816 625/849/817 527/850/818
f 527/850/818 625/849/817 626/851/819
f 527/850/818 626/851/819 627/852/820
f 620/839/807 507/838/806 619/853/821
f 619/853/821 507/838/806 508/854/822
f 619/853/821 508/854/822 618/855/823
f 618/855/823 508/854/822 509/856/824
f 618/855/823 509/856/824 617/857/825
f 617/857/825 509/856/824 510/858/826
f 617/857/825 510/858/826 616/859/827
f 616/859/827 510/858/826 511/860/828
f 616/859/827 511/860/828 615/861/829
f 615/861/829 511/860/828 614/862/830
f 614/862/830 511/860/828 512/863/831
f 614/862/830 512/863/831 613/864/832
f 613/864/832 512/863/831 612/865/833
f 612/865/833 512/863/831 611/866/834
f 611/866/834 512/863/831 513/867/835
f 611/866/834 513/867/835 610/868/836
f 610/868/836 513/867/835 609/869/837
f 609/869/837 513/867/835 608/870/838
f 608/870/838 513/867/835 607/871/839
f 607/871/839 513/867/835 514/872/840
f 607/871/839 514/872/840 459/873/841
f 459/873/841 514/872/840 515/874/842
f 459/873/841 515/874/842 460/875/843
f 460/875/843 515/874/842 516/876/844
f 460/875/843 516/876/844 461/877/845
f 461/877/845 516/876/844 517/878/846
f 461/877/845 517/878/846 462/879/847
f 462/879/847 517/878/846 518/880/848
f 462/879/847 518/880/848 519/881/849
f 520/882/850 639/883/851 519/881/849
f 519/881/849 639/883/851 463/884/852
f 519/881/849 463/884/852 462/879/847
f 639/883/851 520/882/850 638/885/853
f 638/885/853 520/882/850 521/886/854
f 638/885/853 521/886/854 637/887/855
f 637/887/855 521/886/854 522/888/856
f 637/887/855 522/888/856 636/889/857
f 636/889/857 522/888/856 523/890/858
f 636/889/857 523/890/858 635/891/859
f 635/891/859 523/890/858 524/892/860
f 635/891/859 524/892/860 634/893/861
f 634/893/861 524/892/860 525/894/862
f 634/893/861 525/894/862 633/895/863
f 633/895/863 525/894/862 632/896/864
f 632/896/864 525/894/862 631/897/865
f 631/897/865 525/894/862 630/898/866
f 630/898/866 525/894/862 526/899/867
f 630/898/866 526/899/867 629/900/868
f 629/900/868 526/899/867 628/901/869
f 628/901/869 526/899/867 627/852/820
f 627/852/820 526/899/867 527/850/818
f 533/902/870 392/903/871 532/904/872
f 532/904/872 392/903/871 573/905/873
f 532/904/872 573/905/873 557/906/874
f 557/906/874 573/905/873 574/907/875
f 557/906/874 574/907/875 556/908/876
f 556/908/876 574/907/875 575/909/877
f 556/908/876 575/909/877 555/910/878
f 555/910/878 575/909/877 576/911/879
f 555/910/878 576/911/879 554/912/880
f 554/912/880 576/911/879 553/913/881
f 553/913/881 576/911/879 577/914/882
f 553/913/881 577/914/882 578/915/883
f 392/903/871 533/902/870 393/916/884
f 393/916/884 533/902/870 534/917/885
f 393/916/884 534/917/885 394/918/886
f 394/918/886 534/917/885 535/919/887
f 394/918/886 535/919/887 395/920/888
f 395/920/888 535/919/887 536/921/889
f 395/920/888 536/921/889 537/922/890
f 538/923/891 605/924/892 537/922/890
f 537/922/890 605/924/892 396/925/893
f 537/922/890 396/925/893 395/920/888
f 539/926/894 602/927/895 538/923/891
f 538/923/891 602/927/895 603/928/896
f 538/923/891 603/928/896 604/929/897
f 540/930/898 598/931/899 539/926/894
f 539/926/894 598/931/899 599/932/900
f 539/926/894 599/932/900 600/933/901
f 541/934/902 596/935/903 540/930/898
f 540/930/898 596/935/903 597/936/904
f 540/930/898 597/936/904 598/931/899
f 596/935/903 541/934/902 595/937/905
f 595/937/905 541/934/902 542/938/906
f 595/937/905 542/938/906 594/939/907
f 594/939/907 542/938/906 543/940/908
f 594/939/907 543/940/908 593/941/909
f 593/941/909 543/940/908 544/942/910
f 593/941/909 544/942/910 592/943/911
f 592/943/911 544/942/910 545/944/912
f 592/943/911 545/944/912 591/945/913
f 591/945/913 545/944/912 546/946/914
f 591/945/913 546/946/914 590/947/915
f 590/947/915 546/946/914 547/948/916
f 590/947/915 547/948/916 589/949/917
f 589/949/917 547/948/916 548/950/918
f 589/949/917 548/950/918 588/951/919
f 588/951/919 548/950/918 549/952/920
f 588/951/919 549/952/920 587/953/921
f 587/953/921 549/952/920 550/954/922
f 587/953/921 550/954/922 586/955/923
f 586/955/923 550/954/922 585/956/924
f 585/956/924 550/954/922 551/957/925
f 585/956/924 551/957/925 584/958/926
f 584/958/926 551/957/925 583/959/927
f 583/959/927 551/957/925 582/960/928
f 582/960/928 551/957/925 581/961/929
f 581/961/929 551/957/925 552/962/930
f 581/961/929 552/962/930 580/963/931
f 580/963/931 552/962/930 579/964/932
f 579/964/932 552/962/930 578/915/883
f 578/915/883 552/962/930 553/913/881
f 493/965/933 492/966/934 654/967/935
f 654/967/935 492/966/934 558/968/936
f 654/967/935 558/968/936 653/969/937
f 653/969/937 558/968/936 559/970/938
f 653/969/937 559/970/938 652/971/939
f 652/971/939 559/970/938 560/972/940
f 652/971/939 560/972/940 651/973/941
f 651/973/941 560/972/940 561/974/942
f 651/973/941 561/974/942 650/975/943
f 650/975/943 561/974/942 562/976/944
f 650/975/943 562/976/944 649/977/945
f 649/977/945 562/976/944 563/978/946
f 649/977/945 563/978/946 382/979/947
f 382/979/947 563/978/946 564/980/948
f 382/979/947 564/980/948 383/981/949
f 383/981/949 564/980/948 565/982/950
f 383/981/949 565/982/950 384/983/951
f 384/983/951 565/982/950 566/984/952
f 384/983/951 566/984/952 385/985/953
f 385/985/953 566/984/952 567/986/954
f 385/985/953 567/986/954 386/987/955
f 386/987/955 567/986/954 568/988/956
f 386/987/955 568/988/956 387/989/957
f 387/989/957 568/988/956 569/990/958
f 387/989/957 569/990/958 388/991/959
f 388/991/959 569/990/958 570/992/960
f 388/991/959 570/992/960 389/993/961
f 389/993/961 570/992/960 571/994/962
f 389/993/961 571/994/962 390/995/963
f 390/995/963 571/994/962 572/996/964
f 390/995/963 572/996/964 391/997/965
f 391/997/965 572/996/964 573/905/873
f 391/997/965 573/905/873 392/903/871
f 600/933/901 601/998/966 539/926/894
f 539/926/894 601/998/966 602/927/895
f 604/929/897 605/924/892 538/923/891
f 649/977/945 382/979/947 445/999/967
f 445/999/967 382/979/947 409/1000/968
f 445/999/967 409/1000/968 446/1001/969
f 446/1001/969 409/1000/968 408/1002/970
f 446/1001/969 408/1002/970 447/1003/971
f 447/1003/971 408/1002/970 407/1004/972
f 447/1003/971 407/1004/972 448/1005/973
f 448/1005/973 407/1004/972 406/1006/974
f 448/1005/973 406/1006/974 449/1007/975
f 449/1007/975 406/1006/974 405/1008/976
f 449/1007/975 405/1008/976 450/1009/977
f 450/1009/977 405/1008/976 404/1010/978
f 450/1009/977 404/1010/978 451/1011/979
f 451/1011/979 404/1010/978 606/1012/980
f 451/1011/979 606/1012/980 108/1013/981
f 108/1013/981 606/1012/980 674/1014/982
f 108/1013/981 674/1014/982 675/1015/983
f 606/1012/980 90/1016/984 674/1014/982
f 674/1014/982 90/1016/984 673/1017/985
f 673/1017/985 90/1016/984 672/1018/986
f 672/1018/986 90/1016/984 671/1019/987
f 671/1019/987 90/1016/984 670/1020/988
f 670/1020/988 90/1016/984 669/1021/989
f 669/1021/989 90/1016/984 89/1022/990
f 669/1021/989 89/1022/990 668/1023/991
f 668/1023/991 89/1022/990 88/1024/992
f 668/1023/991 88/1024/992 667/1025/993
f 667/1025/993 88/1024/992 87/1026/994
f 667/1025/993 87/1026/994 666/1027/995
f 666/1027/995 87/1026/994 86/1028/996
f 666/1027/995 86/1028/996 665/1029/997
f 665/1029/997 86/1028/996 85/1030/998
f 665/1029/997 85/1030/998 664/1031/999
f 664/1031/999 85/1030/998 84/1032/1000
f 664/1031/999 84/1032/1000 83/1033/1001
f 664/1031/999 83/1033/1001 663/1034/1002
f 663/1034/1002 83/1033/1001 82/1035/1003
f 663/1034/1002 82/1035/1003 662/1036/1004
f 662/1036/1004 82/1035/1003 81/1037/1005
f 662/1036/1004 81/1037/1005 91/1038/1006
f 91/1038/1006 81/1037/1005 80/1039/1007
f 91/1038/1006 80/1039/1007 79/1040/1008
f 91/1038/1006 94/1041/1009 662/1036/1004
f 662/1036/1004 94/1041/1009 661/1042/1010
f 661/1042/1010 94/1041/1009 93/1043/1011
f 661/1042/1010 93/1043/1011 92/1044/1012
f 95/1045/1013 106/1046/1014 92/1044/1012
f 92/1044/1012 106/1046/1014 105/1047/1015
f 92/1044/1012 105/1047/1015 661/1042/1010
f 661/1042/1010 105/1047/1015 104/1048/1016
f 661/1042/1010 104/1048/1016 660/1049/1017
f 660/1049/1017 104/1048/1016 103/1050/1018
f 660/1049/1017 103/1050/1018 659/1051/1019
f 659/1051/1019 103/1050/1018 102/1052/1020
f 659/1051/1019 102/1052/1020 101/1053/1021
f 659/1051/1019 101/1053/1021 658/1054/1022
f 658/1054/1022 101/1053/1021 100/1055/1023
f 658/1054/1022 100/1055/1023 657/1056/1024
f 657/1056/1024 100/1055/1023 99/1057/1025
f 657/1056/1024 99/1057/1025 656/1058/1026
f 656/1058/1026 99/1057/1025 98/1059/1027
f 656/1058/1026 98/1059/1027 655/1060/1028
f 655/1060/1028 98/1059/1027 97/1061/1029
f 655/1060/1028 97/1061/1029 680/1062/1030
f 680/1062/1030 97/1061/1029 96/1063/1031
f 680/1062/1030 96/1063/1031 679/1064/1032
f 679/1064/1032 96/1063/1031 678/1065/1033
f 678/1065/1033 96/1063/1031 677/1066/1034
f 677/1066/1034 96/1063/1031 676/1067/1035
f 676/1067/1035 96/1063/1031 675/1015/983
f 675/1015/983 96/1063/1031 108/1013/981
f 445/999/967 444/1068/1036 649/977/945
f 649/977/945 444/1068/1036 648/1069/1037
f 648/1069/1037 444/1068/1036 471/1070/1038
f 648/1069/1037 471/1070/1038 647/1071/1039
f 647/1071/1039 471/1070/1038 470/1072/1040
f 647/1071/1039 470/1072/1040 646/1073/1041
f 646/1073/1041 470/1072/1040 469/1074/1042
f 646/1073/1041 469/1074/1042 645/1075/1043
f 645/1075/1043 469/1074/1042 468/1076/1044
f 645/1075/1043 468/1076/1044 644/1077/1045
f 644/1077/1045 468/1076/1044 467/1078/1046
f 644/1077/1045 467/1078/1046 643/1079/1047
f 643/1079/1047 467/1078/1046 466/1080/1048
f 643/1079/1047 466/1080/1048 642/1081/1049
f 642/1081/1049 466/1080/1048 641/1082/1050
f 641/1082/1050 466/1080/1048 465/1083/1051
f 641/1082/1050 465/1083/1051 464/1084/1052
f 641/1082/1050 464/1084/1052 640/1085/1053
f 640/1085/1053 464/1084/1052 463/884/852
f 640/1085/1053 463/884/852 639/883/851
f 366/1086/732 485/1087/731 367/1088/682
f 367/1088/682 485/1087/731 477/1089/681
f 635/1090/1054 127/1091/1055 636/1092/1056
f 636/1092/1056 127/1091/1055 126/1093/1057
f 636/1092/1056 126/1093/1057 637/1094/1058
f 637/1094/1058 126/1093/1057 125/1095/1059
f 637/1094/1058 125/1095/1059 638/1096/1060
f 638/1096/1060 125/1095/1059 124/1097/1061
f 638/1096/1060 124/1097/1061 639/1098/1062
f 639/1098/1062 124/1097/1061 123/1099/1063
f 639/1098/1062 123/1099/1063 640/1100/1064
f 640/1100/1064 123/1099/1063 122/1101/1065
f 640/1100/1064 122/1101/1065 641/1102/1066
f 641/1102/1066 122/1101/1065 121/1103/1067
f 641/1102/1066 121/1103/1067 642/1104/1068
f 642/1104/1068 121/1103/1067 120/1105/1069
f 642/1104/1068 120/1105/1069 643/1106/1070
f 643/1106/1070 120/1105/1069 119/1107/1071
f 643/1106/1070 119/1107/1071 644/1108/1072
f 644/1108/1072 119/1107/1071 118/1109/1073
f 644/1108/1072 118/1109/1073 645/1110/1074
f 645/1110/1074 118/1109/1073 117/1111/1075
f 645/1110/1074 117/1111/1075 646/1112/1076
f 646/1112/1076 117/1111/1075 116/1113/1077
f 646/1112/1076 116/1113/1077 647/1114/1078
f 647/1114/1078 116/1113/1077 115/1115/1079
f 647/1114/1078 115/1115/1079 648/1116/1080
f 648/1116/1080 115/1115/1079 114/1117/1081
f 381/1118/1082 652/1119/1083 111/1120/1084
f 111/1120/1084 652/1119/1083 651/1121/1085
f 111/1120/1084 651/1121/1085 112/1122/1086
f 112/1122/1086 651/1121/1085 650/1123/1087
f 112/1122/1086 650/1123/1087 113/1124/1088
f 113/1124/1088 650/1123/1087 649/1125/1089
f 113/1124/1088 649/1125/1089 114/1126/1081
f 114/1126/1081 649/1125/1089 648/1127/1080
f 381/1118/1082 505/1128/1090 652/1119/1083
f 652/1119/1083 505/1128/1090 504/1129/1091
f 652/1119/1083 504/1129/1091 653/1130/1092
f 653/1130/1092 504/1129/1091 503/1131/1093
f 653/1130/1092 503/1131/1093 502/1132/1094
f 653/1130/1092 502/1132/1094 654/1133/1095
f 654/1133/1095 502/1132/1094 501/1134/1096
f 654/1133/1095 501/1134/1096 500/1135/1097
f 494/1136/1098 493/1137/1099 500/1135/1097
f 500/1135/1097 493/1137/1099 654/1133/1095
f 127/1138/1055 635/1139/1054 128/1140/1100
f 128/1140/1100 635/1139/1054 634/1141/1101
f 128/1140/1100 634/1141/1101 129/1142/1102
f 129/1142/1102 634/1141/1101 633/1143/1103
f 129/1142/1102 633/1143/1103 130/1144/1104
f 130/1144/1104 633/1143/1103 632/1145/1105
f 130/1144/1104 632/1145/1105 131/1146/1106
f 131/1146/1106 632/1145/1105 631/1147/1107
f 131/1146/1106 631/1147/1107 132/1148/1108
f 132/1148/1108 631/1147/1107 630/1149/1109
f 132/1148/1108 630/1149/1109 133/1150/1110
f 133/1150/1110 630/1149/1109 629/1151/1111
f 133/1150/1110 629/1151/1111 134/1152/1112
f 134/1152/1112 629/1151/1111 628/1153/1113
f 134/1152/1112 628/1153/1113 135/1154/1114
f 135/1154/1114 628/1153/1113 627/1155/1115
f 135/1154/1114 627/1155/1115 136/1156/1116
f 136/1156/1116 627/1155/1115 626/1157/1117
f 136/1156/1116 626/1157/1117 137/1158/1118
f 137/1158/1118 626/1157/1117 625/1159/1119
f 137/1158/1118 625/1159/1119 138/1160/1120
f 138/1160/1120 625/1159/1119 624/1161/1121
f 138/1160/1120 624/1161/1121 139/1162/1122
f 139/1162/1122 624/1161/1121 623/1163/1123
f 139/1162/1122 623/1163/1123 140/1164/1124
f 140/1164/1124 623/1163/1123 622/1165/1125
f 140/1164/1124 622/1165/1125 141/1166/1126
f 141/1166/1126 622/1165/1125 621/1167/1127
f 141/1166/1126 621/1167/1127 142/1168/1128
f 142/1168/1128 621/1167/1127 620/1169/1129
f 142/1168/1128 620/1169/1129 143/1170/1130
f 143/1170/1130 620/1169/1129 619/1171/1131
f 143/1170/1130 619/1171/1131 144/1172/1132
f 144/1172/1132 619/1171/1131 618/1173/1133
f 144/1172/1132 618/1173/1133 145/1174/1134
f 145/1174/1134 618/1173/1133 617/1175/1135
f 145/1174/1134 617/1175/1135 146/1176/1136
f 146/1176/1136 617/1175/1135 616/1177/1137
f 146/1176/1136 616/1177/1137 147/1178/1138
f 147/1178/1138 616/1177/1137 615/1179/1139
f 147/1178/1138 615/1179/1139 148/1180/1140
f 148/1180/1140 615/1179/1139 614/1181/1141
f 148/1180/1140 614/1181/1141 149/1182/1142
f 149/1182/1142 614/1181/1141 613/1183/1143
f 149/1182/1142 613/1183/1143 150/1184/1144
f 150/1184/1144 613/1183/1143 612/1185/1145
f 150/1184/1144 612/1185/1145 151/1186/1146
f 151/1186/1146 612/1185/1145 611/1187/1147
f 151/1186/1146 611/1187/1147 152/1188/1148
f 152/1188/1148 611/1187/1147 610/1189/1149
f 152/1188/1148 610/1189/1149 153/1190/1150
f 153/1190/1150 610/1189/1149 609/1191/1151
f 153/1190/1150 609/1191/1151 154/1192/1152
f 154/1192/1152 609/1191/1151 608/1193/1153
f 154/1192/1152 608/1193/1153 155/1194/1154
f 155/1194/1154 608/1193/1153 607/1195/1155
f 155/1194/1154 607/1195/1155 156/1196/649
f 156/1196/649 607/1195/1155 459/1197/648
f 563/1198/1156 311/1199/1157 564/1200/1158
f 564/1200/1158 311/1199/1157 310/1201/1159
f 564/1200/1158 310/1201/1159 309/1202/1160
f 564/1200/1158 309/1202/1160 565/1203/1161
f 565/1203/1161 309/1202/1160 308/1204/1162
f 565/1203/1161 308/1204/1162 566/1205/1163
f 566/1205/1163 308/1204/1162 307/1206/1164
f 566/1205/1163 307/1206/1164 567/1207/1165
f 567/1207/1165 307/1206/1164 306/1208/1166
f 567/1207/1165 306/1208/1166 568/1209/1167
f 568/1209/1167 306/1208/1166 305/1210/1168
f 568/1209/1167 305/1210/1168 569/1211/1169
f 569/1211/1169 305/1210/1168 304/1212/1170
f 569/1211/1169 304/1212/1170 570/1213/1171
f 570/1213/1171 304/1212/1170 303/1214/1172
f 570/1213/1171 303/1214/1172 571/1215/1173
f 571/1215/1173 303/1214/1172 302/1216/1174
f 571/1215/1173 302/1216/1174 572/1217/1175
f 572/1217/1175 302/1216/1174 301/1218/1176
f 572/1217/1175 301/1218/1176 573/1219/1177
f 573/1219/1177 301/1218/1176 300/1220/1178
f 573/1219/1177 300/1220/1178 574/1221/1179
f 574/1221/1179 300/1220/1178 299/1222/1180
f 574/1221/1179 299/1222/1180 575/1223/1181
f 575/1223/1181 299/1222/1180 298/1224/1182
f 575/1223/1181 298/1224/1182 576/1225/1183
f 576/1225/1183 298/1224/1182 577/1226/1184
f 577/1226/1184 298/1224/1182 297/1227/1185
f 268/1228/484 396/1229/483 269/1230/1186
f 269/1230/1186 396/1229/483 605/1231/1187
f 269/1230/1186 605/1231/1187 270/1232/1188
f 270/1232/1188 605/1231/1187 604/1233/1189
f 270/1232/1188 604/1233/1189 271/1234/1190
f 271/1234/1190 604/1233/1189 603/1235/1191
f 271/1234/1190 603/1235/1191 272/1236/1192
f 272/1236/1192 603/1235/1191 602/1237/1193
f 272/1236/1192 602/1237/1193 273/1238/1194
f 273/1238/1194 602/1237/1193 601/1239/1195
f 273/1238/1194 601/1239/1195 274/1240/1196
f 274/1240/1196 601/1239/1195 600/1241/1197
f 274/1240/1196 600/1241/1197 275/1242/1198
f 275/1242/1198 600/1241/1197 599/1243/1199
f 275/1242/1198 599/1243/1199 276/1244/1200
f 276/1244/1200 599/1243/1199 598/1245/1201
f 276/1244/1200 598/1245/1201 277/1246/1202
f 277/1246/1202 598/1245/1201 597/1247/1203
f 277/1246/1202 597/1247/1203 278/1248/1204
f 278/1248/1204 597/1247/1203 596/1249/1205
f 278/1248/1204 596/1249/1205 279/1250/1206
f 279/1250/1206 596/1249/1205 595/1251/1207
f 279/1250/1206 595/1251/1207 280/1252/1208
f 280/1252/1208 595/1251/1207 594/1253/1209
f 280/1252/1208 594/1253/1209 281/1254/1210
f 281/1254/1210 594/1253/1209 593/1255/1211
f 281/1254/1210 593/1255/1211 282/1256/1212
f 282/1256/1212 593/1255/1211 592/1257/1213
f 282/1256/1212 592/1257/1213 283/1258/1214
f 283/1258/1214 592/1257/1213 591/1259/1215
f 283/1258/1214 591/1259/1215 284/1260/1216
f 284/1260/1216 591/1259/1215 590/1261/1217
f 284/1260/1216 590/1261/1217 285/1262/1218
f 285/1262/1218 590/1261/1217 589/1263/1219
f 285/1262/1218 589/1263/1219 286/1264/1220
f 286/1264/1220 589/1263/1219 588/1265/1221
f 286/1264/1220 588/1265/1221 287/1266/1222
f 287/1266/1222 588/1265/1221 587/1267/1223
f 287/1266/1222 587/1267/1223 288/1268/1224
f 288/1268/1224 587/1267/1223 586/1269/1225
f 288/1268/1224 586/1269/1225 289/1270/1226
f 289/1270/1226 586/1269/1225 585/1271/1227
f 289/1270/1226 585/1271/1227 290/1272/1228
f 290/1272/1228 585/1271/1227 584/1273/1229
f 290/1272/1228 584/1273/1229 291/1274/1230
f 291/1274/1230 584/1273/1229 583/1275/1231
f 291/1274/1230 583/1275/1231 292/1276/1232
f 292/1276/1232 583/1275/1231 582/1277/1233
f 292/1276/1232 582/1277/1233 293/1278/1234
f 293/1278/1234 582/1277/1233 581/1279/1235
f 293/1278/1234 581/1279/1235 294/1280/1236
f 294/1280/1236 581/1279/1235 580/1281/1237
f 294/1280/1236 580/1281/1237 295/1282/1238
f 295/1282/1238 580/1281/1237 579/1283/1239
f 295/1282/1238 579/1283/1239 296/1284/1240
f 296/1284/1240 579/1283/1239 578/1285/1241
f 296/1284/1240 578/1285/1241 297/1286/1185
f 297/1286/1185 578/1285/1241 577/1287/1184
f 313/1288/1242 561/1289/1243 314/1290/1244
f 314/1290/1244 561/1289/1243 560/1291/1245
f 314/1290/1244 560/1291/1245 352/1292/1246
f 352/1292/1246 560/1291/1245 416/1293/1247
f 416/1293/1247 560/1291/1245 559/1294/1248
f 416/1293/1247 559/1294/1248 417/1295/1249
f 417/1295/1249 559/1294/1248 418/1296/1250
f 418/1296/1250 559/1294/1248 558/1297/1251
f 418/1296/1250 558/1297/1251 419/1298/1252
f 419/1298/1252 558/1297/1251 420/1299/1253
f 420/1299/1253 558/1297/1251 421/1300/1254
f 421/1300/1254 558/1297/1251 492/1301/1255
f 421/1300/1254 492/1301/1255 422/1302/1256
f 561/1289/1243 313/1288/1242 562/1303/1257
f 562/1303/1257 313/1288/1242 312/1304/1258
f 562/1303/1257 312/1304/1258 563/1305/1156
f 563/1305/1156 312/1304/1258 311/1306/1157
f 451/1307/621 108/1308/1259 175/1309/622
f 175/1309/622 108/1308/1259 107/1310/1260
f 38/1311/1261 656/1312/1262 13/1313/1263
f 13/1313/1263 656/1312/1262 655/1314/1264
f 13/1315/1263 655/1316/1264 14/1317/1265
f 14/1317/1265 655/1316/1264 680/1318/1266
f 14/1317/1265 680/1318/1266 679/1319/1267
f 38/1311/1261 37/1320/1268 656/1312/1262
f 656/1312/1262 37/1320/1268 657/1321/1269
f 657/1321/1269 37/1320/1268 36/1322/1270
f 657/1321/1269 36/1322/1270 658/1323/1271
f 658/1323/1271 36/1322/1270 35/1324/1272
f 658/1323/1271 35/1324/1272 659/1325/1273
f 659/1325/1273 35/1324/1272 34/1326/1274
f 659/1325/1273 34/1326/1274 660/1327/1275
f 660/1327/1275 34/1326/1274 33/1328/1276
f 660/1327/1275 33/1328/1276 661/1329/1277
f 661/1329/1277 33/1328/1276 32/1330/1278
f 661/1329/1277 32/1330/1278 662/1331/1279
f 662/1331/1279 32/1330/1278 31/1332/1280
f 662/1331/1279 31/1332/1280 663/1333/1281
f 663/1333/1281 31/1332/1280 30/1334/1282
f 663/1333/1281 30/1334/1282 664/1335/1283
f 664/1335/1283 30/1334/1282 29/1336/1284
f 664/1335/1283 29/1336/1284 665/1337/1285
f 665/1337/1285 29/1336/1284 28/1338/1286
f 665/1337/1285 28/1338/1286 666/1339/1287
f 666/1339/1287 28/1338/1286 27/1340/1288
f 666/1339/1287 27/1340/1288 667/1341/1289
f 667/1341/1289 27/1340/1288 26/1342/1290
f 667/1341/1289 26/1342/1290 668/1343/1291
f 668/1343/1291 26/1342/1290 25/1344/1292
f 668/1343/1291 25/1344/1292 669/1345/1293
f 669/1345/1293 25/1344/1292 24/1346/1294
f 669/1345/1293 24/1346/1294 670/1347/1295
f 670/1347/1295 24/1346/1294 23/1348/1296
f 670/1347/1295 23/1348/1296 671/1349/1297
f 671/1349/1297 23/1348/1296 22/1350/1298
f 671/1349/1297 22/1350/1298 672/1351/1299
f 672/1351/1299 22/1350/1298 21/1352/1300
f 672/1351/1299 21/1352/1300 673/1353/1301
f 673/1353/1301 21/1352/1300 20/1354/1302
f 673/1353/1301 20/1354/1302 674/1355/1303
f 674/1355/1303 20/1354/1302 19/1356/1304
f 674/1355/1303 19/1356/1304 675/1357/1305
f 675/1357/1305 19/1356/1304 18/1358/1306
f 675/1357/1305 18/1358/1306 676/1359/1307
f 676/1359/1307 18/1358/1306 17/1360/1308
f 676/1359/1307 17/1360/1308 677/1361/1309
f 677/1361/1309 17/1360/1308 16/1362/1310
f 677/1361/1309 16/1362/1310 678/1363/1311
f 678/1363/1311 16/1362/1310 15/1364/1312
f 678/1363/1311 15/1364/1312 679/1319/1267
f 679/1319/1267 15/1364/1312 14/1317/1265
f 201/1365/1313 507/1366/1314 176/1367/1315
f 176/1367/1315 507/1366/1314 506/1368/1316
f 176/1369/1315 506/1370/1316 177/1371/1317
f 177/1371/1317 506/1370/1316 531/1372/1318
f 177/1371/1317 531/1372/1318 530/1373/1319
f 201/1365/1313 200/1374/1320 507/1366/1314
f 507/1366/1314 200/1374/1320 508/1375/1321
f 508/1375/1321 200/1374/1320 199/1376/1322
f 508/1375/1321 199/1376/1322 509/1377/1323
f 509/1377/1323 199/1376/1322 198/1378/1324
f 509/1377/1323 198/1378/1324 510/1379/1325
f 510/1379/1325 198/1378/1324 197/1380/1326
f 510/1379/1325 197/1380/1326 511/1381/1327
f 511/1381/1327 197/1380/1326 196/1382/1328
f 511/1381/1327 196/1382/1328 512/1383/1329
f 512/1383/1329 196/1382/1328 195/1384/1330
f 512/1383/1329 195/1384/1330 513/1385/1331
f 513/1385/1331 195/1384/1330 194/1386/1332
f 513/1385/1331 194/1386/1332 514/1387/1333
f 514/1387/1333 194/1386/1332 193/1388/1334
f 514/1387/1333 193/1388/1334 515/1389/1335
f 515/1389/1335 193/1388/1334 192/1390/1336
f 515/1389/1335 192/1390/1336 516/1391/1337
f 516/1391/1337 192/1390/1336 191/1392/1338
f 516/1391/1337 191/1392/1338 517/1393/1339
f 517/1393/1339 191/1392/1338 190/1394/1340
f 517/1393/1339 190/1394/1340 518/1395/1341
f 518/1395/1341 190/1394/1340 189/1396/1342
f 518/1395/1341 189/1396/1342 519/1397/1343
f 519/1397/1343 189/1396/1342 188/1398/1344
f 519/1397/1343 188/1398/1344 520/1399/1345
f 520/1399/1345 188/1398/1344 187/1400/1346
f 520/1399/1345 187/1400/1346 521/1401/1347
f 521/1401/1347 187/1400/1346 186/1402/1348
f 521/1401/1347 186/1402/1348 522/1403/1349
f 522/1403/1349 186/1402/1348 185/1404/1350
f 522/1403/1349 185/1404/1350 523/1405/1351
f 523/1405/1351 185/1404/1350 184/1406/1352
f 523/1405/1351 184/1406/1352 524/1407/1353
f 524/1407/1353 184/1406/1352 183/1408/1354
f 524/1407/1353 183/1408/1354 525/1409/1355
f 525/1409/1355 183/1408/1354 182/1410/1356
f 525/1409/1355 182/1410/1356 526/1411/1357
f 526/1411/1357 182/1410/1356 181/1412/1358
f 526/1411/1357 181/1412/1358 527/1413/1359
f 527/1413/1359 181/1412/1358 180/1414/1360
f 527/1413/1359 180/1414/1360 528/1415/1361
f 528/1415/1361 180/1414/1360 179/1416/1362
f 528/1415/1361 179/1416/1362 529/1417/1363
f 529/1417/1363 179/1416/1362 178/1418/1364
f 529/1417/1363 178/1418/1364 530/1373/1319
f 530/1373/1319 178/1418/1364 177/1371/1317
f 342/1419/1365 533/1420/1366 317/1421/1367
f 317/1421/1367 533/1420/1366 532/1422/1368
f 317/1423/1367 532/1424/1368 318/1425/1369
f 318/1425/1369 532/1424/1368 557/1426/1370
f 318/1425/1369 557/1426/1370 556/1427/1371
f 342/1419/1365 341/1428/1372 533/1420/1366
f 533/1420/1366 341/1428/1372 534/1429/1373
f 534/1429/1373 341/1428/1372 340/1430/1374
f 534/1429/1373 340/1430/1374 535/1431/1375
f 535/1431/1375 340/1430/1374 339/1432/1376
f 535/1431/1375 339/1432/1376 536/1433/1377
f 536/1433/1377 339/1432/1376 338/1434/1378
f 536/1433/1377 338/1434/1378 537/1435/1379
f 537/1435/1379 338/1434/1378 337/1436/1380
f 537/1435/1379 337/1436/1380 538/1437/1381
f 538/1437/1381 337/1436/1380 336/1438/1382
f 538/1437/1381 336/1438/1382 539/1439/1383
f 539/1439/1383 336/1438/1382 335/1440/1384
f 539/1439/1383 335/1440/1384 540/1441/1385
f 540/1441/1385 335/1440/1384 334/1442/1386
f 540/1441/1385 334/1442/1386 541/1443/1387
f 541/1443/1387 334/1442/1386 333/1444/1388
f 541/1443/1387 333/1444/1388 542/1445/1389
f 542/1445/1389 333/1444/1388 332/1446/1390
f 542/1445/1389 332/1446/1390 543/1447/1391
f 543/1447/1391 332/1446/1390 331/1448/1392
f 543/1447/1391 331/1448/1392 544/1449/1393
f 544/1449/1393 331/1448/1392 330/1450/1394
f 544/1449/1393 330/1450/1394 545/1451/1395
f 545/1451/1395 330/1450/1394 329/1452/1396
f 545/1451/1395 329/1452/1396 546/1453/1397
f 546/1453/1397 329/1452/1396 328/1454/1398
f 546/1453/1397 328/1454/1398 547/1455/1399
f 547/1455/1399 328/1454/1398 327/1456/1400
f 547/1455/1399 327/1456/1400 548/1457/1401
f 548/1457/1401 327/1456/1400 326/1458/1402
f 548/1457/1401 326/1458/1402 549/1459/1403
f 549/1459/1403 326/1458/1402 325/1460/1404
f 549/1459/1403 325/1460/1404 550/1461/1405
f 550/1461/1405 325/1460/1404 324/1462/1406
f 550/1461/1405 324/1462/1406 551/1463/1407
f 551/1463/1407 324/1462/1406 323/1464/1408
f 551/1463/1407 323/1464/1408 552/1465/1409
f 552/1465/1409 323/1464/1408 322/1466/1410
f 552/1465/1409 322/1466/1410 553/1467/1411
f 553/1467/1411 322/1466/1410 321/1468/1412
f 553/1467/1411 321/1468/1412 554/1469/1413
f 554/1469/1413 321/1468/1412 320/1470/1414
f 554/1469/1413 320/1470/1414 555/1471/1415
f 555/1471/1415 320/1470/1414 319/1472/1416
f 555/1471/1415 319/1472/1416 556/1427/1371
f 556/1427/1371 319/1472/1416 318/1425/1369
f 250/1473/529 249/1474/1417 404/1475/528
f 404/1475/528 249/1474/1417 606/1476/1418
f 39/1477/1419 90/1478/1420 9/1479/1421
f 9/1479/1421 90/1478/1420 606/1480/1422
f 9/1479/1421 606/1480/1422 249/1481/1423
f 249/1481/1423 10/1482/1424 9/1479/1421
# 680 vertices
# 1482 texture params
# 1424 normals
# 1376 facets

# 1 groups
