# WaveFront *.obj file (generated by Autodesk ATF)

mtllib Frame - Fractal 65 Lite (streamlined).mtl

g Carbon plate 1.5mm

v -24.151924 -0.000000 -21.000000
v -24.126368 -0.000000 -21.194114
v -24.051443 -0.000000 -21.375000
v -23.932254 -0.000000 -21.530330
v -23.776924 -0.000000 -21.649519
v -23.596038 -0.000000 -21.724444
v -23.401924 -0.000000 -21.750000
v -23.207810 -0.000000 -21.724444
v -23.026924 -0.000000 -21.649519
v -22.871594 -0.000000 -21.530330
v -22.752405 -0.000000 -21.375000
v -22.677479 -0.000000 -21.194114
v -22.651924 -0.000000 -21.000000
v -22.677479 -0.000000 -20.805886
v -22.752405 -0.000000 -20.625000
v -22.871594 -0.000000 -20.469670
v -23.026924 -0.000000 -20.350481
v -23.207810 -0.000000 -20.275556
v -23.401924 -0.000000 -20.250000
v -23.596038 -0.000000 -20.275556
v -23.776924 -0.000000 -20.350481
v -23.932254 -0.000000 -20.469670
v -24.051443 -0.000000 -20.625000
v -24.126368 -0.000000 -20.805886
v -24.151924 1.500000 -21.000000
v -24.126368 1.500000 -20.805886
v -24.051443 1.500000 -20.625000
v -23.932254 1.500000 -20.469670
v -23.776924 1.500000 -20.350481
v -23.596038 1.500000 -20.275556
v -23.401924 1.500000 -20.250000
v -23.207810 1.500000 -20.275556
v -23.026924 1.500000 -20.350481
v -22.871594 1.500000 -20.469670
v -22.752405 1.500000 -20.625000
v -22.677479 1.500000 -20.805886
v -22.651924 1.500000 -21.000000
v -22.677479 1.500000 -21.194114
v -22.752405 1.500000 -21.375000
v -22.871594 1.500000 -21.530330
v -23.026924 1.500000 -21.649519
v -23.207810 1.500000 -21.724444
v -23.401924 1.500000 -21.750000
v -23.596038 1.500000 -21.724444
v -23.776924 1.500000 -21.649519
v -23.932254 1.500000 -21.530330
v -24.051443 1.500000 -21.375000
v -24.126368 1.500000 -21.194114
v -27.800000 -0.000000 -19.500000
v -27.751481 -0.000000 -19.915109
v -27.608539 -0.000000 -20.307839
v -27.378880 -0.000000 -20.657018
v -27.074885 -0.000000 -20.943822
v -26.712944 -0.000000 -21.152789
v -26.312567 -0.000000 -21.272654
v -25.895339 -0.000000 -21.296955
v -25.483754 -0.000000 -21.224381
v -25.100000 -0.000000 -21.058846
v -24.764765 -0.000000 -20.809273
v -24.496122 -0.000000 -20.489116
v -24.308553 -0.000000 -20.115636
v -24.212171 -0.000000 -19.708967
v -24.212171 -0.000000 -19.291033
v -24.308553 -0.000000 -18.884364
v -24.496122 -0.000000 -18.510884
v -24.764765 -0.000000 -18.190727
v -25.100000 -0.000000 -17.941154
v -25.483754 -0.000000 -17.775619
v -25.895339 -0.000000 -17.703045
v -26.312567 -0.000000 -17.727346
v -26.712944 -0.000000 -17.847211
v -27.074885 -0.000000 -18.056178
v -27.378880 -0.000000 -18.342982
v -27.608539 -0.000000 -18.692161
v -27.751481 -0.000000 -19.084891
v -27.800000 1.500000 -19.500000
v -27.751481 1.500000 -19.084891
v -27.608539 1.500000 -18.692161
v -27.378880 1.500000 -18.342982
v -27.074885 1.500000 -18.056178
v -26.712944 1.500000 -17.847211
v -26.312567 1.500000 -17.727346
v -25.895339 1.500000 -17.703045
v -25.483754 1.500000 -17.775619
v -25.100000 1.500000 -17.941154
v -24.764765 1.500000 -18.190727
v -24.496122 1.500000 -18.510884
v -24.308553 1.500000 -18.884364
v -24.212171 1.500000 -19.291033
v -24.212171 1.500000 -19.708967
v -24.308553 1.500000 -20.115636
v -24.496122 1.500000 -20.489116
v -24.764765 1.500000 -20.809273
v -25.100000 1.500000 -21.058846
v -25.483754 1.500000 -21.224381
v -25.895339 1.500000 -21.296955
v -26.312567 1.500000 -21.272654
v -26.712944 1.500000 -21.152789
v -27.074885 1.500000 -20.943822
v -27.378880 1.500000 -20.657018
v -27.608539 1.500000 -20.307839
v -27.751481 1.500000 -19.915109
v 27.848076 -0.000000 -21.000000
v 27.873632 -0.000000 -21.194114
v 27.948557 -0.000000 -21.375000
v 28.067746 -0.000000 -21.530330
v 28.223076 -0.000000 -21.649519
v 28.403962 -0.000000 -21.724444
v 28.598076 -0.000000 -21.750000
v 28.792190 -0.000000 -21.724444
v 28.973076 -0.000000 -21.649519
v 29.128406 -0.000000 -21.530330
v 29.247595 -0.000000 -21.375000
v 29.322521 -0.000000 -21.194114
v 29.348076 -0.000000 -21.000000
v 29.322521 -0.000000 -20.805886
v 29.247595 -0.000000 -20.625000
v 29.128406 -0.000000 -20.469670
v 28.973076 -0.000000 -20.350481
v 28.792190 -0.000000 -20.275556
v 28.598076 -0.000000 -20.250000
v 28.403962 -0.000000 -20.275556
v 28.223076 -0.000000 -20.350481
v 28.067746 -0.000000 -20.469670
v 27.948557 -0.000000 -20.625000
v 27.873632 -0.000000 -20.805886
v 27.848076 1.500000 -21.000000
v 27.873632 1.500000 -20.805886
v 27.948557 1.500000 -20.625000
v 28.067746 1.500000 -20.469670
v 28.223076 1.500000 -20.350481
v 28.403962 1.500000 -20.275556
v 28.598076 1.500000 -20.250000
v 28.792190 1.500000 -20.275556
v 28.973076 1.500000 -20.350481
v 29.128406 1.500000 -20.469670
v 29.247595 1.500000 -20.625000
v 29.322521 1.500000 -20.805886
v 29.348076 1.500000 -21.000000
v 29.322521 1.500000 -21.194114
v 29.247595 1.500000 -21.375000
v 29.128406 1.500000 -21.530330
v 28.973076 1.500000 -21.649519
v 28.792190 1.500000 -21.724444
v 28.598076 1.500000 -21.750000
v 28.403962 1.500000 -21.724444
v 28.223076 1.500000 -21.649519
v 28.067746 1.500000 -21.530330
v 27.948557 1.500000 -21.375000
v 27.873632 1.500000 -21.194114
v 24.200000 -0.000000 -19.500000
v 24.248519 -0.000000 -19.915109
v 24.391461 -0.000000 -20.307839
v 24.621120 -0.000000 -20.657018
v 24.925115 -0.000000 -20.943822
v 25.287056 -0.000000 -21.152789
v 25.687433 -0.000000 -21.272654
v 26.104661 -0.000000 -21.296955
v 26.516246 -0.000000 -21.224381
v 26.900000 -0.000000 -21.058846
v 27.235235 -0.000000 -20.809273
v 27.503878 -0.000000 -20.489116
v 27.691447 -0.000000 -20.115636
v 27.787829 -0.000000 -19.708967
v 27.787829 -0.000000 -19.291033
v 27.691447 -0.000000 -18.884364
v 27.503878 -0.000000 -18.510884
v 27.235235 -0.000000 -18.190727
v 26.900000 -0.000000 -17.941154
v 26.516246 -0.000000 -17.775619
v 26.104661 -0.000000 -17.703045
v 25.687433 -0.000000 -17.727346
v 25.287056 -0.000000 -17.847211
v 24.925115 -0.000000 -18.056178
v 24.621120 -0.000000 -18.342982
v 24.391461 -0.000000 -18.692161
v 24.248519 -0.000000 -19.084891
v 24.200000 1.500000 -19.500000
v 24.248519 1.500000 -19.084891
v 24.391461 1.500000 -18.692161
v 24.621120 1.500000 -18.342982
v 24.925115 1.500000 -18.056178
v 25.287056 1.500000 -17.847211
v 25.687433 1.500000 -17.727346
v 26.104661 1.500000 -17.703045
v 26.516246 1.500000 -17.775619
v 26.900000 1.500000 -17.941154
v 27.235235 1.500000 -18.190727
v 27.503878 1.500000 -18.510884
v 27.691447 1.500000 -18.884364
v 27.787829 1.500000 -19.291033
v 27.787829 1.500000 -19.708967
v 27.691447 1.500000 -20.115636
v 27.503878 1.500000 -20.489116
v 27.235235 1.500000 -20.809273
v 26.900000 1.500000 -21.058846
v 26.516246 1.500000 -21.224381
v 26.104661 1.500000 -21.296955
v 25.687433 1.500000 -21.272654
v 25.287056 1.500000 -21.152789
v 24.925115 1.500000 -20.943822
v 24.621120 1.500000 -20.657018
v 24.391461 1.500000 -20.307839
v 24.248519 1.500000 -19.915109
v -24.151924 -0.000000 18.000000
v -24.126368 -0.000000 17.805886
v -24.051443 -0.000000 17.625000
v -23.932254 -0.000000 17.469670
v -23.776924 -0.000000 17.350481
v -23.596038 -0.000000 17.275556
v -23.401924 -0.000000 17.250000
v -23.207810 -0.000000 17.275556
v -23.026924 -0.000000 17.350481
v -22.871594 -0.000000 17.469670
v -22.752405 -0.000000 17.625000
v -22.677479 -0.000000 17.805886
v -22.651924 -0.000000 18.000000
v -22.677479 -0.000000 18.194114
v -22.752405 -0.000000 18.375000
v -22.871594 -0.000000 18.530330
v -23.026924 -0.000000 18.649519
v -23.207810 -0.000000 18.724444
v -23.401924 -0.000000 18.750000
v -23.596038 -0.000000 18.724444
v -23.776924 -0.000000 18.649519
v -23.932254 -0.000000 18.530330
v -24.051443 -0.000000 18.375000
v -24.126368 -0.000000 18.194114
v -24.151924 1.500000 18.000000
v -24.126368 1.500000 18.194114
v -24.051443 1.500000 18.375000
v -23.932254 1.500000 18.530330
v -23.776924 1.500000 18.649519
v -23.596038 1.500000 18.724444
v -23.401924 1.500000 18.750000
v -23.207810 1.500000 18.724444
v -23.026924 1.500000 18.649519
v -22.871594 1.500000 18.530330
v -22.752405 1.500000 18.375000
v -22.677479 1.500000 18.194114
v -22.651924 1.500000 18.000000
v -22.677479 1.500000 17.805886
v -22.752405 1.500000 17.625000
v -22.871594 1.500000 17.469670
v -23.026924 1.500000 17.350481
v -23.207810 1.500000 17.275556
v -23.401924 1.500000 17.250000
v -23.596038 1.500000 17.275556
v -23.776924 1.500000 17.350481
v -23.932254 1.500000 17.469670
v -24.051443 1.500000 17.625000
v -24.126368 1.500000 17.805886
v -26.750000 -0.000000 22.500000
v -26.724444 -0.000000 22.305886
v -26.649519 -0.000000 22.125000
v -26.530330 -0.000000 21.969670
v -26.375000 -0.000000 21.850481
v -26.194114 -0.000000 21.775556
v -26.000000 -0.000000 21.750000
v -25.805886 -0.000000 21.775556
v -25.625000 -0.000000 21.850481
v -25.469670 -0.000000 21.969670
v -25.350481 -0.000000 22.125000
v -25.275556 -0.000000 22.305886
v -25.250000 -0.000000 22.500000
v -25.275556 -0.000000 22.694114
v -25.350481 -0.000000 22.875000
v -25.469670 -0.000000 23.030330
v -25.625000 -0.000000 23.149519
v -25.805886 -0.000000 23.224444
v -26.000000 -0.000000 23.250000
v -26.194114 -0.000000 23.224444
v -26.375000 -0.000000 23.149519
v -26.530330 -0.000000 23.030330
v -26.649519 -0.000000 22.875000
v -26.724444 -0.000000 22.694114
v -26.750000 1.500000 22.500000
v -26.724444 1.500000 22.694114
v -26.649519 1.500000 22.875000
v -26.530330 1.500000 23.030330
v -26.375000 1.500000 23.149519
v -26.194114 1.500000 23.224444
v -26.000000 1.500000 23.250000
v -25.805886 1.500000 23.224444
v -25.625000 1.500000 23.149519
v -25.469670 1.500000 23.030330
v -25.350481 1.500000 22.875000
v -25.275556 1.500000 22.694114
v -25.250000 1.500000 22.500000
v -25.275556 1.500000 22.305886
v -25.350481 1.500000 22.125000
v -25.469670 1.500000 21.969670
v -25.625000 1.500000 21.850481
v -25.805886 1.500000 21.775556
v -26.000000 1.500000 21.750000
v -26.194114 1.500000 21.775556
v -26.375000 1.500000 21.850481
v -26.530330 1.500000 21.969670
v -26.649519 1.500000 22.125000
v -26.724444 1.500000 22.305886
v 22.651924 -0.000000 18.000000
v 22.677479 -0.000000 17.805886
v 22.752405 -0.000000 17.625000
v 22.871594 -0.000000 17.469670
v 23.026924 -0.000000 17.350481
v 23.207810 -0.000000 17.275556
v 23.401924 -0.000000 17.250000
v 23.596038 -0.000000 17.275556
v 23.776924 -0.000000 17.350481
v 23.932254 -0.000000 17.469670
v 24.051443 -0.000000 17.625000
v 24.126368 -0.000000 17.805886
v 24.151924 -0.000000 18.000000
v 24.126368 -0.000000 18.194114
v 24.051443 -0.000000 18.375000
v 23.932254 -0.000000 18.530330
v 23.776924 -0.000000 18.649519
v 23.596038 -0.000000 18.724444
v 23.401924 -0.000000 18.750000
v 23.207810 -0.000000 18.724444
v 23.026924 -0.000000 18.649519
v 22.871594 -0.000000 18.530330
v 22.752405 -0.000000 18.375000
v 22.677479 -0.000000 18.194114
v 22.651924 1.500000 18.000000
v 22.677479 1.500000 18.194114
v 22.752405 1.500000 18.375000
v 22.871594 1.500000 18.530330
v 23.026924 1.500000 18.649519
v 23.207810 1.500000 18.724444
v 23.401924 1.500000 18.750000
v 23.596038 1.500000 18.724444
v 23.776924 1.500000 18.649519
v 23.932254 1.500000 18.530330
v 24.051443 1.500000 18.375000
v 24.126368 1.500000 18.194114
v 24.151924 1.500000 18.000000
v 24.126368 1.500000 17.805886
v 24.051443 1.500000 17.625000
v 23.932254 1.500000 17.469670
v 23.776924 1.500000 17.350481
v 23.596038 1.500000 17.275556
v 23.401924 1.500000 17.250000
v 23.207810 1.500000 17.275556
v 23.026924 1.500000 17.350481
v 22.871594 1.500000 17.469670
v 22.752405 1.500000 17.625000
v 22.677479 1.500000 17.805886
v 25.250000 -0.000000 22.500000
v 25.275556 -0.000000 22.305886
v 25.350481 -0.000000 22.125000
v 25.469670 -0.000000 21.969670
v 25.625000 -0.000000 21.850481
v 25.805886 -0.000000 21.775556
v 26.000000 -0.000000 21.750000
v 26.194114 -0.000000 21.775556
v 26.375000 -0.000000 21.850481
v 26.530330 -0.000000 21.969670
v 26.649519 -0.000000 22.125000
v 26.724444 -0.000000 22.305886
v 26.750000 -0.000000 22.500000
v 26.724444 -0.000000 22.694114
v 26.649519 -0.000000 22.875000
v 26.530330 -0.000000 23.030330
v 26.375000 -0.000000 23.149519
v 26.194114 -0.000000 23.224444
v 26.000000 -0.000000 23.250000
v 25.805886 -0.000000 23.224444
v 25.625000 -0.000000 23.149519
v 25.469670 -0.000000 23.030330
v 25.350481 -0.000000 22.875000
v 25.275556 -0.000000 22.694114
v 25.250000 1.500000 22.500000
v 25.275556 1.500000 22.694114
v 25.350481 1.500000 22.875000
v 25.469670 1.500000 23.030330
v 25.625000 1.500000 23.149519
v 25.805886 1.500000 23.224444
v 26.000000 1.500000 23.250000
v 26.194114 1.500000 23.224444
v 26.375000 1.500000 23.149519
v 26.530330 1.500000 23.030330
v 26.649519 1.500000 22.875000
v 26.724444 1.500000 22.694114
v 26.750000 1.500000 22.500000
v 26.724444 1.500000 22.305886
v 26.649519 1.500000 22.125000
v 26.530330 1.500000 21.969670
v 26.375000 1.500000 21.850481
v 26.194114 1.500000 21.775556
v 26.000000 1.500000 21.750000
v 25.805886 1.500000 21.775556
v 25.625000 1.500000 21.850481
v 25.469670 1.500000 21.969670
v 25.350481 1.500000 22.125000
v 25.275556 1.500000 22.305886
v -19.131223 -0.000000 0.000000
v -19.093741 -0.000000 -0.284701
v -18.983851 -0.000000 -0.550000
v -18.809040 -0.000000 -0.777817
v -18.581223 -0.000000 -0.952628
v -18.315924 -0.000000 -1.062518
v -18.031223 -0.000000 -1.100000
v -17.746522 -0.000000 -1.062518
v -17.481223 -0.000000 -0.952628
v -17.253405 -0.000000 -0.777817
v -17.078595 -0.000000 -0.550000
v -16.968705 -0.000000 -0.284701
v -16.931223 -0.000000 0.000000
v -16.968705 -0.000000 0.284701
v -17.078595 -0.000000 0.550000
v -17.253405 -0.000000 0.777817
v -17.481223 -0.000000 0.952628
v -17.746522 -0.000000 1.062518
v -18.031223 -0.000000 1.100000
v -18.315924 -0.000000 1.062518
v -18.581223 -0.000000 0.952628
v -18.809040 -0.000000 0.777817
v -18.983851 -0.000000 0.550000
v -19.093741 -0.000000 0.284701
v -19.131223 1.500000 0.000000
v -19.093741 1.500000 0.284701
v -18.983851 1.500000 0.550000
v -18.809040 1.500000 0.777817
v -18.581223 1.500000 0.952628
v -18.315924 1.500000 1.062518
v -18.031223 1.500000 1.100000
v -17.746522 1.500000 1.062518
v -17.481223 1.500000 0.952628
v -17.253405 1.500000 0.777817
v -17.078595 1.500000 0.550000
v -16.968705 1.500000 0.284701
v -16.931223 1.500000 0.000000
v -16.968705 1.500000 -0.284701
v -17.078595 1.500000 -0.550000
v -17.253405 1.500000 -0.777817
v -17.481223 1.500000 -0.952628
v -17.746522 1.500000 -1.062518
v -18.031223 1.500000 -1.100000
v -18.315924 1.500000 -1.062518
v -18.581223 1.500000 -0.952628
v -18.809040 1.500000 -0.777817
v -18.983851 1.500000 -0.550000
v -19.093741 1.500000 -0.284701
v -1.100000 -0.000000 -18.031223
v -1.062518 -0.000000 -18.315924
v -0.952628 -0.000000 -18.581223
v -0.777817 -0.000000 -18.809040
v -0.550000 -0.000000 -18.983851
v -0.284701 -0.000000 -19.093741
v 0.000000 -0.000000 -19.131223
v 0.284701 -0.000000 -19.093741
v 0.550000 -0.000000 -18.983851
v 0.777817 -0.000000 -18.809040
v 0.952628 -0.000000 -18.581223
v 1.062518 -0.000000 -18.315924
v 1.100000 -0.000000 -18.031223
v 1.062518 -0.000000 -17.746522
v 0.952628 -0.000000 -17.481223
v 0.777817 -0.000000 -17.253405
v 0.550000 -0.000000 -17.078595
v 0.284701 -0.000000 -16.968705
v 0.000000 -0.000000 -16.931223
v -0.284701 -0.000000 -16.968705
v -0.550000 -0.000000 -17.078595
v -0.777817 -0.000000 -17.253405
v -0.952628 -0.000000 -17.481223
v -1.062518 -0.000000 -17.746522
v -1.100000 1.500000 -18.031223
v -1.062518 1.500000 -17.746522
v -0.952628 1.500000 -17.481223
v -0.777817 1.500000 -17.253405
v -0.550000 1.500000 -17.078595
v -0.284701 1.500000 -16.968705
v 0.000000 1.500000 -16.931223
v 0.284701 1.500000 -16.968705
v 0.550000 1.500000 -17.078595
v 0.777817 1.500000 -17.253405
v 0.952628 1.500000 -17.481223
v 1.062518 1.500000 -17.746522
v 1.100000 1.500000 -18.031223
v 1.062518 1.500000 -18.315924
v 0.952628 1.500000 -18.581223
v 0.777817 1.500000 -18.809040
v 0.550000 1.500000 -18.983851
v 0.284701 1.500000 -19.093741
v 0.000000 1.500000 -19.131223
v -0.284701 1.500000 -19.093741
v -0.550000 1.500000 -18.983851
v -0.777817 1.500000 -18.809040
v -0.952628 1.500000 -18.581223
v -1.062518 1.500000 -18.315924
v 16.931223 -0.000000 0.000000
v 16.968705 -0.000000 -0.284701
v 17.078595 -0.000000 -0.550000
v 17.253405 -0.000000 -0.777817
v 17.481223 -0.000000 -0.952628
v 17.746522 -0.000000 -1.062518
v 18.031223 -0.000000 -1.100000
v 18.315924 -0.000000 -1.062518
v 18.581223 -0.000000 -0.952628
v 18.809040 -0.000000 -0.777817
v 18.983851 -0.000000 -0.550000
v 19.093741 -0.000000 -0.284701
v 19.131223 -0.000000 0.000000
v 19.093741 -0.000000 0.284701
v 18.983851 -0.000000 0.550000
v 18.809040 -0.000000 0.777817
v 18.581223 -0.000000 0.952628
v 18.315924 -0.000000 1.062518
v 18.031223 -0.000000 1.100000
v 17.746522 -0.000000 1.062518
v 17.481223 -0.000000 0.952628
v 17.253405 -0.000000 0.777817
v 17.078595 -0.000000 0.550000
v 16.968705 -0.000000 0.284701
v 16.931223 1.500000 0.000000
v 16.968705 1.500000 0.284701
v 17.078595 1.500000 0.550000
v 17.253405 1.500000 0.777817
v 17.481223 1.500000 0.952628
v 17.746522 1.500000 1.062518
v 18.031223 1.500000 1.100000
v 18.315924 1.500000 1.062518
v 18.581223 1.500000 0.952628
v 18.809040 1.500000 0.777817
v 18.983851 1.500000 0.550000
v 19.093741 1.500000 0.284701
v 19.131223 1.500000 0.000000
v 19.093741 1.500000 -0.284701
v 18.983851 1.500000 -0.550000
v 18.809040 1.500000 -0.777817
v 18.581223 1.500000 -0.952628
v 18.315924 1.500000 -1.062518
v 18.031223 1.500000 -1.100000
v 17.746522 1.500000 -1.062518
v 17.481223 1.500000 -0.952628
v 17.253405 1.500000 -0.777817
v 17.078595 1.500000 -0.550000
v 16.968705 1.500000 -0.284701
v 24.200000 -0.000000 19.500000
v 24.248519 -0.000000 19.084891
v 24.391461 -0.000000 18.692161
v 24.621120 -0.000000 18.342982
v 24.925115 -0.000000 18.056178
v 25.287056 -0.000000 17.847211
v 25.687433 -0.000000 17.727346
v 26.104661 -0.000000 17.703045
v 26.516246 -0.000000 17.775619
v 26.900000 -0.000000 17.941154
v 27.235235 -0.000000 18.190727
v 27.503878 -0.000000 18.510884
v 27.691447 -0.000000 18.884364
v 27.787829 -0.000000 19.291033
v 27.787829 -0.000000 19.708967
v 27.691447 -0.000000 20.115636
v 27.503878 -0.000000 20.489116
v 27.235235 -0.000000 20.809273
v 26.900000 -0.000000 21.058846
v 26.516246 -0.000000 21.224381
v 26.104661 -0.000000 21.296955
v 25.687433 -0.000000 21.272654
v 25.287056 -0.000000 21.152789
v 24.925115 -0.000000 20.943822
v 24.621120 -0.000000 20.657018
v 24.391461 -0.000000 20.307839
v 24.248519 -0.000000 19.915109
v 24.200000 1.500000 19.500000
v 24.248519 1.500000 19.915109
v 24.391461 1.500000 20.307839
v 24.621120 1.500000 20.657018
v 24.925115 1.500000 20.943822
v 25.287056 1.500000 21.152789
v 25.687433 1.500000 21.272654
v 26.104661 1.500000 21.296955
v 26.516246 1.500000 21.224381
v 26.900000 1.500000 21.058846
v 27.235235 1.500000 20.809273
v 27.503878 1.500000 20.489116
v 27.691447 1.500000 20.115636
v 27.787829 1.500000 19.708967
v 27.787829 1.500000 19.291033
v 27.691447 1.500000 18.884364
v 27.503878 1.500000 18.510884
v 27.235235 1.500000 18.190727
v 26.900000 1.500000 17.941154
v 26.516246 1.500000 17.775619
v 26.104661 1.500000 17.703045
v 25.687433 1.500000 17.727346
v 25.287056 1.500000 17.847211
v 24.925115 1.500000 18.056178
v 24.621120 1.500000 18.342982
v 24.391461 1.500000 18.692161
v 24.248519 1.500000 19.084891
v 27.848076 -0.000000 18.000000
v 27.873632 -0.000000 17.805886
v 27.948557 -0.000000 17.625000
v 28.067746 -0.000000 17.469670
v 28.223076 -0.000000 17.350481
v 28.403962 -0.000000 17.275556
v 28.598076 -0.000000 17.250000
v 28.792190 -0.000000 17.275556
v 28.973076 -0.000000 17.350481
v 29.128406 -0.000000 17.469670
v 29.247595 -0.000000 17.625000
v 29.322521 -0.000000 17.805886
v 29.348076 -0.000000 18.000000
v 29.322521 -0.000000 18.194114
v 29.247595 -0.000000 18.375000
v 29.128406 -0.000000 18.530330
v 28.973076 -0.000000 18.649519
v 28.792190 -0.000000 18.724444
v 28.598076 -0.000000 18.750000
v 28.403962 -0.000000 18.724444
v 28.223076 -0.000000 18.649519
v 28.067746 -0.000000 18.530330
v 27.948557 -0.000000 18.375000
v 27.873632 -0.000000 18.194114
v 27.848076 1.500000 18.000000
v 27.873632 1.500000 18.194114
v 27.948557 1.500000 18.375000
v 28.067746 1.500000 18.530330
v 28.223076 1.500000 18.649519
v 28.403962 1.500000 18.724444
v 28.598076 1.500000 18.750000
v 28.792190 1.500000 18.724444
v 28.973076 1.500000 18.649519
v 29.128406 1.500000 18.530330
v 29.247595 1.500000 18.375000
v 29.322521 1.500000 18.194114
v 29.348076 1.500000 18.000000
v 29.322521 1.500000 17.805886
v 29.247595 1.500000 17.625000
v 29.128406 1.500000 17.469670
v 28.973076 1.500000 17.350481
v 28.792190 1.500000 17.275556
v 28.598076 1.500000 17.250000
v 28.403962 1.500000 17.275556
v 28.223076 1.500000 17.350481
v 28.067746 1.500000 17.469670
v 27.948557 1.500000 17.625000
v 27.873632 1.500000 17.805886
v -27.800000 -0.000000 19.500000
v -27.751481 -0.000000 19.084891
v -27.608539 -0.000000 18.692161
v -27.378880 -0.000000 18.342982
v -27.074885 -0.000000 18.056178
v -26.712944 -0.000000 17.847211
v -26.312567 -0.000000 17.727346
v -25.895339 -0.000000 17.703045
v -25.483754 -0.000000 17.775619
v -25.100000 -0.000000 17.941154
v -24.764765 -0.000000 18.190727
v -24.496122 -0.000000 18.510884
v -24.308553 -0.000000 18.884364
v -24.212171 -0.000000 19.291033
v -24.212171 -0.000000 19.708967
v -24.308553 -0.000000 20.115636
v -24.496122 -0.000000 20.489116
v -24.764765 -0.000000 20.809273
v -25.100000 -0.000000 21.058846
v -25.483754 -0.000000 21.224381
v -25.895339 -0.000000 21.296955
v -26.312567 -0.000000 21.272654
v -26.712944 -0.000000 21.152789
v -27.074885 -0.000000 20.943822
v -27.378880 -0.000000 20.657018
v -27.608539 -0.000000 20.307839
v -27.751481 -0.000000 19.915109
v -27.800000 1.500000 19.500000
v -27.751481 1.500000 19.915109
v -27.608539 1.500000 20.307839
v -27.378880 1.500000 20.657018
v -27.074885 1.500000 20.943822
v -26.712944 1.500000 21.152789
v -26.312567 1.500000 21.272654
v -25.895339 1.500000 21.296955
v -25.483754 1.500000 21.224381
v -25.100000 1.500000 21.058846
v -24.764765 1.500000 20.809273
v -24.496122 1.500000 20.489116
v -24.308553 1.500000 20.115636
v -24.212171 1.500000 19.708967
v -24.212171 1.500000 19.291033
v -24.308553 1.500000 18.884364
v -24.496122 1.500000 18.510884
v -24.764765 1.500000 18.190727
v -25.100000 1.500000 17.941154
v -25.483754 1.500000 17.775619
v -25.895339 1.500000 17.703045
v -26.312567 1.500000 17.727346
v -26.712944 1.500000 17.847211
v -27.074885 1.500000 18.056178
v -27.378880 1.500000 18.342982
v -27.608539 1.500000 18.692161
v -27.751481 1.500000 19.084891
v -1.100000 -0.000000 18.031223
v -1.062518 -0.000000 17.746522
v -0.952628 -0.000000 17.481223
v -0.777817 -0.000000 17.253405
v -0.550000 -0.000000 17.078595
v -0.284701 -0.000000 16.968705
v 0.000000 -0.000000 16.931223
v 0.284701 -0.000000 16.968705
v 0.550000 -0.000000 17.078595
v 0.777817 -0.000000 17.253405
v 0.952628 -0.000000 17.481223
v 1.062518 -0.000000 17.746522
v 1.100000 -0.000000 18.031223
v 1.062518 -0.000000 18.315924
v 0.952628 -0.000000 18.581223
v 0.777817 -0.000000 18.809040
v 0.550000 -0.000000 18.983851
v 0.284701 -0.000000 19.093741
v 0.000000 -0.000000 19.131223
v -0.284701 -0.000000 19.093741
v -0.550000 -0.000000 18.983851
v -0.777817 -0.000000 18.809040
v -0.952628 -0.000000 18.581223
v -1.062518 -0.000000 18.315924
v -1.100000 1.500000 18.031223
v -1.062518 1.500000 18.315924
v -0.952628 1.500000 18.581223
v -0.777817 1.500000 18.809040
v -0.550000 1.500000 18.983851
v -0.284701 1.500000 19.093741
v 0.000000 1.500000 19.131223
v 0.284701 1.500000 19.093741
v 0.550000 1.500000 18.983851
v 0.777817 1.500000 18.809040
v 0.952628 1.500000 18.581223
v 1.062518 1.500000 18.315924
v 1.100000 1.500000 18.031223
v 1.062518 1.500000 17.746522
v 0.952628 1.500000 17.481223
v 0.777817 1.500000 17.253405
v 0.550000 1.500000 17.078595
v 0.284701 1.500000 16.968705
v 0.000000 1.500000 16.931223
v -0.284701 1.500000 16.968705
v -0.550000 1.500000 17.078595
v -0.777817 1.500000 17.253405
v -0.952628 1.500000 17.481223
v -1.062518 1.500000 17.746522
v -29.348076 -0.000000 18.000000
v -29.322521 -0.000000 17.805886
v -29.247595 -0.000000 17.625000
v -29.128406 -0.000000 17.469670
v -28.973076 -0.000000 17.350481
v -28.792190 -0.000000 17.275556
v -28.598076 -0.000000 17.250000
v -28.403962 -0.000000 17.275556
v -28.223076 -0.000000 17.350481
v -28.067746 -0.000000 17.469670
v -27.948557 -0.000000 17.625000
v -27.873632 -0.000000 17.805886
v -27.848076 -0.000000 18.000000
v -27.873632 -0.000000 18.194114
v -27.948557 -0.000000 18.375000
v -28.067746 -0.000000 18.530330
v -28.223076 -0.000000 18.649519
v -28.403962 -0.000000 18.724444
v -28.598076 -0.000000 18.750000
v -28.792190 -0.000000 18.724444
v -28.973076 -0.000000 18.649519
v -29.128406 -0.000000 18.530330
v -29.247595 -0.000000 18.375000
v -29.322521 -0.000000 18.194114
v -29.348076 1.500000 18.000000
v -29.322521 1.500000 18.194114
v -29.247595 1.500000 18.375000
v -29.128406 1.500000 18.530330
v -28.973076 1.500000 18.649519
v -28.792190 1.500000 18.724444
v -28.598076 1.500000 18.750000
v -28.403962 1.500000 18.724444
v -28.223076 1.500000 18.649519
v -28.067746 1.500000 18.530330
v -27.948557 1.500000 18.375000
v -27.873632 1.500000 18.194114
v -27.848076 1.500000 18.000000
v -27.873632 1.500000 17.805886
v -27.948557 1.500000 17.625000
v -28.067746 1.500000 17.469670
v -28.223076 1.500000 17.350481
v -28.403962 1.500000 17.275556
v -28.598076 1.500000 17.250000
v -28.792190 1.500000 17.275556
v -28.973076 1.500000 17.350481
v -29.128406 1.500000 17.469670
v -29.247595 1.500000 17.625000
v -29.322521 1.500000 17.805886
v 25.250000 -0.000000 -16.500000
v 25.275556 -0.000000 -16.694114
v 25.350481 -0.000000 -16.875000
v 25.469670 -0.000000 -17.030330
v 25.625000 -0.000000 -17.149519
v 25.805886 -0.000000 -17.224444
v 26.000000 -0.000000 -17.250000
v 26.194114 -0.000000 -17.224444
v 26.375000 -0.000000 -17.149519
v 26.530330 -0.000000 -17.030330
v 26.649519 -0.000000 -16.875000
v 26.724444 -0.000000 -16.694114
v 26.750000 -0.000000 -16.500000
v 26.724444 -0.000000 -16.305886
v 26.649519 -0.000000 -16.125000
v 26.530330 -0.000000 -15.969670
v 26.375000 -0.000000 -15.850481
v 26.194114 -0.000000 -15.775556
v 26.000000 -0.000000 -15.750000
v 25.805886 -0.000000 -15.775556
v 25.625000 -0.000000 -15.850481
v 25.469670 -0.000000 -15.969670
v 25.350481 -0.000000 -16.125000
v 25.275556 -0.000000 -16.305886
v 25.250000 1.500000 -16.500000
v 25.275556 1.500000 -16.305886
v 25.350481 1.500000 -16.125000
v 25.469670 1.500000 -15.969670
v 25.625000 1.500000 -15.850481
v 25.805886 1.500000 -15.775556
v 26.000000 1.500000 -15.750000
v 26.194114 1.500000 -15.775556
v 26.375000 1.500000 -15.850481
v 26.530330 1.500000 -15.969670
v 26.649519 1.500000 -16.125000
v 26.724444 1.500000 -16.305886
v 26.750000 1.500000 -16.500000
v 26.724444 1.500000 -16.694114
v 26.649519 1.500000 -16.875000
v 26.530330 1.500000 -17.030330
v 26.375000 1.500000 -17.149519
v 26.194114 1.500000 -17.224444
v 26.000000 1.500000 -17.250000
v 25.805886 1.500000 -17.224444
v 25.625000 1.500000 -17.149519
v 25.469670 1.500000 -17.030330
v 25.350481 1.500000 -16.875000
v 25.275556 1.500000 -16.694114
v 22.651924 -0.000000 -21.000000
v 22.677479 -0.000000 -21.194114
v 22.752405 -0.000000 -21.375000
v 22.871594 -0.000000 -21.530330
v 23.026924 -0.000000 -21.649519
v 23.207810 -0.000000 -21.724444
v 23.401924 -0.000000 -21.750000
v 23.596038 -0.000000 -21.724444
v 23.776924 -0.000000 -21.649519
v 23.932254 -0.000000 -21.530330
v 24.051443 -0.000000 -21.375000
v 24.126368 -0.000000 -21.194114
v 24.151924 -0.000000 -21.000000
v 24.126368 -0.000000 -20.805886
v 24.051443 -0.000000 -20.625000
v 23.932254 -0.000000 -20.469670
v 23.776924 -0.000000 -20.350481
v 23.596038 -0.000000 -20.275556
v 23.401924 -0.000000 -20.250000
v 23.207810 -0.000000 -20.275556
v 23.026924 -0.000000 -20.350481
v 22.871594 -0.000000 -20.469670
v 22.752405 -0.000000 -20.625000
v 22.677479 -0.000000 -20.805886
v 22.651924 1.500000 -21.000000
v 22.677479 1.500000 -20.805886
v 22.752405 1.500000 -20.625000
v 22.871594 1.500000 -20.469670
v 23.026924 1.500000 -20.350481
v 23.207810 1.500000 -20.275556
v 23.401924 1.500000 -20.250000
v 23.596038 1.500000 -20.275556
v 23.776924 1.500000 -20.350481
v 23.932254 1.500000 -20.469670
v 24.051443 1.500000 -20.625000
v 24.126368 1.500000 -20.805886
v 24.151924 1.500000 -21.000000
v 24.126368 1.500000 -21.194114
v 24.051443 1.500000 -21.375000
v 23.932254 1.500000 -21.530330
v 23.776924 1.500000 -21.649519
v 23.596038 1.500000 -21.724444
v 23.401924 1.500000 -21.750000
v 23.207810 1.500000 -21.724444
v 23.026924 1.500000 -21.649519
v 22.871594 1.500000 -21.530330
v 22.752405 1.500000 -21.375000
v 22.677479 1.500000 -21.194114
v -26.750000 -0.000000 -16.500000
v -26.724444 -0.000000 -16.694114
v -26.649519 -0.000000 -16.875000
v -26.530330 -0.000000 -17.030330
v -26.375000 -0.000000 -17.149519
v -26.194114 -0.000000 -17.224444
v -26.000000 -0.000000 -17.250000
v -25.805886 -0.000000 -17.224444
v -25.625000 -0.000000 -17.149519
v -25.469670 -0.000000 -17.030330
v -25.350481 -0.000000 -16.875000
v -25.275556 -0.000000 -16.694114
v -25.250000 -0.000000 -16.500000
v -25.275556 -0.000000 -16.305886
v -25.350481 -0.000000 -16.125000
v -25.469670 -0.000000 -15.969670
v -25.625000 -0.000000 -15.850481
v -25.805886 -0.000000 -15.775556
v -26.000000 -0.000000 -15.750000
v -26.194114 -0.000000 -15.775556
v -26.375000 -0.000000 -15.850481
v -26.530330 -0.000000 -15.969670
v -26.649519 -0.000000 -16.125000
v -26.724444 -0.000000 -16.305886
v -26.750000 1.500000 -16.500000
v -26.724444 1.500000 -16.305886
v -26.649519 1.500000 -16.125000
v -26.530330 1.500000 -15.969670
v -26.375000 1.500000 -15.850481
v -26.194114 1.500000 -15.775556
v -26.000000 1.500000 -15.750000
v -25.805886 1.500000 -15.775556
v -25.625000 1.500000 -15.850481
v -25.469670 1.500000 -15.969670
v -25.350481 1.500000 -16.125000
v -25.275556 1.500000 -16.305886
v -25.250000 1.500000 -16.500000
v -25.275556 1.500000 -16.694114
v -25.350481 1.500000 -16.875000
v -25.469670 1.500000 -17.030330
v -25.625000 1.500000 -17.149519
v -25.805886 1.500000 -17.224444
v -26.000000 1.500000 -17.250000
v -26.194114 1.500000 -17.224444
v -26.375000 1.500000 -17.149519
v -26.530330 1.500000 -17.030330
v -26.649519 1.500000 -16.875000
v -26.724444 1.500000 -16.694114
v -29.348076 -0.000000 -21.000000
v -29.322521 -0.000000 -21.194114
v -29.247595 -0.000000 -21.375000
v -29.128406 -0.000000 -21.530330
v -28.973076 -0.000000 -21.649519
v -28.792190 -0.000000 -21.724444
v -28.598076 -0.000000 -21.750000
v -28.403962 -0.000000 -21.724444
v -28.223076 -0.000000 -21.649519
v -28.067746 -0.000000 -21.530330
v -27.948557 -0.000000 -21.375000
v -27.873632 -0.000000 -21.194114
v -27.848076 -0.000000 -21.000000
v -27.873632 -0.000000 -20.805886
v -27.948557 -0.000000 -20.625000
v -28.067746 -0.000000 -20.469670
v -28.223076 -0.000000 -20.350481
v -28.403962 -0.000000 -20.275556
v -28.598076 -0.000000 -20.250000
v -28.792190 -0.000000 -20.275556
v -28.973076 -0.000000 -20.350481
v -29.128406 -0.000000 -20.469670
v -29.247595 -0.000000 -20.625000
v -29.322521 -0.000000 -20.805886
v -29.348076 1.500000 -21.000000
v -29.322521 1.500000 -20.805886
v -29.247595 1.500000 -20.625000
v -29.128406 1.500000 -20.469670
v -28.973076 1.500000 -20.350481
v -28.792190 1.500000 -20.275556
v -28.598076 1.500000 -20.250000
v -28.403962 1.500000 -20.275556
v -28.223076 1.500000 -20.350481
v -28.067746 1.500000 -20.469670
v -27.948557 1.500000 -20.625000
v -27.873632 1.500000 -20.805886
v -27.848076 1.500000 -21.000000
v -27.873632 1.500000 -21.194114
v -27.948557 1.500000 -21.375000
v -28.067746 1.500000 -21.530330
v -28.223076 1.500000 -21.649519
v -28.403962 1.500000 -21.724444
v -28.598076 1.500000 -21.750000
v -28.792190 1.500000 -21.724444
v -28.973076 1.500000 -21.649519
v -29.128406 1.500000 -21.530330
v -29.247595 1.500000 -21.375000
v -29.322521 1.500000 -21.194114
v -23.143455 1.500000 16.421015
v -22.798041 1.500000 16.518337
v -22.483005 1.500000 16.690195
v -22.214197 1.500000 16.927944
v -22.005138 1.500000 17.219623
v -21.866345 1.500000 17.550559
v -21.804800 1.500000 17.904105
v -21.823600 1.500000 18.262475
v -21.823600 -0.000000 18.262475
v -21.804800 -0.000000 17.904105
v -21.866345 -0.000000 17.550559
v -22.005138 -0.000000 17.219623
v -22.214197 -0.000000 16.927944
v -22.483005 -0.000000 16.690195
v -22.798041 -0.000000 16.518337
v -23.143455 -0.000000 16.421015
v -23.531196 1.500000 16.102205
v -23.397746 1.500000 16.203294
v -23.268430 1.500000 16.309620
v -23.268430 -0.000000 16.309620
v -23.397746 -0.000000 16.203294
v -23.531196 -0.000000 16.102205
v -17.972300 1.500000 2.499306
v -17.972300 -0.000000 2.499306
v -17.972300 1.500000 -2.499306
v -17.493033 1.500000 -2.441383
v -17.033834 1.500000 -2.292426
v -16.611826 1.500000 -2.057987
v -16.242745 1.500000 -1.746810
v -15.940353 1.500000 -1.370498
v -15.715926 1.500000 -0.943081
v -15.577833 1.500000 -0.480499
v -15.531223 1.500000 -0.000000
v -15.577833 1.500000 0.480499
v -15.715926 1.500000 0.943081
v -15.940353 1.500000 1.370498
v -16.242745 1.500000 1.746810
v -16.611826 1.500000 2.057987
v -17.033834 1.500000 2.292426
v -17.493033 1.500000 2.441383
v -17.493033 -0.000000 2.441383
v -17.033834 -0.000000 2.292426
v -16.611826 -0.000000 2.057987
v -16.242745 -0.000000 1.746810
v -15.940353 -0.000000 1.370498
v -15.715926 -0.000000 0.943081
v -15.577833 -0.000000 0.480499
v -15.531223 -0.000000 -0.000000
v -15.577833 -0.000000 -0.480499
v -15.715926 -0.000000 -0.943081
v -15.940353 -0.000000 -1.370498
v -16.242745 -0.000000 -1.746810
v -16.611826 -0.000000 -2.057987
v -17.033834 -0.000000 -2.292426
v -17.493033 -0.000000 -2.441383
v -17.972300 -0.000000 -2.499306
v -23.531196 1.500000 -16.102205
v -23.531196 -0.000000 -16.102205
v -21.983679 1.500000 -18.271518
v -22.175298 1.500000 -17.764588
v -22.430595 1.500000 -17.286552
v -22.745321 1.500000 -16.845369
v -23.114236 1.500000 -16.448383
v -23.114236 -0.000000 -16.448383
v -22.745321 -0.000000 -16.845369
v -22.430595 -0.000000 -17.286552
v -22.175298 -0.000000 -17.764588
v -21.983679 -0.000000 -18.271518
v -2.344042 1.500000 -17.162047
v -2.344042 -0.000000 -17.162047
v 2.344042 1.500000 -17.162047
v 2.141545 1.500000 -16.741345
v 1.864352 1.500000 -16.365632
v 1.522132 1.500000 -16.048015
v 1.126821 1.500000 -15.799570
v 0.692207 1.500000 -15.628964
v 0.233450 1.500000 -15.542147
v -0.233450 1.500000 -15.542147
v -0.692207 1.500000 -15.628964
v -1.126821 1.500000 -15.799570
v -1.522132 1.500000 -16.048015
v -1.864352 1.500000 -16.365632
v -2.141545 1.500000 -16.741345
v -2.141545 -0.000000 -16.741345
v -1.864352 -0.000000 -16.365632
v -1.522132 -0.000000 -16.048015
v -1.126821 -0.000000 -15.799570
v -0.692207 -0.000000 -15.628964
v -0.233450 -0.000000 -15.542147
v 0.233450 -0.000000 -15.542147
v 0.692207 -0.000000 -15.628964
v 1.126821 -0.000000 -15.799570
v 1.522132 -0.000000 -16.048015
v 1.864352 -0.000000 -16.365632
v 2.141545 -0.000000 -16.741345
v 2.344042 -0.000000 -17.162047
v 21.983679 1.500000 -18.271518
v 21.983679 -0.000000 -18.271518
v 23.531196 1.500000 -16.102205
v 23.114236 1.500000 -16.448383
v 22.745321 1.500000 -16.845369
v 22.430595 1.500000 -17.286552
v 22.175298 1.500000 -17.764588
v 22.175298 -0.000000 -17.764588
v 22.430595 -0.000000 -17.286552
v 22.745321 -0.000000 -16.845369
v 23.114236 -0.000000 -16.448383
v 23.531196 -0.000000 -16.102205
v 17.972300 1.500000 -2.499306
v 17.972300 -0.000000 -2.499306
v 17.972300 1.500000 2.499306
v 17.493033 1.500000 2.441383
v 17.033834 1.500000 2.292426
v 16.611826 1.500000 2.057987
v 16.242745 1.500000 1.746810
v 15.940353 1.500000 1.370498
v 15.715926 1.500000 0.943081
v 15.577833 1.500000 0.480499
v 15.531223 1.500000 0.000000
v 15.577833 1.500000 -0.480499
v 15.715926 1.500000 -0.943081
v 15.940353 1.500000 -1.370498
v 16.242745 1.500000 -1.746810
v 16.611826 1.500000 -2.057987
v 17.033834 1.500000 -2.292426
v 17.493033 1.500000 -2.441383
v 17.493033 -0.000000 -2.441383
v 17.033834 -0.000000 -2.292426
v 16.611826 -0.000000 -2.057987
v 16.242745 -0.000000 -1.746810
v 15.940353 -0.000000 -1.370498
v 15.715926 -0.000000 -0.943081
v 15.577833 -0.000000 -0.480499
v 15.531223 -0.000000 0.000000
v 15.577833 -0.000000 0.480499
v 15.715926 -0.000000 0.943081
v 15.940353 -0.000000 1.370498
v 16.242745 -0.000000 1.746810
v 16.611826 -0.000000 2.057987
v 17.033834 -0.000000 2.292426
v 17.493033 -0.000000 2.441383
v 17.972300 -0.000000 2.499306
v 23.531196 1.500000 16.102205
v 23.531196 -0.000000 16.102205
v 23.143455 1.500000 16.421015
v 23.268430 1.500000 16.309620
v 23.397746 1.500000 16.203294
v 23.397746 -0.000000 16.203294
v 23.268430 -0.000000 16.309620
v 23.143455 -0.000000 16.421015
v 21.823600 1.500000 18.262475
v 21.804800 1.500000 17.904105
v 21.866345 1.500000 17.550559
v 22.005138 1.500000 17.219623
v 22.214197 1.500000 16.927944
v 22.483005 1.500000 16.690195
v 22.798041 1.500000 16.518337
v 22.798041 -0.000000 16.518337
v 22.483005 -0.000000 16.690195
v 22.214197 -0.000000 16.927944
v 22.005138 -0.000000 17.219623
v 21.866345 -0.000000 17.550559
v 21.804800 -0.000000 17.904105
v 21.823600 -0.000000 18.262475
v 2.344042 1.500000 17.162047
v 2.344042 -0.000000 17.162047
v -2.344042 1.500000 17.162047
v -2.141545 1.500000 16.741345
v -1.864352 1.500000 16.365632
v -1.522132 1.500000 16.048015
v -1.126821 1.500000 15.799570
v -0.692207 1.500000 15.628964
v -0.233450 1.500000 15.542147
v 0.233450 1.500000 15.542147
v 0.692207 1.500000 15.628964
v 1.126821 1.500000 15.799570
v 1.522132 1.500000 16.048015
v 1.864352 1.500000 16.365632
v 2.141545 1.500000 16.741345
v 2.141545 -0.000000 16.741345
v 1.864352 -0.000000 16.365632
v 1.522132 -0.000000 16.048015
v 1.126821 -0.000000 15.799570
v 0.692207 -0.000000 15.628964
v 0.233450 -0.000000 15.542147
v -0.233450 -0.000000 15.542147
v -0.692207 -0.000000 15.628964
v -1.126821 -0.000000 15.799570
v -1.522132 -0.000000 16.048015
v -1.864352 -0.000000 16.365632
v -2.141545 -0.000000 16.741345
v -2.344042 -0.000000 17.162047
v -30.094752 1.500000 18.565652
v -30.182398 1.500000 18.223441
v -30.192814 1.500000 17.870339
v -30.125493 1.500000 17.523557
v -29.983717 1.500000 17.200000
v -29.774396 1.500000 16.915440
v -29.507735 1.500000 16.683747
v -29.196731 1.500000 16.516217
v -28.856545 1.500000 16.421015
v -28.856545 -0.000000 16.421015
v -29.196731 -0.000000 16.516217
v -29.507735 -0.000000 16.683747
v -29.774396 -0.000000 16.915440
v -29.983717 -0.000000 17.200000
v -30.125493 -0.000000 17.523557
v -30.192814 -0.000000 17.870339
v -30.182398 -0.000000 18.223441
v -30.094752 -0.000000 18.565652
v -27.238207 1.500000 23.513333
v -27.822489 1.500000 23.283984
v -28.366066 1.500000 22.970120
v -28.856798 1.500000 22.578751
v -29.283723 1.500000 22.118619
v -29.637307 1.500000 21.600000
v -29.909652 1.500000 21.034478
v -30.094675 1.500000 20.434684
v -30.188245 1.500000 19.814013
v -30.188271 1.500000 19.186330
v -30.188271 -0.000000 19.186330
v -30.188245 -0.000000 19.814013
v -30.094675 -0.000000 20.434684
v -29.909652 -0.000000 21.034478
v -29.637307 -0.000000 21.600000
v -29.283723 -0.000000 22.118619
v -28.856798 -0.000000 22.578751
v -28.366066 -0.000000 22.970120
v -27.822489 -0.000000 23.283984
v -27.238207 -0.000000 23.513333
v -24.761793 1.500000 23.513333
v -25.014334 1.500000 23.760342
v -25.314921 1.500000 23.945914
v -25.648903 1.500000 24.061003
v -26.000000 1.500000 24.100000
v -26.351097 1.500000 24.061003
v -26.685079 1.500000 23.945914
v -26.985666 1.500000 23.760342
v -26.985666 -0.000000 23.760342
v -26.685079 -0.000000 23.945914
v -26.351097 -0.000000 24.061003
v -26.000000 -0.000000 24.100000
v -25.648903 -0.000000 24.061003
v -25.314921 -0.000000 23.945914
v -25.014334 -0.000000 23.760342
v -24.761793 -0.000000 23.513333
v -21.870876 1.500000 20.268334
v -22.013104 1.500000 20.820855
v -22.228900 1.500000 21.349001
v -22.514284 1.500000 21.843029
v -22.863989 1.500000 22.293821
v -23.271563 1.500000 22.693060
v -23.729483 1.500000 23.033377
v -24.229301 1.500000 23.308494
v -24.229301 -0.000000 23.308494
v -23.729483 -0.000000 23.033377
v -23.271563 -0.000000 22.693060
v -22.863989 -0.000000 22.293821
v -22.514284 -0.000000 21.843029
v -22.228900 -0.000000 21.349001
v -22.013104 -0.000000 20.820855
v -21.870876 -0.000000 20.268334
v -2.231239 1.500000 19.158863
v -2.231239 -0.000000 19.158863
v 2.231239 1.500000 19.158863
v 1.987549 1.500000 19.547682
v 1.676898 1.500000 19.885411
v 1.309752 1.500000 20.160671
v 0.898479 1.500000 20.364190
v 0.456937 1.500000 20.489110
v -0.000000 1.500000 20.531223
v -0.456937 1.500000 20.489110
v -0.898479 1.500000 20.364190
v -1.309752 1.500000 20.160671
v -1.676898 1.500000 19.885411
v -1.987549 1.500000 19.547682
v -1.987549 -0.000000 19.547682
v -1.676898 -0.000000 19.885411
v -1.309752 -0.000000 20.160671
v -0.898479 -0.000000 20.364190
v -0.456937 -0.000000 20.489110
v -0.000000 -0.000000 20.531223
v 0.456937 -0.000000 20.489110
v 0.898479 -0.000000 20.364190
v 1.309752 -0.000000 20.160671
v 1.676898 -0.000000 19.885411
v 1.987549 -0.000000 19.547682
v 2.231239 -0.000000 19.158863
v 21.870876 1.500000 20.268334
v 21.870876 -0.000000 20.268334
v 24.761793 1.500000 23.513333
v 24.229301 1.500000 23.308494
v 23.729483 1.500000 23.033377
v 23.271563 1.500000 22.693060
v 22.863989 1.500000 22.293821
v 22.514284 1.500000 21.843029
v 22.228900 1.500000 21.349001
v 22.013104 1.500000 20.820855
v 22.013104 -0.000000 20.820855
v 22.228900 -0.000000 21.349001
v 22.514284 -0.000000 21.843029
v 22.863989 -0.000000 22.293821
v 23.271563 -0.000000 22.693060
v 23.729483 -0.000000 23.033377
v 24.229301 -0.000000 23.308494
v 24.761793 -0.000000 23.513333
v 27.238207 1.500000 23.513333
v 26.985666 1.500000 23.760342
v 26.685079 1.500000 23.945914
v 26.351097 1.500000 24.061003
v 26.000000 1.500000 24.100000
v 25.648903 1.500000 24.061003
v 25.314921 1.500000 23.945914
v 25.014334 1.500000 23.760342
v 25.014334 -0.000000 23.760342
v 25.314921 -0.000000 23.945914
v 25.648903 -0.000000 24.061003
v 26.000000 -0.000000 24.100000
v 26.351097 -0.000000 24.061003
v 26.685079 -0.000000 23.945914
v 26.985666 -0.000000 23.760342
v 27.238207 -0.000000 23.513333
v 30.094752 1.500000 18.565652
v 30.188271 1.500000 19.186330
v 30.188245 1.500000 19.814013
v 30.094675 1.500000 20.434684
v 29.909652 1.500000 21.034478
v 29.637307 1.500000 21.600000
v 29.283723 1.500000 22.118619
v 28.856798 1.500000 22.578751
v 28.366066 1.500000 22.970120
v 27.822489 1.500000 23.283984
v 27.822489 -0.000000 23.283984
v 28.366066 -0.000000 22.970120
v 28.856798 -0.000000 22.578751
v 29.283723 -0.000000 22.118619
v 29.637307 -0.000000 21.600000
v 29.909652 -0.000000 21.034478
v 30.094675 -0.000000 20.434684
v 30.188245 -0.000000 19.814013
v 30.188271 -0.000000 19.186330
v 30.094752 -0.000000 18.565652
v 28.856545 1.500000 16.421015
v 29.196731 1.500000 16.516217
v 29.507735 1.500000 16.683747
v 29.774396 1.500000 16.915440
v 29.983717 1.500000 17.200000
v 30.125493 1.500000 17.523557
v 30.192814 1.500000 17.870339
v 30.182398 1.500000 18.223441
v 30.182398 -0.000000 18.223441
v 30.192814 -0.000000 17.870339
v 30.125493 -0.000000 17.523557
v 29.983717 -0.000000 17.200000
v 29.774396 -0.000000 16.915440
v 29.507735 -0.000000 16.683747
v 29.196731 -0.000000 16.516217
v 28.856545 -0.000000 16.421015
v 25.382573 1.500000 15.345631
v 26.007164 1.500000 15.300006
v 26.631595 1.500000 15.347761
v 27.241984 1.500000 15.487834
v 27.824760 1.500000 15.717111
v 28.366965 1.500000 16.030494
v 28.366965 -0.000000 16.030494
v 27.824760 -0.000000 15.717111
v 27.241984 -0.000000 15.487834
v 26.631595 -0.000000 15.347761
v 26.007164 -0.000000 15.300006
v 25.382573 -0.000000 15.345631
v 19.823676 1.500000 1.742731
v 19.823676 -0.000000 1.742731
v 19.823676 1.500000 -1.742731
v 20.124432 1.500000 -1.366923
v 20.347592 1.500000 -0.940443
v 20.484886 1.500000 -0.479102
v 20.531223 1.500000 -0.000000
v 20.484886 1.500000 0.479102
v 20.347592 1.500000 0.940443
v 20.124432 1.500000 1.366923
v 20.124432 -0.000000 1.366923
v 20.347592 -0.000000 0.940443
v 20.484886 -0.000000 0.479102
v 20.531223 -0.000000 -0.000000
v 20.484886 -0.000000 -0.479102
v 20.347592 -0.000000 -0.940443
v 20.124432 -0.000000 -1.366923
v 19.823676 -0.000000 -1.742731
v 25.272054 1.500000 -15.075186
v 25.272054 -0.000000 -15.075186
v 27.238207 1.500000 -15.486667
v 26.979381 1.500000 -15.234768
v 26.670652 1.500000 -15.047339
v 26.327751 1.500000 -14.933929
v 25.968149 1.500000 -14.900317
v 25.610169 1.500000 -14.948216
v 25.610169 -0.000000 -14.948216
v 25.968149 -0.000000 -14.900317
v 26.327751 -0.000000 -14.933929
v 26.670652 -0.000000 -15.047339
v 26.979381 -0.000000 -15.234768
v 27.238207 -0.000000 -15.486667
v 30.094752 1.500000 -20.434348
v 30.188271 1.500000 -19.813670
v 30.188245 1.500000 -19.185987
v 30.094675 1.500000 -18.565316
v 29.909652 1.500000 -17.965522
v 29.637307 1.500000 -17.400000
v 29.283723 1.500000 -16.881381
v 28.856798 1.500000 -16.421249
v 28.366066 1.500000 -16.029880
v 27.822489 1.500000 -15.716016
v 27.822489 -0.000000 -15.716016
v 28.366066 -0.000000 -16.029880
v 28.856798 -0.000000 -16.421249
v 29.283723 -0.000000 -16.881381
v 29.637307 -0.000000 -17.400000
v 29.909652 -0.000000 -17.965522
v 30.094675 -0.000000 -18.565316
v 30.188245 -0.000000 -19.185987
v 30.188271 -0.000000 -19.813670
v 30.094752 -0.000000 -20.434348
v 28.856545 1.500000 -22.578985
v 29.196731 1.500000 -22.483783
v 29.507735 1.500000 -22.316253
v 29.774396 1.500000 -22.084560
v 29.983717 1.500000 -21.800000
v 30.125493 1.500000 -21.476443
v 30.192814 1.500000 -21.129661
v 30.182398 1.500000 -20.776559
v 30.182398 -0.000000 -20.776559
v 30.192814 -0.000000 -21.129661
v 30.125493 -0.000000 -21.476443
v 29.983717 -0.000000 -21.800000
v 29.774396 -0.000000 -22.084560
v 29.507735 -0.000000 -22.316253
v 29.196731 -0.000000 -22.483783
v 28.856545 -0.000000 -22.578985
v 23.143455 1.500000 -22.578985
v 23.634218 1.500000 -22.970314
v 24.177821 1.500000 -23.284133
v 24.762122 1.500000 -23.513435
v 25.374071 1.500000 -23.653097
v 26.000000 1.500000 -23.700000
v 26.625929 1.500000 -23.653097
v 27.237878 1.500000 -23.513435
v 27.822179 1.500000 -23.284133
v 28.365782 1.500000 -22.970314
v 28.365782 -0.000000 -22.970314
v 27.822179 -0.000000 -23.284133
v 27.237878 -0.000000 -23.513435
v 26.625929 -0.000000 -23.653097
v 26.000000 -0.000000 -23.700000
v 25.374071 -0.000000 -23.653097
v 24.762122 -0.000000 -23.513435
v 24.177821 -0.000000 -23.284133
v 23.634218 -0.000000 -22.970314
v 23.143455 -0.000000 -22.578985
v 21.905248 1.500000 -20.434348
v 21.817602 1.500000 -20.776559
v 21.807186 1.500000 -21.129661
v 21.874507 1.500000 -21.476443
v 22.016283 1.500000 -21.800000
v 22.225604 1.500000 -22.084560
v 22.492265 1.500000 -22.316253
v 22.803269 1.500000 -22.483783
v 22.803269 -0.000000 -22.483783
v 22.492265 -0.000000 -22.316253
v 22.225604 -0.000000 -22.084560
v 22.016283 -0.000000 -21.800000
v 21.874507 -0.000000 -21.476443
v 21.807186 -0.000000 -21.129661
v 21.817602 -0.000000 -20.776559
v 21.905248 -0.000000 -20.434348
v 21.870876 1.500000 -20.268334
v 21.881589 1.500000 -20.323825
v 21.893047 1.500000 -20.379166
v 21.893047 -0.000000 -20.379166
v 21.881589 -0.000000 -20.323825
v 21.870876 -0.000000 -20.268334
v 2.231239 1.500000 -19.158863
v 2.231239 -0.000000 -19.158863
v -2.231239 1.500000 -19.158863
v -1.987549 1.500000 -19.547682
v -1.676898 1.500000 -19.885411
v -1.309752 1.500000 -20.160671
v -0.898479 1.500000 -20.364190
v -0.456937 1.500000 -20.489110
v 0.000000 1.500000 -20.531223
v 0.456937 1.500000 -20.489110
v 0.898479 1.500000 -20.364190
v 1.309752 1.500000 -20.160671
v 1.676898 1.500000 -19.885411
v 1.987549 1.500000 -19.547682
v 1.987549 -0.000000 -19.547682
v 1.676898 -0.000000 -19.885411
v 1.309752 -0.000000 -20.160671
v 0.898479 -0.000000 -20.364190
v 0.456937 -0.000000 -20.489110
v 0.000000 -0.000000 -20.531223
v -0.456937 -0.000000 -20.489110
v -0.898479 -0.000000 -20.364190
v -1.309752 -0.000000 -20.160671
v -1.676898 -0.000000 -19.885411
v -1.987549 -0.000000 -19.547682
v -2.231239 -0.000000 -19.158863
v -21.870876 1.500000 -20.268334
v -21.870876 -0.000000 -20.268334
v -21.905248 1.500000 -20.434348
v -21.893047 1.500000 -20.379166
v -21.881589 1.500000 -20.323825
v -21.881589 -0.000000 -20.323825
v -21.893047 -0.000000 -20.379166
v -21.905248 -0.000000 -20.434348
v -23.143455 1.500000 -22.578985
v -22.803269 1.500000 -22.483783
v -22.492265 1.500000 -22.316253
v -22.225604 1.500000 -22.084560
v -22.016283 1.500000 -21.800000
v -21.874507 1.500000 -21.476443
v -21.807186 1.500000 -21.129661
v -21.817602 1.500000 -20.776559
v -21.817602 -0.000000 -20.776559
v -21.807186 -0.000000 -21.129661
v -21.874507 -0.000000 -21.476443
v -22.016283 -0.000000 -21.800000
v -22.225604 -0.000000 -22.084560
v -22.492265 -0.000000 -22.316253
v -22.803269 -0.000000 -22.483783
v -23.143455 -0.000000 -22.578985
v -28.856545 1.500000 -22.578985
v -28.365782 1.500000 -22.970314
v -27.822179 1.500000 -23.284133
v -27.237878 1.500000 -23.513435
v -26.625929 1.500000 -23.653097
v -26.000000 1.500000 -23.700000
v -25.374071 1.500000 -23.653097
v -24.762122 1.500000 -23.513435
v -24.177821 1.500000 -23.284133
v -23.634218 1.500000 -22.970314
v -23.634218 -0.000000 -22.970314
v -24.177821 -0.000000 -23.284133
v -24.762122 -0.000000 -23.513435
v -25.374071 -0.000000 -23.653097
v -26.000000 -0.000000 -23.700000
v -26.625929 -0.000000 -23.653097
v -27.237878 -0.000000 -23.513435
v -27.822179 -0.000000 -23.284133
v -28.365782 -0.000000 -22.970314
v -28.856545 -0.000000 -22.578985
v -30.094752 1.500000 -20.434348
v -30.182398 1.500000 -20.776559
v -30.192814 1.500000 -21.129661
v -30.125493 1.500000 -21.476443
v -29.983717 1.500000 -21.800000
v -29.774396 1.500000 -22.084560
v -29.507735 1.500000 -22.316253
v -29.196731 1.500000 -22.483783
v -29.196731 -0.000000 -22.483783
v -29.507735 -0.000000 -22.316253
v -29.774396 -0.000000 -22.084560
v -29.983717 -0.000000 -21.800000
v -30.125493 -0.000000 -21.476443
v -30.192814 -0.000000 -21.129661
v -30.182398 -0.000000 -20.776559
v -30.094752 -0.000000 -20.434348
v -27.238207 1.500000 -15.486667
v -27.822489 1.500000 -15.716016
v -28.366066 1.500000 -16.029880
v -28.856798 1.500000 -16.421249
v -29.283723 1.500000 -16.881381
v -29.637307 1.500000 -17.400000
v -29.909652 1.500000 -17.965522
v -30.094675 1.500000 -18.565316
v -30.188245 1.500000 -19.185987
v -30.188271 1.500000 -19.813670
v -30.188271 -0.000000 -19.813670
v -30.188245 -0.000000 -19.185987
v -30.094675 -0.000000 -18.565316
v -29.909652 -0.000000 -17.965522
v -29.637307 -0.000000 -17.400000
v -29.283723 -0.000000 -16.881381
v -28.856798 -0.000000 -16.421249
v -28.366066 -0.000000 -16.029880
v -27.822489 -0.000000 -15.716016
v -27.238207 -0.000000 -15.486667
v -25.272054 1.500000 -15.075186
v -25.610169 1.500000 -14.948216
v -25.968149 1.500000 -14.900317
v -26.327751 1.500000 -14.933929
v -26.670652 1.500000 -15.047339
v -26.979381 1.500000 -15.234768
v -26.979381 -0.000000 -15.234768
v -26.670652 -0.000000 -15.047339
v -26.327751 -0.000000 -14.933929
v -25.968149 -0.000000 -14.900317
v -25.610169 -0.000000 -14.948216
v -25.272054 -0.000000 -15.075186
v -19.823676 1.500000 -1.742731
v -19.823676 -0.000000 -1.742731
v -19.823676 1.500000 1.742731
v -20.124432 1.500000 1.366923
v -20.347592 1.500000 0.940443
v -20.484886 1.500000 0.479102
v -20.531223 1.500000 0.000000
v -20.484886 1.500000 -0.479102
v -20.347592 1.500000 -0.940443
v -20.124432 1.500000 -1.366923
v -20.124432 -0.000000 -1.366923
v -20.347592 -0.000000 -0.940443
v -20.484886 -0.000000 -0.479102
v -20.531223 -0.000000 0.000000
v -20.484886 -0.000000 0.479102
v -20.347592 -0.000000 0.940443
v -20.124432 -0.000000 1.366923
v -19.823676 -0.000000 1.742731
v -25.382573 1.500000 15.345631
v -25.382573 -0.000000 15.345631
v -28.366965 1.500000 16.030494
v -27.824760 1.500000 15.717111
v -27.241984 1.500000 15.487834
v -26.631595 1.500000 15.347761
v -26.007164 1.500000 15.300006
v -26.007164 -0.000000 15.300006
v -26.631595 -0.000000 15.347761
v -27.241984 -0.000000 15.487834
v -27.824760 -0.000000 15.717111
v -28.366965 -0.000000 16.030494
vt 0.150000 -0.215984 0.000000
vt -0.000000 -0.215984 0.000000
vt 0.150000 -0.235619 0.000000
vt 0.000000 -0.235619 0.000000
vt 0.150000 0.235619 0.000000
vt 0.000000 0.235619 0.000000
vt 0.150000 0.215984 0.000000
vt 0.000000 0.215984 0.000000
vt 0.150000 0.196350 0.000000
vt 0.000000 0.196350 0.000000
vt 0.150000 0.176715 0.000000
vt 0.000000 0.176715 0.000000
vt 0.150000 0.157080 0.000000
vt 0.000000 0.157080 0.000000
vt 0.150000 0.137445 0.000000
vt 0.000000 0.137445 0.000000
vt 0.150000 0.117810 0.000000
vt 0.000000 0.117810 0.000000
vt 0.150000 0.098175 0.000000
vt 0.000000 0.098175 0.000000
vt 0.150000 0.078540 0.000000
vt 0.000000 0.078540 0.000000
vt 0.150000 0.058905 0.000000
vt 0.000000 0.058905 0.000000
vt 0.150000 0.039270 0.000000
vt 0.000000 0.039270 0.000000
vt 0.150000 0.019635 0.000000
vt 0.000000 0.019635 0.000000
vt 0.150000 0.000000 0.000000
vt 0.000000 0.000000 0.000000
vt 0.150000 -0.019635 0.000000
vt 0.000000 -0.019635 0.000000
vt 0.150000 -0.039270 0.000000
vt 0.000000 -0.039270 0.000000
vt 0.150000 -0.058905 0.000000
vt 0.000000 -0.058905 0.000000
vt 0.150000 -0.078540 0.000000
vt 0.000000 -0.078540 0.000000
vt 0.150000 -0.098175 0.000000
vt 0.000000 -0.098175 0.000000
vt 0.150000 -0.117810 0.000000
vt 0.000000 -0.117810 0.000000
vt 0.150000 -0.137445 0.000000
vt -0.000000 -0.137445 0.000000
vt 0.150000 -0.157080 0.000000
vt -0.000000 -0.157080 0.000000
vt 0.150000 -0.176715 0.000000
vt 0.000000 -0.176715 0.000000
vt 0.150000 -0.196350 0.000000
vt -0.000000 -0.196350 0.000000
vt 0.150000 -0.523599 0.000000
vt -0.000000 -0.523599 0.000000
vt 0.150000 -0.565487 0.000000
vt 0.000000 -0.565487 0.000000
vt 0.150000 0.565487 0.000000
vt 0.000000 0.565487 0.000000
vt 0.150000 0.523599 0.000000
vt 0.000000 0.523599 0.000000
vt 0.150000 0.481711 0.000000
vt 0.000000 0.481711 0.000000
vt 0.150000 0.439823 0.000000
vt 0.000000 0.439823 0.000000
vt 0.150000 0.397935 0.000000
vt 0.000000 0.397935 0.000000
vt 0.150000 0.356047 0.000000
vt 0.000000 0.356047 0.000000
vt 0.150000 0.314159 0.000000
vt 0.000000 0.314159 0.000000
vt 0.150000 0.272271 0.000000
vt 0.000000 0.272271 0.000000
vt 0.150000 0.230383 0.000000
vt 0.000000 0.230383 0.000000
vt 0.150000 0.188496 0.000000
vt 0.000000 0.188496 0.000000
vt 0.150000 0.146608 0.000000
vt 0.000000 0.146608 0.000000
vt 0.150000 0.104720 0.000000
vt 0.000000 0.104720 0.000000
vt 0.150000 0.062832 0.000000
vt 0.000000 0.062832 0.000000
vt 0.150000 0.020944 0.000000
vt 0.000000 0.020944 0.000000
vt 0.150000 -0.020944 0.000000
vt 0.000000 -0.020944 0.000000
vt 0.150000 -0.062832 0.000000
vt 0.000000 -0.062832 0.000000
vt 0.150000 -0.104720 0.000000
vt 0.000000 -0.104720 0.000000
vt 0.150000 -0.146608 0.000000
vt 0.000000 -0.146608 0.000000
vt 0.150000 -0.188496 0.000000
vt 0.000000 -0.188496 0.000000
vt 0.150000 -0.230383 0.000000
vt 0.000000 -0.230383 0.000000
vt 0.150000 -0.272271 0.000000
vt 0.000000 -0.272271 0.000000
vt 0.150000 -0.314159 0.000000
vt 0.000000 -0.314159 0.000000
vt 0.150000 -0.356047 0.000000
vt 0.000000 -0.356047 0.000000
vt 0.150000 -0.397935 0.000000
vt -0.000000 -0.397935 0.000000
vt 0.150000 -0.439823 0.000000
vt -0.000000 -0.439823 0.000000
vt 0.150000 -0.481711 0.000000
vt -0.000000 -0.481711 0.000000
vt 0.150000 -0.215984 0.000000
vt -0.000000 -0.215984 0.000000
vt 0.150000 -0.235619 0.000000
vt 0.000000 -0.235619 0.000000
vt 0.150000 0.235619 0.000000
vt 0.000000 0.235619 0.000000
vt 0.150000 0.215984 0.000000
vt 0.000000 0.215984 0.000000
vt 0.150000 0.196350 0.000000
vt 0.000000 0.196350 0.000000
vt 0.150000 0.176715 0.000000
vt 0.000000 0.176715 0.000000
vt 0.150000 0.157080 0.000000
vt 0.000000 0.157080 0.000000
vt 0.150000 0.137445 0.000000
vt 0.000000 0.137445 0.000000
vt 0.150000 0.117810 0.000000
vt 0.000000 0.117810 0.000000
vt 0.150000 0.098175 0.000000
vt 0.000000 0.098175 0.000000
vt 0.150000 0.078540 0.000000
vt 0.000000 0.078540 0.000000
vt 0.150000 0.058905 0.000000
vt 0.000000 0.058905 0.000000
vt 0.150000 0.039270 0.000000
vt 0.000000 0.039270 0.000000
vt 0.150000 0.019635 0.000000
vt 0.000000 0.019635 0.000000
vt 0.150000 0.000000 0.000000
vt 0.000000 0.000000 0.000000
vt 0.150000 -0.019635 0.000000
vt 0.000000 -0.019635 0.000000
vt 0.150000 -0.039270 0.000000
vt 0.000000 -0.039270 0.000000
vt 0.150000 -0.058905 0.000000
vt 0.000000 -0.058905 0.000000
vt 0.150000 -0.078540 0.000000
vt 0.000000 -0.078540 0.000000
vt 0.150000 -0.098175 0.000000
vt 0.000000 -0.098175 0.000000
vt 0.150000 -0.117810 0.000000
vt 0.000000 -0.117810 0.000000
vt 0.150000 -0.137445 0.000000
vt -0.000000 -0.137445 0.000000
vt 0.150000 -0.157080 0.000000
vt -0.000000 -0.157080 0.000000
vt 0.150000 -0.176715 0.000000
vt 0.000000 -0.176715 0.000000
vt 0.150000 -0.196350 0.000000
vt -0.000000 -0.196350 0.000000
vt 0.150000 -0.523599 0.000000
vt -0.000000 -0.523599 0.000000
vt 0.150000 -0.565487 0.000000
vt 0.000000 -0.565487 0.000000
vt 0.150000 0.565487 0.000000
vt 0.000000 0.565487 0.000000
vt 0.150000 0.523599 0.000000
vt 0.000000 0.523599 0.000000
vt 0.150000 0.481711 0.000000
vt 0.000000 0.481711 0.000000
vt 0.150000 0.439823 0.000000
vt 0.000000 0.439823 0.000000
vt 0.150000 0.397935 0.000000
vt 0.000000 0.397935 0.000000
vt 0.150000 0.356047 0.000000
vt 0.000000 0.356047 0.000000
vt 0.150000 0.314159 0.000000
vt 0.000000 0.314159 0.000000
vt 0.150000 0.272271 0.000000
vt 0.000000 0.272271 0.000000
vt 0.150000 0.230383 0.000000
vt 0.000000 0.230383 0.000000
vt 0.150000 0.188496 0.000000
vt 0.000000 0.188496 0.000000
vt 0.150000 0.146608 0.000000
vt 0.000000 0.146608 0.000000
vt 0.150000 0.104720 0.000000
vt 0.000000 0.104720 0.000000
vt 0.150000 0.062832 0.000000
vt 0.000000 0.062832 0.000000
vt 0.150000 0.020944 0.000000
vt 0.000000 0.020944 0.000000
vt 0.150000 -0.020944 0.000000
vt 0.000000 -0.020944 0.000000
vt 0.150000 -0.062832 0.000000
vt 0.000000 -0.062832 0.000000
vt 0.150000 -0.104720 0.000000
vt 0.000000 -0.104720 0.000000
vt 0.150000 -0.146608 0.000000
vt 0.000000 -0.146608 0.000000
vt 0.150000 -0.188496 0.000000
vt 0.000000 -0.188496 0.000000
vt 0.150000 -0.230383 0.000000
vt 0.000000 -0.230383 0.000000
vt 0.150000 -0.272271 0.000000
vt 0.000000 -0.272271 0.000000
vt 0.150000 -0.314159 0.000000
vt 0.000000 -0.314159 0.000000
vt 0.150000 -0.356047 0.000000
vt 0.000000 -0.356047 0.000000
vt 0.150000 -0.397935 0.000000
vt -0.000000 -0.397935 0.000000
vt 0.150000 -0.439823 0.000000
vt -0.000000 -0.439823 0.000000
vt 0.150000 -0.481711 0.000000
vt -0.000000 -0.481711 0.000000
vt 0.150000 -0.215984 0.000000
vt -0.000000 -0.215984 0.000000
vt 0.150000 -0.235619 0.000000
vt 0.000000 -0.235619 0.000000
vt 0.150000 0.235619 0.000000
vt 0.000000 0.235619 0.000000
vt 0.150000 0.215984 0.000000
vt 0.000000 0.215984 0.000000
vt 0.150000 0.196350 0.000000
vt 0.000000 0.196350 0.000000
vt 0.150000 0.176715 0.000000
vt 0.000000 0.176715 0.000000
vt 0.150000 0.157080 0.000000
vt 0.000000 0.157080 0.000000
vt 0.150000 0.137445 0.000000
vt 0.000000 0.137445 0.000000
vt 0.150000 0.117810 0.000000
vt 0.000000 0.117810 0.000000
vt 0.150000 0.098175 0.000000
vt 0.000000 0.098175 0.000000
vt 0.150000 0.078540 0.000000
vt 0.000000 0.078540 0.000000
vt 0.150000 0.058905 0.000000
vt 0.000000 0.058905 0.000000
vt 0.150000 0.039270 0.000000
vt 0.000000 0.039270 0.000000
vt 0.150000 0.019635 0.000000
vt 0.000000 0.019635 0.000000
vt 0.150000 0.000000 0.000000
vt 0.000000 0.000000 0.000000
vt 0.150000 -0.019635 0.000000
vt 0.000000 -0.019635 0.000000
vt 0.150000 -0.039270 0.000000
vt 0.000000 -0.039270 0.000000
vt 0.150000 -0.058905 0.000000
vt 0.000000 -0.058905 0.000000
vt 0.150000 -0.078540 0.000000
vt 0.000000 -0.078540 0.000000
vt 0.150000 -0.098175 0.000000
vt 0.000000 -0.098175 0.000000
vt 0.150000 -0.117810 0.000000
vt 0.000000 -0.117810 0.000000
vt 0.150000 -0.137445 0.000000
vt 0.000000 -0.137445 0.000000
vt 0.150000 -0.157080 0.000000
vt -0.000000 -0.157080 0.000000
vt 0.150000 -0.176715 0.000000
vt 0.000000 -0.176715 0.000000
vt 0.150000 -0.196350 0.000000
vt -0.000000 -0.196350 0.000000
vt 0.150000 -0.215984 0.000000
vt -0.000000 -0.215984 0.000000
vt 0.150000 -0.235619 0.000000
vt 0.000000 -0.235619 0.000000
vt 0.150000 0.235619 0.000000
vt 0.000000 0.235619 0.000000
vt 0.150000 0.215984 0.000000
vt 0.000000 0.215984 0.000000
vt 0.150000 0.196350 0.000000
vt 0.000000 0.196350 0.000000
vt 0.150000 0.176715 0.000000
vt 0.000000 0.176715 0.000000
vt 0.150000 0.157080 0.000000
vt 0.000000 0.157080 0.000000
vt 0.150000 0.137445 0.000000
vt 0.000000 0.137445 0.000000
vt 0.150000 0.117810 0.000000
vt 0.000000 0.117810 0.000000
vt 0.150000 0.098175 0.000000
vt 0.000000 0.098175 0.000000
vt 0.150000 0.078540 0.000000
vt 0.000000 0.078540 0.000000
vt 0.150000 0.058905 0.000000
vt 0.000000 0.058905 0.000000
vt 0.150000 0.039270 0.000000
vt 0.000000 0.039270 0.000000
vt 0.150000 0.019635 0.000000
vt 0.000000 0.019635 0.000000
vt 0.150000 0.000000 0.000000
vt 0.000000 0.000000 0.000000
vt 0.150000 -0.019635 0.000000
vt 0.000000 -0.019635 0.000000
vt 0.150000 -0.039270 0.000000
vt 0.000000 -0.039270 0.000000
vt 0.150000 -0.058905 0.000000
vt 0.000000 -0.058905 0.000000
vt 0.150000 -0.078540 0.000000
vt 0.000000 -0.078540 0.000000
vt 0.150000 -0.098175 0.000000
vt 0.000000 -0.098175 0.000000
vt 0.150000 -0.117810 0.000000
vt 0.000000 -0.117810 0.000000
vt 0.150000 -0.137445 0.000000
vt -0.000000 -0.137445 0.000000
vt 0.150000 -0.157080 0.000000
vt -0.000000 -0.157080 0.000000
vt 0.150000 -0.176715 0.000000
vt 0.000000 -0.176715 0.000000
vt 0.150000 -0.196350 0.000000
vt -0.000000 -0.196350 0.000000
vt 0.150000 -0.215984 0.000000
vt -0.000000 -0.215984 0.000000
vt 0.150000 -0.235619 0.000000
vt 0.000000 -0.235619 0.000000
vt 0.150000 0.235619 0.000000
vt 0.000000 0.235619 0.000000
vt 0.150000 0.215984 0.000000
vt 0.000000 0.215984 0.000000
vt 0.150000 0.196350 0.000000
vt 0.000000 0.196350 0.000000
vt 0.150000 0.176715 0.000000
vt 0.000000 0.176715 0.000000
vt 0.150000 0.157080 0.000000
vt 0.000000 0.157080 0.000000
vt 0.150000 0.137445 0.000000
vt 0.000000 0.137445 0.000000
vt 0.150000 0.117810 0.000000
vt 0.000000 0.117810 0.000000
vt 0.150000 0.098175 0.000000
vt 0.000000 0.098175 0.000000
vt 0.150000 0.078540 0.000000
vt 0.000000 0.078540 0.000000
vt 0.150000 0.058905 0.000000
vt 0.000000 0.058905 0.000000
vt 0.150000 0.039270 0.000000
vt 0.000000 0.039270 0.000000
vt 0.150000 0.019635 0.000000
vt 0.000000 0.019635 0.000000
vt 0.150000 0.000000 0.000000
vt 0.000000 0.000000 0.000000
vt 0.150000 -0.019635 0.000000
vt 0.000000 -0.019635 0.000000
vt 0.150000 -0.039270 0.000000
vt 0.000000 -0.039270 0.000000
vt 0.150000 -0.058905 0.000000
vt 0.000000 -0.058905 0.000000
vt 0.150000 -0.078540 0.000000
vt 0.000000 -0.078540 0.000000
vt 0.150000 -0.098175 0.000000
vt 0.000000 -0.098175 0.000000
vt 0.150000 -0.117810 0.000000
vt 0.000000 -0.117810 0.000000
vt 0.150000 -0.137445 0.000000
vt 0.000000 -0.137445 0.000000
vt 0.150000 -0.157080 0.000000
vt -0.000000 -0.157080 0.000000
vt 0.150000 -0.176715 0.000000
vt 0.000000 -0.176715 0.000000
vt 0.150000 -0.196350 0.000000
vt -0.000000 -0.196350 0.000000
vt 0.150000 -0.215984 0.000000
vt -0.000000 -0.215984 0.000000
vt 0.150000 -0.235619 0.000000
vt 0.000000 -0.235619 0.000000
vt 0.150000 0.235619 0.000000
vt 0.000000 0.235619 0.000000
vt 0.150000 0.215984 0.000000
vt 0.000000 0.215984 0.000000
vt 0.150000 0.196350 0.000000
vt 0.000000 0.196350 0.000000
vt 0.150000 0.176715 0.000000
vt 0.000000 0.176715 0.000000
vt 0.150000 0.157080 0.000000
vt 0.000000 0.157080 0.000000
vt 0.150000 0.137445 0.000000
vt 0.000000 0.137445 0.000000
vt 0.150000 0.117810 0.000000
vt 0.000000 0.117810 0.000000
vt 0.150000 0.098175 0.000000
vt 0.000000 0.098175 0.000000
vt 0.150000 0.078540 0.000000
vt 0.000000 0.078540 0.000000
vt 0.150000 0.058905 0.000000
vt 0.000000 0.058905 0.000000
vt 0.150000 0.039270 0.000000
vt 0.000000 0.039270 0.000000
vt 0.150000 0.019635 0.000000
vt 0.000000 0.019635 0.000000
vt 0.150000 0.000000 0.000000
vt 0.000000 0.000000 0.000000
vt 0.150000 -0.019635 0.000000
vt 0.000000 -0.019635 0.000000
vt 0.150000 -0.039270 0.000000
vt 0.000000 -0.039270 0.000000
vt 0.150000 -0.058905 0.000000
vt 0.000000 -0.058905 0.000000
vt 0.150000 -0.078540 0.000000
vt 0.000000 -0.078540 0.000000
vt 0.150000 -0.098175 0.000000
vt 0.000000 -0.098175 0.000000
vt 0.150000 -0.117810 0.000000
vt 0.000000 -0.117810 0.000000
vt 0.150000 -0.137445 0.000000
vt -0.000000 -0.137445 0.000000
vt 0.150000 -0.157080 0.000000
vt -0.000000 -0.157080 0.000000
vt 0.150000 -0.176715 0.000000
vt 0.000000 -0.176715 0.000000
vt 0.150000 -0.196350 0.000000
vt -0.000000 -0.196350 0.000000
vt 0.150000 -0.316777 0.000000
vt 0.000000 -0.316777 0.000000
vt 0.150000 -0.345575 0.000000
vt 0.000000 -0.345575 0.000000
vt 0.150000 0.345575 0.000000
vt 0.000000 0.345575 0.000000
vt 0.150000 0.316777 0.000000
vt 0.000000 0.316777 0.000000
vt 0.150000 0.287979 0.000000
vt 0.000000 0.287979 0.000000
vt 0.150000 0.259181 0.000000
vt 0.000000 0.259181 0.000000
vt 0.150000 0.230383 0.000000
vt 0.000000 0.230383 0.000000
vt 0.150000 0.201586 0.000000
vt 0.000000 0.201586 0.000000
vt 0.150000 0.172788 0.000000
vt 0.000000 0.172788 0.000000
vt 0.150000 0.143990 0.000000
vt 0.000000 0.143990 0.000000
vt 0.150000 0.115192 0.000000
vt 0.000000 0.115192 0.000000
vt 0.150000 0.086394 0.000000
vt 0.000000 0.086394 0.000000
vt 0.150000 0.057596 0.000000
vt 0.000000 0.057596 0.000000
vt 0.150000 0.028798 0.000000
vt 0.000000 0.028798 0.000000
vt 0.150000 0.000000 0.000000
vt 0.000000 0.000000 0.000000
vt 0.150000 -0.028798 0.000000
vt 0.000000 -0.028798 0.000000
vt 0.150000 -0.057596 0.000000
vt 0.000000 -0.057596 0.000000
vt 0.150000 -0.086394 0.000000
vt 0.000000 -0.086394 0.000000
vt 0.150000 -0.115192 0.000000
vt 0.000000 -0.115192 0.000000
vt 0.150000 -0.143990 0.000000
vt 0.000000 -0.143990 0.000000
vt 0.150000 -0.172788 0.000000
vt 0.000000 -0.172788 0.000000
vt 0.150000 -0.201586 0.000000
vt -0.000000 -0.201586 0.000000
vt 0.150000 -0.230383 0.000000
vt 0.000000 -0.230383 0.000000
vt 0.150000 -0.259181 0.000000
vt 0.000000 -0.259181 0.000000
vt 0.150000 -0.287979 0.000000
vt -0.000000 -0.287979 0.000000
vt 0.150000 -0.316777 0.000000
vt -0.000000 -0.316777 0.000000
vt 0.150000 -0.345575 0.000000
vt 0.000000 -0.345575 0.000000
vt 0.150000 0.345575 0.000000
vt 0.000000 0.345575 0.000000
vt 0.150000 0.316777 0.000000
vt 0.000000 0.316777 0.000000
vt 0.150000 0.287979 0.000000
vt 0.000000 0.287979 0.000000
vt 0.150000 0.259181 0.000000
vt 0.000000 0.259181 0.000000
vt 0.150000 0.230383 0.000000
vt 0.000000 0.230383 0.000000
vt 0.150000 0.201586 0.000000
vt 0.000000 0.201586 0.000000
vt 0.150000 0.172788 0.000000
vt 0.000000 0.172788 0.000000
vt 0.150000 0.143990 0.000000
vt 0.000000 0.143990 0.000000
vt 0.150000 0.115192 0.000000
vt 0.000000 0.115192 0.000000
vt 0.150000 0.086394 0.000000
vt 0.000000 0.086394 0.000000
vt 0.150000 0.057596 0.000000
vt 0.000000 0.057596 0.000000
vt 0.150000 0.028798 0.000000
vt 0.000000 0.028798 0.000000
vt 0.150000 0.000000 0.000000
vt 0.000000 0.000000 0.000000
vt 0.150000 -0.028798 0.000000
vt 0.000000 -0.028798 0.000000
vt 0.150000 -0.057596 0.000000
vt 0.000000 -0.057596 0.000000
vt 0.150000 -0.086394 0.000000
vt 0.000000 -0.086394 0.000000
vt 0.150000 -0.115192 0.000000
vt 0.000000 -0.115192 0.000000
vt 0.150000 -0.143990 0.000000
vt 0.000000 -0.143990 0.000000
vt 0.150000 -0.172788 0.000000
vt 0.000000 -0.172788 0.000000
vt 0.150000 -0.201586 0.000000
vt 0.000000 -0.201586 0.000000
vt 0.150000 -0.230383 0.000000
vt 0.000000 -0.230383 0.000000
vt 0.150000 -0.259181 0.000000
vt 0.000000 -0.259181 0.000000
vt 0.150000 -0.287979 0.000000
vt -0.000000 -0.287979 0.000000
vt 0.150000 -0.316777 0.000000
vt 0.000000 -0.316777 0.000000
vt 0.150000 -0.345575 0.000000
vt 0.000000 -0.345575 0.000000
vt 0.150000 0.345575 0.000000
vt 0.000000 0.345575 0.000000
vt 0.150000 0.316777 0.000000
vt 0.000000 0.316777 0.000000
vt 0.150000 0.287979 0.000000
vt 0.000000 0.287979 0.000000
vt 0.150000 0.259181 0.000000
vt 0.000000 0.259181 0.000000
vt 0.150000 0.230383 0.000000
vt 0.000000 0.230383 0.000000
vt 0.150000 0.201586 0.000000
vt 0.000000 0.201586 0.000000
vt 0.150000 0.172788 0.000000
vt 0.000000 0.172788 0.000000
vt 0.150000 0.143990 0.000000
vt 0.000000 0.143990 0.000000
vt 0.150000 0.115192 0.000000
vt 0.000000 0.115192 0.000000
vt 0.150000 0.086394 0.000000
vt 0.000000 0.086394 0.000000
vt 0.150000 0.057596 0.000000
vt 0.000000 0.057596 0.000000
vt 0.150000 0.028798 0.000000
vt 0.000000 0.028798 0.000000
vt 0.150000 0.000000 0.000000
vt 0.000000 0.000000 0.000000
vt 0.150000 -0.028798 0.000000
vt 0.000000 -0.028798 0.000000
vt 0.150000 -0.057596 0.000000
vt 0.000000 -0.057596 0.000000
vt 0.150000 -0.086394 0.000000
vt 0.000000 -0.086394 0.000000
vt 0.150000 -0.115192 0.000000
vt 0.000000 -0.115192 0.000000
vt 0.150000 -0.143990 0.000000
vt 0.000000 -0.143990 0.000000
vt 0.150000 -0.172788 0.000000
vt 0.000000 -0.172788 0.000000
vt 0.150000 -0.201586 0.000000
vt -0.000000 -0.201586 0.000000
vt 0.150000 -0.230383 0.000000
vt 0.000000 -0.230383 0.000000
vt 0.150000 -0.259181 0.000000
vt 0.000000 -0.259181 0.000000
vt 0.150000 -0.287979 0.000000
vt -0.000000 -0.287979 0.000000
vt 0.150000 -0.523599 0.000000
vt -0.000000 -0.523599 0.000000
vt 0.150000 -0.565487 0.000000
vt 0.000000 -0.565487 0.000000
vt 0.150000 0.565487 0.000000
vt 0.000000 0.565487 0.000000
vt 0.150000 0.523599 0.000000
vt 0.000000 0.523599 0.000000
vt 0.150000 0.481711 0.000000
vt 0.000000 0.481711 0.000000
vt 0.150000 0.439823 0.000000
vt 0.000000 0.439823 0.000000
vt 0.150000 0.397935 0.000000
vt 0.000000 0.397935 0.000000
vt 0.150000 0.356047 0.000000
vt 0.000000 0.356047 0.000000
vt 0.150000 0.314159 0.000000
vt 0.000000 0.314159 0.000000
vt 0.150000 0.272271 0.000000
vt 0.000000 0.272271 0.000000
vt 0.150000 0.230383 0.000000
vt 0.000000 0.230383 0.000000
vt 0.150000 0.188496 0.000000
vt 0.000000 0.188496 0.000000
vt 0.150000 0.146608 0.000000
vt 0.000000 0.146608 0.000000
vt 0.150000 0.104720 0.000000
vt 0.000000 0.104720 0.000000
vt 0.150000 0.062832 0.000000
vt 0.000000 0.062832 0.000000
vt 0.150000 0.020944 0.000000
vt 0.000000 0.020944 0.000000
vt 0.150000 -0.020944 0.000000
vt 0.000000 -0.020944 0.000000
vt 0.150000 -0.062832 0.000000
vt 0.000000 -0.062832 0.000000
vt 0.150000 -0.104720 0.000000
vt 0.000000 -0.104720 0.000000
vt 0.150000 -0.146608 0.000000
vt 0.000000 -0.146608 0.000000
vt 0.150000 -0.188496 0.000000
vt 0.000000 -0.188496 0.000000
vt 0.150000 -0.230383 0.000000
vt 0.000000 -0.230383 0.000000
vt 0.150000 -0.272271 0.000000
vt 0.000000 -0.272271 0.000000
vt 0.150000 -0.314159 0.000000
vt 0.000000 -0.314159 0.000000
vt 0.150000 -0.356047 0.000000
vt 0.000000 -0.356047 0.000000
vt 0.150000 -0.397935 0.000000
vt -0.000000 -0.397935 0.000000
vt 0.150000 -0.439823 0.000000
vt -0.000000 -0.439823 0.000000
vt 0.150000 -0.481711 0.000000
vt -0.000000 -0.481711 0.000000
vt 0.150000 -0.215984 0.000000
vt -0.000000 -0.215984 0.000000
vt 0.150000 -0.235619 0.000000
vt 0.000000 -0.235619 0.000000
vt 0.150000 0.235619 0.000000
vt 0.000000 0.235619 0.000000
vt 0.150000 0.215984 0.000000
vt 0.000000 0.215984 0.000000
vt 0.150000 0.196350 0.000000
vt 0.000000 0.196350 0.000000
vt 0.150000 0.176715 0.000000
vt 0.000000 0.176715 0.000000
vt 0.150000 0.157080 0.000000
vt 0.000000 0.157080 0.000000
vt 0.150000 0.137445 0.000000
vt 0.000000 0.137445 0.000000
vt 0.150000 0.117810 0.000000
vt 0.000000 0.117810 0.000000
vt 0.150000 0.098175 0.000000
vt 0.000000 0.098175 0.000000
vt 0.150000 0.078540 0.000000
vt 0.000000 0.078540 0.000000
vt 0.150000 0.058905 0.000000
vt 0.000000 0.058905 0.000000
vt 0.150000 0.039270 0.000000
vt 0.000000 0.039270 0.000000
vt 0.150000 0.019635 0.000000
vt 0.000000 0.019635 0.000000
vt 0.150000 0.000000 0.000000
vt 0.000000 0.000000 0.000000
vt 0.150000 -0.019635 0.000000
vt 0.000000 -0.019635 0.000000
vt 0.150000 -0.039270 0.000000
vt 0.000000 -0.039270 0.000000
vt 0.150000 -0.058905 0.000000
vt 0.000000 -0.058905 0.000000
vt 0.150000 -0.078540 0.000000
vt 0.000000 -0.078540 0.000000
vt 0.150000 -0.098175 0.000000
vt 0.000000 -0.098175 0.000000
vt 0.150000 -0.117810 0.000000
vt 0.000000 -0.117810 0.000000
vt 0.150000 -0.137445 0.000000
vt 0.000000 -0.137445 0.000000
vt 0.150000 -0.157080 0.000000
vt -0.000000 -0.157080 0.000000
vt 0.150000 -0.176715 0.000000
vt 0.000000 -0.176715 0.000000
vt 0.150000 -0.196350 0.000000
vt -0.000000 -0.196350 0.000000
vt 0.150000 -0.523599 0.000000
vt -0.000000 -0.523599 0.000000
vt 0.150000 -0.565487 0.000000
vt 0.000000 -0.565487 0.000000
vt 0.150000 0.565487 0.000000
vt 0.000000 0.565487 0.000000
vt 0.150000 0.523599 0.000000
vt 0.000000 0.523599 0.000000
vt 0.150000 0.481711 0.000000
vt 0.000000 0.481711 0.000000
vt 0.150000 0.439823 0.000000
vt 0.000000 0.439823 0.000000
vt 0.150000 0.397935 0.000000
vt 0.000000 0.397935 0.000000
vt 0.150000 0.356047 0.000000
vt 0.000000 0.356047 0.000000
vt 0.150000 0.314159 0.000000
vt 0.000000 0.314159 0.000000
vt 0.150000 0.272271 0.000000
vt 0.000000 0.272271 0.000000
vt 0.150000 0.230383 0.000000
vt 0.000000 0.230383 0.000000
vt 0.150000 0.188496 0.000000
vt 0.000000 0.188496 0.000000
vt 0.150000 0.146608 0.000000
vt 0.000000 0.146608 0.000000
vt 0.150000 0.104720 0.000000
vt 0.000000 0.104720 0.000000
vt 0.150000 0.062832 0.000000
vt 0.000000 0.062832 0.000000
vt 0.150000 0.020944 0.000000
vt 0.000000 0.020944 0.000000
vt 0.150000 -0.020944 0.000000
vt 0.000000 -0.020944 0.000000
vt 0.150000 -0.062832 0.000000
vt 0.000000 -0.062832 0.000000
vt 0.150000 -0.104720 0.000000
vt 0.000000 -0.104720 0.000000
vt 0.150000 -0.146608 0.000000
vt 0.000000 -0.146608 0.000000
vt 0.150000 -0.188496 0.000000
vt 0.000000 -0.188496 0.000000
vt 0.150000 -0.230383 0.000000
vt 0.000000 -0.230383 0.000000
vt 0.150000 -0.272271 0.000000
vt 0.000000 -0.272271 0.000000
vt 0.150000 -0.314159 0.000000
vt 0.000000 -0.314159 0.000000
vt 0.150000 -0.356047 0.000000
vt 0.000000 -0.356047 0.000000
vt 0.150000 -0.397935 0.000000
vt -0.000000 -0.397935 0.000000
vt 0.150000 -0.439823 0.000000
vt -0.000000 -0.439823 0.000000
vt 0.150000 -0.481711 0.000000
vt -0.000000 -0.481711 0.000000
vt 0.150000 -0.316777 0.000000
vt -0.000000 -0.316777 0.000000
vt 0.150000 -0.345575 0.000000
vt 0.000000 -0.345575 0.000000
vt 0.150000 0.345575 0.000000
vt 0.000000 0.345575 0.000000
vt 0.150000 0.316777 0.000000
vt 0.000000 0.316777 0.000000
vt 0.150000 0.287979 0.000000
vt 0.000000 0.287979 0.000000
vt 0.150000 0.259181 0.000000
vt 0.000000 0.259181 0.000000
vt 0.150000 0.230383 0.000000
vt 0.000000 0.230383 0.000000
vt 0.150000 0.201586 0.000000
vt 0.000000 0.201586 0.000000
vt 0.150000 0.172788 0.000000
vt 0.000000 0.172788 0.000000
vt 0.150000 0.143990 0.000000
vt 0.000000 0.143990 0.000000
vt 0.150000 0.115192 0.000000
vt 0.000000 0.115192 0.000000
vt 0.150000 0.086394 0.000000
vt 0.000000 0.086394 0.000000
vt 0.150000 0.057596 0.000000
vt 0.000000 0.057596 0.000000
vt 0.150000 0.028798 0.000000
vt 0.000000 0.028798 0.000000
vt 0.150000 0.000000 0.000000
vt 0.000000 0.000000 0.000000
vt 0.150000 -0.028798 0.000000
vt 0.000000 -0.028798 0.000000
vt 0.150000 -0.057596 0.000000
vt 0.000000 -0.057596 0.000000
vt 0.150000 -0.086394 0.000000
vt 0.000000 -0.086394 0.000000
vt 0.150000 -0.115192 0.000000
vt 0.000000 -0.115192 0.000000
vt 0.150000 -0.143990 0.000000
vt 0.000000 -0.143990 0.000000
vt 0.150000 -0.172788 0.000000
vt 0.000000 -0.172788 0.000000
vt 0.150000 -0.201586 0.000000
vt 0.000000 -0.201586 0.000000
vt 0.150000 -0.230383 0.000000
vt 0.000000 -0.230383 0.000000
vt 0.150000 -0.259181 0.000000
vt 0.000000 -0.259181 0.000000
vt 0.150000 -0.287979 0.000000
vt -0.000000 -0.287979 0.000000
vt 0.150000 -0.215984 0.000000
vt -0.000000 -0.215984 0.000000
vt 0.150000 -0.235619 0.000000
vt 0.000000 -0.235619 0.000000
vt 0.150000 0.235619 0.000000
vt 0.000000 0.235619 0.000000
vt 0.150000 0.215984 0.000000
vt 0.000000 0.215984 0.000000
vt 0.150000 0.196350 0.000000
vt 0.000000 0.196350 0.000000
vt 0.150000 0.176715 0.000000
vt 0.000000 0.176715 0.000000
vt 0.150000 0.157080 0.000000
vt 0.000000 0.157080 0.000000
vt 0.150000 0.137445 0.000000
vt 0.000000 0.137445 0.000000
vt 0.150000 0.117810 0.000000
vt 0.000000 0.117810 0.000000
vt 0.150000 0.098175 0.000000
vt 0.000000 0.098175 0.000000
vt 0.150000 0.078540 0.000000
vt 0.000000 0.078540 0.000000
vt 0.150000 0.058905 0.000000
vt 0.000000 0.058905 0.000000
vt 0.150000 0.039270 0.000000
vt 0.000000 0.039270 0.000000
vt 0.150000 0.019635 0.000000
vt 0.000000 0.019635 0.000000
vt 0.150000 0.000000 0.000000
vt 0.000000 0.000000 0.000000
vt 0.150000 -0.019635 0.000000
vt 0.000000 -0.019635 0.000000
vt 0.150000 -0.039270 0.000000
vt 0.000000 -0.039270 0.000000
vt 0.150000 -0.058905 0.000000
vt 0.000000 -0.058905 0.000000
vt 0.150000 -0.078540 0.000000
vt 0.000000 -0.078540 0.000000
vt 0.150000 -0.098175 0.000000
vt 0.000000 -0.098175 0.000000
vt 0.150000 -0.117810 0.000000
vt 0.000000 -0.117810 0.000000
vt 0.150000 -0.137445 0.000000
vt 0.000000 -0.137445 0.000000
vt 0.150000 -0.157080 0.000000
vt -0.000000 -0.157080 0.000000
vt 0.150000 -0.176715 0.000000
vt 0.000000 -0.176715 0.000000
vt 0.150000 -0.196350 0.000000
vt -0.000000 -0.196350 0.000000
vt 0.150000 -0.215984 0.000000
vt -0.000000 -0.215984 0.000000
vt 0.150000 -0.235619 0.000000
vt 0.000000 -0.235619 0.000000
vt 0.150000 0.235619 0.000000
vt 0.000000 0.235619 0.000000
vt 0.150000 0.215984 0.000000
vt 0.000000 0.215984 0.000000
vt 0.150000 0.196350 0.000000
vt 0.000000 0.196350 0.000000
vt 0.150000 0.176715 0.000000
vt 0.000000 0.176715 0.000000
vt 0.150000 0.157080 0.000000
vt 0.000000 0.157080 0.000000
vt 0.150000 0.137445 0.000000
vt 0.000000 0.137445 0.000000
vt 0.150000 0.117810 0.000000
vt 0.000000 0.117810 0.000000
vt 0.150000 0.098175 0.000000
vt 0.000000 0.098175 0.000000
vt 0.150000 0.078540 0.000000
vt 0.000000 0.078540 0.000000
vt 0.150000 0.058905 0.000000
vt 0.000000 0.058905 0.000000
vt 0.150000 0.039270 0.000000
vt 0.000000 0.039270 0.000000
vt 0.150000 0.019635 0.000000
vt 0.000000 0.019635 0.000000
vt 0.150000 0.000000 0.000000
vt 0.000000 0.000000 0.000000
vt 0.150000 -0.019635 0.000000
vt 0.000000 -0.019635 0.000000
vt 0.150000 -0.039270 0.000000
vt 0.000000 -0.039270 0.000000
vt 0.150000 -0.058905 0.000000
vt 0.000000 -0.058905 0.000000
vt 0.150000 -0.078540 0.000000
vt 0.000000 -0.078540 0.000000
vt 0.150000 -0.098175 0.000000
vt 0.000000 -0.098175 0.000000
vt 0.150000 -0.117810 0.000000
vt 0.000000 -0.117810 0.000000
vt 0.150000 -0.137445 0.000000
vt 0.000000 -0.137445 0.000000
vt 0.150000 -0.157080 0.000000
vt -0.000000 -0.157080 0.000000
vt 0.150000 -0.176715 0.000000
vt 0.000000 -0.176715 0.000000
vt 0.150000 -0.196350 0.000000
vt -0.000000 -0.196350 0.000000
vt 0.150000 -0.215984 0.000000
vt -0.000000 -0.215984 0.000000
vt 0.150000 -0.235619 0.000000
vt 0.000000 -0.235619 0.000000
vt 0.150000 0.235619 0.000000
vt 0.000000 0.235619 0.000000
vt 0.150000 0.215984 0.000000
vt 0.000000 0.215984 0.000000
vt 0.150000 0.196350 0.000000
vt 0.000000 0.196350 0.000000
vt 0.150000 0.176715 0.000000
vt 0.000000 0.176715 0.000000
vt 0.150000 0.157080 0.000000
vt 0.000000 0.157080 0.000000
vt 0.150000 0.137445 0.000000
vt 0.000000 0.137445 0.000000
vt 0.150000 0.117810 0.000000
vt 0.000000 0.117810 0.000000
vt 0.150000 0.098175 0.000000
vt 0.000000 0.098175 0.000000
vt 0.150000 0.078540 0.000000
vt 0.000000 0.078540 0.000000
vt 0.150000 0.058905 0.000000
vt 0.000000 0.058905 0.000000
vt 0.150000 0.039270 0.000000
vt 0.000000 0.039270 0.000000
vt 0.150000 0.019635 0.000000
vt 0.000000 0.019635 0.000000
vt 0.150000 0.000000 0.000000
vt 0.000000 0.000000 0.000000
vt 0.150000 -0.019635 0.000000
vt 0.000000 -0.019635 0.000000
vt 0.150000 -0.039270 0.000000
vt 0.000000 -0.039270 0.000000
vt 0.150000 -0.058905 0.000000
vt 0.000000 -0.058905 0.000000
vt 0.150000 -0.078540 0.000000
vt 0.000000 -0.078540 0.000000
vt 0.150000 -0.098175 0.000000
vt 0.000000 -0.098175 0.000000
vt 0.150000 -0.117810 0.000000
vt 0.000000 -0.117810 0.000000
vt 0.150000 -0.137445 0.000000
vt -0.000000 -0.137445 0.000000
vt 0.150000 -0.157080 0.000000
vt -0.000000 -0.157080 0.000000
vt 0.150000 -0.176715 0.000000
vt 0.000000 -0.176715 0.000000
vt 0.150000 -0.196350 0.000000
vt -0.000000 -0.196350 0.000000
vt 0.150000 -0.215984 0.000000
vt -0.000000 -0.215984 0.000000
vt 0.150000 -0.235619 0.000000
vt 0.000000 -0.235619 0.000000
vt 0.150000 0.235619 0.000000
vt 0.000000 0.235619 0.000000
vt 0.150000 0.215984 0.000000
vt 0.000000 0.215984 0.000000
vt 0.150000 0.196350 0.000000
vt 0.000000 0.196350 0.000000
vt 0.150000 0.176715 0.000000
vt 0.000000 0.176715 0.000000
vt 0.150000 0.157080 0.000000
vt 0.000000 0.157080 0.000000
vt 0.150000 0.137445 0.000000
vt 0.000000 0.137445 0.000000
vt 0.150000 0.117810 0.000000
vt 0.000000 0.117810 0.000000
vt 0.150000 0.098175 0.000000
vt 0.000000 0.098175 0.000000
vt 0.150000 0.078540 0.000000
vt 0.000000 0.078540 0.000000
vt 0.150000 0.058905 0.000000
vt 0.000000 0.058905 0.000000
vt 0.150000 0.039270 0.000000
vt 0.000000 0.039270 0.000000
vt 0.150000 0.019635 0.000000
vt 0.000000 0.019635 0.000000
vt 0.150000 0.000000 0.000000
vt 0.000000 0.000000 0.000000
vt 0.150000 -0.019635 0.000000
vt 0.000000 -0.019635 0.000000
vt 0.150000 -0.039270 0.000000
vt 0.000000 -0.039270 0.000000
vt 0.150000 -0.058905 0.000000
vt 0.000000 -0.058905 0.000000
vt 0.150000 -0.078540 0.000000
vt 0.000000 -0.078540 0.000000
vt 0.150000 -0.098175 0.000000
vt 0.000000 -0.098175 0.000000
vt 0.150000 -0.117810 0.000000
vt 0.000000 -0.117810 0.000000
vt 0.150000 -0.137445 0.000000
vt 0.000000 -0.137445 0.000000
vt 0.150000 -0.157080 0.000000
vt -0.000000 -0.157080 0.000000
vt 0.150000 -0.176715 0.000000
vt 0.000000 -0.176715 0.000000
vt 0.150000 -0.196350 0.000000
vt -0.000000 -0.196350 0.000000
vt 0.150000 -0.215984 0.000000
vt -0.000000 -0.215984 0.000000
vt 0.150000 -0.235619 0.000000
vt 0.000000 -0.235619 0.000000
vt 0.150000 0.235619 0.000000
vt 0.000000 0.235619 0.000000
vt 0.150000 0.215984 0.000000
vt 0.000000 0.215984 0.000000
vt 0.150000 0.196350 0.000000
vt 0.000000 0.196350 0.000000
vt 0.150000 0.176715 0.000000
vt 0.000000 0.176715 0.000000
vt 0.150000 0.157080 0.000000
vt 0.000000 0.157080 0.000000
vt 0.150000 0.137445 0.000000
vt 0.000000 0.137445 0.000000
vt 0.150000 0.117810 0.000000
vt 0.000000 0.117810 0.000000
vt 0.150000 0.098175 0.000000
vt 0.000000 0.098175 0.000000
vt 0.150000 0.078540 0.000000
vt 0.000000 0.078540 0.000000
vt 0.150000 0.058905 0.000000
vt 0.000000 0.058905 0.000000
vt 0.150000 0.039270 0.000000
vt 0.000000 0.039270 0.000000
vt 0.150000 0.019635 0.000000
vt 0.000000 0.019635 0.000000
vt 0.150000 0.000000 0.000000
vt 0.000000 0.000000 0.000000
vt 0.150000 -0.019635 0.000000
vt 0.000000 -0.019635 0.000000
vt 0.150000 -0.039270 0.000000
vt 0.000000 -0.039270 0.000000
vt 0.150000 -0.058905 0.000000
vt 0.000000 -0.058905 0.000000
vt 0.150000 -0.078540 0.000000
vt 0.000000 -0.078540 0.000000
vt 0.150000 -0.098175 0.000000
vt 0.000000 -0.098175 0.000000
vt 0.150000 -0.117810 0.000000
vt 0.000000 -0.117810 0.000000
vt 0.150000 -0.137445 0.000000
vt -0.000000 -0.137445 0.000000
vt 0.150000 -0.157080 0.000000
vt -0.000000 -0.157080 0.000000
vt 0.150000 -0.176715 0.000000
vt 0.000000 -0.176715 0.000000
vt 0.150000 -0.196350 0.000000
vt -0.000000 -0.196350 0.000000
vt -0.150000 -0.225367 0.000000
vt -0.000000 -0.225367 0.000000
vt -0.150000 -0.189405 0.000000
vt -0.000000 -0.189405 0.000000
vt -0.150000 -0.153443 0.000000
vt -0.000000 -0.153443 0.000000
vt -0.150000 -0.117481 0.000000
vt -0.000000 -0.117481 0.000000
vt -0.150000 -0.081519 0.000000
vt -0.000000 -0.081519 0.000000
vt -0.150000 -0.045557 0.000000
vt -0.000000 -0.045557 0.000000
vt -0.150000 -0.009595 0.000000
vt -0.000000 -0.009595 0.000000
vt -0.150000 0.026367 0.000000
vt -0.000000 0.026367 0.000000
vt -0.150000 -0.395828 0.000000
vt -0.000000 -0.395828 0.000000
vt -0.150000 -0.379085 0.000000
vt -0.000000 -0.379085 0.000000
vt -0.150000 -0.362342 0.000000
vt -0.000000 -0.362342 0.000000
vt -0.150000 -0.345600 0.000000
vt -0.000000 -0.345600 0.000000
vt -0.000000 0.000000 0.000000
vt 1.469490 0.000000 0.000000
vt -0.000000 0.150000 0.000000
vt 1.469490 0.150000 0.000000
vt -0.150000 -0.386806 0.000000
vt -0.000000 -0.386806 0.000000
vt -0.150000 -0.338455 0.000000
vt -0.000000 -0.338455 0.000000
vt -0.150000 -0.290105 0.000000
vt -0.000000 -0.290105 0.000000
vt -0.150000 -0.241754 0.000000
vt -0.000000 -0.241754 0.000000
vt -0.150000 -0.193403 0.000000
vt -0.000000 -0.193403 0.000000
vt -0.150000 -0.145052 0.000000
vt -0.000000 -0.145052 0.000000
vt -0.150000 -0.096702 0.000000
vt -0.000000 -0.096702 0.000000
vt -0.150000 -0.048351 0.000000
vt -0.000000 -0.048351 0.000000
vt -0.150000 -0.000000 0.000000
vt -0.000000 -0.000000 0.000000
vt -0.150000 0.048351 0.000000
vt -0.000000 0.048351 0.000000
vt -0.150000 0.096702 0.000000
vt -0.000000 0.096702 0.000000
vt -0.150000 0.145052 0.000000
vt -0.000000 0.145052 0.000000
vt -0.150000 0.193403 0.000000
vt -0.000000 0.193403 0.000000
vt -0.150000 0.241754 0.000000
vt -0.000000 0.241754 0.000000
vt -0.150000 0.290105 0.000000
vt -0.000000 0.290105 0.000000
vt -0.150000 0.338455 0.000000
vt -0.000000 0.338455 0.000000
vt -0.150000 0.386806 0.000000
vt -0.000000 0.386806 0.000000
vt -0.000000 -0.000000 0.000000
vt 1.469490 0.000000 0.000000
vt -0.000000 0.150000 0.000000
vt 1.469490 0.150000 0.000000
vt -0.150000 0.124671 0.000000
vt -0.000000 0.124671 0.000000
vt -0.150000 0.178902 0.000000
vt -0.000000 0.178902 0.000000
vt -0.150000 0.233134 0.000000
vt -0.000000 0.233134 0.000000
vt -0.150000 0.287365 0.000000
vt -0.000000 0.287365 0.000000
vt -0.150000 0.341596 0.000000
vt -0.000000 0.341596 0.000000
vt -0.150000 0.395828 0.000000
vt -0.000000 0.395828 0.000000
vt -0.000000 0.000000 0.000000
vt 1.967095 -0.000000 0.000000
vt -0.000000 0.150000 0.000000
vt 1.967095 0.150000 0.000000
vt -0.150000 0.088771 0.000000
vt -0.000000 0.088771 0.000000
vt -0.150000 0.135529 0.000000
vt -0.000000 0.135529 0.000000
vt -0.150000 0.182288 0.000000
vt -0.000000 0.182288 0.000000
vt -0.150000 0.229046 0.000000
vt -0.000000 0.229046 0.000000
vt -0.150000 0.275804 0.000000
vt -0.000000 0.275804 0.000000
vt -0.150000 0.322562 0.000000
vt -0.000000 0.322562 0.000000
vt -0.150000 0.369320 0.000000
vt -0.000000 0.369320 0.000000
vt -0.150000 0.416078 0.000000
vt -0.000000 0.416078 0.000000
vt -0.150000 0.462836 0.000000
vt -0.000000 0.462836 0.000000
vt -0.150000 0.509594 0.000000
vt -0.000000 0.509594 0.000000
vt -0.150000 0.556352 0.000000
vt -0.000000 0.556352 0.000000
vt -0.150000 0.603111 0.000000
vt -0.000000 0.603111 0.000000
vt -0.150000 0.649869 0.000000
vt -0.000000 0.649869 0.000000
vt -0.150000 0.696627 0.000000
vt -0.000000 0.696627 0.000000
vt 0.000000 0.000000 0.000000
vt 1.967095 0.000000 0.000000
vt 0.000000 0.150000 0.000000
vt 1.967095 0.150000 0.000000
vt -0.150000 0.923641 0.000000
vt -0.000000 0.923641 0.000000
vt -0.150000 0.977873 0.000000
vt -0.000000 0.977873 0.000000
vt -0.150000 1.032104 0.000000
vt -0.000000 1.032104 0.000000
vt -0.150000 1.086335 0.000000
vt -0.000000 1.086335 0.000000
vt -0.150000 1.140567 0.000000
vt -0.000000 1.140567 0.000000
vt -0.150000 1.194798 0.000000
vt -0.000000 1.194798 0.000000
vt -0.000000 0.000000 0.000000
vt 1.469490 0.000000 0.000000
vt 0.000000 0.150000 0.000000
vt 1.469490 0.150000 0.000000
vt -0.150000 0.398592 0.000000
vt -0.000000 0.398592 0.000000
vt -0.150000 0.446943 0.000000
vt -0.000000 0.446943 0.000000
vt -0.150000 0.495293 0.000000
vt -0.000000 0.495293 0.000000
vt -0.150000 0.543644 0.000000
vt -0.000000 0.543644 0.000000
vt -0.150000 0.591995 0.000000
vt -0.000000 0.591995 0.000000
vt -0.150000 0.640346 0.000000
vt -0.000000 0.640346 0.000000
vt -0.150000 0.688697 0.000000
vt -0.000000 0.688697 0.000000
vt -0.150000 0.737047 0.000000
vt -0.000000 0.737047 0.000000
vt -0.150000 0.785398 0.000000
vt -0.000000 0.785398 0.000000
vt -0.150000 0.833749 0.000000
vt -0.000000 0.833749 0.000000
vt -0.150000 0.882100 0.000000
vt 0.000000 0.882100 0.000000
vt -0.150000 0.930450 0.000000
vt -0.000000 0.930450 0.000000
vt -0.150000 0.978801 0.000000
vt 0.000000 0.978801 0.000000
vt -0.150000 1.027152 0.000000
vt 0.000000 1.027152 0.000000
vt -0.150000 1.075503 0.000000
vt 0.000000 1.075503 0.000000
vt -0.150000 1.123854 0.000000
vt 0.000000 1.123854 0.000000
vt -0.150000 1.172204 0.000000
vt 0.000000 1.172204 0.000000
vt -0.000000 0.000000 0.000000
vt 1.469490 -0.000000 0.000000
vt -0.000000 0.150000 0.000000
vt 1.469490 0.150000 0.000000
vt -0.150000 -0.973869 0.000000
vt -0.000000 -0.973869 0.000000
vt -0.150000 -0.957127 0.000000
vt 0.000000 -0.957127 0.000000
vt -0.150000 -0.940384 0.000000
vt -0.000000 -0.940384 0.000000
vt -0.150000 -0.923641 0.000000
vt 0.000000 -0.923641 0.000000
vt -0.150000 0.476288 0.000000
vt -0.000000 0.476288 0.000000
vt -0.150000 0.512250 0.000000
vt 0.000000 0.512250 0.000000
vt -0.150000 0.548212 0.000000
vt 0.000000 0.548212 0.000000
vt -0.150000 0.584174 0.000000
vt -0.000000 0.584174 0.000000
vt -0.150000 0.620136 0.000000
vt -0.000000 0.620136 0.000000
vt -0.150000 0.656098 0.000000
vt 0.000000 0.656098 0.000000
vt -0.150000 0.692060 0.000000
vt 0.000000 0.692060 0.000000
vt -0.150000 0.728022 0.000000
vt 0.000000 0.728022 0.000000
vt -0.000000 -0.000000 0.000000
vt 1.951062 0.000000 0.000000
vt 0.000000 0.150000 0.000000
vt 1.951062 0.150000 0.000000
vt -0.150000 -0.696627 0.000000
vt 0.000000 -0.696627 0.000000
vt -0.150000 -0.649869 0.000000
vt 0.000000 -0.649869 0.000000
vt -0.150000 -0.603111 0.000000
vt -0.000000 -0.603111 0.000000
vt -0.150000 -0.556352 0.000000
vt 0.000000 -0.556352 0.000000
vt -0.150000 -0.509594 0.000000
vt -0.000000 -0.509594 0.000000
vt -0.150000 -0.462836 0.000000
vt -0.000000 -0.462836 0.000000
vt -0.150000 -0.416078 0.000000
vt 0.000000 -0.416078 0.000000
vt -0.150000 -0.369320 0.000000
vt -0.000000 -0.369320 0.000000
vt -0.150000 -0.322562 0.000000
vt -0.000000 -0.322562 0.000000
vt -0.150000 -0.275804 0.000000
vt -0.000000 -0.275804 0.000000
vt -0.150000 -0.229046 0.000000
vt -0.000000 -0.229046 0.000000
vt -0.150000 -0.182288 0.000000
vt -0.000000 -0.182288 0.000000
vt -0.150000 -0.135529 0.000000
vt -0.000000 -0.135529 0.000000
vt -0.150000 -0.088771 0.000000
vt -0.000000 -0.088771 0.000000
vt 0.000000 0.000000 0.000000
vt 1.951062 0.000000 0.000000
vt 0.000000 0.150000 0.000000
vt 1.951062 0.150000 0.000000
vt -0.150000 0.444840 0.000000
vt -0.000000 0.444840 0.000000
vt -0.150000 0.480237 0.000000
vt -0.000000 0.480237 0.000000
vt -0.150000 0.515635 0.000000
vt 0.000000 0.515635 0.000000
vt -0.150000 0.551033 0.000000
vt 0.000000 0.551033 0.000000
vt -0.150000 0.586431 0.000000
vt 0.000000 0.586431 0.000000
vt -0.150000 0.621828 0.000000
vt -0.000000 0.621828 0.000000
vt -0.150000 0.657226 0.000000
vt 0.000000 0.657226 0.000000
vt -0.150000 0.692624 0.000000
vt 0.000000 0.692624 0.000000
vt -0.150000 0.728022 0.000000
vt 0.000000 0.728022 0.000000
vt -0.150000 0.785423 0.000000
vt -0.000000 0.785423 0.000000
vt -0.150000 0.848250 0.000000
vt -0.000000 0.848250 0.000000
vt -0.150000 0.911077 0.000000
vt -0.000000 0.911077 0.000000
vt -0.150000 0.973904 0.000000
vt -0.000000 0.973904 0.000000
vt -0.150000 1.036730 0.000000
vt -0.000000 1.036730 0.000000
vt -0.150000 1.099557 0.000000
vt -0.000000 1.099557 0.000000
vt -0.150000 1.162384 0.000000
vt -0.000000 1.162384 0.000000
vt -0.150000 1.225211 0.000000
vt -0.000000 1.225211 0.000000
vt -0.150000 1.288038 0.000000
vt -0.000000 1.288038 0.000000
vt -0.150000 1.350865 0.000000
vt -0.000000 1.350865 0.000000
vt -0.150000 1.413692 0.000000
vt 0.000000 1.413692 0.000000
vt -0.150000 0.109736 0.000000
vt -0.000000 0.109736 0.000000
vt -0.150000 0.145134 0.000000
vt -0.000000 0.145134 0.000000
vt -0.150000 0.180532 0.000000
vt -0.000000 0.180532 0.000000
vt -0.150000 0.215930 0.000000
vt -0.000000 0.215930 0.000000
vt -0.150000 0.251327 0.000000
vt -0.000000 0.251327 0.000000
vt -0.150000 0.286725 0.000000
vt -0.000000 0.286725 0.000000
vt -0.150000 0.322123 0.000000
vt -0.000000 0.322123 0.000000
vt -0.150000 0.357521 0.000000
vt -0.000000 0.357521 0.000000
vt -0.150000 0.392918 0.000000
vt -0.000000 0.392918 0.000000
vt -0.150000 0.077269 0.000000
vt -0.000000 0.077269 0.000000
vt -0.150000 0.134366 0.000000
vt -0.000000 0.134366 0.000000
vt -0.150000 0.191463 0.000000
vt -0.000000 0.191463 0.000000
vt -0.150000 0.248560 0.000000
vt -0.000000 0.248560 0.000000
vt -0.150000 0.305657 0.000000
vt -0.000000 0.305657 0.000000
vt -0.150000 0.362755 0.000000
vt -0.000000 0.362755 0.000000
vt -0.150000 0.419852 0.000000
vt -0.000000 0.419852 0.000000
vt -0.150000 0.476949 0.000000
vt -0.000000 0.476949 0.000000
vt -0.150000 0.534046 0.000000
vt -0.000000 0.534046 0.000000
vt 0.000000 0.000000 0.000000
vt 1.967095 0.000000 0.000000
vt 0.000000 0.150000 0.000000
vt 1.967095 0.150000 0.000000
vt -0.150000 0.116987 0.000000
vt -0.000000 0.116987 0.000000
vt -0.150000 0.162939 0.000000
vt -0.000000 0.162939 0.000000
vt -0.150000 0.208891 0.000000
vt -0.000000 0.208891 0.000000
vt -0.150000 0.254843 0.000000
vt -0.000000 0.254843 0.000000
vt -0.150000 0.300795 0.000000
vt -0.000000 0.300795 0.000000
vt -0.150000 0.346747 0.000000
vt -0.000000 0.346747 0.000000
vt -0.150000 0.392699 0.000000
vt -0.000000 0.392699 0.000000
vt -0.150000 0.438651 0.000000
vt -0.000000 0.438651 0.000000
vt -0.150000 0.484603 0.000000
vt -0.000000 0.484603 0.000000
vt -0.150000 0.530555 0.000000
vt -0.000000 0.530555 0.000000
vt -0.150000 0.576507 0.000000
vt -0.000000 0.576507 0.000000
vt -0.150000 0.622459 0.000000
vt -0.000000 0.622459 0.000000
vt -0.150000 0.668411 0.000000
vt -0.000000 0.668411 0.000000
vt 0.000000 0.000000 0.000000
vt 1.967095 0.000000 0.000000
vt -0.000000 0.150000 0.000000
vt 1.967095 0.150000 0.000000
vt -0.150000 0.785423 0.000000
vt -0.000000 0.785423 0.000000
vt -0.150000 0.842520 0.000000
vt -0.000000 0.842520 0.000000
vt -0.150000 0.899617 0.000000
vt -0.000000 0.899617 0.000000
vt -0.150000 0.956714 0.000000
vt -0.000000 0.956714 0.000000
vt -0.150000 1.013812 0.000000
vt -0.000000 1.013812 0.000000
vt -0.150000 1.070909 0.000000
vt -0.000000 1.070909 0.000000
vt -0.150000 1.128006 0.000000
vt -0.000000 1.128006 0.000000
vt -0.150000 1.185103 0.000000
vt -0.000000 1.185103 0.000000
vt -0.150000 1.242200 0.000000
vt -0.000000 1.242200 0.000000
vt -0.150000 0.109736 0.000000
vt -0.000000 0.109736 0.000000
vt -0.150000 0.145134 0.000000
vt -0.000000 0.145134 0.000000
vt -0.150000 0.180532 0.000000
vt -0.000000 0.180532 0.000000
vt -0.150000 0.215930 0.000000
vt -0.000000 0.215930 0.000000
vt -0.150000 0.251327 0.000000
vt -0.000000 0.251327 0.000000
vt -0.150000 0.286725 0.000000
vt -0.000000 0.286725 0.000000
vt -0.150000 0.322123 0.000000
vt -0.000000 0.322123 0.000000
vt -0.150000 0.357521 0.000000
vt -0.000000 0.357521 0.000000
vt -0.150000 0.392918 0.000000
vt -0.000000 0.392918 0.000000
vt -0.150000 -0.094223 0.000000
vt -0.000000 -0.094223 0.000000
vt -0.150000 -0.031396 0.000000
vt -0.000000 -0.031396 0.000000
vt -0.150000 0.031431 0.000000
vt -0.000000 0.031431 0.000000
vt -0.150000 0.094258 0.000000
vt -0.000000 0.094258 0.000000
vt -0.150000 0.157085 0.000000
vt -0.000000 0.157085 0.000000
vt -0.150000 0.219911 0.000000
vt -0.000000 0.219911 0.000000
vt -0.150000 0.282738 0.000000
vt -0.000000 0.282738 0.000000
vt -0.150000 0.345565 0.000000
vt -0.000000 0.345565 0.000000
vt -0.150000 0.408392 0.000000
vt -0.000000 0.408392 0.000000
vt -0.150000 0.471219 0.000000
vt -0.000000 0.471219 0.000000
vt -0.150000 0.534046 0.000000
vt -0.000000 0.534046 0.000000
vt -0.150000 -0.225367 0.000000
vt -0.000000 -0.225367 0.000000
vt -0.150000 -0.189969 0.000000
vt -0.000000 -0.189969 0.000000
vt -0.150000 -0.154571 0.000000
vt -0.000000 -0.154571 0.000000
vt -0.150000 -0.119174 0.000000
vt -0.000000 -0.119174 0.000000
vt -0.150000 -0.083776 0.000000
vt -0.000000 -0.083776 0.000000
vt -0.150000 -0.048378 0.000000
vt -0.000000 -0.048378 0.000000
vt -0.150000 -0.012980 0.000000
vt -0.000000 -0.012980 0.000000
vt -0.150000 0.022417 0.000000
vt -0.000000 0.022417 0.000000
vt -0.150000 0.057815 0.000000
vt -0.000000 0.057815 0.000000
vt -0.150000 -0.721702 0.000000
vt 0.000000 -0.721702 0.000000
vt -0.150000 -0.659018 0.000000
vt -0.000000 -0.659018 0.000000
vt -0.150000 -0.596334 0.000000
vt -0.000000 -0.596334 0.000000
vt -0.150000 -0.533651 0.000000
vt -0.000000 -0.533651 0.000000
vt -0.150000 -0.470967 0.000000
vt -0.000000 -0.470967 0.000000
vt -0.150000 -0.408283 0.000000
vt -0.000000 -0.408283 0.000000
vt -0.150000 -0.345600 0.000000
vt -0.000000 -0.345600 0.000000
vt -0.000000 0.000000 0.000000
vt 1.469490 0.000000 0.000000
vt -0.000000 0.150000 0.000000
vt 1.469490 0.150000 0.000000
vt -0.150000 -0.192834 0.000000
vt -0.000000 -0.192834 0.000000
vt -0.150000 -0.144625 0.000000
vt -0.000000 -0.144625 0.000000
vt -0.150000 -0.096417 0.000000
vt -0.000000 -0.096417 0.000000
vt -0.150000 -0.048208 0.000000
vt -0.000000 -0.048208 0.000000
vt -0.150000 -0.000000 0.000000
vt -0.000000 -0.000000 0.000000
vt -0.150000 0.048208 0.000000
vt -0.000000 0.048208 0.000000
vt -0.150000 0.096417 0.000000
vt -0.000000 0.096417 0.000000
vt -0.150000 0.144625 0.000000
vt -0.000000 0.144625 0.000000
vt -0.150000 0.192834 0.000000
vt -0.000000 0.192834 0.000000
vt 0.000000 0.000000 0.000000
vt 1.440275 0.000000 0.000000
vt 0.000000 0.150000 0.000000
vt 1.440275 0.150000 0.000000
vt -0.150000 0.109736 0.000000
vt -0.000000 0.109736 0.000000
vt -0.150000 0.145931 0.000000
vt -0.000000 0.145931 0.000000
vt -0.150000 0.182125 0.000000
vt -0.000000 0.182125 0.000000
vt -0.150000 0.218319 0.000000
vt -0.000000 0.218319 0.000000
vt -0.150000 0.254513 0.000000
vt -0.000000 0.254513 0.000000
vt -0.150000 0.290707 0.000000
vt -0.000000 0.290707 0.000000
vt -0.150000 0.326901 0.000000
vt -0.000000 0.326901 0.000000
vt -0.150000 -0.094223 0.000000
vt -0.000000 -0.094223 0.000000
vt -0.150000 -0.031396 0.000000
vt -0.000000 -0.031396 0.000000
vt -0.150000 0.031431 0.000000
vt -0.000000 0.031431 0.000000
vt -0.150000 0.094258 0.000000
vt -0.000000 0.094258 0.000000
vt -0.150000 0.157085 0.000000
vt -0.000000 0.157085 0.000000
vt -0.150000 0.219911 0.000000
vt -0.000000 0.219911 0.000000
vt -0.150000 0.282738 0.000000
vt -0.000000 0.282738 0.000000
vt -0.150000 0.345565 0.000000
vt -0.000000 0.345565 0.000000
vt -0.150000 0.408392 0.000000
vt -0.000000 0.408392 0.000000
vt -0.150000 0.471219 0.000000
vt -0.000000 0.471219 0.000000
vt -0.150000 0.534046 0.000000
vt -0.000000 0.534046 0.000000
vt -0.150000 -0.225367 0.000000
vt -0.000000 -0.225367 0.000000
vt -0.150000 -0.189969 0.000000
vt -0.000000 -0.189969 0.000000
vt -0.150000 -0.154571 0.000000
vt -0.000000 -0.154571 0.000000
vt -0.150000 -0.119174 0.000000
vt -0.000000 -0.119174 0.000000
vt -0.150000 -0.083776 0.000000
vt -0.000000 -0.083776 0.000000
vt -0.150000 -0.048378 0.000000
vt -0.000000 -0.048378 0.000000
vt -0.150000 -0.012980 0.000000
vt -0.000000 -0.012980 0.000000
vt -0.150000 0.022417 0.000000
vt -0.000000 0.022417 0.000000
vt -0.150000 0.057815 0.000000
vt -0.000000 0.057815 0.000000
vt -0.150000 -0.973869 0.000000
vt 0.000000 -0.973869 0.000000
vt -0.150000 -0.911042 0.000000
vt 0.000000 -0.911042 0.000000
vt -0.150000 -0.848215 0.000000
vt -0.000000 -0.848215 0.000000
vt -0.150000 -0.785388 0.000000
vt 0.000000 -0.785388 0.000000
vt -0.150000 -0.722561 0.000000
vt 0.000000 -0.722561 0.000000
vt -0.150000 -0.659734 0.000000
vt -0.000000 -0.659734 0.000000
vt -0.150000 -0.596908 0.000000
vt -0.000000 -0.596908 0.000000
vt -0.150000 -0.534081 0.000000
vt -0.000000 -0.534081 0.000000
vt -0.150000 -0.471254 0.000000
vt -0.000000 -0.471254 0.000000
vt -0.150000 -0.408427 0.000000
vt -0.000000 -0.408427 0.000000
vt -0.150000 -0.345600 0.000000
vt -0.000000 -0.345600 0.000000
vt -0.150000 0.444840 0.000000
vt -0.000000 0.444840 0.000000
vt -0.150000 0.480237 0.000000
vt -0.000000 0.480237 0.000000
vt -0.150000 0.515635 0.000000
vt 0.000000 0.515635 0.000000
vt -0.150000 0.551033 0.000000
vt 0.000000 0.551033 0.000000
vt -0.150000 0.586431 0.000000
vt -0.000000 0.586431 0.000000
vt -0.150000 0.621828 0.000000
vt 0.000000 0.621828 0.000000
vt -0.150000 0.657226 0.000000
vt -0.000000 0.657226 0.000000
vt -0.150000 0.692624 0.000000
vt -0.000000 0.692624 0.000000
vt -0.150000 0.728022 0.000000
vt 0.000000 0.728022 0.000000
vt -0.150000 -1.242200 0.000000
vt 0.000000 -1.242200 0.000000
vt -0.150000 -1.236549 0.000000
vt 0.000000 -1.236549 0.000000
vt -0.150000 -1.230897 0.000000
vt 0.000000 -1.230897 0.000000
vt -0.150000 -1.225246 0.000000
vt 0.000000 -1.225246 0.000000
vt 0.000000 0.000000 0.000000
vt 1.967095 0.000000 0.000000
vt 0.000000 0.150000 0.000000
vt 1.967095 0.150000 0.000000
vt -0.150000 -0.668411 0.000000
vt 0.000000 -0.668411 0.000000
vt -0.150000 -0.622459 0.000000
vt 0.000000 -0.622459 0.000000
vt -0.150000 -0.576507 0.000000
vt 0.000000 -0.576507 0.000000
vt -0.150000 -0.530555 0.000000
vt 0.000000 -0.530555 0.000000
vt -0.150000 -0.484603 0.000000
vt 0.000000 -0.484603 0.000000
vt -0.150000 -0.438651 0.000000
vt -0.000000 -0.438651 0.000000
vt -0.150000 -0.392699 0.000000
vt -0.000000 -0.392699 0.000000
vt -0.150000 -0.346747 0.000000
vt -0.000000 -0.346747 0.000000
vt -0.150000 -0.300795 0.000000
vt -0.000000 -0.300795 0.000000
vt -0.150000 -0.254843 0.000000
vt -0.000000 -0.254843 0.000000
vt -0.150000 -0.208891 0.000000
vt -0.000000 -0.208891 0.000000
vt -0.150000 -0.162939 0.000000
vt -0.000000 -0.162939 0.000000
vt -0.150000 -0.116987 0.000000
vt -0.000000 -0.116987 0.000000
vt 0.000000 0.000000 0.000000
vt 1.967095 0.000000 0.000000
vt 0.000000 0.150000 0.000000
vt 1.967095 0.150000 0.000000
vt -0.150000 -0.094223 0.000000
vt -0.000000 -0.094223 0.000000
vt -0.150000 -0.088572 0.000000
vt -0.000000 -0.088572 0.000000
vt -0.150000 -0.082920 0.000000
vt -0.000000 -0.082920 0.000000
vt -0.150000 -0.077269 0.000000
vt -0.000000 -0.077269 0.000000
vt -0.150000 -0.225367 0.000000
vt -0.000000 -0.225367 0.000000
vt -0.150000 -0.189969 0.000000
vt -0.000000 -0.189969 0.000000
vt -0.150000 -0.154571 0.000000
vt -0.000000 -0.154571 0.000000
vt -0.150000 -0.119174 0.000000
vt -0.000000 -0.119174 0.000000
vt -0.150000 -0.083776 0.000000
vt -0.000000 -0.083776 0.000000
vt -0.150000 -0.048378 0.000000
vt -0.000000 -0.048378 0.000000
vt -0.150000 -0.012980 0.000000
vt -0.000000 -0.012980 0.000000
vt -0.150000 0.022417 0.000000
vt -0.000000 0.022417 0.000000
vt -0.150000 0.057815 0.000000
vt -0.000000 0.057815 0.000000
vt -0.150000 -0.973869 0.000000
vt 0.000000 -0.973869 0.000000
vt -0.150000 -0.911042 0.000000
vt 0.000000 -0.911042 0.000000
vt -0.150000 -0.848215 0.000000
vt -0.000000 -0.848215 0.000000
vt -0.150000 -0.785388 0.000000
vt 0.000000 -0.785388 0.000000
vt -0.150000 -0.722561 0.000000
vt 0.000000 -0.722561 0.000000
vt -0.150000 -0.659734 0.000000
vt -0.000000 -0.659734 0.000000
vt -0.150000 -0.596908 0.000000
vt -0.000000 -0.596908 0.000000
vt -0.150000 -0.534081 0.000000
vt -0.000000 -0.534081 0.000000
vt -0.150000 -0.471254 0.000000
vt -0.000000 -0.471254 0.000000
vt -0.150000 -0.408427 0.000000
vt -0.000000 -0.408427 0.000000
vt -0.150000 -0.345600 0.000000
vt -0.000000 -0.345600 0.000000
vt -0.150000 0.444840 0.000000
vt -0.000000 0.444840 0.000000
vt -0.150000 0.480237 0.000000
vt -0.000000 0.480237 0.000000
vt -0.150000 0.515635 0.000000
vt 0.000000 0.515635 0.000000
vt -0.150000 0.551033 0.000000
vt 0.000000 0.551033 0.000000
vt -0.150000 0.586431 0.000000
vt -0.000000 0.586431 0.000000
vt -0.150000 0.621828 0.000000
vt 0.000000 0.621828 0.000000
vt -0.150000 0.657226 0.000000
vt -0.000000 0.657226 0.000000
vt -0.150000 0.692624 0.000000
vt -0.000000 0.692624 0.000000
vt -0.150000 0.728022 0.000000
vt 0.000000 0.728022 0.000000
vt -0.150000 0.785423 0.000000
vt -0.000000 0.785423 0.000000
vt -0.150000 0.848250 0.000000
vt -0.000000 0.848250 0.000000
vt -0.150000 0.911077 0.000000
vt -0.000000 0.911077 0.000000
vt -0.150000 0.973904 0.000000
vt -0.000000 0.973904 0.000000
vt -0.150000 1.036730 0.000000
vt -0.000000 1.036730 0.000000
vt -0.150000 1.099557 0.000000
vt -0.000000 1.099557 0.000000
vt -0.150000 1.162384 0.000000
vt -0.000000 1.162384 0.000000
vt -0.150000 1.225211 0.000000
vt -0.000000 1.225211 0.000000
vt -0.150000 1.288038 0.000000
vt -0.000000 1.288038 0.000000
vt -0.150000 1.350865 0.000000
vt -0.000000 1.350865 0.000000
vt -0.150000 1.413692 0.000000
vt 0.000000 1.413692 0.000000
vt -0.150000 0.175754 0.000000
vt -0.000000 0.175754 0.000000
vt -0.150000 0.211948 0.000000
vt -0.000000 0.211948 0.000000
vt -0.150000 0.248142 0.000000
vt -0.000000 0.248142 0.000000
vt -0.150000 0.284336 0.000000
vt -0.000000 0.284336 0.000000
vt -0.150000 0.320530 0.000000
vt -0.000000 0.320530 0.000000
vt -0.150000 0.356724 0.000000
vt -0.000000 0.356724 0.000000
vt -0.150000 0.392918 0.000000
vt -0.000000 0.392918 0.000000
vt -0.000000 0.000000 0.000000
vt 1.440275 0.000000 0.000000
vt -0.000000 0.150000 0.000000
vt 1.440275 0.150000 0.000000
vt -0.150000 0.592565 0.000000
vt -0.000000 0.592565 0.000000
vt -0.150000 0.640773 0.000000
vt -0.000000 0.640773 0.000000
vt -0.150000 0.688981 0.000000
vt -0.000000 0.688981 0.000000
vt -0.150000 0.737190 0.000000
vt -0.000000 0.737190 0.000000
vt -0.150000 0.785398 0.000000
vt -0.000000 0.785398 0.000000
vt -0.150000 0.833607 0.000000
vt 0.000000 0.833607 0.000000
vt -0.150000 0.881815 0.000000
vt 0.000000 0.881815 0.000000
vt -0.150000 0.930023 0.000000
vt 0.000000 0.930023 0.000000
vt -0.150000 0.978232 0.000000
vt 0.000000 0.978232 0.000000
vt -0.000000 0.000000 0.000000
vt 1.469490 0.000000 0.000000
vt -0.000000 0.150000 0.000000
vt 1.469490 0.150000 0.000000
vt -0.150000 -0.973869 0.000000
vt -0.000000 -0.973869 0.000000
vt -0.150000 -0.911185 0.000000
vt 0.000000 -0.911185 0.000000
vt -0.150000 -0.848502 0.000000
vt 0.000000 -0.848502 0.000000
vt -0.150000 -0.785818 0.000000
vt 0.000000 -0.785818 0.000000
vt -0.150000 -0.723134 0.000000
vt 0.000000 -0.723134 0.000000
vt -0.150000 -0.660451 0.000000
vt -0.000000 -0.660451 0.000000
vt -0.150000 -0.597767 0.000000
vt -0.000000 -0.597767 0.000000
vt -2.600716 -1.510001 0.000000
vt -2.589534 -1.750305 0.000000
vt -2.538257 -1.514563 0.000000
vt -2.548375 -1.757562 0.000000
vt -2.393225 -1.726967 0.000000
vt -2.405144 -1.742500 0.000000
vt -2.510000 -1.774115 0.000000
vt -2.412637 -1.760589 0.000000
vt -2.476477 -1.799073 0.000000
vt -2.415192 -1.780000 0.000000
vt -2.412637 -1.799411 0.000000
vt -2.449612 -1.831088 0.000000
vt -2.405144 -1.817500 0.000000
vt -2.393225 -1.833033 0.000000
vt -2.430855 -1.868436 0.000000
vt -2.377692 -1.844952 0.000000
vt -2.359604 -1.852444 0.000000
vt -2.421217 -1.909103 0.000000
vt -2.340192 -1.855000 0.000000
vt -2.421217 -1.950897 0.000000
vt -2.320781 -1.852444 0.000000
vt -2.187088 -2.006833 0.000000
vt -2.302692 -1.844952 0.000000
vt -2.287159 -1.833033 0.000000
vt -2.182360 -1.806247 0.000000
vt -2.275240 -1.817500 0.000000
vt -2.267748 -1.799411 0.000000
vt -2.265192 -1.780000 0.000000
vt -2.180480 -1.770410 0.000000
vt -2.267748 -1.760589 0.000000
vt -2.186634 -1.735056 0.000000
vt -2.275240 -1.742500 0.000000
vt -2.200514 -1.701962 0.000000
vt -2.287159 -1.726967 0.000000
vt -2.221420 -1.672794 0.000000
vt -2.302692 -1.715048 0.000000
vt -2.248301 -1.649020 0.000000
vt -2.320781 -1.707556 0.000000
vt -2.279804 -1.631834 0.000000
vt -2.314345 -1.622101 0.000000
vt -2.663160 -1.514776 0.000000
vt -2.631257 -1.752735 0.000000
vt -2.724198 -1.528783 0.000000
vt -2.782476 -1.551711 0.000000
vt -2.836697 -1.583049 0.000000
vt -2.822308 -1.715048 0.000000
vt -2.806775 -1.726967 0.000000
vt -2.671294 -1.764721 0.000000
vt -2.794856 -1.742500 0.000000
vt -2.787363 -1.760589 0.000000
vt -2.840396 -1.707556 0.000000
vt -2.885655 -1.622101 0.000000
vt -2.859808 -1.705000 0.000000
vt -2.879219 -1.707556 0.000000
vt -2.919673 -1.631622 0.000000
vt -2.950773 -1.648375 0.000000
vt -2.897308 -1.715048 0.000000
vt -2.977440 -1.671544 0.000000
vt -2.912841 -1.726967 0.000000
vt -2.998372 -1.700000 0.000000
vt -2.924760 -1.742500 0.000000
vt -3.012549 -1.732356 0.000000
vt -2.932252 -1.760589 0.000000
vt -3.019281 -1.767034 0.000000
vt -2.934808 -1.780000 0.000000
vt -3.018240 -1.802344 0.000000
vt -2.932252 -1.799411 0.000000
vt -3.009475 -1.836565 0.000000
vt -2.924760 -1.817500 0.000000
vt -2.912841 -1.833033 0.000000
vt -3.018827 -1.898633 0.000000
vt -2.897308 -1.844952 0.000000
vt -2.879219 -1.852444 0.000000
vt -3.018824 -1.961401 0.000000
vt -2.780000 -1.930000 0.000000
vt -2.775148 -1.971511 0.000000
vt -3.009468 -2.023468 0.000000
vt -2.760854 -2.010784 0.000000
vt -2.990965 -2.083448 0.000000
vt -2.737888 -2.045702 0.000000
vt -2.963731 -2.140000 0.000000
vt -2.928372 -2.191862 0.000000
vt -2.707489 -2.074382 0.000000
vt -2.885680 -2.237875 0.000000
vt -2.664952 -2.192500 0.000000
vt -2.672444 -2.210589 0.000000
vt -2.836607 -2.277012 0.000000
vt -2.675000 -2.230000 0.000000
vt -2.782249 -2.308398 0.000000
vt -2.672444 -2.249411 0.000000
vt -2.664952 -2.267500 0.000000
vt -2.723821 -2.331333 0.000000
vt -2.653033 -2.283033 0.000000
vt -2.637500 -2.294952 0.000000
vt -2.698567 -2.356034 0.000000
vt -2.668508 -2.374591 0.000000
vt -2.619411 -2.302444 0.000000
vt -2.635110 -2.386100 0.000000
vt -2.600000 -2.305000 0.000000
vt -2.600000 -2.390000 0.000000
vt -2.564890 -2.386100 0.000000
vt -2.580589 -2.302444 0.000000
vt -2.531492 -2.374591 0.000000
vt -2.562500 -2.294952 0.000000
vt -2.501433 -2.356034 0.000000
vt -2.476179 -2.331333 0.000000
vt -2.422930 -2.310849 0.000000
vt -2.535048 -2.267500 0.000000
vt -2.546967 -2.283033 0.000000
vt -2.527556 -2.249411 0.000000
vt -2.372948 -2.283338 0.000000
vt -2.525000 -2.230000 0.000000
vt -2.527556 -2.210589 0.000000
vt -2.327156 -2.249306 0.000000
vt -2.535048 -2.192500 0.000000
vt -2.286399 -2.209382 0.000000
vt -2.510000 -2.085885 0.000000
vt -2.476477 -2.060927 0.000000
vt -2.251428 -2.164303 0.000000
vt -2.449612 -2.028912 0.000000
vt -2.222890 -2.114900 0.000000
vt -2.201310 -2.062085 0.000000
vt -2.430855 -1.991564 0.000000
vt -0.223124 -1.895886 0.000000
vt -0.234404 -1.696205 0.000000
vt -0.110000 -1.783122 0.000000
vt -0.106252 -1.754652 0.000000
vt -0.198755 -1.934768 0.000000
vt -0.077782 -1.860904 0.000000
vt -0.095263 -1.838122 0.000000
vt -0.106252 -1.811592 0.000000
vt -0.055000 -1.878385 0.000000
vt -0.167690 -1.968541 0.000000
vt -0.130975 -1.996067 0.000000
vt -0.028470 -1.889374 0.000000
vt -0.089848 -2.016419 0.000000
vt -0.045694 -2.028911 0.000000
vt 0.000000 -1.893122 0.000000
vt -0.000000 -2.033122 0.000000
vt 0.045694 -2.028911 0.000000
vt 0.028470 -1.889374 0.000000
vt 0.089848 -2.016419 0.000000
vt 0.130975 -1.996067 0.000000
vt 0.055000 -1.878385 0.000000
vt 0.167690 -1.968541 0.000000
vt 0.198755 -1.934768 0.000000
vt 0.077782 -1.860904 0.000000
vt 0.223124 -1.895886 0.000000
vt 0.095263 -1.838122 0.000000
vt 0.106252 -1.811592 0.000000
vt 0.110000 -1.783122 0.000000
vt 0.234404 -1.696205 0.000000
vt 0.106252 -1.754652 0.000000
vt 0.095263 -1.728122 0.000000
vt 0.214154 -1.654134 0.000000
vt 0.077782 -1.705341 0.000000
vt 0.186435 -1.616563 0.000000
vt 0.055000 -1.687859 0.000000
vt 0.152213 -1.584801 0.000000
vt 0.112682 -1.559957 0.000000
vt 2.182360 -1.806247 0.000000
vt 2.187088 -2.006833 0.000000
vt 2.287159 -1.833033 0.000000
vt 2.302692 -1.844952 0.000000
vt 2.320781 -1.852444 0.000000
vt 2.420000 -1.930000 0.000000
vt 2.340192 -1.855000 0.000000
vt 2.359604 -1.852444 0.000000
vt 2.424852 -1.888489 0.000000
vt 2.377692 -1.844952 0.000000
vt 2.439146 -1.849216 0.000000
vt 2.393225 -1.833033 0.000000
vt 2.405144 -1.817500 0.000000
vt 2.462112 -1.814298 0.000000
vt 2.412637 -1.799411 0.000000
vt 2.415192 -1.780000 0.000000
vt 2.492511 -1.785618 0.000000
vt 2.412637 -1.760589 0.000000
vt 2.528706 -1.764721 0.000000
vt 2.405144 -1.742500 0.000000
vt 2.393225 -1.726967 0.000000
vt 2.568743 -1.752735 0.000000
vt 2.538257 -1.514563 0.000000
vt 2.610466 -1.750305 0.000000
vt 2.600716 -1.510001 0.000000
vt 2.663160 -1.514776 0.000000
vt 2.724198 -1.528783 0.000000
vt 2.651625 -1.757562 0.000000
vt 2.782476 -1.551711 0.000000
vt 2.806775 -1.726967 0.000000
vt 2.822308 -1.715048 0.000000
vt 2.424852 -1.971511 0.000000
vt 2.201310 -2.062085 0.000000
vt 2.439146 -2.010784 0.000000
vt 2.222890 -2.114900 0.000000
vt 2.462112 -2.045702 0.000000
vt 2.251428 -2.164303 0.000000
vt 2.492511 -2.074382 0.000000
vt 2.286399 -2.209382 0.000000
vt 2.535048 -2.192500 0.000000
vt 2.327156 -2.249306 0.000000
vt 2.527556 -2.210589 0.000000
vt 2.372948 -2.283338 0.000000
vt 2.525000 -2.230000 0.000000
vt 2.527556 -2.249411 0.000000
vt 2.422930 -2.310849 0.000000
vt 2.535048 -2.267500 0.000000
vt 2.476179 -2.331333 0.000000
vt 2.546967 -2.283033 0.000000
vt 2.562500 -2.294952 0.000000
vt 2.501433 -2.356034 0.000000
vt 2.531492 -2.374591 0.000000
vt 2.580589 -2.302444 0.000000
vt 2.564890 -2.386100 0.000000
vt 2.600000 -2.305000 0.000000
vt 2.600000 -2.390000 0.000000
vt 2.635110 -2.386100 0.000000
vt 2.619411 -2.302444 0.000000
vt 2.668508 -2.374591 0.000000
vt 2.637500 -2.294952 0.000000
vt 2.698567 -2.356034 0.000000
vt 2.723821 -2.331333 0.000000
vt 2.782249 -2.308398 0.000000
vt 2.664952 -2.267500 0.000000
vt 2.653033 -2.283033 0.000000
vt 2.836607 -2.277012 0.000000
vt 2.675000 -2.230000 0.000000
vt 2.672444 -2.249411 0.000000
vt 2.672444 -2.210589 0.000000
vt 2.885680 -2.237875 0.000000
vt 2.664952 -2.192500 0.000000
vt 2.690000 -2.085885 0.000000
vt 2.653033 -2.176967 0.000000
vt 2.651625 -2.102438 0.000000
vt 2.637500 -2.165048 0.000000
vt 2.619411 -2.157556 0.000000
vt 2.610466 -2.109695 0.000000
vt 2.600000 -2.155000 0.000000
vt 2.568743 -2.107265 0.000000
vt 2.580589 -2.157556 0.000000
vt 2.562500 -2.165048 0.000000
vt 2.528706 -2.095279 0.000000
vt 2.546967 -2.176967 0.000000
vt 2.928372 -2.191862 0.000000
vt 2.723523 -2.060927 0.000000
vt 2.963731 -2.140000 0.000000
vt 2.750388 -2.028912 0.000000
vt 2.990965 -2.083448 0.000000
vt 2.769145 -1.991564 0.000000
vt 3.009468 -2.023468 0.000000
vt 2.778783 -1.950897 0.000000
vt 3.018824 -1.961401 0.000000
vt 2.879219 -1.852444 0.000000
vt 3.018827 -1.898633 0.000000
vt 2.897308 -1.844952 0.000000
vt 2.912841 -1.833033 0.000000
vt 3.009475 -1.836565 0.000000
vt 2.924760 -1.817500 0.000000
vt 2.932252 -1.799411 0.000000
vt 3.018240 -1.802344 0.000000
vt 2.934808 -1.780000 0.000000
vt 3.019281 -1.767034 0.000000
vt 2.932252 -1.760589 0.000000
vt 3.012549 -1.732356 0.000000
vt 2.924760 -1.742500 0.000000
vt 2.998372 -1.700000 0.000000
vt 2.912841 -1.726967 0.000000
vt 2.977440 -1.671544 0.000000
vt 2.897308 -1.715048 0.000000
vt 2.950773 -1.648375 0.000000
vt 2.879219 -1.707556 0.000000
vt 2.919673 -1.631622 0.000000
vt 2.885655 -1.622101 0.000000
vt 2.836697 -1.583049 0.000000
vt 2.840396 -1.707556 0.000000
vt 2.859808 -1.705000 0.000000
vt 1.982368 -0.154273 0.000000
vt 1.797230 -0.229931 0.000000
vt 2.353120 -1.590221 0.000000
vt 2.377692 -1.715048 0.000000
vt 2.359604 -1.707556 0.000000
vt 2.339775 -1.600329 0.000000
vt 2.326843 -1.610962 0.000000
vt 2.012443 -0.116692 0.000000
vt 1.880904 -0.057782 0.000000
vt 1.858122 -0.075263 0.000000
vt 1.831592 -0.086252 0.000000
vt 1.898385 -0.035000 0.000000
vt 2.034759 -0.074044 0.000000
vt 1.909374 -0.008470 0.000000
vt 2.048489 -0.027910 0.000000
vt 1.913122 0.020000 0.000000
vt 2.053122 0.020000 0.000000
vt 2.048489 0.067910 0.000000
vt 1.909374 0.048470 0.000000
vt 2.034759 0.114044 0.000000
vt 1.898385 0.075000 0.000000
vt 2.012443 0.156692 0.000000
vt 1.880904 0.097782 0.000000
vt 1.982368 0.194273 0.000000
vt 1.858122 0.115263 0.000000
vt 1.831592 0.126252 0.000000
vt 1.797230 0.269931 0.000000
vt 1.803122 0.130000 0.000000
vt 1.749303 0.264138 0.000000
vt 1.774652 0.126252 0.000000
vt 1.703383 0.249243 0.000000
vt 1.661183 0.225799 0.000000
vt 2.527205 1.527519 0.000000
vt 2.353120 1.630221 0.000000
vt 2.535048 1.632500 0.000000
vt 2.527556 1.650589 0.000000
vt 2.561017 1.514822 0.000000
vt 2.580589 1.597556 0.000000
vt 2.562500 1.605048 0.000000
vt 2.546967 1.616967 0.000000
vt 2.600000 1.595000 0.000000
vt 2.596815 1.510032 0.000000
vt 2.632775 1.513393 0.000000
vt 2.619411 1.597556 0.000000
vt 2.667065 1.524734 0.000000
vt 2.637500 1.605048 0.000000
vt 2.697938 1.543477 0.000000
vt 2.723821 1.568667 0.000000
vt 2.782249 1.591602 0.000000
vt 2.664952 1.632500 0.000000
vt 2.653033 1.616967 0.000000
vt 2.836607 1.622988 0.000000
vt 2.675000 1.670000 0.000000
vt 2.672444 1.650589 0.000000
vt 2.672444 1.689411 0.000000
vt 2.885680 1.662125 0.000000
vt 2.664952 1.707500 0.000000
vt 2.690000 1.814115 0.000000
vt 2.653033 1.723033 0.000000
vt 2.651625 1.797562 0.000000
vt 2.637500 1.734952 0.000000
vt 2.619411 1.742444 0.000000
vt 2.610466 1.790305 0.000000
vt 2.600000 1.745000 0.000000
vt 2.568743 1.792735 0.000000
vt 2.580589 1.742444 0.000000
vt 2.562500 1.734952 0.000000
vt 2.528706 1.804721 0.000000
vt 2.546967 1.723033 0.000000
vt 2.535048 1.707500 0.000000
vt 2.492511 1.825618 0.000000
vt 2.311424 1.664838 0.000000
vt 2.274532 1.704537 0.000000
vt 2.462112 1.854298 0.000000
vt 2.243060 1.748655 0.000000
vt 2.217530 1.796459 0.000000
vt 2.439146 1.889216 0.000000
vt 2.198368 1.847152 0.000000
vt 2.424852 1.928489 0.000000
vt 2.420000 1.970000 0.000000
vt 2.928372 1.708138 0.000000
vt 2.723523 1.839073 0.000000
vt 2.963731 1.760000 0.000000
vt 2.750388 1.871088 0.000000
vt 2.990965 1.816552 0.000000
vt 2.769145 1.908436 0.000000
vt 3.009468 1.876532 0.000000
vt 2.778783 1.949103 0.000000
vt 3.018824 1.938599 0.000000
vt 2.879219 2.047556 0.000000
vt 3.018827 2.001367 0.000000
vt 2.897308 2.055048 0.000000
vt 2.912841 2.066967 0.000000
vt 3.009475 2.063435 0.000000
vt 2.924760 2.082500 0.000000
vt 2.932252 2.100589 0.000000
vt 3.018240 2.097656 0.000000
vt 2.934808 2.120000 0.000000
vt 3.019281 2.132966 0.000000
vt 2.932252 2.139411 0.000000
vt 3.012549 2.167644 0.000000
vt 2.924760 2.157500 0.000000
vt 2.998372 2.200000 0.000000
vt 2.912841 2.173033 0.000000
vt 2.977440 2.228456 0.000000
vt 2.897308 2.184952 0.000000
vt 2.950773 2.251625 0.000000
vt 2.879219 2.192444 0.000000
vt 2.919673 2.268378 0.000000
vt 2.885655 2.277899 0.000000
vt 2.836578 2.317031 0.000000
vt 2.840396 2.192444 0.000000
vt 2.859808 2.195000 0.000000
vt 2.822308 2.184952 0.000000
vt 2.782218 2.348413 0.000000
vt 2.806775 2.173033 0.000000
vt 2.651625 2.142438 0.000000
vt 2.794856 2.157500 0.000000
vt 2.690000 2.125885 0.000000
vt 2.787363 2.139411 0.000000
vt 2.723523 2.100927 0.000000
vt 2.784808 2.120000 0.000000
vt 2.787363 2.100589 0.000000
vt 2.750388 2.068912 0.000000
vt 2.794856 2.082500 0.000000
vt 2.806775 2.066967 0.000000
vt 2.769145 2.031564 0.000000
vt 2.822308 2.055048 0.000000
vt 2.840396 2.047556 0.000000
vt 2.778783 1.990897 0.000000
vt 2.859808 2.045000 0.000000
vt 2.723788 2.371343 0.000000
vt 2.610466 2.149695 0.000000
vt 2.662593 2.385310 0.000000
vt 2.600000 2.390000 0.000000
vt 2.537407 2.385310 0.000000
vt 2.568743 2.147265 0.000000
vt 2.476212 2.371343 0.000000
vt 2.417782 2.348413 0.000000
vt 2.363422 2.317031 0.000000
vt 2.377692 2.184952 0.000000
vt 2.393225 2.173033 0.000000
vt 2.528706 2.135279 0.000000
vt 2.405144 2.157500 0.000000
vt 2.412637 2.139411 0.000000
vt 2.359604 2.192444 0.000000
vt 2.314345 2.277899 0.000000
vt 2.340192 2.195000 0.000000
vt 2.320781 2.192444 0.000000
vt 2.280327 2.268378 0.000000
vt 2.249227 2.251625 0.000000
vt 2.302692 2.184952 0.000000
vt 2.222560 2.228456 0.000000
vt 2.287159 2.173033 0.000000
vt 2.201628 2.200000 0.000000
vt 2.275240 2.157500 0.000000
vt 2.187451 2.167644 0.000000
vt 2.267748 2.139411 0.000000
vt 2.180719 2.132966 0.000000
vt 2.265192 2.120000 0.000000
vt 2.181760 2.097656 0.000000
vt 2.267748 2.100589 0.000000
vt 2.190525 2.063435 0.000000
vt 2.275240 2.082500 0.000000
vt 2.287159 2.066967 0.000000
vt 2.189305 2.057917 0.000000
vt 2.188159 2.052382 0.000000
vt 2.187088 2.046833 0.000000
vt 2.302692 2.055048 0.000000
vt 2.320781 2.047556 0.000000
vt 0.223124 1.935886 0.000000
vt 0.234404 1.736205 0.000000
vt 0.110000 1.823122 0.000000
vt 0.106252 1.794652 0.000000
vt 0.198755 1.974768 0.000000
vt 0.077782 1.900904 0.000000
vt 0.095263 1.878122 0.000000
vt 0.106252 1.851592 0.000000
vt 0.055000 1.918385 0.000000
vt 0.167690 2.008541 0.000000
vt 0.130975 2.036067 0.000000
vt 0.028470 1.929374 0.000000
vt 0.089848 2.056419 0.000000
vt 0.045694 2.068911 0.000000
vt 0.000000 1.933122 0.000000
vt 0.000000 2.073122 0.000000
vt -0.045694 2.068911 0.000000
vt -0.028470 1.929374 0.000000
vt -0.089848 2.056419 0.000000
vt -0.130975 2.036067 0.000000
vt -0.055000 1.918385 0.000000
vt -0.167690 2.008541 0.000000
vt -0.198755 1.974768 0.000000
vt -0.077782 1.900904 0.000000
vt -0.223124 1.935886 0.000000
vt -0.095263 1.878122 0.000000
vt -0.106252 1.851592 0.000000
vt -0.110000 1.823122 0.000000
vt -0.234404 1.736205 0.000000
vt -0.106252 1.794652 0.000000
vt -0.095263 1.768122 0.000000
vt -0.214154 1.694134 0.000000
vt -0.077782 1.745341 0.000000
vt -0.186435 1.656563 0.000000
vt -0.055000 1.727859 0.000000
vt -0.152213 1.624801 0.000000
vt -0.112682 1.599957 0.000000
vt -2.198368 1.847152 0.000000
vt -2.187088 2.046833 0.000000
vt -2.320781 2.047556 0.000000
vt -2.302692 2.055048 0.000000
vt -2.287159 2.066967 0.000000
vt -2.188159 2.052382 0.000000
vt -2.189305 2.057917 0.000000
vt -2.190525 2.063435 0.000000
vt -2.275240 2.082500 0.000000
vt -2.267748 2.100589 0.000000
vt -2.181760 2.097656 0.000000
vt -2.265192 2.120000 0.000000
vt -2.180719 2.132966 0.000000
vt -2.267748 2.139411 0.000000
vt -2.187451 2.167644 0.000000
vt -2.275240 2.157500 0.000000
vt -2.201628 2.200000 0.000000
vt -2.287159 2.173033 0.000000
vt -2.222560 2.228456 0.000000
vt -2.302692 2.184952 0.000000
vt -2.249227 2.251625 0.000000
vt -2.320781 2.192444 0.000000
vt -2.280327 2.268378 0.000000
vt -2.314345 2.277899 0.000000
vt -2.363422 2.317031 0.000000
vt -2.359604 2.192444 0.000000
vt -2.340192 2.195000 0.000000
vt -2.377692 2.184952 0.000000
vt -2.417782 2.348413 0.000000
vt -2.393225 2.173033 0.000000
vt -2.548375 2.142438 0.000000
vt -2.405144 2.157500 0.000000
vt -2.510000 2.125885 0.000000
vt -2.412637 2.139411 0.000000
vt -2.476477 2.100927 0.000000
vt -2.415192 2.120000 0.000000
vt -2.412637 2.100589 0.000000
vt -2.449612 2.068912 0.000000
vt -2.405144 2.082500 0.000000
vt -2.393225 2.066967 0.000000
vt -2.430855 2.031564 0.000000
vt -2.377692 2.055048 0.000000
vt -2.359604 2.047556 0.000000
vt -2.421217 1.990897 0.000000
vt -2.340192 2.045000 0.000000
vt -2.421217 1.949103 0.000000
vt -2.476212 2.371343 0.000000
vt -2.589534 2.149695 0.000000
vt -2.537407 2.385310 0.000000
vt -2.600000 2.390000 0.000000
vt -2.662593 2.385310 0.000000
vt -2.631257 2.147265 0.000000
vt -2.723788 2.371343 0.000000
vt -2.782218 2.348413 0.000000
vt -2.836578 2.317031 0.000000
vt -2.822308 2.184952 0.000000
vt -2.806775 2.173033 0.000000
vt -2.671294 2.135279 0.000000
vt -2.794856 2.157500 0.000000
vt -2.787363 2.139411 0.000000
vt -2.840396 2.192444 0.000000
vt -2.885655 2.277899 0.000000
vt -2.859808 2.195000 0.000000
vt -2.879219 2.192444 0.000000
vt -2.919673 2.268378 0.000000
vt -2.950773 2.251625 0.000000
vt -2.897308 2.184952 0.000000
vt -2.977440 2.228456 0.000000
vt -2.912841 2.173033 0.000000
vt -2.998372 2.200000 0.000000
vt -2.924760 2.157500 0.000000
vt -3.012549 2.167644 0.000000
vt -2.932252 2.139411 0.000000
vt -3.019281 2.132966 0.000000
vt -2.934808 2.120000 0.000000
vt -3.018240 2.097656 0.000000
vt -2.932252 2.100589 0.000000
vt -3.009475 2.063435 0.000000
vt -2.924760 2.082500 0.000000
vt -2.912841 2.066967 0.000000
vt -3.018827 2.001367 0.000000
vt -2.897308 2.055048 0.000000
vt -2.879219 2.047556 0.000000
vt -3.018824 1.938599 0.000000
vt -2.780000 1.970000 0.000000
vt -2.775148 1.928489 0.000000
vt -3.009468 1.876532 0.000000
vt -2.760854 1.889216 0.000000
vt -2.990965 1.816552 0.000000
vt -2.737888 1.854298 0.000000
vt -2.963731 1.760000 0.000000
vt -2.928372 1.708138 0.000000
vt -2.707489 1.825618 0.000000
vt -2.885680 1.662125 0.000000
vt -2.664952 1.707500 0.000000
vt -2.672444 1.689411 0.000000
vt -2.836607 1.622988 0.000000
vt -2.675000 1.670000 0.000000
vt -2.782249 1.591602 0.000000
vt -2.672444 1.650589 0.000000
vt -2.664952 1.632500 0.000000
vt -2.723821 1.568667 0.000000
vt -2.653033 1.616967 0.000000
vt -2.637500 1.605048 0.000000
vt -2.697938 1.543477 0.000000
vt -2.667065 1.524734 0.000000
vt -2.619411 1.597556 0.000000
vt -2.632775 1.513393 0.000000
vt -2.600000 1.595000 0.000000
vt -2.596815 1.510032 0.000000
vt -2.561017 1.514822 0.000000
vt -2.580589 1.597556 0.000000
vt -2.527205 1.527519 0.000000
vt -2.562500 1.605048 0.000000
vt -2.546967 1.616967 0.000000
vt -2.535048 1.632500 0.000000
vt -2.353120 1.630221 0.000000
vt -2.527556 1.650589 0.000000
vt -2.525000 1.670000 0.000000
vt -2.527556 1.689411 0.000000
vt -2.311424 1.664838 0.000000
vt -2.535048 1.707500 0.000000
vt -2.510000 1.814115 0.000000
vt -2.546967 1.723033 0.000000
vt -2.548375 1.797562 0.000000
vt -2.562500 1.734952 0.000000
vt -2.580589 1.742444 0.000000
vt -2.589534 1.790305 0.000000
vt -2.600000 1.745000 0.000000
vt -2.631257 1.792735 0.000000
vt -2.619411 1.742444 0.000000
vt -2.637500 1.734952 0.000000
vt -2.671294 1.804721 0.000000
vt -2.653033 1.723033 0.000000
vt -1.797230 0.269931 0.000000
vt -1.982368 0.194273 0.000000
vt -1.831592 0.126252 0.000000
vt -1.858122 0.115263 0.000000
vt -1.880904 0.097782 0.000000
vt -2.012443 0.156692 0.000000
vt -1.898385 0.075000 0.000000
vt -2.034759 0.114044 0.000000
vt -1.909374 0.048470 0.000000
vt -2.048489 0.067910 0.000000
vt -1.913122 0.020000 0.000000
vt -2.053122 0.020000 0.000000
vt -2.048489 -0.027910 0.000000
vt -1.909374 -0.008470 0.000000
vt -2.034759 -0.074044 0.000000
vt -1.898385 -0.035000 0.000000
vt -2.012443 -0.116692 0.000000
vt -1.880904 -0.057782 0.000000
vt -1.982368 -0.154273 0.000000
vt -1.858122 -0.075263 0.000000
vt -1.831592 -0.086252 0.000000
vt -1.797230 -0.229931 0.000000
vt -1.803122 -0.090000 0.000000
vt -1.749303 -0.224138 0.000000
vt -1.774652 -0.086252 0.000000
vt -1.703383 -0.209243 0.000000
vt -1.661183 -0.185799 0.000000
vt -2.353120 -1.590221 0.000000
vt -2.377692 -1.715048 0.000000
vt -2.326843 -1.610962 0.000000
vt -2.359604 -1.707556 0.000000
vt -2.340192 -1.705000 0.000000
vt -2.339775 -1.600329 0.000000
vt -1.748122 -0.075263 0.000000
vt -1.624274 -0.154681 0.000000
vt -1.725341 -0.057782 0.000000
vt -1.594035 -0.117050 0.000000
vt -1.707859 -0.035000 0.000000
vt -1.571593 -0.074308 0.000000
vt -1.696870 -0.008470 0.000000
vt -1.557783 -0.028050 0.000000
vt -1.693122 0.020000 0.000000
vt -1.553122 0.020000 0.000000
vt -1.557783 0.068050 0.000000
vt -1.696870 0.048470 0.000000
vt -1.571593 0.114308 0.000000
vt -1.707859 0.075000 0.000000
vt -1.594035 0.157050 0.000000
vt -1.725341 0.097782 0.000000
vt -1.624274 0.194681 0.000000
vt -1.748122 0.115263 0.000000
vt -1.661183 0.225799 0.000000
vt -1.774652 0.126252 0.000000
vt -1.703383 0.249243 0.000000
vt -1.749303 0.264138 0.000000
vt -1.803122 0.130000 0.000000
vt -2.274532 1.704537 0.000000
vt -2.476477 1.839073 0.000000
vt -2.243060 1.748655 0.000000
vt -2.449612 1.871088 0.000000
vt -2.217530 1.796459 0.000000
vt -0.028470 1.716870 0.000000
vt -0.069221 1.582896 0.000000
vt 0.000000 1.713122 0.000000
vt -0.023345 1.574215 0.000000
vt 0.023345 1.574215 0.000000
vt 0.069221 1.582896 0.000000
vt 0.028470 1.716870 0.000000
vt 0.112682 1.599957 0.000000
vt 0.055000 1.727859 0.000000
vt 0.152213 1.624801 0.000000
vt 0.186435 1.656563 0.000000
vt 0.077782 1.745341 0.000000
vt 0.214154 1.694134 0.000000
vt 0.095263 1.768122 0.000000
vt 2.527556 1.689411 0.000000
vt 2.525000 1.670000 0.000000
vt 1.748122 0.115263 0.000000
vt 1.624274 0.194681 0.000000
vt 1.725341 0.097782 0.000000
vt 1.594035 0.157050 0.000000
vt 1.707859 0.075000 0.000000
vt 1.571593 0.114308 0.000000
vt 1.696870 0.048470 0.000000
vt 1.557783 0.068050 0.000000
vt 1.693122 0.020000 0.000000
vt 1.553122 0.020000 0.000000
vt 1.557783 -0.028050 0.000000
vt 1.696870 -0.008470 0.000000
vt 1.571593 -0.074308 0.000000
vt 1.707859 -0.035000 0.000000
vt 1.594035 -0.117050 0.000000
vt 1.725341 -0.057782 0.000000
vt 1.624274 -0.154681 0.000000
vt 1.748122 -0.075263 0.000000
vt 1.661183 -0.185799 0.000000
vt 1.774652 -0.086252 0.000000
vt 1.703383 -0.209243 0.000000
vt 1.749303 -0.224138 0.000000
vt 1.803122 -0.090000 0.000000
vt 2.314345 -1.622101 0.000000
vt 2.340192 -1.705000 0.000000
vt 2.320781 -1.707556 0.000000
vt 2.279804 -1.631834 0.000000
vt 2.248301 -1.649020 0.000000
vt 2.302692 -1.715048 0.000000
vt 2.221420 -1.672794 0.000000
vt 2.287159 -1.726967 0.000000
vt 2.200514 -1.701962 0.000000
vt 2.275240 -1.742500 0.000000
vt 2.186634 -1.735056 0.000000
vt 2.267748 -1.760589 0.000000
vt 2.180480 -1.770410 0.000000
vt 2.265192 -1.780000 0.000000
vt 2.267748 -1.799411 0.000000
vt 2.275240 -1.817500 0.000000
vt 0.028470 -1.676870 0.000000
vt 0.069221 -1.542896 0.000000
vt 0.000000 -1.673122 0.000000
vt 0.023345 -1.534215 0.000000
vt -0.023345 -1.534215 0.000000
vt -0.069221 -1.542896 0.000000
vt -0.028470 -1.676870 0.000000
vt -0.112682 -1.559957 0.000000
vt -0.055000 -1.687859 0.000000
vt -0.152213 -1.584801 0.000000
vt -0.186435 -1.616563 0.000000
vt -0.077782 -1.705341 0.000000
vt -0.214154 -1.654134 0.000000
vt -0.095263 -1.728122 0.000000
vt -2.707489 2.114382 0.000000
vt -2.784808 2.120000 0.000000
vt -2.737888 2.085702 0.000000
vt -2.787363 2.100589 0.000000
vt -2.794856 2.082500 0.000000
vt -2.760854 2.050784 0.000000
vt -2.806775 2.066967 0.000000
vt -2.822308 2.055048 0.000000
vt -2.775148 2.011511 0.000000
vt -2.840396 2.047556 0.000000
vt -2.859808 2.045000 0.000000
vt 2.492511 2.114382 0.000000
vt 2.415192 2.120000 0.000000
vt 2.462112 2.085702 0.000000
vt 2.412637 2.100589 0.000000
vt 2.405144 2.082500 0.000000
vt 2.439146 2.050784 0.000000
vt 2.393225 2.066967 0.000000
vt 2.377692 2.055048 0.000000
vt 2.424852 2.011511 0.000000
vt 2.359604 2.047556 0.000000
vt 2.340192 2.045000 0.000000
vt -2.707489 -1.785618 0.000000
vt -2.784808 -1.780000 0.000000
vt -2.737888 -1.814298 0.000000
vt -2.787363 -1.799411 0.000000
vt -2.794856 -1.817500 0.000000
vt -2.760854 -1.849216 0.000000
vt -2.806775 -1.833033 0.000000
vt -2.822308 -1.844952 0.000000
vt -2.775148 -1.888489 0.000000
vt -2.840396 -1.852444 0.000000
vt -2.859808 -1.855000 0.000000
vt -2.546967 -2.176967 0.000000
vt -2.548375 -2.102438 0.000000
vt -2.562500 -2.165048 0.000000
vt -2.580589 -2.157556 0.000000
vt -2.589534 -2.109695 0.000000
vt -2.600000 -2.155000 0.000000
vt -2.631257 -2.107265 0.000000
vt -2.619411 -2.157556 0.000000
vt -2.637500 -2.165048 0.000000
vt -2.671294 -2.095279 0.000000
vt -2.653033 -2.176967 0.000000
vt 2.787363 -1.799411 0.000000
vt 2.784808 -1.780000 0.000000
vt 2.723523 -1.799073 0.000000
vt 2.787363 -1.760589 0.000000
vt 2.690000 -1.774115 0.000000
vt 2.794856 -1.742500 0.000000
vt 2.859808 -1.855000 0.000000
vt 2.778783 -1.909103 0.000000
vt 2.840396 -1.852444 0.000000
vt 2.769145 -1.868436 0.000000
vt 2.822308 -1.844952 0.000000
vt 2.806775 -1.833033 0.000000
vt 2.750388 -1.831088 0.000000
vt 2.794856 -1.817500 0.000000
vt -2.430855 1.908436 0.000000
vt 2.836697 -1.583049 0.000000
vt 2.840396 -1.707556 0.000000
vt 2.885655 -1.622101 0.000000
vt 2.859808 -1.705000 0.000000
vt 2.879219 -1.707556 0.000000
vt 2.822308 -1.715048 0.000000
vt 2.782476 -1.551711 0.000000
vt 2.806775 -1.726967 0.000000
vt 2.631257 -1.752735 0.000000
vt 2.671294 -1.764721 0.000000
vt 2.724198 -1.528783 0.000000
vt 2.663160 -1.514776 0.000000
vt 2.589534 -1.750305 0.000000
vt 2.600716 -1.510001 0.000000
vt 2.538257 -1.514563 0.000000
vt 1.982368 -0.154273 0.000000
vt 1.797230 -0.229931 0.000000
vt 2.353120 -1.590221 0.000000
vt 2.393225 -1.726967 0.000000
vt 2.377692 -1.715048 0.000000
vt 2.359604 -1.707556 0.000000
vt 2.339775 -1.600329 0.000000
vt 2.326843 -1.610962 0.000000
vt 2.012443 -0.116692 0.000000
vt 1.880904 -0.057782 0.000000
vt 1.858122 -0.075263 0.000000
vt 1.831592 -0.086252 0.000000
vt 1.898385 -0.035000 0.000000
vt 2.034759 -0.074044 0.000000
vt 1.909374 -0.008470 0.000000
vt 2.048489 -0.027910 0.000000
vt 1.913122 0.020000 0.000000
vt 2.053122 0.020000 0.000000
vt 2.048489 0.067910 0.000000
vt 1.909374 0.048470 0.000000
vt 2.034759 0.114044 0.000000
vt 1.898385 0.075000 0.000000
vt 2.012443 0.156692 0.000000
vt 1.880904 0.097782 0.000000
vt 1.982368 0.194273 0.000000
vt 1.858122 0.115263 0.000000
vt 1.831592 0.126252 0.000000
vt 1.797230 0.269931 0.000000
vt 1.803122 0.130000 0.000000
vt 1.749303 0.264138 0.000000
vt 1.774652 0.126252 0.000000
vt 1.703383 0.249243 0.000000
vt 1.661183 0.225799 0.000000
vt 2.527205 1.527519 0.000000
vt 2.353120 1.630221 0.000000
vt 2.535048 1.632500 0.000000
vt 2.527556 1.650589 0.000000
vt 2.561017 1.514822 0.000000
vt 2.580589 1.597556 0.000000
vt 2.562500 1.605048 0.000000
vt 2.546967 1.616967 0.000000
vt 2.600000 1.595000 0.000000
vt 2.596815 1.510032 0.000000
vt 2.632775 1.513393 0.000000
vt 2.619411 1.597556 0.000000
vt 2.667065 1.524734 0.000000
vt 2.637500 1.605048 0.000000
vt 2.697938 1.543477 0.000000
vt 2.723821 1.568667 0.000000
vt 2.782249 1.591602 0.000000
vt 2.664952 1.632500 0.000000
vt 2.653033 1.616967 0.000000
vt 2.836607 1.622988 0.000000
vt 2.675000 1.670000 0.000000
vt 2.672444 1.650589 0.000000
vt 2.672444 1.689411 0.000000
vt 2.885680 1.662125 0.000000
vt 2.664952 1.707500 0.000000
vt 2.707489 1.825618 0.000000
vt 2.671294 1.804721 0.000000
vt 2.928372 1.708138 0.000000
vt 2.737888 1.854298 0.000000
vt 2.963731 1.760000 0.000000
vt 2.990965 1.816552 0.000000
vt 2.760854 1.889216 0.000000
vt 3.009468 1.876532 0.000000
vt 2.775148 1.928489 0.000000
vt 3.018824 1.938599 0.000000
vt 2.780000 1.970000 0.000000
vt 2.879219 2.047556 0.000000
vt 2.859808 2.045000 0.000000
vt 3.018827 2.001367 0.000000
vt 2.897308 2.055048 0.000000
vt 2.912841 2.066967 0.000000
vt 3.009475 2.063435 0.000000
vt 2.924760 2.082500 0.000000
vt 2.932252 2.100589 0.000000
vt 3.018240 2.097656 0.000000
vt 2.934808 2.120000 0.000000
vt 3.019281 2.132966 0.000000
vt 2.932252 2.139411 0.000000
vt 3.012549 2.167644 0.000000
vt 2.924760 2.157500 0.000000
vt 2.998372 2.200000 0.000000
vt 2.912841 2.173033 0.000000
vt 2.977440 2.228456 0.000000
vt 2.897308 2.184952 0.000000
vt 2.950773 2.251625 0.000000
vt 2.879219 2.192444 0.000000
vt 2.919673 2.268378 0.000000
vt 2.885655 2.277899 0.000000
vt 2.836578 2.317031 0.000000
vt 2.840396 2.192444 0.000000
vt 2.859808 2.195000 0.000000
vt 2.822308 2.184952 0.000000
vt 2.782218 2.348413 0.000000
vt 2.806775 2.173033 0.000000
vt 2.631257 2.147265 0.000000
vt 2.671294 2.135279 0.000000
vt 2.723788 2.371343 0.000000
vt 2.662593 2.385310 0.000000
vt 2.589534 2.149695 0.000000
vt 2.600000 2.390000 0.000000
vt 2.537407 2.385310 0.000000
vt 2.476212 2.371343 0.000000
vt 2.548375 2.142438 0.000000
vt 2.417782 2.348413 0.000000
vt 2.393225 2.173033 0.000000
vt 2.377692 2.184952 0.000000
vt 2.363422 2.317031 0.000000
vt 2.359604 2.192444 0.000000
vt 2.314345 2.277899 0.000000
vt 2.340192 2.195000 0.000000
vt 2.320781 2.192444 0.000000
vt 2.280327 2.268378 0.000000
vt 2.249227 2.251625 0.000000
vt 2.302692 2.184952 0.000000
vt 2.222560 2.228456 0.000000
vt 2.287159 2.173033 0.000000
vt 2.201628 2.200000 0.000000
vt 2.275240 2.157500 0.000000
vt 2.187451 2.167644 0.000000
vt 2.267748 2.139411 0.000000
vt 2.180719 2.132966 0.000000
vt 2.265192 2.120000 0.000000
vt 2.181760 2.097656 0.000000
vt 2.267748 2.100589 0.000000
vt 2.190525 2.063435 0.000000
vt 2.275240 2.082500 0.000000
vt 2.287159 2.066967 0.000000
vt 2.189305 2.057917 0.000000
vt 2.188159 2.052382 0.000000
vt 2.187088 2.046833 0.000000
vt 2.302692 2.055048 0.000000
vt 2.320781 2.047556 0.000000
vt 2.198368 1.847152 0.000000
vt 2.421217 1.949103 0.000000
vt 2.430855 1.908436 0.000000
vt 2.449612 1.871088 0.000000
vt 2.217530 1.796459 0.000000
vt 2.243060 1.748655 0.000000
vt 0.223124 1.935886 0.000000
vt 0.234404 1.736205 0.000000
vt 0.110000 1.823122 0.000000
vt 0.106252 1.794652 0.000000
vt 0.198755 1.974768 0.000000
vt 0.077782 1.900904 0.000000
vt 0.095263 1.878122 0.000000
vt 0.106252 1.851592 0.000000
vt 0.055000 1.918385 0.000000
vt 0.167690 2.008541 0.000000
vt 0.130975 2.036067 0.000000
vt 0.028470 1.929374 0.000000
vt 0.089848 2.056419 0.000000
vt 0.045694 2.068911 0.000000
vt -0.000000 1.933122 0.000000
vt -0.000000 2.073122 0.000000
vt -0.045694 2.068911 0.000000
vt -0.028470 1.929374 0.000000
vt -0.089848 2.056419 0.000000
vt -0.130975 2.036067 0.000000
vt -0.055000 1.918385 0.000000
vt -0.167690 2.008541 0.000000
vt -0.198755 1.974768 0.000000
vt -0.077782 1.900904 0.000000
vt -0.223124 1.935886 0.000000
vt -0.095263 1.878122 0.000000
vt -0.106252 1.851592 0.000000
vt -0.110000 1.823122 0.000000
vt -0.234404 1.736205 0.000000
vt -0.106252 1.794652 0.000000
vt -0.095263 1.768122 0.000000
vt -0.214154 1.694134 0.000000
vt -0.077782 1.745341 0.000000
vt -0.186435 1.656563 0.000000
vt -0.055000 1.727859 0.000000
vt -0.152213 1.624801 0.000000
vt -0.112682 1.599957 0.000000
vt -2.198368 1.847152 0.000000
vt -2.187088 2.046833 0.000000
vt -2.320781 2.047556 0.000000
vt -2.302692 2.055048 0.000000
vt -2.287159 2.066967 0.000000
vt -2.188159 2.052382 0.000000
vt -2.189305 2.057917 0.000000
vt -2.190525 2.063435 0.000000
vt -2.275240 2.082500 0.000000
vt -2.267748 2.100589 0.000000
vt -2.181760 2.097656 0.000000
vt -2.265192 2.120000 0.000000
vt -2.180719 2.132966 0.000000
vt -2.267748 2.139411 0.000000
vt -2.187451 2.167644 0.000000
vt -2.275240 2.157500 0.000000
vt -2.201628 2.200000 0.000000
vt -2.287159 2.173033 0.000000
vt -2.222560 2.228456 0.000000
vt -2.302692 2.184952 0.000000
vt -2.249227 2.251625 0.000000
vt -2.320781 2.192444 0.000000
vt -2.280327 2.268378 0.000000
vt -2.314345 2.277899 0.000000
vt -2.363422 2.317031 0.000000
vt -2.359604 2.192444 0.000000
vt -2.340192 2.195000 0.000000
vt -2.377692 2.184952 0.000000
vt -2.417782 2.348413 0.000000
vt -2.393225 2.173033 0.000000
vt -2.568743 2.147265 0.000000
vt -2.528706 2.135279 0.000000
vt -2.476212 2.371343 0.000000
vt -2.537407 2.385310 0.000000
vt -2.610466 2.149695 0.000000
vt -2.600000 2.390000 0.000000
vt -2.662593 2.385310 0.000000
vt -2.723788 2.371343 0.000000
vt -2.651625 2.142438 0.000000
vt -2.782218 2.348413 0.000000
vt -2.806775 2.173033 0.000000
vt -2.822308 2.184952 0.000000
vt -2.836578 2.317031 0.000000
vt -2.840396 2.192444 0.000000
vt -2.885655 2.277899 0.000000
vt -2.859808 2.195000 0.000000
vt -2.879219 2.192444 0.000000
vt -2.919673 2.268378 0.000000
vt -2.950773 2.251625 0.000000
vt -2.897308 2.184952 0.000000
vt -2.977440 2.228456 0.000000
vt -2.912841 2.173033 0.000000
vt -2.998372 2.200000 0.000000
vt -2.924760 2.157500 0.000000
vt -3.012549 2.167644 0.000000
vt -2.932252 2.139411 0.000000
vt -3.019281 2.132966 0.000000
vt -2.934808 2.120000 0.000000
vt -3.018240 2.097656 0.000000
vt -2.932252 2.100589 0.000000
vt -3.009475 2.063435 0.000000
vt -2.924760 2.082500 0.000000
vt -2.912841 2.066967 0.000000
vt -3.018827 2.001367 0.000000
vt -2.897308 2.055048 0.000000
vt -2.879219 2.047556 0.000000
vt -3.018824 1.938599 0.000000
vt -2.778783 1.949103 0.000000
vt -3.009468 1.876532 0.000000
vt -2.769145 1.908436 0.000000
vt -2.990965 1.816552 0.000000
vt -2.750388 1.871088 0.000000
vt -2.963731 1.760000 0.000000
vt -2.723523 1.839073 0.000000
vt -2.928372 1.708138 0.000000
vt -2.690000 1.814115 0.000000
vt -2.885680 1.662125 0.000000
vt -2.664952 1.707500 0.000000
vt -2.672444 1.689411 0.000000
vt -2.836607 1.622988 0.000000
vt -2.675000 1.670000 0.000000
vt -2.782249 1.591602 0.000000
vt -2.672444 1.650589 0.000000
vt -2.664952 1.632500 0.000000
vt -2.723821 1.568667 0.000000
vt -2.653033 1.616967 0.000000
vt -2.637500 1.605048 0.000000
vt -2.697938 1.543477 0.000000
vt -2.667065 1.524734 0.000000
vt -2.619411 1.597556 0.000000
vt -2.632775 1.513393 0.000000
vt -2.600000 1.595000 0.000000
vt -2.596815 1.510032 0.000000
vt -2.561017 1.514822 0.000000
vt -2.580589 1.597556 0.000000
vt -2.527205 1.527519 0.000000
vt -2.562500 1.605048 0.000000
vt -2.546967 1.616967 0.000000
vt -2.535048 1.632500 0.000000
vt -2.353120 1.630221 0.000000
vt -2.527556 1.650589 0.000000
vt -2.525000 1.670000 0.000000
vt -2.527556 1.689411 0.000000
vt -2.311424 1.664838 0.000000
vt -2.535048 1.707500 0.000000
vt -2.492511 1.825618 0.000000
vt -2.528706 1.804721 0.000000
vt -1.797230 0.269931 0.000000
vt -1.982368 0.194273 0.000000
vt -1.831592 0.126252 0.000000
vt -1.858122 0.115263 0.000000
vt -1.880904 0.097782 0.000000
vt -2.012443 0.156692 0.000000
vt -1.898385 0.075000 0.000000
vt -2.034759 0.114044 0.000000
vt -1.909374 0.048470 0.000000
vt -2.048489 0.067910 0.000000
vt -1.913122 0.020000 0.000000
vt -2.053122 0.020000 0.000000
vt -2.048489 -0.027910 0.000000
vt -1.909374 -0.008470 0.000000
vt -2.034759 -0.074044 0.000000
vt -1.898385 -0.035000 0.000000
vt -2.012443 -0.116692 0.000000
vt -1.880904 -0.057782 0.000000
vt -1.982368 -0.154273 0.000000
vt -1.858122 -0.075263 0.000000
vt -1.831592 -0.086252 0.000000
vt -1.797230 -0.229931 0.000000
vt -1.803122 -0.090000 0.000000
vt -1.749303 -0.224138 0.000000
vt -1.774652 -0.086252 0.000000
vt -1.703383 -0.209243 0.000000
vt -1.661183 -0.185799 0.000000
vt -2.538257 -1.514563 0.000000
vt -2.353120 -1.590221 0.000000
vt -2.393225 -1.726967 0.000000
vt -2.377692 -1.715048 0.000000
vt -2.600716 -1.510001 0.000000
vt -2.610466 -1.750305 0.000000
vt -2.568743 -1.752735 0.000000
vt -2.528706 -1.764721 0.000000
vt -2.405144 -1.742500 0.000000
vt -2.412637 -1.760589 0.000000
vt -2.492511 -1.785618 0.000000
vt -2.415192 -1.780000 0.000000
vt -2.462112 -1.814298 0.000000
vt -2.412637 -1.799411 0.000000
vt -2.405144 -1.817500 0.000000
vt -2.439146 -1.849216 0.000000
vt -2.393225 -1.833033 0.000000
vt -2.377692 -1.844952 0.000000
vt -2.424852 -1.888489 0.000000
vt -2.359604 -1.852444 0.000000
vt -2.420000 -1.930000 0.000000
vt -2.340192 -1.855000 0.000000
vt -2.320781 -1.852444 0.000000
vt -2.187088 -2.006833 0.000000
vt -2.302692 -1.844952 0.000000
vt -2.287159 -1.833033 0.000000
vt -2.182360 -1.806247 0.000000
vt -2.275240 -1.817500 0.000000
vt -2.267748 -1.799411 0.000000
vt -2.265192 -1.780000 0.000000
vt -2.180480 -1.770410 0.000000
vt -2.267748 -1.760589 0.000000
vt -2.186634 -1.735056 0.000000
vt -2.275240 -1.742500 0.000000
vt -2.200514 -1.701962 0.000000
vt -2.287159 -1.726967 0.000000
vt -2.221420 -1.672794 0.000000
vt -2.302692 -1.715048 0.000000
vt -2.248301 -1.649020 0.000000
vt -2.320781 -1.707556 0.000000
vt -2.279804 -1.631834 0.000000
vt -2.314345 -1.622101 0.000000
vt -2.663160 -1.514776 0.000000
vt -2.724198 -1.528783 0.000000
vt -2.651625 -1.757562 0.000000
vt -2.782476 -1.551711 0.000000
vt -2.806775 -1.726967 0.000000
vt -2.822308 -1.715048 0.000000
vt -2.836697 -1.583049 0.000000
vt -2.840396 -1.707556 0.000000
vt -2.885655 -1.622101 0.000000
vt -2.859808 -1.705000 0.000000
vt -2.879219 -1.707556 0.000000
vt -2.919673 -1.631622 0.000000
vt -2.950773 -1.648375 0.000000
vt -2.897308 -1.715048 0.000000
vt -2.977440 -1.671544 0.000000
vt -2.912841 -1.726967 0.000000
vt -2.998372 -1.700000 0.000000
vt -2.924760 -1.742500 0.000000
vt -3.012549 -1.732356 0.000000
vt -2.932252 -1.760589 0.000000
vt -3.019281 -1.767034 0.000000
vt -2.934808 -1.780000 0.000000
vt -3.018240 -1.802344 0.000000
vt -2.932252 -1.799411 0.000000
vt -3.009475 -1.836565 0.000000
vt -2.924760 -1.817500 0.000000
vt -2.912841 -1.833033 0.000000
vt -3.018827 -1.898633 0.000000
vt -2.897308 -1.844952 0.000000
vt -2.879219 -1.852444 0.000000
vt -3.018824 -1.961401 0.000000
vt -2.778783 -1.950897 0.000000
vt -3.009468 -2.023468 0.000000
vt -2.769145 -1.991564 0.000000
vt -2.990965 -2.083448 0.000000
vt -2.750388 -2.028912 0.000000
vt -2.963731 -2.140000 0.000000
vt -2.723523 -2.060927 0.000000
vt -2.928372 -2.191862 0.000000
vt -2.690000 -2.085885 0.000000
vt -2.885680 -2.237875 0.000000
vt -2.664952 -2.192500 0.000000
vt -2.672444 -2.210589 0.000000
vt -2.836607 -2.277012 0.000000
vt -2.675000 -2.230000 0.000000
vt -2.782249 -2.308398 0.000000
vt -2.672444 -2.249411 0.000000
vt -2.664952 -2.267500 0.000000
vt -2.723821 -2.331333 0.000000
vt -2.653033 -2.283033 0.000000
vt -2.637500 -2.294952 0.000000
vt -2.698567 -2.356034 0.000000
vt -2.668508 -2.374591 0.000000
vt -2.619411 -2.302444 0.000000
vt -2.635110 -2.386100 0.000000
vt -2.600000 -2.305000 0.000000
vt -2.600000 -2.390000 0.000000
vt -2.564890 -2.386100 0.000000
vt -2.580589 -2.302444 0.000000
vt -2.531492 -2.374591 0.000000
vt -2.562500 -2.294952 0.000000
vt -2.501433 -2.356034 0.000000
vt -2.476179 -2.331333 0.000000
vt -2.422930 -2.310849 0.000000
vt -2.535048 -2.267500 0.000000
vt -2.546967 -2.283033 0.000000
vt -2.527556 -2.249411 0.000000
vt -2.372948 -2.283338 0.000000
vt -2.525000 -2.230000 0.000000
vt -2.527556 -2.210589 0.000000
vt -2.327156 -2.249306 0.000000
vt -2.535048 -2.192500 0.000000
vt -2.286399 -2.209382 0.000000
vt -2.492511 -2.074382 0.000000
vt -2.251428 -2.164303 0.000000
vt -2.462112 -2.045702 0.000000
vt -2.222890 -2.114900 0.000000
vt -2.439146 -2.010784 0.000000
vt -2.201310 -2.062085 0.000000
vt -2.424852 -1.971511 0.000000
vt -0.223124 -1.895886 0.000000
vt -0.234404 -1.696205 0.000000
vt -0.110000 -1.783122 0.000000
vt -0.106252 -1.754652 0.000000
vt -0.198755 -1.934768 0.000000
vt -0.077782 -1.860904 0.000000
vt -0.095263 -1.838122 0.000000
vt -0.106252 -1.811592 0.000000
vt -0.055000 -1.878385 0.000000
vt -0.167690 -1.968541 0.000000
vt -0.130975 -1.996067 0.000000
vt -0.028470 -1.889374 0.000000
vt -0.089848 -2.016419 0.000000
vt -0.045694 -2.028911 0.000000
vt -0.000000 -1.893122 0.000000
vt 0.000000 -2.033122 0.000000
vt 0.045694 -2.028911 0.000000
vt 0.028470 -1.889374 0.000000
vt 0.089848 -2.016419 0.000000
vt 0.130975 -1.996067 0.000000
vt 0.055000 -1.878385 0.000000
vt 0.167690 -1.968541 0.000000
vt 0.198755 -1.934768 0.000000
vt 0.077782 -1.860904 0.000000
vt 0.223124 -1.895886 0.000000
vt 0.095263 -1.838122 0.000000
vt 0.106252 -1.811592 0.000000
vt 0.110000 -1.783122 0.000000
vt 0.234404 -1.696205 0.000000
vt 0.106252 -1.754652 0.000000
vt 0.095263 -1.728122 0.000000
vt 0.214154 -1.654134 0.000000
vt 0.077782 -1.705341 0.000000
vt 0.186435 -1.616563 0.000000
vt 0.055000 -1.687859 0.000000
vt 0.152213 -1.584801 0.000000
vt 0.112682 -1.559957 0.000000
vt 2.182360 -1.806247 0.000000
vt 2.187088 -2.006833 0.000000
vt 2.287159 -1.833033 0.000000
vt 2.302692 -1.844952 0.000000
vt 2.320781 -1.852444 0.000000
vt 2.421217 -1.950897 0.000000
vt 2.340192 -1.855000 0.000000
vt 2.421217 -1.909103 0.000000
vt 2.359604 -1.852444 0.000000
vt 2.430855 -1.868436 0.000000
vt 2.377692 -1.844952 0.000000
vt 2.393225 -1.833033 0.000000
vt 2.449612 -1.831088 0.000000
vt 2.405144 -1.817500 0.000000
vt 2.412637 -1.799411 0.000000
vt 2.476477 -1.799073 0.000000
vt 2.415192 -1.780000 0.000000
vt 2.412637 -1.760589 0.000000
vt 2.510000 -1.774115 0.000000
vt 2.405144 -1.742500 0.000000
vt 2.548375 -1.757562 0.000000
vt 2.430855 -1.991564 0.000000
vt 2.201310 -2.062085 0.000000
vt 2.449612 -2.028912 0.000000
vt 2.222890 -2.114900 0.000000
vt 2.251428 -2.164303 0.000000
vt 2.476477 -2.060927 0.000000
vt 2.286399 -2.209382 0.000000
vt 2.510000 -2.085885 0.000000
vt 2.535048 -2.192500 0.000000
vt 2.546967 -2.176967 0.000000
vt 2.327156 -2.249306 0.000000
vt 2.527556 -2.210589 0.000000
vt 2.372948 -2.283338 0.000000
vt 2.525000 -2.230000 0.000000
vt 2.527556 -2.249411 0.000000
vt 2.422930 -2.310849 0.000000
vt 2.535048 -2.267500 0.000000
vt 2.476179 -2.331333 0.000000
vt 2.546967 -2.283033 0.000000
vt 2.562500 -2.294952 0.000000
vt 2.501433 -2.356034 0.000000
vt 2.531492 -2.374591 0.000000
vt 2.580589 -2.302444 0.000000
vt 2.564890 -2.386100 0.000000
vt 2.600000 -2.305000 0.000000
vt 2.600000 -2.390000 0.000000
vt 2.635110 -2.386100 0.000000
vt 2.619411 -2.302444 0.000000
vt 2.668508 -2.374591 0.000000
vt 2.637500 -2.294952 0.000000
vt 2.698567 -2.356034 0.000000
vt 2.723821 -2.331333 0.000000
vt 2.782249 -2.308398 0.000000
vt 2.664952 -2.267500 0.000000
vt 2.653033 -2.283033 0.000000
vt 2.836607 -2.277012 0.000000
vt 2.675000 -2.230000 0.000000
vt 2.672444 -2.249411 0.000000
vt 2.672444 -2.210589 0.000000
vt 2.885680 -2.237875 0.000000
vt 2.664952 -2.192500 0.000000
vt 2.707489 -2.074382 0.000000
vt 2.671294 -2.095279 0.000000
vt 2.928372 -2.191862 0.000000
vt 2.737888 -2.045702 0.000000
vt 2.963731 -2.140000 0.000000
vt 2.990965 -2.083448 0.000000
vt 2.760854 -2.010784 0.000000
vt 3.009468 -2.023468 0.000000
vt 2.775148 -1.971511 0.000000
vt 3.018824 -1.961401 0.000000
vt 2.780000 -1.930000 0.000000
vt 2.879219 -1.852444 0.000000
vt 2.859808 -1.855000 0.000000
vt 3.018827 -1.898633 0.000000
vt 2.897308 -1.844952 0.000000
vt 2.912841 -1.833033 0.000000
vt 3.009475 -1.836565 0.000000
vt 2.924760 -1.817500 0.000000
vt 2.932252 -1.799411 0.000000
vt 3.018240 -1.802344 0.000000
vt 2.934808 -1.780000 0.000000
vt 3.019281 -1.767034 0.000000
vt 2.932252 -1.760589 0.000000
vt 3.012549 -1.732356 0.000000
vt 2.924760 -1.742500 0.000000
vt 2.998372 -1.700000 0.000000
vt 2.912841 -1.726967 0.000000
vt 2.977440 -1.671544 0.000000
vt 2.897308 -1.715048 0.000000
vt 2.950773 -1.648375 0.000000
vt 2.919673 -1.631622 0.000000
vt 0.028470 -1.676870 0.000000
vt 0.069221 -1.542896 0.000000
vt -0.000000 -1.673122 0.000000
vt 0.023345 -1.534215 0.000000
vt -0.023345 -1.534215 0.000000
vt -0.069221 -1.542896 0.000000
vt -0.028470 -1.676870 0.000000
vt -0.112682 -1.559957 0.000000
vt -0.055000 -1.687859 0.000000
vt -0.152213 -1.584801 0.000000
vt -0.186435 -1.616563 0.000000
vt -0.077782 -1.705341 0.000000
vt -0.214154 -1.654134 0.000000
vt -0.095263 -1.728122 0.000000
vt -2.326843 -1.610962 0.000000
vt -2.359604 -1.707556 0.000000
vt -2.340192 -1.705000 0.000000
vt -2.339775 -1.600329 0.000000
vt -1.748122 -0.075263 0.000000
vt -1.624274 -0.154681 0.000000
vt -1.725341 -0.057782 0.000000
vt -1.594035 -0.117050 0.000000
vt -1.707859 -0.035000 0.000000
vt -1.571593 -0.074308 0.000000
vt -1.696870 -0.008470 0.000000
vt -1.557783 -0.028050 0.000000
vt -1.693122 0.020000 0.000000
vt -1.553122 0.020000 0.000000
vt -1.557783 0.068050 0.000000
vt -1.696870 0.048470 0.000000
vt -1.571593 0.114308 0.000000
vt -1.707859 0.075000 0.000000
vt -1.594035 0.157050 0.000000
vt -1.725341 0.097782 0.000000
vt -1.624274 0.194681 0.000000
vt -1.748122 0.115263 0.000000
vt -1.661183 0.225799 0.000000
vt -1.774652 0.126252 0.000000
vt -1.703383 0.249243 0.000000
vt -1.749303 0.264138 0.000000
vt -1.803122 0.130000 0.000000
vt -2.274532 1.704537 0.000000
vt -2.462112 1.854298 0.000000
vt -2.243060 1.748655 0.000000
vt -2.217530 1.796459 0.000000
vt -2.439146 1.889216 0.000000
vt -2.424852 1.928489 0.000000
vt -2.420000 1.970000 0.000000
vt -2.340192 2.045000 0.000000
vt -0.028470 1.716870 0.000000
vt -0.069221 1.582896 0.000000
vt -0.000000 1.713122 0.000000
vt -0.023345 1.574215 0.000000
vt 0.023345 1.574215 0.000000
vt 0.069221 1.582896 0.000000
vt 0.028470 1.716870 0.000000
vt 0.112682 1.599957 0.000000
vt 0.055000 1.727859 0.000000
vt 0.152213 1.624801 0.000000
vt 0.186435 1.656563 0.000000
vt 0.077782 1.745341 0.000000
vt 0.214154 1.694134 0.000000
vt 0.095263 1.768122 0.000000
vt 2.476477 1.839073 0.000000
vt 2.274532 1.704537 0.000000
vt 2.510000 1.814115 0.000000
vt 2.311424 1.664838 0.000000
vt 2.535048 1.707500 0.000000
vt 2.527556 1.689411 0.000000
vt 2.525000 1.670000 0.000000
vt 1.748122 0.115263 0.000000
vt 1.624274 0.194681 0.000000
vt 1.725341 0.097782 0.000000
vt 1.594035 0.157050 0.000000
vt 1.707859 0.075000 0.000000
vt 1.571593 0.114308 0.000000
vt 1.696870 0.048470 0.000000
vt 1.557783 0.068050 0.000000
vt 1.693122 0.020000 0.000000
vt 1.553122 0.020000 0.000000
vt 1.557783 -0.028050 0.000000
vt 1.696870 -0.008470 0.000000
vt 1.571593 -0.074308 0.000000
vt 1.707859 -0.035000 0.000000
vt 1.594035 -0.117050 0.000000
vt 1.725341 -0.057782 0.000000
vt 1.624274 -0.154681 0.000000
vt 1.748122 -0.075263 0.000000
vt 1.661183 -0.185799 0.000000
vt 1.774652 -0.086252 0.000000
vt 1.703383 -0.209243 0.000000
vt 1.749303 -0.224138 0.000000
vt 1.803122 -0.090000 0.000000
vt 2.314345 -1.622101 0.000000
vt 2.340192 -1.705000 0.000000
vt 2.320781 -1.707556 0.000000
vt 2.279804 -1.631834 0.000000
vt 2.248301 -1.649020 0.000000
vt 2.302692 -1.715048 0.000000
vt 2.221420 -1.672794 0.000000
vt 2.287159 -1.726967 0.000000
vt 2.200514 -1.701962 0.000000
vt 2.275240 -1.742500 0.000000
vt 2.186634 -1.735056 0.000000
vt 2.267748 -1.760589 0.000000
vt 2.180480 -1.770410 0.000000
vt 2.265192 -1.780000 0.000000
vt 2.267748 -1.799411 0.000000
vt 2.275240 -1.817500 0.000000
vt 2.840396 2.047556 0.000000
vt 2.775148 2.011511 0.000000
vt 2.822308 2.055048 0.000000
vt 2.760854 2.050784 0.000000
vt 2.806775 2.066967 0.000000
vt 2.794856 2.082500 0.000000
vt 2.737888 2.085702 0.000000
vt 2.787363 2.100589 0.000000
vt 2.784808 2.120000 0.000000
vt 2.707489 2.114382 0.000000
vt 2.787363 2.139411 0.000000
vt 2.794856 2.157500 0.000000
vt 2.546967 1.723033 0.000000
vt 2.548375 1.797562 0.000000
vt 2.562500 1.734952 0.000000
vt 2.580589 1.742444 0.000000
vt 2.589534 1.790305 0.000000
vt 2.600000 1.745000 0.000000
vt 2.631257 1.792735 0.000000
vt 2.619411 1.742444 0.000000
vt 2.637500 1.734952 0.000000
vt 2.653033 1.723033 0.000000
vt -2.359604 2.047556 0.000000
vt -2.424852 2.011511 0.000000
vt -2.377692 2.055048 0.000000
vt -2.439146 2.050784 0.000000
vt -2.393225 2.066967 0.000000
vt -2.405144 2.082500 0.000000
vt -2.462112 2.085702 0.000000
vt -2.412637 2.100589 0.000000
vt -2.415192 2.120000 0.000000
vt -2.492511 2.114382 0.000000
vt -2.412637 2.139411 0.000000
vt -2.405144 2.157500 0.000000
vt -2.653033 1.723033 0.000000
vt -2.651625 1.797562 0.000000
vt -2.637500 1.734952 0.000000
vt -2.619411 1.742444 0.000000
vt -2.610466 1.790305 0.000000
vt -2.600000 1.745000 0.000000
vt -2.568743 1.792735 0.000000
vt -2.580589 1.742444 0.000000
vt -2.562500 1.734952 0.000000
vt -2.546967 1.723033 0.000000
vt 2.840396 -1.852444 0.000000
vt 2.775148 -1.888489 0.000000
vt 2.822308 -1.844952 0.000000
vt 2.760854 -1.849216 0.000000
vt 2.806775 -1.833033 0.000000
vt 2.794856 -1.817500 0.000000
vt 2.737888 -1.814298 0.000000
vt 2.787363 -1.799411 0.000000
vt 2.784808 -1.780000 0.000000
vt 2.707489 -1.785618 0.000000
vt 2.787363 -1.760589 0.000000
vt 2.794856 -1.742500 0.000000
vt 2.631257 -2.107265 0.000000
vt 2.637500 -2.165048 0.000000
vt 2.653033 -2.176967 0.000000
vt 2.589534 -2.109695 0.000000
vt 2.600000 -2.155000 0.000000
vt 2.619411 -2.157556 0.000000
vt 2.580589 -2.157556 0.000000
vt 2.548375 -2.102438 0.000000
vt 2.562500 -2.165048 0.000000
vt -2.787363 -1.760589 0.000000
vt -2.784808 -1.780000 0.000000
vt -2.723523 -1.799073 0.000000
vt -2.787363 -1.799411 0.000000
vt -2.750388 -1.831088 0.000000
vt -2.794856 -1.817500 0.000000
vt -2.806775 -1.833033 0.000000
vt -2.769145 -1.868436 0.000000
vt -2.822308 -1.844952 0.000000
vt -2.840396 -1.852444 0.000000
vt -2.778783 -1.909103 0.000000
vt -2.859808 -1.855000 0.000000
vt -2.794856 -1.742500 0.000000
vt -2.690000 -1.774115 0.000000
vt -2.528706 -2.095279 0.000000
vt -2.546967 -2.176967 0.000000
vt -2.562500 -2.165048 0.000000
vt -2.568743 -2.107265 0.000000
vt -2.580589 -2.157556 0.000000
vt -2.600000 -2.155000 0.000000
vt -2.610466 -2.109695 0.000000
vt -2.619411 -2.157556 0.000000
vt -2.651625 -2.102438 0.000000
vt -2.637500 -2.165048 0.000000
vt -2.653033 -2.176967 0.000000
vt -2.859808 2.045000 0.000000
vt -2.778783 1.990897 0.000000
vt -2.840396 2.047556 0.000000
vt -2.769145 2.031564 0.000000
vt -2.822308 2.055048 0.000000
vt -2.806775 2.066967 0.000000
vt -2.750388 2.068912 0.000000
vt -2.794856 2.082500 0.000000
vt -2.787363 2.100589 0.000000
vt -2.723523 2.100927 0.000000
vt -2.784808 2.120000 0.000000
vt -2.787363 2.139411 0.000000
vt -2.690000 2.125885 0.000000
vt -2.794856 2.157500 0.000000
vt 2.340192 2.045000 0.000000
vt 2.421217 1.990897 0.000000
vt 2.359604 2.047556 0.000000
vt 2.430855 2.031564 0.000000
vt 2.377692 2.055048 0.000000
vt 2.393225 2.066967 0.000000
vt 2.449612 2.068912 0.000000
vt 2.405144 2.082500 0.000000
vt 2.412637 2.100589 0.000000
vt 2.476477 2.100927 0.000000
vt 2.415192 2.120000 0.000000
vt 2.412637 2.139411 0.000000
vt 2.510000 2.125885 0.000000
vt 2.405144 2.157500 0.000000
vn 0.096593 0.000000 0.025882
vn 0.096593 0.000000 0.025882
vn 0.100000 0.000000 0.000000
vn 0.100000 0.000000 0.000000
vn 0.096593 0.000000 -0.025882
vn 0.096593 0.000000 -0.025882
vn 0.086603 0.000000 -0.050000
vn 0.086603 0.000000 -0.050000
vn 0.070711 0.000000 -0.070711
vn 0.070711 0.000000 -0.070711
vn 0.050000 0.000000 -0.086603
vn 0.050000 0.000000 -0.086603
vn 0.025882 0.000000 -0.096593
vn 0.025882 0.000000 -0.096593
vn -0.000000 0.000000 -0.100000
vn -0.000000 0.000000 -0.100000
vn -0.025882 0.000000 -0.096593
vn -0.025882 0.000000 -0.096593
vn -0.050000 0.000000 -0.086603
vn -0.050000 0.000000 -0.086603
vn -0.070711 0.000000 -0.070711
vn -0.070711 0.000000 -0.070711
vn -0.086603 0.000000 -0.050000
vn -0.086603 0.000000 -0.050000
vn -0.096593 0.000000 -0.025882
vn -0.096593 0.000000 -0.025882
vn -0.100000 0.000000 0.000000
vn -0.100000 0.000000 0.000000
vn -0.096593 0.000000 0.025882
vn -0.096593 0.000000 0.025882
vn -0.086603 0.000000 0.050000
vn -0.086603 0.000000 0.050000
vn -0.070711 0.000000 0.070711
vn -0.070711 0.000000 0.070711
vn -0.050000 0.000000 0.086603
vn -0.050000 0.000000 0.086603
vn -0.025882 0.000000 0.096593
vn -0.025882 0.000000 0.096593
vn -0.000000 0.000000 0.100000
vn -0.000000 0.000000 0.100000
vn 0.025882 0.000000 0.096593
vn 0.025882 0.000000 0.096593
vn 0.050000 0.000000 0.086603
vn 0.050000 0.000000 0.086603
vn 0.070711 0.000000 0.070711
vn 0.070711 0.000000 0.070711
vn 0.086603 0.000000 0.050000
vn 0.086603 0.000000 0.050000
vn 0.097304 0.000000 0.023062
vn 0.097304 0.000000 0.023062
vn 0.100000 0.000000 0.000000
vn 0.100000 0.000000 0.000000
vn 0.097304 0.000000 -0.023062
vn 0.097304 0.000000 -0.023062
vn 0.089363 0.000000 -0.044880
vn 0.089363 0.000000 -0.044880
vn 0.076604 0.000000 -0.064279
vn 0.076604 0.000000 -0.064279
vn 0.059716 0.000000 -0.080212
vn 0.059716 0.000000 -0.080212
vn 0.039608 0.000000 -0.091822
vn 0.039608 0.000000 -0.091822
vn 0.017365 0.000000 -0.098481
vn 0.017365 0.000000 -0.098481
vn -0.005814 0.000000 -0.099831
vn -0.005814 0.000000 -0.099831
vn -0.028680 0.000000 -0.095799
vn -0.028680 0.000000 -0.095799
vn -0.050000 0.000000 -0.086603
vn -0.050000 0.000000 -0.086603
vn -0.068624 0.000000 -0.072737
vn -0.068624 0.000000 -0.072737
vn -0.083549 0.000000 -0.054951
vn -0.083549 0.000000 -0.054951
vn -0.093969 0.000000 -0.034202
vn -0.093969 0.000000 -0.034202
vn -0.099324 0.000000 -0.011609
vn -0.099324 0.000000 -0.011609
vn -0.099324 0.000000 0.011609
vn -0.099324 0.000000 0.011609
vn -0.093969 0.000000 0.034202
vn -0.093969 0.000000 0.034202
vn -0.083549 0.000000 0.054951
vn -0.083549 0.000000 0.054951
vn -0.068624 0.000000 0.072737
vn -0.068624 0.000000 0.072737
vn -0.050000 0.000000 0.086603
vn -0.050000 0.000000 0.086603
vn -0.028680 0.000000 0.095799
vn -0.028680 0.000000 0.095799
vn -0.005814 0.000000 0.099831
vn -0.005814 0.000000 0.099831
vn 0.017365 0.000000 0.098481
vn 0.017365 0.000000 0.098481
vn 0.039608 0.000000 0.091822
vn 0.039608 0.000000 0.091822
vn 0.059716 0.000000 0.080212
vn 0.059716 0.000000 0.080212
vn 0.076604 0.000000 0.064279
vn 0.076604 0.000000 0.064279
vn 0.089363 0.000000 0.044880
vn 0.089363 0.000000 0.044880
vn 0.096593 0.000000 0.025882
vn 0.096593 0.000000 0.025882
vn 0.100000 0.000000 0.000000
vn 0.100000 0.000000 0.000000
vn 0.096593 0.000000 -0.025882
vn 0.096593 0.000000 -0.025882
vn 0.086603 0.000000 -0.050000
vn 0.086603 0.000000 -0.050000
vn 0.070711 0.000000 -0.070711
vn 0.070711 0.000000 -0.070711
vn 0.050000 0.000000 -0.086603
vn 0.050000 0.000000 -0.086603
vn 0.025882 0.000000 -0.096593
vn 0.025882 0.000000 -0.096593
vn -0.000000 0.000000 -0.100000
vn -0.000000 0.000000 -0.100000
vn -0.025882 0.000000 -0.096593
vn -0.025882 0.000000 -0.096593
vn -0.050000 0.000000 -0.086603
vn -0.050000 0.000000 -0.086603
vn -0.070711 0.000000 -0.070711
vn -0.070711 0.000000 -0.070711
vn -0.086603 0.000000 -0.050000
vn -0.086603 0.000000 -0.050000
vn -0.096593 0.000000 -0.025882
vn -0.096593 0.000000 -0.025882
vn -0.100000 0.000000 0.000000
vn -0.100000 0.000000 0.000000
vn -0.096593 0.000000 0.025882
vn -0.096593 0.000000 0.025882
vn -0.086603 0.000000 0.050000
vn -0.086603 0.000000 0.050000
vn -0.070711 0.000000 0.070711
vn -0.070711 0.000000 0.070711
vn -0.050000 0.000000 0.086603
vn -0.050000 0.000000 0.086603
vn -0.025882 0.000000 0.096593
vn -0.025882 0.000000 0.096593
vn -0.000000 0.000000 0.100000
vn -0.000000 0.000000 0.100000
vn 0.025882 0.000000 0.096593
vn 0.025882 0.000000 0.096593
vn 0.050000 0.000000 0.086603
vn 0.050000 0.000000 0.086603
vn 0.070711 0.000000 0.070711
vn 0.070711 0.000000 0.070711
vn 0.086603 0.000000 0.050000
vn 0.086603 0.000000 0.050000
vn 0.097304 0.000000 0.023062
vn 0.097304 0.000000 0.023062
vn 0.100000 0.000000 0.000000
vn 0.100000 0.000000 0.000000
vn 0.097304 0.000000 -0.023062
vn 0.097304 0.000000 -0.023062
vn 0.089363 0.000000 -0.044880
vn 0.089363 0.000000 -0.044880
vn 0.076604 0.000000 -0.064279
vn 0.076604 0.000000 -0.064279
vn 0.059716 0.000000 -0.080212
vn 0.059716 0.000000 -0.080212
vn 0.039608 0.000000 -0.091822
vn 0.039608 0.000000 -0.091822
vn 0.017365 0.000000 -0.098481
vn 0.017365 0.000000 -0.098481
vn -0.005814 0.000000 -0.099831
vn -0.005814 0.000000 -0.099831
vn -0.028680 0.000000 -0.095799
vn -0.028680 0.000000 -0.095799
vn -0.050000 0.000000 -0.086603
vn -0.050000 0.000000 -0.086603
vn -0.068624 0.000000 -0.072737
vn -0.068624 0.000000 -0.072737
vn -0.083549 0.000000 -0.054951
vn -0.083549 0.000000 -0.054951
vn -0.093969 0.000000 -0.034202
vn -0.093969 0.000000 -0.034202
vn -0.099324 0.000000 -0.011609
vn -0.099324 0.000000 -0.011609
vn -0.099324 0.000000 0.011609
vn -0.099324 0.000000 0.011609
vn -0.093969 0.000000 0.034202
vn -0.093969 0.000000 0.034202
vn -0.083549 0.000000 0.054951
vn -0.083549 0.000000 0.054951
vn -0.068624 0.000000 0.072737
vn -0.068624 0.000000 0.072737
vn -0.050000 0.000000 0.086603
vn -0.050000 0.000000 0.086603
vn -0.028680 0.000000 0.095799
vn -0.028680 0.000000 0.095799
vn -0.005814 0.000000 0.099831
vn -0.005814 0.000000 0.099831
vn 0.017365 0.000000 0.098481
vn 0.017365 0.000000 0.098481
vn 0.039608 0.000000 0.091822
vn 0.039608 0.000000 0.091822
vn 0.059716 0.000000 0.080212
vn 0.059716 0.000000 0.080212
vn 0.076604 0.000000 0.064279
vn 0.076604 0.000000 0.064279
vn 0.089363 0.000000 0.044880
vn 0.089363 0.000000 0.044880
vn 0.096593 0.000000 0.025882
vn 0.096593 0.000000 0.025882
vn 0.100000 0.000000 0.000000
vn 0.100000 0.000000 0.000000
vn 0.096593 0.000000 -0.025882
vn 0.096593 0.000000 -0.025882
vn 0.086603 0.000000 -0.050000
vn 0.086603 0.000000 -0.050000
vn 0.070711 0.000000 -0.070711
vn 0.070711 0.000000 -0.070711
vn 0.050000 0.000000 -0.086603
vn 0.050000 0.000000 -0.086603
vn 0.025882 0.000000 -0.096593
vn 0.025882 0.000000 -0.096593
vn -0.000000 0.000000 -0.100000
vn -0.000000 0.000000 -0.100000
vn -0.025882 0.000000 -0.096593
vn -0.025882 0.000000 -0.096593
vn -0.050000 0.000000 -0.086603
vn -0.050000 0.000000 -0.086603
vn -0.070711 0.000000 -0.070711
vn -0.070711 0.000000 -0.070711
vn -0.086603 0.000000 -0.050000
vn -0.086603 0.000000 -0.050000
vn -0.096593 0.000000 -0.025882
vn -0.096593 0.000000 -0.025882
vn -0.100000 0.000000 0.000000
vn -0.100000 0.000000 0.000000
vn -0.096593 0.000000 0.025882
vn -0.096593 0.000000 0.025882
vn -0.086603 0.000000 0.050000
vn -0.086603 0.000000 0.050000
vn -0.070711 0.000000 0.070711
vn -0.070711 0.000000 0.070711
vn -0.050000 0.000000 0.086603
vn -0.050000 0.000000 0.086603
vn -0.025882 0.000000 0.096593
vn -0.025882 0.000000 0.096593
vn -0.000000 0.000000 0.100000
vn -0.000000 0.000000 0.100000
vn 0.025882 0.000000 0.096593
vn 0.025882 0.000000 0.096593
vn 0.050000 0.000000 0.086603
vn 0.050000 0.000000 0.086603
vn 0.070711 0.000000 0.070711
vn 0.070711 0.000000 0.070711
vn 0.086603 0.000000 0.050000
vn 0.086603 0.000000 0.050000
vn 0.096593 0.000000 0.025882
vn 0.096593 0.000000 0.025882
vn 0.100000 0.000000 0.000000
vn 0.100000 0.000000 0.000000
vn 0.096593 0.000000 -0.025882
vn 0.096593 0.000000 -0.025882
vn 0.086603 0.000000 -0.050000
vn 0.086603 0.000000 -0.050000
vn 0.070711 0.000000 -0.070711
vn 0.070711 0.000000 -0.070711
vn 0.050000 0.000000 -0.086603
vn 0.050000 0.000000 -0.086603
vn 0.025882 0.000000 -0.096593
vn 0.025882 0.000000 -0.096593
vn -0.000000 0.000000 -0.100000
vn -0.000000 0.000000 -0.100000
vn -0.025882 0.000000 -0.096593
vn -0.025882 0.000000 -0.096593
vn -0.050000 0.000000 -0.086603
vn -0.050000 0.000000 -0.086603
vn -0.070711 0.000000 -0.070711
vn -0.070711 0.000000 -0.070711
vn -0.086603 0.000000 -0.050000
vn -0.086603 0.000000 -0.050000
vn -0.096593 0.000000 -0.025882
vn -0.096593 0.000000 -0.025882
vn -0.100000 0.000000 0.000000
vn -0.100000 0.000000 0.000000
vn -0.096593 0.000000 0.025882
vn -0.096593 0.000000 0.025882
vn -0.086603 0.000000 0.050000
vn -0.086603 0.000000 0.050000
vn -0.070711 0.000000 0.070711
vn -0.070711 0.000000 0.070711
vn -0.050000 0.000000 0.086603
vn -0.050000 0.000000 0.086603
vn -0.025882 0.000000 0.096593
vn -0.025882 0.000000 0.096593
vn -0.000000 0.000000 0.100000
vn -0.000000 0.000000 0.100000
vn 0.025882 0.000000 0.096593
vn 0.025882 0.000000 0.096593
vn 0.050000 0.000000 0.086603
vn 0.050000 0.000000 0.086603
vn 0.070711 0.000000 0.070711
vn 0.070711 0.000000 0.070711
vn 0.086603 0.000000 0.050000
vn 0.086603 0.000000 0.050000
vn 0.096593 0.000000 0.025882
vn 0.096593 0.000000 0.025882
vn 0.100000 0.000000 0.000000
vn 0.100000 0.000000 0.000000
vn 0.096593 0.000000 -0.025882
vn 0.096593 0.000000 -0.025882
vn 0.086603 0.000000 -0.050000
vn 0.086603 0.000000 -0.050000
vn 0.070711 0.000000 -0.070711
vn 0.070711 0.000000 -0.070711
vn 0.050000 0.000000 -0.086603
vn 0.050000 0.000000 -0.086603
vn 0.025882 0.000000 -0.096593
vn 0.025882 0.000000 -0.096593
vn -0.000000 0.000000 -0.100000
vn -0.000000 0.000000 -0.100000
vn -0.025882 0.000000 -0.096593
vn -0.025882 0.000000 -0.096593
vn -0.050000 0.000000 -0.086603
vn -0.050000 0.000000 -0.086603
vn -0.070711 0.000000 -0.070711
vn -0.070711 0.000000 -0.070711
vn -0.086603 0.000000 -0.050000
vn -0.086603 0.000000 -0.050000
vn -0.096593 0.000000 -0.025882
vn -0.096593 0.000000 -0.025882
vn -0.100000 0.000000 0.000000
vn -0.100000 0.000000 0.000000
vn -0.096593 0.000000 0.025882
vn -0.096593 0.000000 0.025882
vn -0.086603 0.000000 0.050000
vn -0.086603 0.000000 0.050000
vn -0.070711 0.000000 0.070711
vn -0.070711 0.000000 0.070711
vn -0.050000 0.000000 0.086603
vn -0.050000 0.000000 0.086603
vn -0.025882 0.000000 0.096593
vn -0.025882 0.000000 0.096593
vn -0.000000 0.000000 0.100000
vn -0.000000 0.000000 0.100000
vn 0.025882 0.000000 0.096593
vn 0.025882 0.000000 0.096593
vn 0.050000 0.000000 0.086603
vn 0.050000 0.000000 0.086603
vn 0.070711 0.000000 0.070711
vn 0.070711 0.000000 0.070711
vn 0.086603 0.000000 0.050000
vn 0.086603 0.000000 0.050000
vn 0.096593 0.000000 0.025882
vn 0.096593 0.000000 0.025882
vn 0.100000 0.000000 0.000000
vn 0.100000 0.000000 0.000000
vn 0.096593 0.000000 -0.025882
vn 0.096593 0.000000 -0.025882
vn 0.086603 0.000000 -0.050000
vn 0.086603 0.000000 -0.050000
vn 0.070711 0.000000 -0.070711
vn 0.070711 0.000000 -0.070711
vn 0.050000 0.000000 -0.086603
vn 0.050000 0.000000 -0.086603
vn 0.025882 0.000000 -0.096593
vn 0.025882 0.000000 -0.096593
vn -0.000000 0.000000 -0.100000
vn -0.000000 0.000000 -0.100000
vn -0.025882 0.000000 -0.096593
vn -0.025882 0.000000 -0.096593
vn -0.050000 0.000000 -0.086603
vn -0.050000 0.000000 -0.086603
vn -0.070711 0.000000 -0.070711
vn -0.070711 0.000000 -0.070711
vn -0.086603 0.000000 -0.050000
vn -0.086603 0.000000 -0.050000
vn -0.096593 0.000000 -0.025882
vn -0.096593 0.000000 -0.025882
vn -0.100000 0.000000 0.000000
vn -0.100000 0.000000 0.000000
vn -0.096593 0.000000 0.025882
vn -0.096593 0.000000 0.025882
vn -0.086603 0.000000 0.050000
vn -0.086603 0.000000 0.050000
vn -0.070711 0.000000 0.070711
vn -0.070711 0.000000 0.070711
vn -0.050000 0.000000 0.086603
vn -0.050000 0.000000 0.086603
vn -0.025882 0.000000 0.096593
vn -0.025882 0.000000 0.096593
vn -0.000000 0.000000 0.100000
vn -0.000000 0.000000 0.100000
vn 0.025882 0.000000 0.096593
vn 0.025882 0.000000 0.096593
vn 0.050000 0.000000 0.086603
vn 0.050000 0.000000 0.086603
vn 0.070711 0.000000 0.070711
vn 0.070711 0.000000 0.070711
vn 0.086603 0.000000 0.050000
vn 0.086603 0.000000 0.050000
vn 0.096593 0.000000 0.025882
vn 0.096593 0.000000 0.025882
vn 0.100000 0.000000 0.000000
vn 0.100000 0.000000 0.000000
vn 0.096593 0.000000 -0.025882
vn 0.096593 0.000000 -0.025882
vn 0.086603 0.000000 -0.050000
vn 0.086603 0.000000 -0.050000
vn 0.070711 0.000000 -0.070711
vn 0.070711 0.000000 -0.070711
vn 0.050000 0.000000 -0.086603
vn 0.050000 0.000000 -0.086603
vn 0.025882 0.000000 -0.096593
vn 0.025882 0.000000 -0.096593
vn -0.000000 0.000000 -0.100000
vn -0.000000 0.000000 -0.100000
vn -0.025882 0.000000 -0.096593
vn -0.025882 0.000000 -0.096593
vn -0.050000 0.000000 -0.086603
vn -0.050000 0.000000 -0.086603
vn -0.070711 0.000000 -0.070711
vn -0.070711 0.000000 -0.070711
vn -0.086603 0.000000 -0.050000
vn -0.086603 0.000000 -0.050000
vn -0.096593 0.000000 -0.025882
vn -0.096593 0.000000 -0.025882
vn -0.100000 0.000000 0.000000
vn -0.100000 0.000000 0.000000
vn -0.096593 0.000000 0.025882
vn -0.096593 0.000000 0.025882
vn -0.086603 0.000000 0.050000
vn -0.086603 0.000000 0.050000
vn -0.070711 0.000000 0.070711
vn -0.070711 0.000000 0.070711
vn -0.050000 0.000000 0.086603
vn -0.050000 0.000000 0.086603
vn -0.025882 0.000000 0.096593
vn -0.025882 0.000000 0.096593
vn -0.000000 0.000000 0.100000
vn -0.000000 0.000000 0.100000
vn 0.025882 0.000000 0.096593
vn 0.025882 0.000000 0.096593
vn 0.050000 0.000000 0.086603
vn 0.050000 0.000000 0.086603
vn 0.070711 0.000000 0.070711
vn 0.070711 0.000000 0.070711
vn 0.086603 0.000000 0.050000
vn 0.086603 0.000000 0.050000
vn 0.096593 0.000000 0.025882
vn 0.096593 0.000000 0.025882
vn 0.100000 0.000000 0.000000
vn 0.100000 0.000000 0.000000
vn 0.096593 0.000000 -0.025882
vn 0.096593 0.000000 -0.025882
vn 0.086603 0.000000 -0.050000
vn 0.086603 0.000000 -0.050000
vn 0.070711 0.000000 -0.070711
vn 0.070711 0.000000 -0.070711
vn 0.050000 0.000000 -0.086603
vn 0.050000 0.000000 -0.086603
vn 0.025882 0.000000 -0.096593
vn 0.025882 0.000000 -0.096593
vn -0.000000 0.000000 -0.100000
vn -0.000000 0.000000 -0.100000
vn -0.025882 0.000000 -0.096593
vn -0.025882 0.000000 -0.096593
vn -0.050000 0.000000 -0.086603
vn -0.050000 0.000000 -0.086603
vn -0.070711 0.000000 -0.070711
vn -0.070711 0.000000 -0.070711
vn -0.086603 0.000000 -0.050000
vn -0.086603 0.000000 -0.050000
vn -0.096593 0.000000 -0.025882
vn -0.096593 0.000000 -0.025882
vn -0.100000 0.000000 0.000000
vn -0.100000 0.000000 0.000000
vn -0.096593 0.000000 0.025882
vn -0.096593 0.000000 0.025882
vn -0.086603 0.000000 0.050000
vn -0.086603 0.000000 0.050000
vn -0.070711 0.000000 0.070711
vn -0.070711 0.000000 0.070711
vn -0.050000 0.000000 0.086603
vn -0.050000 0.000000 0.086603
vn -0.025882 0.000000 0.096593
vn -0.025882 0.000000 0.096593
vn -0.000000 0.000000 0.100000
vn -0.000000 0.000000 0.100000
vn 0.025882 0.000000 0.096593
vn 0.025882 0.000000 0.096593
vn 0.050000 0.000000 0.086603
vn 0.050000 0.000000 0.086603
vn 0.070711 0.000000 0.070711
vn 0.070711 0.000000 0.070711
vn 0.086603 0.000000 0.050000
vn 0.086603 0.000000 0.050000
vn 0.096593 0.000000 0.025882
vn 0.096593 0.000000 0.025882
vn 0.100000 0.000000 0.000000
vn 0.100000 0.000000 0.000000
vn 0.096593 0.000000 -0.025882
vn 0.096593 0.000000 -0.025882
vn 0.086603 0.000000 -0.050000
vn 0.086603 0.000000 -0.050000
vn 0.070711 0.000000 -0.070711
vn 0.070711 0.000000 -0.070711
vn 0.050000 0.000000 -0.086603
vn 0.050000 0.000000 -0.086603
vn 0.025882 0.000000 -0.096593
vn 0.025882 0.000000 -0.096593
vn -0.000000 0.000000 -0.100000
vn -0.000000 0.000000 -0.100000
vn -0.025882 0.000000 -0.096593
vn -0.025882 0.000000 -0.096593
vn -0.050000 0.000000 -0.086603
vn -0.050000 0.000000 -0.086603
vn -0.070711 0.000000 -0.070711
vn -0.070711 0.000000 -0.070711
vn -0.086603 0.000000 -0.050000
vn -0.086603 0.000000 -0.050000
vn -0.096593 0.000000 -0.025882
vn -0.096593 0.000000 -0.025882
vn -0.100000 0.000000 0.000000
vn -0.100000 0.000000 0.000000
vn -0.096593 0.000000 0.025882
vn -0.096593 0.000000 0.025882
vn -0.086603 0.000000 0.050000
vn -0.086603 0.000000 0.050000
vn -0.070711 0.000000 0.070711
vn -0.070711 0.000000 0.070711
vn -0.050000 0.000000 0.086603
vn -0.050000 0.000000 0.086603
vn -0.025882 0.000000 0.096593
vn -0.025882 0.000000 0.096593
vn -0.000000 0.000000 0.100000
vn -0.000000 0.000000 0.100000
vn 0.025882 0.000000 0.096593
vn 0.025882 0.000000 0.096593
vn 0.050000 0.000000 0.086603
vn 0.050000 0.000000 0.086603
vn 0.070711 0.000000 0.070711
vn 0.070711 0.000000 0.070711
vn 0.086603 0.000000 0.050000
vn 0.086603 0.000000 0.050000
vn 0.097304 0.000000 0.023062
vn 0.097304 0.000000 0.023062
vn 0.100000 0.000000 0.000000
vn 0.100000 0.000000 0.000000
vn 0.097304 0.000000 -0.023062
vn 0.097304 0.000000 -0.023062
vn 0.089363 0.000000 -0.044880
vn 0.089363 0.000000 -0.044880
vn 0.076604 0.000000 -0.064279
vn 0.076604 0.000000 -0.064279
vn 0.059716 0.000000 -0.080212
vn 0.059716 0.000000 -0.080212
vn 0.039608 0.000000 -0.091822
vn 0.039608 0.000000 -0.091822
vn 0.017365 0.000000 -0.098481
vn 0.017365 0.000000 -0.098481
vn -0.005814 0.000000 -0.099831
vn -0.005814 0.000000 -0.099831
vn -0.028680 0.000000 -0.095799
vn -0.028680 0.000000 -0.095799
vn -0.050000 0.000000 -0.086603
vn -0.050000 0.000000 -0.086603
vn -0.068624 0.000000 -0.072737
vn -0.068624 0.000000 -0.072737
vn -0.083549 0.000000 -0.054951
vn -0.083549 0.000000 -0.054951
vn -0.093969 0.000000 -0.034202
vn -0.093969 0.000000 -0.034202
vn -0.099324 0.000000 -0.011609
vn -0.099324 0.000000 -0.011609
vn -0.099324 0.000000 0.011609
vn -0.099324 0.000000 0.011609
vn -0.093969 0.000000 0.034202
vn -0.093969 0.000000 0.034202
vn -0.083549 0.000000 0.054951
vn -0.083549 0.000000 0.054951
vn -0.068624 0.000000 0.072737
vn -0.068624 0.000000 0.072737
vn -0.050000 0.000000 0.086603
vn -0.050000 0.000000 0.086603
vn -0.028680 0.000000 0.095799
vn -0.028680 0.000000 0.095799
vn -0.005814 0.000000 0.099831
vn -0.005814 0.000000 0.099831
vn 0.017365 0.000000 0.098481
vn 0.017365 0.000000 0.098481
vn 0.039608 0.000000 0.091822
vn 0.039608 0.000000 0.091822
vn 0.059716 0.000000 0.080212
vn 0.059716 0.000000 0.080212
vn 0.076604 0.000000 0.064279
vn 0.076604 0.000000 0.064279
vn 0.089363 0.000000 0.044880
vn 0.089363 0.000000 0.044880
vn 0.096593 0.000000 0.025882
vn 0.096593 0.000000 0.025882
vn 0.100000 0.000000 0.000000
vn 0.100000 0.000000 0.000000
vn 0.096593 0.000000 -0.025882
vn 0.096593 0.000000 -0.025882
vn 0.086603 0.000000 -0.050000
vn 0.086603 0.000000 -0.050000
vn 0.070711 0.000000 -0.070711
vn 0.070711 0.000000 -0.070711
vn 0.050000 0.000000 -0.086603
vn 0.050000 0.000000 -0.086603
vn 0.025882 0.000000 -0.096593
vn 0.025882 0.000000 -0.096593
vn -0.000000 0.000000 -0.100000
vn -0.000000 0.000000 -0.100000
vn -0.025882 0.000000 -0.096593
vn -0.025882 0.000000 -0.096593
vn -0.050000 0.000000 -0.086603
vn -0.050000 0.000000 -0.086603
vn -0.070711 0.000000 -0.070711
vn -0.070711 0.000000 -0.070711
vn -0.086603 0.000000 -0.050000
vn -0.086603 0.000000 -0.050000
vn -0.096593 0.000000 -0.025882
vn -0.096593 0.000000 -0.025882
vn -0.100000 0.000000 0.000000
vn -0.100000 0.000000 0.000000
vn -0.096593 0.000000 0.025882
vn -0.096593 0.000000 0.025882
vn -0.086603 0.000000 0.050000
vn -0.086603 0.000000 0.050000
vn -0.070711 0.000000 0.070711
vn -0.070711 0.000000 0.070711
vn -0.050000 0.000000 0.086603
vn -0.050000 0.000000 0.086603
vn -0.025882 0.000000 0.096593
vn -0.025882 0.000000 0.096593
vn -0.000000 0.000000 0.100000
vn -0.000000 0.000000 0.100000
vn 0.025882 0.000000 0.096593
vn 0.025882 0.000000 0.096593
vn 0.050000 0.000000 0.086603
vn 0.050000 0.000000 0.086603
vn 0.070711 0.000000 0.070711
vn 0.070711 0.000000 0.070711
vn 0.086603 0.000000 0.050000
vn 0.086603 0.000000 0.050000
vn 0.097304 0.000000 0.023062
vn 0.097304 0.000000 0.023062
vn 0.100000 0.000000 0.000000
vn 0.100000 0.000000 0.000000
vn 0.097304 0.000000 -0.023062
vn 0.097304 0.000000 -0.023062
vn 0.089363 0.000000 -0.044880
vn 0.089363 0.000000 -0.044880
vn 0.076604 0.000000 -0.064279
vn 0.076604 0.000000 -0.064279
vn 0.059716 0.000000 -0.080212
vn 0.059716 0.000000 -0.080212
vn 0.039608 0.000000 -0.091822
vn 0.039608 0.000000 -0.091822
vn 0.017365 0.000000 -0.098481
vn 0.017365 0.000000 -0.098481
vn -0.005814 0.000000 -0.099831
vn -0.005814 0.000000 -0.099831
vn -0.028680 0.000000 -0.095799
vn -0.028680 0.000000 -0.095799
vn -0.050000 0.000000 -0.086603
vn -0.050000 0.000000 -0.086603
vn -0.068624 0.000000 -0.072737
vn -0.068624 0.000000 -0.072737
vn -0.083549 0.000000 -0.054951
vn -0.083549 0.000000 -0.054951
vn -0.093969 0.000000 -0.034202
vn -0.093969 0.000000 -0.034202
vn -0.099324 0.000000 -0.011609
vn -0.099324 0.000000 -0.011609
vn -0.099324 0.000000 0.011609
vn -0.099324 0.000000 0.011609
vn -0.093969 0.000000 0.034202
vn -0.093969 0.000000 0.034202
vn -0.083549 0.000000 0.054951
vn -0.083549 0.000000 0.054951
vn -0.068624 0.000000 0.072737
vn -0.068624 0.000000 0.072737
vn -0.050000 0.000000 0.086603
vn -0.050000 0.000000 0.086603
vn -0.028680 0.000000 0.095799
vn -0.028680 0.000000 0.095799
vn -0.005814 0.000000 0.099831
vn -0.005814 0.000000 0.099831
vn 0.017365 0.000000 0.098481
vn 0.017365 0.000000 0.098481
vn 0.039608 0.000000 0.091822
vn 0.039608 0.000000 0.091822
vn 0.059716 0.000000 0.080212
vn 0.059716 0.000000 0.080212
vn 0.076604 0.000000 0.064279
vn 0.076604 0.000000 0.064279
vn 0.089363 0.000000 0.044880
vn 0.089363 0.000000 0.044880
vn 0.096593 0.000000 0.025882
vn 0.096593 0.000000 0.025882
vn 0.100000 0.000000 0.000000
vn 0.100000 0.000000 0.000000
vn 0.096593 0.000000 -0.025882
vn 0.096593 0.000000 -0.025882
vn 0.086603 0.000000 -0.050000
vn 0.086603 0.000000 -0.050000
vn 0.070711 0.000000 -0.070711
vn 0.070711 0.000000 -0.070711
vn 0.050000 0.000000 -0.086603
vn 0.050000 0.000000 -0.086603
vn 0.025882 0.000000 -0.096593
vn 0.025882 0.000000 -0.096593
vn -0.000000 0.000000 -0.100000
vn -0.000000 0.000000 -0.100000
vn -0.025882 0.000000 -0.096593
vn -0.025882 0.000000 -0.096593
vn -0.050000 0.000000 -0.086603
vn -0.050000 0.000000 -0.086603
vn -0.070711 0.000000 -0.070711
vn -0.070711 0.000000 -0.070711
vn -0.086603 0.000000 -0.050000
vn -0.086603 0.000000 -0.050000
vn -0.096593 0.000000 -0.025882
vn -0.096593 0.000000 -0.025882
vn -0.100000 0.000000 0.000000
vn -0.100000 0.000000 0.000000
vn -0.096593 0.000000 0.025882
vn -0.096593 0.000000 0.025882
vn -0.086603 0.000000 0.050000
vn -0.086603 0.000000 0.050000
vn -0.070711 0.000000 0.070711
vn -0.070711 0.000000 0.070711
vn -0.050000 0.000000 0.086603
vn -0.050000 0.000000 0.086603
vn -0.025882 0.000000 0.096593
vn -0.025882 0.000000 0.096593
vn -0.000000 0.000000 0.100000
vn -0.000000 0.000000 0.100000
vn 0.025882 0.000000 0.096593
vn 0.025882 0.000000 0.096593
vn 0.050000 0.000000 0.086603
vn 0.050000 0.000000 0.086603
vn 0.070711 0.000000 0.070711
vn 0.070711 0.000000 0.070711
vn 0.086603 0.000000 0.050000
vn 0.086603 0.000000 0.050000
vn 0.096593 0.000000 0.025882
vn 0.096593 0.000000 0.025882
vn 0.100000 0.000000 0.000000
vn 0.100000 0.000000 0.000000
vn 0.096593 0.000000 -0.025882
vn 0.096593 0.000000 -0.025882
vn 0.086603 0.000000 -0.050000
vn 0.086603 0.000000 -0.050000
vn 0.070711 0.000000 -0.070711
vn 0.070711 0.000000 -0.070711
vn 0.050000 0.000000 -0.086603
vn 0.050000 0.000000 -0.086603
vn 0.025882 0.000000 -0.096593
vn 0.025882 0.000000 -0.096593
vn -0.000000 0.000000 -0.100000
vn -0.000000 0.000000 -0.100000
vn -0.025882 0.000000 -0.096593
vn -0.025882 0.000000 -0.096593
vn -0.050000 0.000000 -0.086603
vn -0.050000 0.000000 -0.086603
vn -0.070711 0.000000 -0.070711
vn -0.070711 0.000000 -0.070711
vn -0.086603 0.000000 -0.050000
vn -0.086603 0.000000 -0.050000
vn -0.096593 0.000000 -0.025882
vn -0.096593 0.000000 -0.025882
vn -0.100000 0.000000 0.000000
vn -0.100000 0.000000 0.000000
vn -0.096593 0.000000 0.025882
vn -0.096593 0.000000 0.025882
vn -0.086603 0.000000 0.050000
vn -0.086603 0.000000 0.050000
vn -0.070711 0.000000 0.070711
vn -0.070711 0.000000 0.070711
vn -0.050000 0.000000 0.086603
vn -0.050000 0.000000 0.086603
vn -0.025882 0.000000 0.096593
vn -0.025882 0.000000 0.096593
vn -0.000000 0.000000 0.100000
vn -0.000000 0.000000 0.100000
vn 0.025882 0.000000 0.096593
vn 0.025882 0.000000 0.096593
vn 0.050000 0.000000 0.086603
vn 0.050000 0.000000 0.086603
vn 0.070711 0.000000 0.070711
vn 0.070711 0.000000 0.070711
vn 0.086603 0.000000 0.050000
vn 0.086603 0.000000 0.050000
vn 0.096593 0.000000 0.025882
vn 0.096593 0.000000 0.025882
vn 0.100000 0.000000 0.000000
vn 0.100000 0.000000 0.000000
vn 0.096593 0.000000 -0.025882
vn 0.096593 0.000000 -0.025882
vn 0.086603 0.000000 -0.050000
vn 0.086603 0.000000 -0.050000
vn 0.070711 0.000000 -0.070711
vn 0.070711 0.000000 -0.070711
vn 0.050000 0.000000 -0.086603
vn 0.050000 0.000000 -0.086603
vn 0.025882 0.000000 -0.096593
vn 0.025882 0.000000 -0.096593
vn -0.000000 0.000000 -0.100000
vn -0.000000 0.000000 -0.100000
vn -0.025882 0.000000 -0.096593
vn -0.025882 0.000000 -0.096593
vn -0.050000 0.000000 -0.086603
vn -0.050000 0.000000 -0.086603
vn -0.070711 0.000000 -0.070711
vn -0.070711 0.000000 -0.070711
vn -0.086603 0.000000 -0.050000
vn -0.086603 0.000000 -0.050000
vn -0.096593 0.000000 -0.025882
vn -0.096593 0.000000 -0.025882
vn -0.100000 0.000000 0.000000
vn -0.100000 0.000000 0.000000
vn -0.096593 0.000000 0.025882
vn -0.096593 0.000000 0.025882
vn -0.086603 0.000000 0.050000
vn -0.086603 0.000000 0.050000
vn -0.070711 0.000000 0.070711
vn -0.070711 0.000000 0.070711
vn -0.050000 0.000000 0.086603
vn -0.050000 0.000000 0.086603
vn -0.025882 0.000000 0.096593
vn -0.025882 0.000000 0.096593
vn -0.000000 0.000000 0.100000
vn -0.000000 0.000000 0.100000
vn 0.025882 0.000000 0.096593
vn 0.025882 0.000000 0.096593
vn 0.050000 0.000000 0.086603
vn 0.050000 0.000000 0.086603
vn 0.070711 0.000000 0.070711
vn 0.070711 0.000000 0.070711
vn 0.086603 0.000000 0.050000
vn 0.086603 0.000000 0.050000
vn 0.096593 0.000000 0.025882
vn 0.096593 0.000000 0.025882
vn 0.100000 0.000000 0.000000
vn 0.100000 0.000000 0.000000
vn 0.096593 0.000000 -0.025882
vn 0.096593 0.000000 -0.025882
vn 0.086603 0.000000 -0.050000
vn 0.086603 0.000000 -0.050000
vn 0.070711 0.000000 -0.070711
vn 0.070711 0.000000 -0.070711
vn 0.050000 0.000000 -0.086603
vn 0.050000 0.000000 -0.086603
vn 0.025882 0.000000 -0.096593
vn 0.025882 0.000000 -0.096593
vn -0.000000 0.000000 -0.100000
vn -0.000000 0.000000 -0.100000
vn -0.025882 0.000000 -0.096593
vn -0.025882 0.000000 -0.096593
vn -0.050000 0.000000 -0.086603
vn -0.050000 0.000000 -0.086603
vn -0.070711 0.000000 -0.070711
vn -0.070711 0.000000 -0.070711
vn -0.086603 0.000000 -0.050000
vn -0.086603 0.000000 -0.050000
vn -0.096593 0.000000 -0.025882
vn -0.096593 0.000000 -0.025882
vn -0.100000 0.000000 0.000000
vn -0.100000 0.000000 0.000000
vn -0.096593 0.000000 0.025882
vn -0.096593 0.000000 0.025882
vn -0.086603 0.000000 0.050000
vn -0.086603 0.000000 0.050000
vn -0.070711 0.000000 0.070711
vn -0.070711 0.000000 0.070711
vn -0.050000 0.000000 0.086603
vn -0.050000 0.000000 0.086603
vn -0.025882 0.000000 0.096593
vn -0.025882 0.000000 0.096593
vn -0.000000 0.000000 0.100000
vn -0.000000 0.000000 0.100000
vn 0.025882 0.000000 0.096593
vn 0.025882 0.000000 0.096593
vn 0.050000 0.000000 0.086603
vn 0.050000 0.000000 0.086603
vn 0.070711 0.000000 0.070711
vn 0.070711 0.000000 0.070711
vn 0.086603 0.000000 0.050000
vn 0.086603 0.000000 0.050000
vn 0.096593 0.000000 0.025882
vn 0.096593 0.000000 0.025882
vn 0.100000 0.000000 0.000000
vn 0.100000 0.000000 0.000000
vn 0.096593 0.000000 -0.025882
vn 0.096593 0.000000 -0.025882
vn 0.086603 0.000000 -0.050000
vn 0.086603 0.000000 -0.050000
vn 0.070711 0.000000 -0.070711
vn 0.070711 0.000000 -0.070711
vn 0.050000 0.000000 -0.086603
vn 0.050000 0.000000 -0.086603
vn 0.025882 0.000000 -0.096593
vn 0.025882 0.000000 -0.096593
vn -0.000000 0.000000 -0.100000
vn -0.000000 0.000000 -0.100000
vn -0.025882 0.000000 -0.096593
vn -0.025882 0.000000 -0.096593
vn -0.050000 0.000000 -0.086603
vn -0.050000 0.000000 -0.086603
vn -0.070711 0.000000 -0.070711
vn -0.070711 0.000000 -0.070711
vn -0.086603 0.000000 -0.050000
vn -0.086603 0.000000 -0.050000
vn -0.096593 0.000000 -0.025882
vn -0.096593 0.000000 -0.025882
vn -0.100000 0.000000 0.000000
vn -0.100000 0.000000 0.000000
vn -0.096593 0.000000 0.025882
vn -0.096593 0.000000 0.025882
vn -0.086603 0.000000 0.050000
vn -0.086603 0.000000 0.050000
vn -0.070711 0.000000 0.070711
vn -0.070711 0.000000 0.070711
vn -0.050000 0.000000 0.086603
vn -0.050000 0.000000 0.086603
vn -0.025882 0.000000 0.096593
vn -0.025882 0.000000 0.096593
vn -0.000000 0.000000 0.100000
vn -0.000000 0.000000 0.100000
vn 0.025882 0.000000 0.096593
vn 0.025882 0.000000 0.096593
vn 0.050000 0.000000 0.086603
vn 0.050000 0.000000 0.086603
vn 0.070711 0.000000 0.070711
vn 0.070711 0.000000 0.070711
vn 0.086603 0.000000 0.050000
vn 0.086603 0.000000 0.050000
vn 0.096593 0.000000 0.025882
vn 0.096593 0.000000 0.025882
vn 0.100000 0.000000 0.000000
vn 0.100000 0.000000 0.000000
vn 0.096593 0.000000 -0.025882
vn 0.096593 0.000000 -0.025882
vn 0.086603 0.000000 -0.050000
vn 0.086603 0.000000 -0.050000
vn 0.070711 0.000000 -0.070711
vn 0.070711 0.000000 -0.070711
vn 0.050000 0.000000 -0.086603
vn 0.050000 0.000000 -0.086603
vn 0.025882 0.000000 -0.096593
vn 0.025882 0.000000 -0.096593
vn -0.000000 0.000000 -0.100000
vn -0.000000 0.000000 -0.100000
vn -0.025882 0.000000 -0.096593
vn -0.025882 0.000000 -0.096593
vn -0.050000 0.000000 -0.086603
vn -0.050000 0.000000 -0.086603
vn -0.070711 0.000000 -0.070711
vn -0.070711 0.000000 -0.070711
vn -0.086603 0.000000 -0.050000
vn -0.086603 0.000000 -0.050000
vn -0.096593 0.000000 -0.025882
vn -0.096593 0.000000 -0.025882
vn -0.100000 0.000000 0.000000
vn -0.100000 0.000000 0.000000
vn -0.096593 0.000000 0.025882
vn -0.096593 0.000000 0.025882
vn -0.086603 0.000000 0.050000
vn -0.086603 0.000000 0.050000
vn -0.070711 0.000000 0.070711
vn -0.070711 0.000000 0.070711
vn -0.050000 0.000000 0.086603
vn -0.050000 0.000000 0.086603
vn -0.025882 0.000000 0.096593
vn -0.025882 0.000000 0.096593
vn -0.000000 0.000000 0.100000
vn -0.000000 0.000000 0.100000
vn 0.025882 0.000000 0.096593
vn 0.025882 0.000000 0.096593
vn 0.050000 0.000000 0.086603
vn 0.050000 0.000000 0.086603
vn 0.070711 0.000000 0.070711
vn 0.070711 0.000000 0.070711
vn 0.086603 0.000000 0.050000
vn 0.086603 0.000000 0.050000
vn 0.016154 0.000000 -0.098687
vn 0.016154 0.000000 -0.098687
vn 0.037743 0.000000 -0.092604
vn 0.037743 0.000000 -0.092604
vn 0.057432 0.000000 -0.081863
vn 0.057432 0.000000 -0.081863
vn 0.074233 0.000000 -0.067004
vn 0.074233 0.000000 -0.067004
vn 0.087299 0.000000 -0.048774
vn 0.087299 0.000000 -0.048774
vn 0.095974 0.000000 -0.028090
vn 0.095974 0.000000 -0.028090
vn 0.099820 0.000000 -0.005993
vn 0.099820 0.000000 -0.005993
vn 0.098645 0.000000 0.016405
vn 0.098645 0.000000 0.016405
vn 0.058781 0.000000 -0.080900
vn 0.058781 0.000000 -0.080900
vn 0.061958 0.000000 -0.078493
vn 0.061958 0.000000 -0.078493
vn 0.065037 0.000000 -0.075961
vn 0.065037 0.000000 -0.075961
vn 0.068013 0.000000 -0.073309
vn 0.068013 0.000000 -0.073309
vn 0.092569 0.000000 0.037829
vn 0.092569 0.000000 0.037829
vn 0.092569 0.000000 0.037829
vn 0.092569 0.000000 0.037829
vn 0.002357 0.000000 -0.099972
vn 0.002357 0.000000 -0.099972
vn 0.021528 0.000000 -0.097655
vn 0.021528 0.000000 -0.097655
vn 0.039896 0.000000 -0.091697
vn 0.039896 0.000000 -0.091697
vn 0.056776 0.000000 -0.082319
vn 0.056776 0.000000 -0.082319
vn 0.071539 0.000000 -0.069872
vn 0.071539 0.000000 -0.069872
vn 0.083635 0.000000 -0.054820
vn 0.083635 0.000000 -0.054820
vn 0.092612 0.000000 -0.037723
vn 0.092612 0.000000 -0.037723
vn 0.098136 0.000000 -0.019220
vn 0.098136 0.000000 -0.019220
vn 0.100000 0.000000 -0.000000
vn 0.100000 0.000000 -0.000000
vn 0.098136 0.000000 0.019220
vn 0.098136 0.000000 0.019220
vn 0.092612 0.000000 0.037723
vn 0.092612 0.000000 0.037723
vn 0.083635 0.000000 0.054820
vn 0.083635 0.000000 0.054820
vn 0.071539 0.000000 0.069872
vn 0.071539 0.000000 0.069872
vn 0.056776 0.000000 0.082319
vn 0.056776 0.000000 0.082319
vn 0.039896 0.000000 0.091697
vn 0.039896 0.000000 0.091697
vn 0.021528 0.000000 0.097655
vn 0.021528 0.000000 0.097655
vn 0.002357 0.000000 0.099972
vn 0.002357 0.000000 0.099972
vn 0.092569 0.000000 -0.037829
vn 0.092569 0.000000 -0.037829
vn 0.092569 0.000000 -0.037829
vn 0.092569 0.000000 -0.037829
vn 0.095627 0.000000 0.029250
vn 0.095627 0.000000 0.029250
vn 0.091064 0.000000 0.041319
vn 0.091064 0.000000 0.041319
vn 0.084986 0.000000 0.052701
vn 0.084986 0.000000 0.052701
vn 0.077492 0.000000 0.063206
vn 0.077492 0.000000 0.063206
vn 0.068709 0.000000 0.072658
vn 0.068709 0.000000 0.072658
vn 0.058781 0.000000 0.080900
vn 0.058781 0.000000 0.080900
vn -0.005640 0.000000 0.099841
vn -0.005640 0.000000 0.099841
vn -0.005640 0.000000 0.099841
vn -0.005640 0.000000 0.099841
vn 0.093762 0.000000 0.034767
vn 0.093762 0.000000 0.034767
vn 0.085662 0.000000 0.051595
vn 0.085662 0.000000 0.051595
vn 0.074574 0.000000 0.066624
vn 0.074574 0.000000 0.066624
vn 0.060885 0.000000 0.079328
vn 0.060885 0.000000 0.079328
vn 0.045073 0.000000 0.089266
vn 0.045073 0.000000 0.089266
vn 0.027688 0.000000 0.096090
vn 0.027688 0.000000 0.096090
vn 0.009338 0.000000 0.099563
vn 0.009338 0.000000 0.099563
vn -0.009338 0.000000 0.099563
vn -0.009338 0.000000 0.099563
vn -0.027688 0.000000 0.096090
vn -0.027688 0.000000 0.096090
vn -0.045073 0.000000 0.089266
vn -0.045073 0.000000 0.089266
vn -0.060885 0.000000 0.079328
vn -0.060885 0.000000 0.079328
vn -0.074574 0.000000 0.066624
vn -0.074574 0.000000 0.066624
vn -0.085662 0.000000 0.051595
vn -0.085662 0.000000 0.051595
vn -0.093762 0.000000 0.034767
vn -0.093762 0.000000 0.034767
vn 0.005640 0.000000 0.099841
vn 0.005640 0.000000 0.099841
vn 0.005640 0.000000 0.099841
vn 0.005640 0.000000 0.099841
vn -0.058781 0.000000 0.080900
vn -0.058781 0.000000 0.080900
vn -0.068709 0.000000 0.072658
vn -0.068709 0.000000 0.072658
vn -0.077492 0.000000 0.063206
vn -0.077492 0.000000 0.063206
vn -0.084986 0.000000 0.052701
vn -0.084986 0.000000 0.052701
vn -0.091064 0.000000 0.041319
vn -0.091064 0.000000 0.041319
vn -0.095627 0.000000 0.029250
vn -0.095627 0.000000 0.029250
vn -0.092569 0.000000 -0.037829
vn -0.092569 0.000000 -0.037829
vn -0.092569 0.000000 -0.037829
vn -0.092569 0.000000 -0.037829
vn -0.002357 0.000000 0.099972
vn -0.002357 0.000000 0.099972
vn -0.021528 0.000000 0.097655
vn -0.021528 0.000000 0.097655
vn -0.039896 0.000000 0.091697
vn -0.039896 0.000000 0.091697
vn -0.056776 0.000000 0.082319
vn -0.056776 0.000000 0.082319
vn -0.071539 0.000000 0.069872
vn -0.071539 0.000000 0.069872
vn -0.083635 0.000000 0.054820
vn -0.083635 0.000000 0.054820
vn -0.092612 0.000000 0.037723
vn -0.092612 0.000000 0.037723
vn -0.098136 0.000000 0.019220
vn -0.098136 0.000000 0.019220
vn -0.100000 0.000000 0.000000
vn -0.100000 0.000000 0.000000
vn -0.098136 0.000000 -0.019220
vn -0.098136 0.000000 -0.019220
vn -0.092612 0.000000 -0.037723
vn -0.092612 0.000000 -0.037723
vn -0.083635 0.000000 -0.054820
vn -0.083635 0.000000 -0.054820
vn -0.071539 0.000000 -0.069872
vn -0.071539 0.000000 -0.069872
vn -0.056776 0.000000 -0.082319
vn -0.056776 0.000000 -0.082319
vn -0.039896 0.000000 -0.091697
vn -0.039896 0.000000 -0.091697
vn -0.021528 0.000000 -0.097655
vn -0.021528 0.000000 -0.097655
vn -0.002357 0.000000 -0.099972
vn -0.002357 0.000000 -0.099972
vn -0.092569 0.000000 0.037829
vn -0.092569 0.000000 0.037829
vn -0.092569 0.000000 0.037829
vn -0.092569 0.000000 0.037829
vn -0.068013 0.000000 -0.073309
vn -0.068013 0.000000 -0.073309
vn -0.065037 0.000000 -0.075961
vn -0.065037 0.000000 -0.075961
vn -0.061958 0.000000 -0.078493
vn -0.061958 0.000000 -0.078493
vn -0.058781 0.000000 -0.080900
vn -0.058781 0.000000 -0.080900
vn -0.098645 0.000000 0.016405
vn -0.098645 0.000000 0.016405
vn -0.099820 0.000000 -0.005993
vn -0.099820 0.000000 -0.005993
vn -0.095974 0.000000 -0.028090
vn -0.095974 0.000000 -0.028090
vn -0.087299 0.000000 -0.048774
vn -0.087299 0.000000 -0.048774
vn -0.074233 0.000000 -0.067004
vn -0.074233 0.000000 -0.067004
vn -0.057432 0.000000 -0.081863
vn -0.057432 0.000000 -0.081863
vn -0.037743 0.000000 -0.092604
vn -0.037743 0.000000 -0.092604
vn -0.016154 0.000000 -0.098687
vn -0.016154 0.000000 -0.098687
vn 0.005640 0.000000 -0.099841
vn 0.005640 0.000000 -0.099841
vn 0.005640 0.000000 -0.099841
vn 0.005640 0.000000 -0.099841
vn -0.093762 0.000000 -0.034767
vn -0.093762 0.000000 -0.034767
vn -0.085662 0.000000 -0.051595
vn -0.085662 0.000000 -0.051595
vn -0.074574 0.000000 -0.066624
vn -0.074574 0.000000 -0.066624
vn -0.060885 0.000000 -0.079328
vn -0.060885 0.000000 -0.079328
vn -0.045073 0.000000 -0.089266
vn -0.045073 0.000000 -0.089266
vn -0.027688 0.000000 -0.096090
vn -0.027688 0.000000 -0.096090
vn -0.009338 0.000000 -0.099563
vn -0.009338 0.000000 -0.099563
vn 0.009338 0.000000 -0.099563
vn 0.009338 0.000000 -0.099563
vn 0.027688 0.000000 -0.096090
vn 0.027688 0.000000 -0.096090
vn 0.045073 0.000000 -0.089266
vn 0.045073 0.000000 -0.089266
vn 0.060885 0.000000 -0.079328
vn 0.060885 0.000000 -0.079328
vn 0.074574 0.000000 -0.066624
vn 0.074574 0.000000 -0.066624
vn 0.085662 0.000000 -0.051595
vn 0.085662 0.000000 -0.051595
vn 0.093762 0.000000 -0.034767
vn 0.093762 0.000000 -0.034767
vn -0.005640 0.000000 -0.099841
vn -0.005640 0.000000 -0.099841
vn -0.005640 0.000000 -0.099841
vn -0.005640 0.000000 -0.099841
vn -0.093542 0.000000 0.035353
vn -0.093542 0.000000 0.035353
vn -0.099020 0.000000 0.013965
vn -0.099020 0.000000 0.013965
vn -0.099671 0.000000 -0.008104
vn -0.099671 0.000000 -0.008104
vn -0.095464 0.000000 -0.029778
vn -0.095464 0.000000 -0.029778
vn -0.086603 0.000000 -0.050000
vn -0.086603 0.000000 -0.050000
vn -0.073520 0.000000 -0.067785
vn -0.073520 0.000000 -0.067785
vn -0.056854 0.000000 -0.082266
vn -0.056854 0.000000 -0.082266
vn -0.037416 0.000000 -0.092736
vn -0.037416 0.000000 -0.092736
vn -0.016154 0.000000 -0.098687
vn -0.016154 0.000000 -0.098687
vn -0.029481 0.000000 0.095556
vn -0.029481 0.000000 0.095556
vn -0.043393 0.000000 0.090095
vn -0.043393 0.000000 0.090095
vn -0.056335 0.000000 0.082622
vn -0.056335 0.000000 0.082622
vn -0.068019 0.000000 0.073304
vn -0.068019 0.000000 0.073304
vn -0.078184 0.000000 0.062348
vn -0.078184 0.000000 0.062348
vn -0.086603 0.000000 0.050000
vn -0.086603 0.000000 0.050000
vn -0.093087 0.000000 0.036535
vn -0.093087 0.000000 0.036535
vn -0.097492 0.000000 0.022254
vn -0.097492 0.000000 0.022254
vn -0.099720 0.000000 0.007477
vn -0.099720 0.000000 0.007477
vn -0.099721 0.000000 -0.007468
vn -0.099721 0.000000 -0.007468
vn -0.097494 0.000000 -0.022246
vn -0.097494 0.000000 -0.022246
vn 0.077388 0.000000 0.063333
vn 0.077388 0.000000 0.063333
vn 0.061604 0.000000 0.078771
vn 0.061604 0.000000 0.078771
vn 0.042817 0.000000 0.090370
vn 0.042817 0.000000 0.090370
vn 0.021944 0.000000 0.097563
vn 0.021944 0.000000 0.097563
vn -0.000000 0.000000 0.100000
vn -0.000000 0.000000 0.100000
vn -0.021944 0.000000 0.097563
vn -0.021944 0.000000 0.097563
vn -0.042817 0.000000 0.090370
vn -0.042817 0.000000 0.090370
vn -0.061604 0.000000 0.078771
vn -0.061604 0.000000 0.078771
vn -0.077388 0.000000 0.063333
vn -0.077388 0.000000 0.063333
vn 0.098312 0.000000 0.018294
vn 0.098312 0.000000 0.018294
vn 0.094926 0.000000 0.031449
vn 0.094926 0.000000 0.031449
vn 0.089788 0.000000 0.044024
vn 0.089788 0.000000 0.044024
vn 0.082993 0.000000 0.055786
vn 0.082993 0.000000 0.055786
vn 0.074667 0.000000 0.066520
vn 0.074667 0.000000 0.066520
vn 0.064963 0.000000 0.076025
vn 0.064963 0.000000 0.076025
vn 0.054060 0.000000 0.084128
vn 0.054060 0.000000 0.084128
vn 0.042159 0.000000 0.090678
vn 0.042159 0.000000 0.090678
vn 0.029481 0.000000 0.095556
vn 0.029481 0.000000 0.095556
vn 0.005640 0.000000 0.099841
vn 0.005640 0.000000 0.099841
vn 0.005640 0.000000 0.099841
vn 0.005640 0.000000 0.099841
vn 0.089250 0.000000 0.045106
vn 0.089250 0.000000 0.045106
vn 0.079502 0.000000 0.060658
vn 0.079502 0.000000 0.060658
vn 0.067076 0.000000 0.074168
vn 0.067076 0.000000 0.074168
vn 0.052390 0.000000 0.085178
vn 0.052390 0.000000 0.085178
vn 0.035939 0.000000 0.093319
vn 0.035939 0.000000 0.093319
vn 0.018277 0.000000 0.098315
vn 0.018277 0.000000 0.098315
vn -0.000000 0.000000 0.100000
vn -0.000000 0.000000 0.100000
vn -0.018277 0.000000 0.098315
vn -0.018277 0.000000 0.098315
vn -0.035939 0.000000 0.093319
vn -0.035939 0.000000 0.093319
vn -0.052390 0.000000 0.085178
vn -0.052390 0.000000 0.085178
vn -0.067076 0.000000 0.074168
vn -0.067076 0.000000 0.074168
vn -0.079502 0.000000 0.060658
vn -0.079502 0.000000 0.060658
vn -0.089250 0.000000 0.045106
vn -0.089250 0.000000 0.045106
vn -0.005640 0.000000 0.099841
vn -0.005640 0.000000 0.099841
vn -0.005640 0.000000 0.099841
vn -0.005640 0.000000 0.099841
vn -0.029481 0.000000 0.095556
vn -0.029481 0.000000 0.095556
vn -0.042159 0.000000 0.090678
vn -0.042159 0.000000 0.090678
vn -0.054060 0.000000 0.084128
vn -0.054060 0.000000 0.084128
vn -0.064963 0.000000 0.076025
vn -0.064963 0.000000 0.076025
vn -0.074667 0.000000 0.066520
vn -0.074667 0.000000 0.066520
vn -0.082993 0.000000 0.055786
vn -0.082993 0.000000 0.055786
vn -0.089788 0.000000 0.044024
vn -0.089788 0.000000 0.044024
vn -0.094926 0.000000 0.031449
vn -0.094926 0.000000 0.031449
vn -0.098312 0.000000 0.018294
vn -0.098312 0.000000 0.018294
vn 0.077388 0.000000 0.063333
vn 0.077388 0.000000 0.063333
vn 0.061604 0.000000 0.078771
vn 0.061604 0.000000 0.078771
vn 0.042817 0.000000 0.090370
vn 0.042817 0.000000 0.090370
vn 0.021944 0.000000 0.097563
vn 0.021944 0.000000 0.097563
vn -0.000000 0.000000 0.100000
vn -0.000000 0.000000 0.100000
vn -0.021944 0.000000 0.097563
vn -0.021944 0.000000 0.097563
vn -0.042817 0.000000 0.090370
vn -0.042817 0.000000 0.090370
vn -0.061604 0.000000 0.078771
vn -0.061604 0.000000 0.078771
vn -0.077388 0.000000 0.063333
vn -0.077388 0.000000 0.063333
vn 0.097494 0.000000 -0.022246
vn 0.097494 0.000000 -0.022246
vn 0.099721 0.000000 -0.007468
vn 0.099721 0.000000 -0.007468
vn 0.099720 0.000000 0.007477
vn 0.099720 0.000000 0.007477
vn 0.097492 0.000000 0.022254
vn 0.097492 0.000000 0.022254
vn 0.093087 0.000000 0.036535
vn 0.093087 0.000000 0.036535
vn 0.086603 0.000000 0.050000
vn 0.086603 0.000000 0.050000
vn 0.078184 0.000000 0.062348
vn 0.078184 0.000000 0.062348
vn 0.068019 0.000000 0.073304
vn 0.068019 0.000000 0.073304
vn 0.056335 0.000000 0.082622
vn 0.056335 0.000000 0.082622
vn 0.043393 0.000000 0.090095
vn 0.043393 0.000000 0.090095
vn 0.029481 0.000000 0.095556
vn 0.029481 0.000000 0.095556
vn 0.016154 0.000000 -0.098687
vn 0.016154 0.000000 -0.098687
vn 0.037416 0.000000 -0.092736
vn 0.037416 0.000000 -0.092736
vn 0.056854 0.000000 -0.082266
vn 0.056854 0.000000 -0.082266
vn 0.073520 0.000000 -0.067785
vn 0.073520 0.000000 -0.067785
vn 0.086603 0.000000 -0.050000
vn 0.086603 0.000000 -0.050000
vn 0.095464 0.000000 -0.029778
vn 0.095464 0.000000 -0.029778
vn 0.099671 0.000000 -0.008104
vn 0.099671 0.000000 -0.008104
vn 0.099020 0.000000 0.013965
vn 0.099020 0.000000 0.013965
vn 0.093542 0.000000 0.035353
vn 0.093542 0.000000 0.035353
vn -0.014701 0.000000 -0.098914
vn -0.014701 0.000000 -0.098914
vn 0.000171 0.000000 -0.100000
vn 0.000171 0.000000 -0.100000
vn 0.015038 0.000000 -0.098863
vn 0.015038 0.000000 -0.098863
vn 0.029571 0.000000 -0.095528
vn 0.029571 0.000000 -0.095528
vn 0.043447 0.000000 -0.090069
vn 0.043447 0.000000 -0.090069
vn 0.056356 0.000000 -0.082607
vn 0.056356 0.000000 -0.082607
vn 0.068013 0.000000 -0.073309
vn 0.068013 0.000000 -0.073309
vn 0.092569 0.000000 -0.037829
vn 0.092569 0.000000 -0.037829
vn 0.092569 0.000000 -0.037829
vn 0.092569 0.000000 -0.037829
vn 0.071698 0.000000 -0.069709
vn 0.071698 0.000000 -0.069709
vn 0.083728 0.000000 -0.054677
vn 0.083728 0.000000 -0.054677
vn 0.092655 0.000000 -0.037618
vn 0.092655 0.000000 -0.037618
vn 0.098147 0.000000 -0.019164
vn 0.098147 0.000000 -0.019164
vn 0.100000 0.000000 -0.000000
vn 0.100000 0.000000 -0.000000
vn 0.098147 0.000000 0.019164
vn 0.098147 0.000000 0.019164
vn 0.092655 0.000000 0.037618
vn 0.092655 0.000000 0.037618
vn 0.083728 0.000000 0.054677
vn 0.083728 0.000000 0.054677
vn 0.071698 0.000000 0.069709
vn 0.071698 0.000000 0.069709
vn 0.092569 0.000000 0.037829
vn 0.092569 0.000000 0.037829
vn 0.092569 0.000000 0.037829
vn 0.092569 0.000000 0.037829
vn 0.077388 0.000000 0.063333
vn 0.077388 0.000000 0.063333
vn 0.061211 0.000000 0.079077
vn 0.061211 0.000000 0.079077
vn 0.041916 0.000000 0.090791
vn 0.041916 0.000000 0.090791
vn 0.020484 0.000000 0.097879
vn 0.020484 0.000000 0.097879
vn -0.001991 0.000000 0.099980
vn -0.001991 0.000000 0.099980
vn -0.024364 0.000000 0.096986
vn -0.024364 0.000000 0.096986
vn -0.045497 0.000000 0.089051
vn -0.045497 0.000000 0.089051
vn 0.097494 0.000000 -0.022246
vn 0.097494 0.000000 -0.022246
vn 0.099721 0.000000 -0.007468
vn 0.099721 0.000000 -0.007468
vn 0.099720 0.000000 0.007477
vn 0.099720 0.000000 0.007477
vn 0.097492 0.000000 0.022254
vn 0.097492 0.000000 0.022254
vn 0.093087 0.000000 0.036535
vn 0.093087 0.000000 0.036535
vn 0.086603 0.000000 0.050000
vn 0.086603 0.000000 0.050000
vn 0.078184 0.000000 0.062348
vn 0.078184 0.000000 0.062348
vn 0.068019 0.000000 0.073304
vn 0.068019 0.000000 0.073304
vn 0.056335 0.000000 0.082622
vn 0.056335 0.000000 0.082622
vn 0.043393 0.000000 0.090095
vn 0.043393 0.000000 0.090095
vn 0.029481 0.000000 0.095556
vn 0.029481 0.000000 0.095556
vn 0.016154 0.000000 -0.098687
vn 0.016154 0.000000 -0.098687
vn 0.037416 0.000000 -0.092736
vn 0.037416 0.000000 -0.092736
vn 0.056854 0.000000 -0.082266
vn 0.056854 0.000000 -0.082266
vn 0.073520 0.000000 -0.067785
vn 0.073520 0.000000 -0.067785
vn 0.086603 0.000000 -0.050000
vn 0.086603 0.000000 -0.050000
vn 0.095464 0.000000 -0.029778
vn 0.095464 0.000000 -0.029778
vn 0.099671 0.000000 -0.008104
vn 0.099671 0.000000 -0.008104
vn 0.099020 0.000000 0.013965
vn 0.099020 0.000000 0.013965
vn 0.093542 0.000000 0.035353
vn 0.093542 0.000000 0.035353
vn -0.068013 0.000000 -0.073309
vn -0.068013 0.000000 -0.073309
vn -0.056328 0.000000 -0.082627
vn -0.056328 0.000000 -0.082627
vn -0.043385 0.000000 -0.090098
vn -0.043385 0.000000 -0.090098
vn -0.029473 0.000000 -0.095558
vn -0.029473 0.000000 -0.095558
vn -0.014903 0.000000 -0.098883
vn -0.014903 0.000000 -0.098883
vn 0.000000 0.000000 -0.100000
vn 0.000000 0.000000 -0.100000
vn 0.014903 0.000000 -0.098883
vn 0.014903 0.000000 -0.098883
vn 0.029473 0.000000 -0.095558
vn 0.029473 0.000000 -0.095558
vn 0.043385 0.000000 -0.090098
vn 0.043385 0.000000 -0.090098
vn 0.056328 0.000000 -0.082627
vn 0.056328 0.000000 -0.082627
vn 0.068013 0.000000 -0.073309
vn 0.068013 0.000000 -0.073309
vn -0.093542 0.000000 0.035353
vn -0.093542 0.000000 0.035353
vn -0.099020 0.000000 0.013965
vn -0.099020 0.000000 0.013965
vn -0.099671 0.000000 -0.008104
vn -0.099671 0.000000 -0.008104
vn -0.095464 0.000000 -0.029778
vn -0.095464 0.000000 -0.029778
vn -0.086603 0.000000 -0.050000
vn -0.086603 0.000000 -0.050000
vn -0.073520 0.000000 -0.067785
vn -0.073520 0.000000 -0.067785
vn -0.056854 0.000000 -0.082266
vn -0.056854 0.000000 -0.082266
vn -0.037416 0.000000 -0.092736
vn -0.037416 0.000000 -0.092736
vn -0.016154 0.000000 -0.098687
vn -0.016154 0.000000 -0.098687
vn -0.098312 0.000000 -0.018294
vn -0.098312 0.000000 -0.018294
vn -0.098057 0.000000 -0.019615
vn -0.098057 0.000000 -0.019615
vn -0.097785 0.000000 -0.020933
vn -0.097785 0.000000 -0.020933
vn -0.097494 0.000000 -0.022246
vn -0.097494 0.000000 -0.022246
vn -0.005640 0.000000 -0.099841
vn -0.005640 0.000000 -0.099841
vn -0.005640 0.000000 -0.099841
vn -0.005640 0.000000 -0.099841
vn -0.089250 0.000000 -0.045106
vn -0.089250 0.000000 -0.045106
vn -0.079502 0.000000 -0.060658
vn -0.079502 0.000000 -0.060658
vn -0.067076 0.000000 -0.074168
vn -0.067076 0.000000 -0.074168
vn -0.052390 0.000000 -0.085178
vn -0.052390 0.000000 -0.085178
vn -0.035939 0.000000 -0.093319
vn -0.035939 0.000000 -0.093319
vn -0.018277 0.000000 -0.098315
vn -0.018277 0.000000 -0.098315
vn 0.000000 0.000000 -0.100000
vn 0.000000 0.000000 -0.100000
vn 0.018277 0.000000 -0.098315
vn 0.018277 0.000000 -0.098315
vn 0.035939 0.000000 -0.093319
vn 0.035939 0.000000 -0.093319
vn 0.052390 0.000000 -0.085178
vn 0.052390 0.000000 -0.085178
vn 0.067076 0.000000 -0.074168
vn 0.067076 0.000000 -0.074168
vn 0.079502 0.000000 -0.060658
vn 0.079502 0.000000 -0.060658
vn 0.089250 0.000000 -0.045106
vn 0.089250 0.000000 -0.045106
vn 0.005640 0.000000 -0.099841
vn 0.005640 0.000000 -0.099841
vn 0.005640 0.000000 -0.099841
vn 0.005640 0.000000 -0.099841
vn 0.097494 0.000000 -0.022246
vn 0.097494 0.000000 -0.022246
vn 0.097785 0.000000 -0.020933
vn 0.097785 0.000000 -0.020933
vn 0.098057 0.000000 -0.019615
vn 0.098057 0.000000 -0.019615
vn 0.098312 0.000000 -0.018294
vn 0.098312 0.000000 -0.018294
vn 0.016154 0.000000 -0.098687
vn 0.016154 0.000000 -0.098687
vn 0.037416 0.000000 -0.092736
vn 0.037416 0.000000 -0.092736
vn 0.056854 0.000000 -0.082266
vn 0.056854 0.000000 -0.082266
vn 0.073520 0.000000 -0.067785
vn 0.073520 0.000000 -0.067785
vn 0.086603 0.000000 -0.050000
vn 0.086603 0.000000 -0.050000
vn 0.095464 0.000000 -0.029778
vn 0.095464 0.000000 -0.029778
vn 0.099671 0.000000 -0.008104
vn 0.099671 0.000000 -0.008104
vn 0.099020 0.000000 0.013965
vn 0.099020 0.000000 0.013965
vn 0.093542 0.000000 0.035353
vn 0.093542 0.000000 0.035353
vn -0.068013 0.000000 -0.073309
vn -0.068013 0.000000 -0.073309
vn -0.056328 0.000000 -0.082627
vn -0.056328 0.000000 -0.082627
vn -0.043385 0.000000 -0.090098
vn -0.043385 0.000000 -0.090098
vn -0.029473 0.000000 -0.095558
vn -0.029473 0.000000 -0.095558
vn -0.014903 0.000000 -0.098883
vn -0.014903 0.000000 -0.098883
vn 0.000000 0.000000 -0.100000
vn 0.000000 0.000000 -0.100000
vn 0.014903 0.000000 -0.098883
vn 0.014903 0.000000 -0.098883
vn 0.029473 0.000000 -0.095558
vn 0.029473 0.000000 -0.095558
vn 0.043385 0.000000 -0.090098
vn 0.043385 0.000000 -0.090098
vn 0.056328 0.000000 -0.082627
vn 0.056328 0.000000 -0.082627
vn 0.068013 0.000000 -0.073309
vn 0.068013 0.000000 -0.073309
vn -0.093542 0.000000 0.035353
vn -0.093542 0.000000 0.035353
vn -0.099020 0.000000 0.013965
vn -0.099020 0.000000 0.013965
vn -0.099671 0.000000 -0.008104
vn -0.099671 0.000000 -0.008104
vn -0.095464 0.000000 -0.029778
vn -0.095464 0.000000 -0.029778
vn -0.086603 0.000000 -0.050000
vn -0.086603 0.000000 -0.050000
vn -0.073520 0.000000 -0.067785
vn -0.073520 0.000000 -0.067785
vn -0.056854 0.000000 -0.082266
vn -0.056854 0.000000 -0.082266
vn -0.037416 0.000000 -0.092736
vn -0.037416 0.000000 -0.092736
vn -0.016154 0.000000 -0.098687
vn -0.016154 0.000000 -0.098687
vn -0.029481 0.000000 0.095556
vn -0.029481 0.000000 0.095556
vn -0.043393 0.000000 0.090095
vn -0.043393 0.000000 0.090095
vn -0.056335 0.000000 0.082622
vn -0.056335 0.000000 0.082622
vn -0.068019 0.000000 0.073304
vn -0.068019 0.000000 0.073304
vn -0.078184 0.000000 0.062348
vn -0.078184 0.000000 0.062348
vn -0.086603 0.000000 0.050000
vn -0.086603 0.000000 0.050000
vn -0.093087 0.000000 0.036535
vn -0.093087 0.000000 0.036535
vn -0.097492 0.000000 0.022254
vn -0.097492 0.000000 0.022254
vn -0.099720 0.000000 0.007477
vn -0.099720 0.000000 0.007477
vn -0.099721 0.000000 -0.007468
vn -0.099721 0.000000 -0.007468
vn -0.097494 0.000000 -0.022246
vn -0.097494 0.000000 -0.022246
vn 0.045497 0.000000 0.089051
vn 0.045497 0.000000 0.089051
vn 0.024364 0.000000 0.096986
vn 0.024364 0.000000 0.096986
vn 0.001991 0.000000 0.099980
vn 0.001991 0.000000 0.099980
vn -0.020484 0.000000 0.097879
vn -0.020484 0.000000 0.097879
vn -0.041916 0.000000 0.090791
vn -0.041916 0.000000 0.090791
vn -0.061211 0.000000 0.079077
vn -0.061211 0.000000 0.079077
vn -0.077388 0.000000 0.063333
vn -0.077388 0.000000 0.063333
vn -0.092569 0.000000 0.037829
vn -0.092569 0.000000 0.037829
vn -0.092569 0.000000 0.037829
vn -0.092569 0.000000 0.037829
vn -0.071698 0.000000 0.069709
vn -0.071698 0.000000 0.069709
vn -0.083728 0.000000 0.054677
vn -0.083728 0.000000 0.054677
vn -0.092655 0.000000 0.037618
vn -0.092655 0.000000 0.037618
vn -0.098147 0.000000 0.019164
vn -0.098147 0.000000 0.019164
vn -0.100000 0.000000 0.000000
vn -0.100000 0.000000 0.000000
vn -0.098147 0.000000 -0.019164
vn -0.098147 0.000000 -0.019164
vn -0.092655 0.000000 -0.037618
vn -0.092655 0.000000 -0.037618
vn -0.083728 0.000000 -0.054677
vn -0.083728 0.000000 -0.054677
vn -0.071698 0.000000 -0.069709
vn -0.071698 0.000000 -0.069709
vn -0.092569 0.000000 -0.037829
vn -0.092569 0.000000 -0.037829
vn -0.092569 0.000000 -0.037829
vn -0.092569 0.000000 -0.037829
vn -0.068013 0.000000 -0.073309
vn -0.068013 0.000000 -0.073309
vn -0.056356 0.000000 -0.082607
vn -0.056356 0.000000 -0.082607
vn -0.043447 0.000000 -0.090069
vn -0.043447 0.000000 -0.090069
vn -0.029571 0.000000 -0.095528
vn -0.029571 0.000000 -0.095528
vn -0.015038 0.000000 -0.098863
vn -0.015038 0.000000 -0.098863
vn -0.000171 0.000000 -0.100000
vn -0.000171 0.000000 -0.100000
vn 0.014701 0.000000 -0.098914
vn 0.014701 0.000000 -0.098914
vn 0.000000 0.100000 0.000000
vn 0.000000 0.100000 0.000000
vn 0.000000 0.100000 0.000000
vn 0.000000 0.100000 0.000000
vn 0.000000 0.100000 0.000000
vn 0.000000 0.100000 0.000000
vn 0.000000 0.100000 0.000000
vn 0.000000 0.100000 0.000000
vn 0.000000 0.100000 0.000000
vn 0.000000 0.100000 0.000000
vn 0.000000 0.100000 0.000000
vn 0.000000 0.100000 0.000000
vn 0.000000 0.100000 0.000000
vn 0.000000 0.100000 0.000000
vn 0.000000 0.100000 0.000000
vn 0.000000 0.100000 0.000000
vn 0.000000 0.100000 0.000000
vn 0.000000 0.100000 0.000000
vn 0.000000 0.100000 0.000000
vn 0.000000 0.100000 0.000000
vn 0.000000 0.100000 0.000000
vn 0.000000 0.100000 0.000000
vn 0.000000 0.100000 0.000000
vn 0.000000 0.100000 0.000000
vn 0.000000 0.100000 0.000000
vn 0.000000 0.100000 0.000000
vn 0.000000 0.100000 0.000000
vn 0.000000 0.100000 0.000000
vn 0.000000 0.100000 0.000000
vn 0.000000 0.100000 0.000000
vn 0.000000 0.100000 0.000000
vn 0.000000 0.100000 0.000000
vn 0.000000 0.100000 0.000000
vn 0.000000 0.100000 0.000000
vn 0.000000 0.100000 0.000000
vn 0.000000 0.100000 0.000000
vn 0.000000 0.100000 0.000000
vn 0.000000 0.100000 0.000000
vn 0.000000 0.100000 0.000000
vn 0.000000 0.100000 0.000000
vn 0.000000 0.100000 0.000000
vn 0.000000 0.100000 0.000000
vn 0.000000 0.100000 0.000000
vn 0.000000 0.100000 0.000000
vn 0.000000 0.100000 0.000000
vn 0.000000 0.100000 0.000000
vn 0.000000 0.100000 0.000000
vn 0.000000 0.100000 0.000000
vn 0.000000 0.100000 0.000000
vn 0.000000 0.100000 0.000000
vn 0.000000 0.100000 0.000000
vn 0.000000 0.100000 0.000000
vn 0.000000 0.100000 0.000000
vn 0.000000 0.100000 0.000000
vn 0.000000 0.100000 0.000000
vn 0.000000 0.100000 0.000000
vn 0.000000 0.100000 0.000000
vn 0.000000 0.100000 0.000000
vn 0.000000 0.100000 0.000000
vn 0.000000 0.100000 0.000000
vn 0.000000 0.100000 0.000000
vn 0.000000 0.100000 0.000000
vn 0.000000 0.100000 0.000000
vn 0.000000 0.100000 0.000000
vn 0.000000 0.100000 0.000000
vn 0.000000 0.100000 0.000000
vn 0.000000 0.100000 0.000000
vn 0.000000 0.100000 0.000000
vn 0.000000 0.100000 0.000000
vn 0.000000 0.100000 0.000000
vn 0.000000 0.100000 0.000000
vn 0.000000 0.100000 0.000000
vn 0.000000 0.100000 0.000000
vn 0.000000 0.100000 0.000000
vn 0.000000 0.100000 0.000000
vn 0.000000 0.100000 0.000000
vn 0.000000 0.100000 0.000000
vn 0.000000 0.100000 0.000000
vn 0.000000 0.100000 0.000000
vn 0.000000 0.100000 0.000000
vn 0.000000 0.100000 0.000000
vn 0.000000 0.100000 0.000000
vn 0.000000 0.100000 0.000000
vn 0.000000 0.100000 0.000000
vn 0.000000 0.100000 0.000000
vn 0.000000 0.100000 0.000000
vn 0.000000 0.100000 0.000000
vn 0.000000 0.100000 0.000000
vn 0.000000 0.100000 0.000000
vn 0.000000 0.100000 0.000000
vn 0.000000 0.100000 0.000000
vn 0.000000 0.100000 0.000000
vn 0.000000 0.100000 0.000000
vn 0.000000 0.100000 0.000000
vn 0.000000 0.100000 0.000000
vn 0.000000 0.100000 0.000000
vn 0.000000 0.100000 0.000000
vn 0.000000 0.100000 0.000000
vn 0.000000 0.100000 0.000000
vn 0.000000 0.100000 0.000000
vn 0.000000 0.100000 0.000000
vn 0.000000 0.100000 0.000000
vn 0.000000 0.100000 0.000000
vn 0.000000 0.100000 0.000000
vn 0.000000 0.100000 0.000000
vn 0.000000 0.100000 0.000000
vn 0.000000 0.100000 0.000000
vn 0.000000 0.100000 0.000000
vn 0.000000 0.100000 0.000000
vn 0.000000 0.100000 0.000000
vn 0.000000 0.100000 0.000000
vn 0.000000 0.100000 0.000000
vn 0.000000 0.100000 0.000000
vn 0.000000 0.100000 0.000000
vn 0.000000 0.100000 0.000000
vn 0.000000 0.100000 0.000000
vn 0.000000 0.100000 0.000000
vn 0.000000 0.100000 0.000000
vn 0.000000 0.100000 0.000000
vn 0.000000 0.100000 0.000000
vn 0.000000 0.100000 0.000000
vn 0.000000 0.100000 0.000000
vn 0.000000 0.100000 0.000000
vn 0.000000 0.100000 0.000000
vn 0.000000 0.100000 0.000000
vn 0.000000 0.100000 0.000000
vn 0.000000 0.100000 0.000000
vn 0.000000 0.100000 0.000000
vn 0.000000 0.100000 0.000000
vn 0.000000 0.100000 0.000000
vn 0.000000 0.100000 0.000000
vn 0.000000 0.100000 0.000000
vn 0.000000 0.100000 0.000000
vn 0.000000 0.100000 0.000000
vn 0.000000 0.100000 0.000000
vn 0.000000 0.100000 0.000000
vn 0.000000 0.100000 0.000000
vn 0.000000 0.100000 0.000000
vn 0.000000 0.100000 0.000000
vn 0.000000 0.100000 0.000000
vn 0.000000 0.100000 0.000000
vn 0.000000 0.100000 0.000000
vn 0.000000 0.100000 0.000000
vn 0.000000 0.100000 0.000000
vn 0.000000 0.100000 0.000000
vn 0.000000 0.100000 0.000000
vn 0.000000 0.100000 0.000000
vn 0.000000 0.100000 0.000000
vn 0.000000 0.100000 0.000000
vn 0.000000 0.100000 0.000000
vn 0.000000 0.100000 0.000000
vn 0.000000 0.100000 0.000000
vn 0.000000 0.100000 0.000000
vn 0.000000 0.100000 0.000000
vn 0.000000 0.100000 0.000000
vn 0.000000 0.100000 0.000000
vn 0.000000 0.100000 0.000000
vn 0.000000 0.100000 0.000000
vn 0.000000 0.100000 0.000000
vn 0.000000 0.100000 0.000000
vn 0.000000 0.100000 0.000000
vn 0.000000 0.100000 0.000000
vn 0.000000 0.100000 0.000000
vn 0.000000 0.100000 0.000000
vn 0.000000 0.100000 0.000000
vn 0.000000 0.100000 0.000000
vn 0.000000 0.100000 0.000000
vn 0.000000 0.100000 0.000000
vn 0.000000 0.100000 0.000000
vn 0.000000 0.100000 0.000000
vn 0.000000 0.100000 0.000000
vn 0.000000 0.100000 0.000000
vn 0.000000 0.100000 0.000000
vn 0.000000 0.100000 0.000000
vn 0.000000 0.100000 0.000000
vn 0.000000 0.100000 0.000000
vn 0.000000 0.100000 0.000000
vn 0.000000 0.100000 0.000000
vn 0.000000 0.100000 0.000000
vn 0.000000 0.100000 0.000000
vn 0.000000 0.100000 0.000000
vn 0.000000 0.100000 0.000000
vn 0.000000 0.100000 0.000000
vn 0.000000 0.100000 0.000000
vn 0.000000 0.100000 0.000000
vn 0.000000 0.100000 0.000000
vn 0.000000 0.100000 0.000000
vn 0.000000 0.100000 0.000000
vn 0.000000 0.100000 0.000000
vn 0.000000 0.100000 0.000000
vn 0.000000 0.100000 0.000000
vn 0.000000 0.100000 0.000000
vn 0.000000 0.100000 0.000000
vn 0.000000 0.100000 0.000000
vn 0.000000 0.100000 0.000000
vn 0.000000 0.100000 0.000000
vn 0.000000 0.100000 0.000000
vn 0.000000 0.100000 0.000000
vn 0.000000 0.100000 0.000000
vn 0.000000 0.100000 0.000000
vn 0.000000 0.100000 0.000000
vn 0.000000 0.100000 0.000000
vn 0.000000 0.100000 0.000000
vn 0.000000 0.100000 0.000000
vn 0.000000 0.100000 0.000000
vn 0.000000 0.100000 0.000000
vn 0.000000 0.100000 0.000000
vn 0.000000 0.100000 0.000000
vn 0.000000 0.100000 0.000000
vn 0.000000 0.100000 0.000000
vn 0.000000 0.100000 0.000000
vn 0.000000 0.100000 0.000000
vn 0.000000 0.100000 0.000000
vn 0.000000 0.100000 0.000000
vn 0.000000 0.100000 0.000000
vn 0.000000 0.100000 0.000000
vn 0.000000 0.100000 0.000000
vn 0.000000 0.100000 0.000000
vn 0.000000 0.100000 0.000000
vn 0.000000 0.100000 0.000000
vn 0.000000 0.100000 0.000000
vn 0.000000 0.100000 0.000000
vn 0.000000 0.100000 0.000000
vn 0.000000 0.100000 0.000000
vn 0.000000 0.100000 0.000000
vn 0.000000 0.100000 0.000000
vn 0.000000 0.100000 0.000000
vn 0.000000 0.100000 0.000000
vn 0.000000 0.100000 0.000000
vn 0.000000 0.100000 0.000000
vn 0.000000 0.100000 0.000000
vn 0.000000 0.100000 0.000000
vn 0.000000 0.100000 0.000000
vn 0.000000 0.100000 0.000000
vn 0.000000 0.100000 0.000000
vn 0.000000 0.100000 0.000000
vn 0.000000 0.100000 0.000000
vn 0.000000 0.100000 0.000000
vn 0.000000 0.100000 0.000000
vn 0.000000 0.100000 0.000000
vn 0.000000 0.100000 0.000000
vn 0.000000 0.100000 0.000000
vn 0.000000 0.100000 0.000000
vn 0.000000 0.100000 0.000000
vn 0.000000 0.100000 0.000000
vn 0.000000 0.100000 0.000000
vn 0.000000 0.100000 0.000000
vn 0.000000 0.100000 0.000000
vn 0.000000 0.100000 0.000000
vn 0.000000 0.100000 0.000000
vn 0.000000 0.100000 0.000000
vn 0.000000 0.100000 0.000000
vn 0.000000 0.100000 0.000000
vn 0.000000 0.100000 0.000000
vn 0.000000 0.100000 0.000000
vn 0.000000 0.100000 0.000000
vn 0.000000 0.100000 0.000000
vn 0.000000 0.100000 0.000000
vn 0.000000 0.100000 0.000000
vn 0.000000 0.100000 0.000000
vn 0.000000 0.100000 0.000000
vn 0.000000 0.100000 0.000000
vn 0.000000 0.100000 0.000000
vn 0.000000 0.100000 0.000000
vn 0.000000 0.100000 0.000000
vn 0.000000 0.100000 0.000000
vn 0.000000 0.100000 0.000000
vn 0.000000 0.100000 0.000000
vn 0.000000 0.100000 0.000000
vn 0.000000 0.100000 0.000000
vn 0.000000 0.100000 0.000000
vn 0.000000 0.100000 0.000000
vn 0.000000 0.100000 0.000000
vn 0.000000 0.100000 0.000000
vn 0.000000 0.100000 0.000000
vn 0.000000 0.100000 0.000000
vn 0.000000 0.100000 0.000000
vn 0.000000 0.100000 0.000000
vn 0.000000 0.100000 0.000000
vn 0.000000 0.100000 0.000000
vn 0.000000 0.100000 0.000000
vn 0.000000 0.100000 0.000000
vn 0.000000 0.100000 0.000000
vn 0.000000 0.100000 0.000000
vn 0.000000 0.100000 0.000000
vn 0.000000 0.100000 0.000000
vn 0.000000 0.100000 0.000000
vn 0.000000 0.100000 0.000000
vn 0.000000 0.100000 0.000000
vn 0.000000 0.100000 0.000000
vn 0.000000 0.100000 0.000000
vn 0.000000 0.100000 0.000000
vn 0.000000 0.100000 0.000000
vn 0.000000 0.100000 0.000000
vn 0.000000 0.100000 0.000000
vn 0.000000 0.100000 0.000000
vn 0.000000 0.100000 0.000000
vn 0.000000 0.100000 0.000000
vn 0.000000 0.100000 0.000000
vn 0.000000 0.100000 0.000000
vn 0.000000 0.100000 0.000000
vn 0.000000 0.100000 0.000000
vn 0.000000 0.100000 0.000000
vn 0.000000 0.100000 0.000000
vn 0.000000 0.100000 0.000000
vn 0.000000 0.100000 0.000000
vn 0.000000 0.100000 0.000000
vn 0.000000 0.100000 0.000000
vn 0.000000 0.100000 0.000000
vn 0.000000 0.100000 0.000000
vn 0.000000 0.100000 0.000000
vn 0.000000 0.100000 0.000000
vn 0.000000 0.100000 0.000000
vn 0.000000 0.100000 0.000000
vn 0.000000 0.100000 0.000000
vn 0.000000 0.100000 0.000000
vn 0.000000 0.100000 0.000000
vn 0.000000 0.100000 0.000000
vn 0.000000 0.100000 0.000000
vn 0.000000 0.100000 0.000000
vn 0.000000 0.100000 0.000000
vn 0.000000 0.100000 0.000000
vn 0.000000 0.100000 0.000000
vn 0.000000 0.100000 0.000000
vn 0.000000 0.100000 0.000000
vn 0.000000 0.100000 0.000000
vn 0.000000 0.100000 0.000000
vn 0.000000 0.100000 0.000000
vn 0.000000 0.100000 0.000000
vn 0.000000 0.100000 0.000000
vn 0.000000 0.100000 0.000000
vn 0.000000 0.100000 0.000000
vn 0.000000 0.100000 0.000000
vn 0.000000 0.100000 0.000000
vn 0.000000 0.100000 0.000000
vn 0.000000 0.100000 0.000000
vn 0.000000 0.100000 0.000000
vn 0.000000 0.100000 0.000000
vn 0.000000 0.100000 0.000000
vn 0.000000 0.100000 0.000000
vn 0.000000 0.100000 0.000000
vn 0.000000 0.100000 0.000000
vn 0.000000 0.100000 0.000000
vn 0.000000 0.100000 0.000000
vn 0.000000 0.100000 0.000000
vn 0.000000 0.100000 0.000000
vn 0.000000 0.100000 0.000000
vn 0.000000 0.100000 0.000000
vn 0.000000 0.100000 0.000000
vn 0.000000 0.100000 0.000000
vn 0.000000 0.100000 0.000000
vn 0.000000 0.100000 0.000000
vn 0.000000 0.100000 0.000000
vn 0.000000 0.100000 0.000000
vn 0.000000 0.100000 0.000000
vn 0.000000 0.100000 0.000000
vn 0.000000 0.100000 0.000000
vn 0.000000 0.100000 0.000000
vn 0.000000 0.100000 0.000000
vn 0.000000 0.100000 0.000000
vn 0.000000 0.100000 0.000000
vn 0.000000 0.100000 0.000000
vn 0.000000 0.100000 0.000000
vn 0.000000 0.100000 0.000000
vn 0.000000 0.100000 0.000000
vn 0.000000 0.100000 0.000000
vn 0.000000 0.100000 0.000000
vn 0.000000 0.100000 0.000000
vn 0.000000 0.100000 0.000000
vn 0.000000 0.100000 0.000000
vn 0.000000 0.100000 0.000000
vn 0.000000 0.100000 0.000000
vn 0.000000 0.100000 0.000000
vn 0.000000 0.100000 0.000000
vn 0.000000 0.100000 0.000000
vn 0.000000 0.100000 0.000000
vn 0.000000 0.100000 0.000000
vn 0.000000 0.100000 0.000000
vn 0.000000 0.100000 0.000000
vn 0.000000 0.100000 0.000000
vn 0.000000 0.100000 0.000000
vn 0.000000 0.100000 0.000000
vn 0.000000 0.100000 0.000000
vn 0.000000 0.100000 0.000000
vn 0.000000 0.100000 0.000000
vn 0.000000 0.100000 0.000000
vn 0.000000 0.100000 0.000000
vn 0.000000 0.100000 0.000000
vn 0.000000 0.100000 0.000000
vn 0.000000 0.100000 0.000000
vn 0.000000 0.100000 0.000000
vn 0.000000 0.100000 0.000000
vn 0.000000 0.100000 0.000000
vn 0.000000 0.100000 0.000000
vn 0.000000 0.100000 0.000000
vn 0.000000 0.100000 0.000000
vn 0.000000 0.100000 0.000000
vn 0.000000 0.100000 0.000000
vn 0.000000 0.100000 0.000000
vn 0.000000 0.100000 0.000000
vn 0.000000 0.100000 0.000000
vn 0.000000 0.100000 0.000000
vn 0.000000 0.100000 0.000000
vn 0.000000 0.100000 0.000000
vn 0.000000 0.100000 0.000000
vn 0.000000 0.100000 0.000000
vn 0.000000 0.100000 0.000000
vn 0.000000 0.100000 0.000000
vn 0.000000 0.100000 0.000000
vn 0.000000 0.100000 0.000000
vn 0.000000 0.100000 0.000000
vn 0.000000 0.100000 0.000000
vn 0.000000 0.100000 0.000000
vn 0.000000 0.100000 0.000000
vn 0.000000 0.100000 0.000000
vn 0.000000 0.100000 0.000000
vn 0.000000 0.100000 0.000000
vn 0.000000 0.100000 0.000000
vn 0.000000 0.100000 0.000000
vn 0.000000 0.100000 0.000000
vn 0.000000 0.100000 0.000000
vn 0.000000 0.100000 0.000000
vn 0.000000 0.100000 0.000000
vn 0.000000 0.100000 0.000000
vn 0.000000 0.100000 0.000000
vn 0.000000 0.100000 0.000000
vn 0.000000 0.100000 0.000000
vn 0.000000 0.100000 0.000000
vn 0.000000 0.100000 0.000000
vn 0.000000 0.100000 0.000000
vn 0.000000 0.100000 0.000000
vn 0.000000 0.100000 0.000000
vn 0.000000 0.100000 0.000000
vn 0.000000 0.100000 0.000000
vn 0.000000 0.100000 0.000000
vn 0.000000 0.100000 0.000000
vn 0.000000 0.100000 0.000000
vn 0.000000 0.100000 0.000000
vn 0.000000 0.100000 0.000000
vn 0.000000 0.100000 0.000000
vn 0.000000 0.100000 0.000000
vn 0.000000 0.100000 0.000000
vn 0.000000 0.100000 0.000000
vn 0.000000 0.100000 0.000000
vn 0.000000 0.100000 0.000000
vn 0.000000 0.100000 0.000000
vn 0.000000 0.100000 0.000000
vn 0.000000 0.100000 0.000000
vn 0.000000 0.100000 0.000000
vn 0.000000 0.100000 0.000000
vn 0.000000 0.100000 0.000000
vn 0.000000 0.100000 0.000000
vn 0.000000 0.100000 0.000000
vn 0.000000 0.100000 0.000000
vn 0.000000 0.100000 0.000000
vn 0.000000 0.100000 0.000000
vn 0.000000 0.100000 0.000000
vn 0.000000 0.100000 0.000000
vn 0.000000 0.100000 0.000000
vn 0.000000 0.100000 0.000000
vn 0.000000 0.100000 0.000000
vn 0.000000 0.100000 0.000000
vn 0.000000 0.100000 0.000000
vn 0.000000 0.100000 0.000000
vn 0.000000 0.100000 0.000000
vn 0.000000 0.100000 0.000000
vn 0.000000 0.100000 0.000000
vn 0.000000 0.100000 0.000000
vn 0.000000 0.100000 0.000000
vn 0.000000 0.100000 0.000000
vn 0.000000 0.100000 0.000000
vn 0.000000 0.100000 0.000000
vn 0.000000 0.100000 0.000000
vn 0.000000 0.100000 0.000000
vn 0.000000 0.100000 0.000000
vn 0.000000 0.100000 0.000000
vn 0.000000 0.100000 0.000000
vn 0.000000 0.100000 0.000000
vn 0.000000 0.100000 0.000000
vn 0.000000 0.100000 0.000000
vn 0.000000 0.100000 0.000000
vn 0.000000 0.100000 0.000000
vn 0.000000 0.100000 0.000000
vn 0.000000 0.100000 0.000000
vn 0.000000 0.100000 0.000000
vn 0.000000 0.100000 0.000000
vn 0.000000 0.100000 0.000000
vn 0.000000 0.100000 0.000000
vn 0.000000 0.100000 0.000000
vn 0.000000 0.100000 0.000000
vn 0.000000 0.100000 0.000000
vn 0.000000 0.100000 0.000000
vn 0.000000 0.100000 0.000000
vn 0.000000 0.100000 0.000000
vn 0.000000 0.100000 0.000000
vn 0.000000 0.100000 0.000000
vn 0.000000 0.100000 0.000000
vn 0.000000 0.100000 0.000000
vn 0.000000 0.100000 0.000000
vn 0.000000 0.100000 0.000000
vn 0.000000 0.100000 0.000000
vn 0.000000 0.100000 0.000000
vn 0.000000 0.100000 0.000000
vn 0.000000 0.100000 0.000000
vn 0.000000 0.100000 0.000000
vn 0.000000 0.100000 0.000000
vn 0.000000 0.100000 0.000000
vn 0.000000 0.100000 0.000000
vn 0.000000 0.100000 0.000000
vn 0.000000 0.100000 0.000000
vn 0.000000 0.100000 0.000000
vn 0.000000 0.100000 0.000000
vn 0.000000 0.100000 0.000000
vn 0.000000 0.100000 0.000000
vn 0.000000 0.100000 0.000000
vn 0.000000 0.100000 0.000000
vn 0.000000 0.100000 0.000000
vn 0.000000 0.100000 0.000000
vn 0.000000 0.100000 0.000000
vn 0.000000 0.100000 0.000000
vn 0.000000 0.100000 0.000000
vn 0.000000 0.100000 0.000000
vn 0.000000 0.100000 0.000000
vn 0.000000 0.100000 0.000000
vn 0.000000 0.100000 0.000000
vn 0.000000 0.100000 0.000000
vn 0.000000 0.100000 0.000000
vn 0.000000 0.100000 0.000000
vn 0.000000 0.100000 0.000000
vn 0.000000 0.100000 0.000000
vn 0.000000 0.100000 0.000000
vn 0.000000 0.100000 0.000000
vn 0.000000 0.100000 0.000000
vn 0.000000 0.100000 0.000000
vn 0.000000 0.100000 0.000000
vn 0.000000 0.100000 0.000000
vn 0.000000 0.100000 0.000000
vn 0.000000 0.100000 0.000000
vn 0.000000 0.100000 0.000000
vn 0.000000 0.100000 0.000000
vn 0.000000 0.100000 0.000000
vn 0.000000 0.100000 0.000000
vn 0.000000 0.100000 0.000000
vn 0.000000 0.100000 0.000000
vn 0.000000 0.100000 0.000000
vn 0.000000 0.100000 0.000000
vn 0.000000 0.100000 0.000000
vn 0.000000 0.100000 0.000000
vn 0.000000 0.100000 0.000000
vn 0.000000 0.100000 0.000000
vn 0.000000 0.100000 0.000000
vn 0.000000 0.100000 0.000000
vn 0.000000 0.100000 0.000000
vn 0.000000 0.100000 0.000000
vn 0.000000 0.100000 0.000000
vn 0.000000 0.100000 0.000000
vn 0.000000 0.100000 0.000000
vn 0.000000 0.100000 0.000000
vn 0.000000 0.100000 0.000000
vn 0.000000 0.100000 0.000000
vn 0.000000 0.100000 0.000000
vn 0.000000 0.100000 0.000000
vn 0.000000 0.100000 0.000000
vn 0.000000 0.100000 0.000000
vn 0.000000 0.100000 0.000000
vn 0.000000 0.100000 0.000000
vn 0.000000 0.100000 0.000000
vn 0.000000 0.100000 0.000000
vn 0.000000 0.100000 0.000000
vn 0.000000 0.100000 0.000000
vn 0.000000 0.100000 0.000000
vn 0.000000 0.100000 0.000000
vn 0.000000 0.100000 0.000000
vn 0.000000 0.100000 0.000000
vn 0.000000 0.100000 0.000000
vn 0.000000 0.100000 0.000000
vn 0.000000 0.100000 0.000000
vn 0.000000 0.100000 0.000000
vn 0.000000 0.100000 0.000000
vn 0.000000 0.100000 0.000000
vn 0.000000 0.100000 0.000000
vn 0.000000 0.100000 0.000000
vn 0.000000 0.100000 0.000000
vn 0.000000 0.100000 0.000000
vn 0.000000 0.100000 0.000000
vn 0.000000 0.100000 0.000000
vn 0.000000 0.100000 0.000000
vn 0.000000 0.100000 0.000000
vn 0.000000 0.100000 0.000000
vn 0.000000 0.100000 0.000000
vn 0.000000 0.100000 0.000000
vn 0.000000 0.100000 0.000000
vn 0.000000 0.100000 0.000000
vn 0.000000 0.100000 0.000000
vn 0.000000 0.100000 0.000000
vn 0.000000 0.100000 0.000000
vn 0.000000 0.100000 0.000000
vn 0.000000 0.100000 0.000000
vn 0.000000 0.100000 0.000000
vn 0.000000 0.100000 0.000000
vn 0.000000 0.100000 0.000000
vn 0.000000 0.100000 0.000000
vn 0.000000 0.100000 0.000000
vn 0.000000 0.100000 0.000000
vn 0.000000 0.100000 0.000000
vn 0.000000 0.100000 0.000000
vn 0.000000 0.100000 0.000000
vn 0.000000 0.100000 0.000000
vn 0.000000 0.100000 0.000000
vn 0.000000 0.100000 0.000000
vn 0.000000 0.100000 0.000000
vn 0.000000 0.100000 0.000000
vn 0.000000 0.100000 0.000000
vn 0.000000 0.100000 0.000000
vn 0.000000 0.100000 0.000000
vn 0.000000 0.100000 0.000000
vn 0.000000 0.100000 0.000000
vn 0.000000 0.100000 0.000000
vn 0.000000 0.100000 0.000000
vn 0.000000 0.100000 0.000000
vn 0.000000 0.100000 0.000000
vn 0.000000 0.100000 0.000000
vn 0.000000 0.100000 0.000000
vn 0.000000 0.100000 0.000000
vn 0.000000 0.100000 0.000000
vn 0.000000 0.100000 0.000000
vn 0.000000 0.100000 0.000000
vn 0.000000 0.100000 0.000000
vn 0.000000 0.100000 0.000000
vn 0.000000 0.100000 0.000000
vn 0.000000 0.100000 0.000000
vn 0.000000 0.100000 0.000000
vn 0.000000 0.100000 0.000000
vn 0.000000 0.100000 0.000000
vn 0.000000 0.100000 0.000000
vn 0.000000 0.100000 0.000000
vn 0.000000 0.100000 0.000000
vn 0.000000 0.100000 0.000000
vn 0.000000 0.100000 0.000000
vn 0.000000 0.100000 0.000000
vn 0.000000 0.100000 0.000000
vn 0.000000 0.100000 0.000000
vn 0.000000 0.100000 0.000000
vn 0.000000 0.100000 0.000000
vn 0.000000 0.100000 0.000000
vn 0.000000 0.100000 0.000000
vn 0.000000 0.100000 0.000000
vn 0.000000 0.100000 0.000000
vn 0.000000 0.100000 0.000000
vn 0.000000 0.100000 0.000000
vn 0.000000 0.100000 0.000000
vn 0.000000 0.100000 0.000000
vn 0.000000 0.100000 0.000000
vn 0.000000 0.100000 0.000000
vn 0.000000 0.100000 0.000000
vn 0.000000 0.100000 0.000000
vn 0.000000 0.100000 0.000000
vn 0.000000 0.100000 0.000000
vn 0.000000 0.100000 0.000000
vn 0.000000 0.100000 0.000000
vn 0.000000 0.100000 0.000000
vn 0.000000 0.100000 0.000000
vn 0.000000 0.100000 0.000000
vn 0.000000 0.100000 0.000000
vn 0.000000 0.100000 0.000000
vn 0.000000 0.100000 0.000000
vn 0.000000 0.100000 0.000000
vn 0.000000 0.100000 0.000000
vn 0.000000 0.100000 0.000000
vn 0.000000 0.100000 0.000000
vn 0.000000 0.100000 0.000000
vn 0.000000 0.100000 0.000000
vn 0.000000 0.100000 0.000000
vn 0.000000 0.100000 0.000000
vn 0.000000 0.100000 0.000000
vn 0.000000 0.100000 0.000000
vn 0.000000 0.100000 0.000000
vn 0.000000 0.100000 0.000000
vn 0.000000 0.100000 0.000000
vn 0.000000 0.100000 0.000000
vn 0.000000 0.100000 0.000000
vn 0.000000 0.100000 0.000000
vn 0.000000 0.100000 0.000000
vn 0.000000 0.100000 0.000000
vn 0.000000 0.100000 0.000000
vn 0.000000 0.100000 0.000000
vn 0.000000 0.100000 0.000000
vn 0.000000 0.100000 0.000000
vn 0.000000 0.100000 0.000000
vn 0.000000 0.100000 0.000000
vn 0.000000 0.100000 0.000000
vn 0.000000 0.100000 0.000000
vn 0.000000 0.100000 0.000000
vn 0.000000 0.100000 0.000000
vn 0.000000 0.100000 0.000000
vn 0.000000 0.100000 0.000000
vn 0.000000 0.100000 0.000000
vn 0.000000 0.100000 0.000000
vn 0.000000 0.100000 0.000000
vn 0.000000 0.100000 0.000000
vn 0.000000 0.100000 0.000000
vn 0.000000 0.100000 0.000000
vn 0.000000 0.100000 0.000000
vn 0.000000 0.100000 0.000000
vn 0.000000 0.100000 0.000000
vn 0.000000 0.100000 0.000000
vn 0.000000 0.100000 0.000000
vn 0.000000 0.100000 0.000000
vn 0.000000 0.100000 0.000000
vn 0.000000 0.100000 0.000000
vn 0.000000 0.100000 0.000000
vn 0.000000 0.100000 0.000000
vn 0.000000 0.100000 0.000000
vn 0.000000 0.100000 0.000000
vn 0.000000 0.100000 0.000000
vn 0.000000 0.100000 0.000000
vn 0.000000 0.100000 0.000000
vn 0.000000 0.100000 0.000000
vn 0.000000 0.100000 0.000000
vn 0.000000 0.100000 0.000000
vn 0.000000 0.100000 0.000000
vn 0.000000 0.100000 0.000000
vn 0.000000 0.100000 0.000000
vn 0.000000 0.100000 0.000000
vn 0.000000 0.100000 0.000000
vn 0.000000 0.100000 0.000000
vn 0.000000 0.100000 0.000000
vn 0.000000 0.100000 0.000000
vn 0.000000 0.100000 0.000000
vn 0.000000 0.100000 0.000000
vn 0.000000 0.100000 0.000000
vn 0.000000 0.100000 0.000000
vn 0.000000 0.100000 0.000000
vn 0.000000 0.100000 0.000000
vn 0.000000 0.100000 0.000000
vn 0.000000 0.100000 0.000000
vn 0.000000 0.100000 0.000000
vn 0.000000 0.100000 0.000000
vn 0.000000 0.100000 0.000000
vn 0.000000 0.100000 0.000000
vn 0.000000 0.100000 0.000000
vn 0.000000 0.100000 0.000000
vn 0.000000 0.100000 0.000000
vn 0.000000 0.100000 0.000000
vn 0.000000 0.100000 0.000000
vn 0.000000 0.100000 0.000000
vn 0.000000 0.100000 0.000000
vn 0.000000 0.100000 0.000000
vn 0.000000 0.100000 0.000000
vn 0.000000 0.100000 0.000000
vn 0.000000 0.100000 0.000000
vn 0.000000 0.100000 0.000000
vn 0.000000 0.100000 0.000000
vn 0.000000 0.100000 0.000000
vn 0.000000 0.100000 0.000000
vn 0.000000 0.100000 0.000000
vn 0.000000 0.100000 0.000000
vn 0.000000 0.100000 0.000000
vn 0.000000 0.100000 0.000000
vn 0.000000 0.100000 0.000000
vn 0.000000 0.100000 0.000000
vn 0.000000 0.100000 0.000000
vn 0.000000 0.100000 0.000000
vn 0.000000 0.100000 0.000000
vn 0.000000 0.100000 0.000000
vn 0.000000 0.100000 0.000000
vn 0.000000 0.100000 0.000000
vn 0.000000 0.100000 0.000000
vn 0.000000 0.100000 0.000000
vn 0.000000 0.100000 0.000000
vn 0.000000 0.100000 0.000000
vn 0.000000 0.100000 0.000000
vn 0.000000 0.100000 0.000000
vn 0.000000 0.100000 0.000000
vn 0.000000 0.100000 0.000000
vn 0.000000 0.100000 0.000000
vn 0.000000 0.100000 0.000000
vn 0.000000 0.100000 0.000000
vn 0.000000 0.100000 0.000000
vn 0.000000 0.100000 0.000000
vn 0.000000 0.100000 0.000000
vn 0.000000 0.100000 0.000000
vn 0.000000 0.100000 0.000000
vn 0.000000 0.100000 0.000000
vn 0.000000 0.100000 0.000000
vn 0.000000 0.100000 0.000000
vn 0.000000 0.100000 0.000000
vn 0.000000 0.100000 0.000000
vn 0.000000 0.100000 0.000000
vn 0.000000 0.100000 0.000000
vn 0.000000 0.100000 0.000000
vn 0.000000 0.100000 0.000000
vn 0.000000 0.100000 0.000000
vn 0.000000 0.100000 0.000000
vn 0.000000 0.100000 0.000000
vn 0.000000 0.100000 0.000000
vn 0.000000 0.100000 0.000000
vn 0.000000 0.100000 0.000000
vn 0.000000 0.100000 0.000000
vn 0.000000 0.100000 0.000000
vn 0.000000 0.100000 0.000000
vn 0.000000 0.100000 0.000000
vn 0.000000 0.100000 0.000000
vn 0.000000 0.100000 0.000000
vn 0.000000 0.100000 0.000000
vn 0.000000 0.100000 0.000000
vn 0.000000 -0.100000 0.000000
vn 0.000000 -0.100000 0.000000
vn 0.000000 -0.100000 0.000000
vn 0.000000 -0.100000 0.000000
vn 0.000000 -0.100000 0.000000
vn 0.000000 -0.100000 0.000000
vn 0.000000 -0.100000 0.000000
vn 0.000000 -0.100000 0.000000
vn 0.000000 -0.100000 0.000000
vn 0.000000 -0.100000 0.000000
vn 0.000000 -0.100000 0.000000
vn 0.000000 -0.100000 0.000000
vn 0.000000 -0.100000 0.000000
vn 0.000000 -0.100000 0.000000
vn 0.000000 -0.100000 0.000000
vn 0.000000 -0.100000 0.000000
vn 0.000000 -0.100000 0.000000
vn 0.000000 -0.100000 0.000000
vn 0.000000 -0.100000 0.000000
vn 0.000000 -0.100000 0.000000
vn 0.000000 -0.100000 0.000000
vn 0.000000 -0.100000 0.000000
vn 0.000000 -0.100000 0.000000
vn 0.000000 -0.100000 0.000000
vn 0.000000 -0.100000 0.000000
vn 0.000000 -0.100000 0.000000
vn 0.000000 -0.100000 0.000000
vn 0.000000 -0.100000 0.000000
vn 0.000000 -0.100000 0.000000
vn 0.000000 -0.100000 0.000000
vn 0.000000 -0.100000 0.000000
vn 0.000000 -0.100000 0.000000
vn 0.000000 -0.100000 0.000000
vn 0.000000 -0.100000 0.000000
vn 0.000000 -0.100000 0.000000
vn 0.000000 -0.100000 0.000000
vn 0.000000 -0.100000 0.000000
vn 0.000000 -0.100000 0.000000
vn 0.000000 -0.100000 0.000000
vn 0.000000 -0.100000 0.000000
vn 0.000000 -0.100000 0.000000
vn 0.000000 -0.100000 0.000000
vn 0.000000 -0.100000 0.000000
vn 0.000000 -0.100000 0.000000
vn 0.000000 -0.100000 0.000000
vn 0.000000 -0.100000 0.000000
vn 0.000000 -0.100000 0.000000
vn 0.000000 -0.100000 0.000000
vn 0.000000 -0.100000 0.000000
vn 0.000000 -0.100000 0.000000
vn 0.000000 -0.100000 0.000000
vn 0.000000 -0.100000 0.000000
vn 0.000000 -0.100000 0.000000
vn 0.000000 -0.100000 0.000000
vn 0.000000 -0.100000 0.000000
vn 0.000000 -0.100000 0.000000
vn 0.000000 -0.100000 0.000000
vn 0.000000 -0.100000 0.000000
vn 0.000000 -0.100000 0.000000
vn 0.000000 -0.100000 0.000000
vn 0.000000 -0.100000 0.000000
vn 0.000000 -0.100000 0.000000
vn 0.000000 -0.100000 0.000000
vn 0.000000 -0.100000 0.000000
vn 0.000000 -0.100000 0.000000
vn 0.000000 -0.100000 0.000000
vn 0.000000 -0.100000 0.000000
vn 0.000000 -0.100000 0.000000
vn 0.000000 -0.100000 0.000000
vn 0.000000 -0.100000 0.000000
vn 0.000000 -0.100000 0.000000
vn 0.000000 -0.100000 0.000000
vn 0.000000 -0.100000 0.000000
vn 0.000000 -0.100000 0.000000
vn 0.000000 -0.100000 0.000000
vn 0.000000 -0.100000 0.000000
vn 0.000000 -0.100000 0.000000
vn 0.000000 -0.100000 0.000000
vn 0.000000 -0.100000 0.000000
vn 0.000000 -0.100000 0.000000
vn 0.000000 -0.100000 0.000000
vn 0.000000 -0.100000 0.000000
vn 0.000000 -0.100000 0.000000
vn 0.000000 -0.100000 0.000000
vn 0.000000 -0.100000 0.000000
vn 0.000000 -0.100000 0.000000
vn 0.000000 -0.100000 0.000000
vn 0.000000 -0.100000 0.000000
vn 0.000000 -0.100000 0.000000
vn 0.000000 -0.100000 0.000000
vn 0.000000 -0.100000 0.000000
vn 0.000000 -0.100000 0.000000
vn 0.000000 -0.100000 0.000000
vn 0.000000 -0.100000 0.000000
vn 0.000000 -0.100000 0.000000
vn 0.000000 -0.100000 0.000000
vn 0.000000 -0.100000 0.000000
vn 0.000000 -0.100000 0.000000
vn 0.000000 -0.100000 0.000000
vn 0.000000 -0.100000 0.000000
vn 0.000000 -0.100000 0.000000
vn 0.000000 -0.100000 0.000000
vn 0.000000 -0.100000 0.000000
vn 0.000000 -0.100000 0.000000
vn 0.000000 -0.100000 0.000000
vn 0.000000 -0.100000 0.000000
vn 0.000000 -0.100000 0.000000
vn 0.000000 -0.100000 0.000000
vn 0.000000 -0.100000 0.000000
vn 0.000000 -0.100000 0.000000
vn 0.000000 -0.100000 0.000000
vn 0.000000 -0.100000 0.000000
vn 0.000000 -0.100000 0.000000
vn 0.000000 -0.100000 0.000000
vn 0.000000 -0.100000 0.000000
vn 0.000000 -0.100000 0.000000
vn 0.000000 -0.100000 0.000000
vn 0.000000 -0.100000 0.000000
vn 0.000000 -0.100000 0.000000
vn 0.000000 -0.100000 0.000000
vn 0.000000 -0.100000 0.000000
vn 0.000000 -0.100000 0.000000
vn 0.000000 -0.100000 0.000000
vn 0.000000 -0.100000 0.000000
vn 0.000000 -0.100000 0.000000
vn 0.000000 -0.100000 0.000000
vn 0.000000 -0.100000 0.000000
vn 0.000000 -0.100000 0.000000
vn 0.000000 -0.100000 0.000000
vn 0.000000 -0.100000 0.000000
vn 0.000000 -0.100000 0.000000
vn 0.000000 -0.100000 0.000000
vn 0.000000 -0.100000 0.000000
vn 0.000000 -0.100000 0.000000
vn 0.000000 -0.100000 0.000000
vn 0.000000 -0.100000 0.000000
vn 0.000000 -0.100000 0.000000
vn 0.000000 -0.100000 0.000000
vn 0.000000 -0.100000 0.000000
vn 0.000000 -0.100000 0.000000
vn 0.000000 -0.100000 0.000000
vn 0.000000 -0.100000 0.000000
vn 0.000000 -0.100000 0.000000
vn 0.000000 -0.100000 0.000000
vn 0.000000 -0.100000 0.000000
vn 0.000000 -0.100000 0.000000
vn 0.000000 -0.100000 0.000000
vn 0.000000 -0.100000 0.000000
vn 0.000000 -0.100000 0.000000
vn 0.000000 -0.100000 0.000000
vn 0.000000 -0.100000 0.000000
vn 0.000000 -0.100000 0.000000
vn 0.000000 -0.100000 0.000000
vn 0.000000 -0.100000 0.000000
vn 0.000000 -0.100000 0.000000
vn 0.000000 -0.100000 0.000000
vn 0.000000 -0.100000 0.000000
vn 0.000000 -0.100000 0.000000
vn 0.000000 -0.100000 0.000000
vn 0.000000 -0.100000 0.000000
vn 0.000000 -0.100000 0.000000
vn 0.000000 -0.100000 0.000000
vn 0.000000 -0.100000 0.000000
vn 0.000000 -0.100000 0.000000
vn 0.000000 -0.100000 0.000000
vn 0.000000 -0.100000 0.000000
vn 0.000000 -0.100000 0.000000
vn 0.000000 -0.100000 0.000000
vn 0.000000 -0.100000 0.000000
vn 0.000000 -0.100000 0.000000
vn 0.000000 -0.100000 0.000000
vn 0.000000 -0.100000 0.000000
vn 0.000000 -0.100000 0.000000
vn 0.000000 -0.100000 0.000000
vn 0.000000 -0.100000 0.000000
vn 0.000000 -0.100000 0.000000
vn 0.000000 -0.100000 0.000000
vn 0.000000 -0.100000 0.000000
vn 0.000000 -0.100000 0.000000
vn 0.000000 -0.100000 0.000000
vn 0.000000 -0.100000 0.000000
vn 0.000000 -0.100000 0.000000
vn 0.000000 -0.100000 0.000000
vn 0.000000 -0.100000 0.000000
vn 0.000000 -0.100000 0.000000
vn 0.000000 -0.100000 0.000000
vn 0.000000 -0.100000 0.000000
vn 0.000000 -0.100000 0.000000
vn 0.000000 -0.100000 0.000000
vn 0.000000 -0.100000 0.000000
vn 0.000000 -0.100000 0.000000
vn 0.000000 -0.100000 0.000000
vn 0.000000 -0.100000 0.000000
vn 0.000000 -0.100000 0.000000
vn 0.000000 -0.100000 0.000000
vn 0.000000 -0.100000 0.000000
vn 0.000000 -0.100000 0.000000
vn 0.000000 -0.100000 0.000000
vn 0.000000 -0.100000 0.000000
vn 0.000000 -0.100000 0.000000
vn 0.000000 -0.100000 0.000000
vn 0.000000 -0.100000 0.000000
vn 0.000000 -0.100000 0.000000
vn 0.000000 -0.100000 0.000000
vn 0.000000 -0.100000 0.000000
vn 0.000000 -0.100000 0.000000
vn 0.000000 -0.100000 0.000000
vn 0.000000 -0.100000 0.000000
vn 0.000000 -0.100000 0.000000
vn 0.000000 -0.100000 0.000000
vn 0.000000 -0.100000 0.000000
vn 0.000000 -0.100000 0.000000
vn 0.000000 -0.100000 0.000000
vn 0.000000 -0.100000 0.000000
vn 0.000000 -0.100000 0.000000
vn 0.000000 -0.100000 0.000000
vn 0.000000 -0.100000 0.000000
vn 0.000000 -0.100000 0.000000
vn 0.000000 -0.100000 0.000000
vn 0.000000 -0.100000 0.000000
vn 0.000000 -0.100000 0.000000
vn 0.000000 -0.100000 0.000000
vn 0.000000 -0.100000 0.000000
vn 0.000000 -0.100000 0.000000
vn 0.000000 -0.100000 0.000000
vn 0.000000 -0.100000 0.000000
vn 0.000000 -0.100000 0.000000
vn 0.000000 -0.100000 0.000000
vn 0.000000 -0.100000 0.000000
vn 0.000000 -0.100000 0.000000
vn 0.000000 -0.100000 0.000000
vn 0.000000 -0.100000 0.000000
vn 0.000000 -0.100000 0.000000
vn 0.000000 -0.100000 0.000000
vn 0.000000 -0.100000 0.000000
vn 0.000000 -0.100000 0.000000
vn 0.000000 -0.100000 0.000000
vn 0.000000 -0.100000 0.000000
vn 0.000000 -0.100000 0.000000
vn 0.000000 -0.100000 0.000000
vn 0.000000 -0.100000 0.000000
vn 0.000000 -0.100000 0.000000
vn 0.000000 -0.100000 0.000000
vn 0.000000 -0.100000 0.000000
vn 0.000000 -0.100000 0.000000
vn 0.000000 -0.100000 0.000000
vn 0.000000 -0.100000 0.000000
vn 0.000000 -0.100000 0.000000
vn 0.000000 -0.100000 0.000000
vn 0.000000 -0.100000 0.000000
vn 0.000000 -0.100000 0.000000
vn 0.000000 -0.100000 0.000000
vn 0.000000 -0.100000 0.000000
vn 0.000000 -0.100000 0.000000
vn 0.000000 -0.100000 0.000000
vn 0.000000 -0.100000 0.000000
vn 0.000000 -0.100000 0.000000
vn 0.000000 -0.100000 0.000000
vn 0.000000 -0.100000 0.000000
vn 0.000000 -0.100000 0.000000
vn 0.000000 -0.100000 0.000000
vn 0.000000 -0.100000 0.000000
vn 0.000000 -0.100000 0.000000
vn 0.000000 -0.100000 0.000000
vn 0.000000 -0.100000 0.000000
vn 0.000000 -0.100000 0.000000
vn 0.000000 -0.100000 0.000000
vn 0.000000 -0.100000 0.000000
vn 0.000000 -0.100000 0.000000
vn 0.000000 -0.100000 0.000000
vn 0.000000 -0.100000 0.000000
vn 0.000000 -0.100000 0.000000
vn 0.000000 -0.100000 0.000000
vn 0.000000 -0.100000 0.000000
vn 0.000000 -0.100000 0.000000
vn 0.000000 -0.100000 0.000000
vn 0.000000 -0.100000 0.000000
vn 0.000000 -0.100000 0.000000
vn 0.000000 -0.100000 0.000000
vn 0.000000 -0.100000 0.000000
vn 0.000000 -0.100000 0.000000
vn 0.000000 -0.100000 0.000000
vn 0.000000 -0.100000 0.000000
vn 0.000000 -0.100000 0.000000
vn 0.000000 -0.100000 0.000000
vn 0.000000 -0.100000 0.000000
vn 0.000000 -0.100000 0.000000
vn 0.000000 -0.100000 0.000000
vn 0.000000 -0.100000 0.000000
vn 0.000000 -0.100000 0.000000
vn 0.000000 -0.100000 0.000000
vn 0.000000 -0.100000 0.000000
vn 0.000000 -0.100000 0.000000
vn 0.000000 -0.100000 0.000000
vn 0.000000 -0.100000 0.000000
vn 0.000000 -0.100000 0.000000
vn 0.000000 -0.100000 0.000000
vn 0.000000 -0.100000 0.000000
vn 0.000000 -0.100000 0.000000
vn 0.000000 -0.100000 0.000000
vn 0.000000 -0.100000 0.000000
vn 0.000000 -0.100000 0.000000
vn 0.000000 -0.100000 0.000000
vn 0.000000 -0.100000 0.000000
vn 0.000000 -0.100000 0.000000
vn 0.000000 -0.100000 0.000000
vn 0.000000 -0.100000 0.000000
vn 0.000000 -0.100000 0.000000
vn 0.000000 -0.100000 0.000000
vn 0.000000 -0.100000 0.000000
vn 0.000000 -0.100000 0.000000
vn 0.000000 -0.100000 0.000000
vn 0.000000 -0.100000 0.000000
vn 0.000000 -0.100000 0.000000
vn 0.000000 -0.100000 0.000000
vn 0.000000 -0.100000 0.000000
vn 0.000000 -0.100000 0.000000
vn 0.000000 -0.100000 0.000000
vn 0.000000 -0.100000 0.000000
vn 0.000000 -0.100000 0.000000
vn 0.000000 -0.100000 0.000000
vn 0.000000 -0.100000 0.000000
vn 0.000000 -0.100000 0.000000
vn 0.000000 -0.100000 0.000000
vn 0.000000 -0.100000 0.000000
vn 0.000000 -0.100000 0.000000
vn 0.000000 -0.100000 0.000000
vn 0.000000 -0.100000 0.000000
vn 0.000000 -0.100000 0.000000
vn 0.000000 -0.100000 0.000000
vn 0.000000 -0.100000 0.000000
vn 0.000000 -0.100000 0.000000
vn 0.000000 -0.100000 0.000000
vn 0.000000 -0.100000 0.000000
vn 0.000000 -0.100000 0.000000
vn 0.000000 -0.100000 0.000000
vn 0.000000 -0.100000 0.000000
vn 0.000000 -0.100000 0.000000
vn 0.000000 -0.100000 0.000000
vn 0.000000 -0.100000 0.000000
vn 0.000000 -0.100000 0.000000
vn 0.000000 -0.100000 0.000000
vn 0.000000 -0.100000 0.000000
vn 0.000000 -0.100000 0.000000
vn 0.000000 -0.100000 0.000000
vn 0.000000 -0.100000 0.000000
vn 0.000000 -0.100000 0.000000
vn 0.000000 -0.100000 0.000000
vn 0.000000 -0.100000 0.000000
vn 0.000000 -0.100000 0.000000
vn 0.000000 -0.100000 0.000000
vn 0.000000 -0.100000 0.000000
vn 0.000000 -0.100000 0.000000
vn 0.000000 -0.100000 0.000000
vn 0.000000 -0.100000 0.000000
vn 0.000000 -0.100000 0.000000
vn 0.000000 -0.100000 0.000000
vn 0.000000 -0.100000 0.000000
vn 0.000000 -0.100000 0.000000
vn 0.000000 -0.100000 0.000000
vn 0.000000 -0.100000 0.000000
vn 0.000000 -0.100000 0.000000
vn 0.000000 -0.100000 0.000000
vn 0.000000 -0.100000 0.000000
vn 0.000000 -0.100000 0.000000
vn 0.000000 -0.100000 0.000000
vn 0.000000 -0.100000 0.000000
vn 0.000000 -0.100000 0.000000
vn 0.000000 -0.100000 0.000000
vn 0.000000 -0.100000 0.000000
vn 0.000000 -0.100000 0.000000
vn 0.000000 -0.100000 0.000000
vn 0.000000 -0.100000 0.000000
vn 0.000000 -0.100000 0.000000
vn 0.000000 -0.100000 0.000000
vn 0.000000 -0.100000 0.000000
vn 0.000000 -0.100000 0.000000
vn 0.000000 -0.100000 0.000000
vn 0.000000 -0.100000 0.000000
vn 0.000000 -0.100000 0.000000
vn 0.000000 -0.100000 0.000000
vn 0.000000 -0.100000 0.000000
vn 0.000000 -0.100000 0.000000
vn 0.000000 -0.100000 0.000000
vn 0.000000 -0.100000 0.000000
vn 0.000000 -0.100000 0.000000
vn 0.000000 -0.100000 0.000000
vn 0.000000 -0.100000 0.000000
vn 0.000000 -0.100000 0.000000
vn 0.000000 -0.100000 0.000000
vn 0.000000 -0.100000 0.000000
vn 0.000000 -0.100000 0.000000
vn 0.000000 -0.100000 0.000000
vn 0.000000 -0.100000 0.000000
vn 0.000000 -0.100000 0.000000
vn 0.000000 -0.100000 0.000000
vn 0.000000 -0.100000 0.000000
vn 0.000000 -0.100000 0.000000
vn 0.000000 -0.100000 0.000000
vn 0.000000 -0.100000 0.000000
vn 0.000000 -0.100000 0.000000
vn 0.000000 -0.100000 0.000000
vn 0.000000 -0.100000 0.000000
vn 0.000000 -0.100000 0.000000
vn 0.000000 -0.100000 0.000000
vn 0.000000 -0.100000 0.000000
vn 0.000000 -0.100000 0.000000
vn 0.000000 -0.100000 0.000000
vn 0.000000 -0.100000 0.000000
vn 0.000000 -0.100000 0.000000
vn 0.000000 -0.100000 0.000000
vn 0.000000 -0.100000 0.000000
vn 0.000000 -0.100000 0.000000
vn 0.000000 -0.100000 0.000000
vn 0.000000 -0.100000 0.000000
vn 0.000000 -0.100000 0.000000
vn 0.000000 -0.100000 0.000000
vn 0.000000 -0.100000 0.000000
vn 0.000000 -0.100000 0.000000
vn 0.000000 -0.100000 0.000000
vn 0.000000 -0.100000 0.000000
vn 0.000000 -0.100000 0.000000
vn 0.000000 -0.100000 0.000000
vn 0.000000 -0.100000 0.000000
vn 0.000000 -0.100000 0.000000
vn 0.000000 -0.100000 0.000000
vn 0.000000 -0.100000 0.000000
vn 0.000000 -0.100000 0.000000
vn 0.000000 -0.100000 0.000000
vn 0.000000 -0.100000 0.000000
vn 0.000000 -0.100000 0.000000
vn 0.000000 -0.100000 0.000000
vn 0.000000 -0.100000 0.000000
vn 0.000000 -0.100000 0.000000
vn 0.000000 -0.100000 0.000000
vn 0.000000 -0.100000 0.000000
vn 0.000000 -0.100000 0.000000
vn 0.000000 -0.100000 0.000000
vn 0.000000 -0.100000 0.000000
vn 0.000000 -0.100000 0.000000
vn 0.000000 -0.100000 0.000000
vn 0.000000 -0.100000 0.000000
vn 0.000000 -0.100000 0.000000
vn 0.000000 -0.100000 0.000000
vn 0.000000 -0.100000 0.000000
vn 0.000000 -0.100000 0.000000
vn 0.000000 -0.100000 0.000000
vn 0.000000 -0.100000 0.000000
vn 0.000000 -0.100000 0.000000
vn 0.000000 -0.100000 0.000000
vn 0.000000 -0.100000 0.000000
vn 0.000000 -0.100000 0.000000
vn 0.000000 -0.100000 0.000000
vn 0.000000 -0.100000 0.000000
vn 0.000000 -0.100000 0.000000
vn 0.000000 -0.100000 0.000000
vn 0.000000 -0.100000 0.000000
vn 0.000000 -0.100000 0.000000
vn 0.000000 -0.100000 0.000000
vn 0.000000 -0.100000 0.000000
vn 0.000000 -0.100000 0.000000
vn 0.000000 -0.100000 0.000000
vn 0.000000 -0.100000 0.000000
vn 0.000000 -0.100000 0.000000
vn 0.000000 -0.100000 0.000000
vn 0.000000 -0.100000 0.000000
vn 0.000000 -0.100000 0.000000
vn 0.000000 -0.100000 0.000000
vn 0.000000 -0.100000 0.000000
vn 0.000000 -0.100000 0.000000
vn 0.000000 -0.100000 0.000000
vn 0.000000 -0.100000 0.000000
vn 0.000000 -0.100000 0.000000
vn 0.000000 -0.100000 0.000000
vn 0.000000 -0.100000 0.000000
vn 0.000000 -0.100000 0.000000
vn 0.000000 -0.100000 0.000000
vn 0.000000 -0.100000 0.000000
vn 0.000000 -0.100000 0.000000
vn 0.000000 -0.100000 0.000000
vn 0.000000 -0.100000 0.000000
vn 0.000000 -0.100000 0.000000
vn 0.000000 -0.100000 0.000000
vn 0.000000 -0.100000 0.000000
vn 0.000000 -0.100000 0.000000
vn 0.000000 -0.100000 0.000000
vn 0.000000 -0.100000 0.000000
vn 0.000000 -0.100000 0.000000
vn 0.000000 -0.100000 0.000000
vn 0.000000 -0.100000 0.000000
vn 0.000000 -0.100000 0.000000
vn 0.000000 -0.100000 0.000000
vn 0.000000 -0.100000 0.000000
vn 0.000000 -0.100000 0.000000
vn 0.000000 -0.100000 0.000000
vn 0.000000 -0.100000 0.000000
vn 0.000000 -0.100000 0.000000
vn 0.000000 -0.100000 0.000000
vn 0.000000 -0.100000 0.000000
vn 0.000000 -0.100000 0.000000
vn 0.000000 -0.100000 0.000000
vn 0.000000 -0.100000 0.000000
vn 0.000000 -0.100000 0.000000
vn 0.000000 -0.100000 0.000000
vn 0.000000 -0.100000 0.000000
vn 0.000000 -0.100000 0.000000
vn 0.000000 -0.100000 0.000000
vn 0.000000 -0.100000 0.000000
vn 0.000000 -0.100000 0.000000
vn 0.000000 -0.100000 0.000000
vn 0.000000 -0.100000 0.000000
vn 0.000000 -0.100000 0.000000
vn 0.000000 -0.100000 0.000000
vn 0.000000 -0.100000 0.000000
vn 0.000000 -0.100000 0.000000
vn 0.000000 -0.100000 0.000000
vn 0.000000 -0.100000 0.000000
vn 0.000000 -0.100000 0.000000
vn 0.000000 -0.100000 0.000000
vn 0.000000 -0.100000 0.000000
vn 0.000000 -0.100000 0.000000
vn 0.000000 -0.100000 0.000000
vn 0.000000 -0.100000 0.000000
vn 0.000000 -0.100000 0.000000
vn 0.000000 -0.100000 0.000000
vn 0.000000 -0.100000 0.000000
vn 0.000000 -0.100000 0.000000
vn 0.000000 -0.100000 0.000000
vn 0.000000 -0.100000 0.000000
vn 0.000000 -0.100000 0.000000
vn 0.000000 -0.100000 0.000000
vn 0.000000 -0.100000 0.000000
vn 0.000000 -0.100000 0.000000
vn 0.000000 -0.100000 0.000000
vn 0.000000 -0.100000 0.000000
vn 0.000000 -0.100000 0.000000
vn 0.000000 -0.100000 0.000000
vn 0.000000 -0.100000 0.000000
vn 0.000000 -0.100000 0.000000
vn 0.000000 -0.100000 0.000000
vn 0.000000 -0.100000 0.000000
vn 0.000000 -0.100000 0.000000
vn 0.000000 -0.100000 0.000000
vn 0.000000 -0.100000 0.000000
vn 0.000000 -0.100000 0.000000
vn 0.000000 -0.100000 0.000000
vn 0.000000 -0.100000 0.000000
vn 0.000000 -0.100000 0.000000
vn 0.000000 -0.100000 0.000000
vn 0.000000 -0.100000 0.000000
vn 0.000000 -0.100000 0.000000
vn 0.000000 -0.100000 0.000000
vn 0.000000 -0.100000 0.000000
vn 0.000000 -0.100000 0.000000
vn 0.000000 -0.100000 0.000000
vn 0.000000 -0.100000 0.000000
vn 0.000000 -0.100000 0.000000
vn 0.000000 -0.100000 0.000000
vn 0.000000 -0.100000 0.000000
vn 0.000000 -0.100000 0.000000
vn 0.000000 -0.100000 0.000000
vn 0.000000 -0.100000 0.000000
vn 0.000000 -0.100000 0.000000
vn 0.000000 -0.100000 0.000000
vn 0.000000 -0.100000 0.000000
vn 0.000000 -0.100000 0.000000
vn 0.000000 -0.100000 0.000000
vn 0.000000 -0.100000 0.000000
vn 0.000000 -0.100000 0.000000
vn 0.000000 -0.100000 0.000000
vn 0.000000 -0.100000 0.000000
vn 0.000000 -0.100000 0.000000
vn 0.000000 -0.100000 0.000000
vn 0.000000 -0.100000 0.000000
vn 0.000000 -0.100000 0.000000
vn 0.000000 -0.100000 0.000000
vn 0.000000 -0.100000 0.000000
vn 0.000000 -0.100000 0.000000
vn 0.000000 -0.100000 0.000000
vn 0.000000 -0.100000 0.000000
vn 0.000000 -0.100000 0.000000
vn 0.000000 -0.100000 0.000000
vn 0.000000 -0.100000 0.000000
vn 0.000000 -0.100000 0.000000
vn 0.000000 -0.100000 0.000000
vn 0.000000 -0.100000 0.000000
vn 0.000000 -0.100000 0.000000
vn 0.000000 -0.100000 0.000000
vn 0.000000 -0.100000 0.000000
vn 0.000000 -0.100000 0.000000
vn 0.000000 -0.100000 0.000000
vn 0.000000 -0.100000 0.000000
vn 0.000000 -0.100000 0.000000
vn 0.000000 -0.100000 0.000000
vn 0.000000 -0.100000 0.000000
vn 0.000000 -0.100000 0.000000
vn 0.000000 -0.100000 0.000000
vn 0.000000 -0.100000 0.000000
vn 0.000000 -0.100000 0.000000
vn 0.000000 -0.100000 0.000000
vn 0.000000 -0.100000 0.000000
vn 0.000000 -0.100000 0.000000
vn 0.000000 -0.100000 0.000000
vn 0.000000 -0.100000 0.000000
vn 0.000000 -0.100000 0.000000
vn 0.000000 -0.100000 0.000000
vn 0.000000 -0.100000 0.000000
vn 0.000000 -0.100000 0.000000
vn 0.000000 -0.100000 0.000000
vn 0.000000 -0.100000 0.000000
vn 0.000000 -0.100000 0.000000
vn 0.000000 -0.100000 0.000000
vn 0.000000 -0.100000 0.000000
vn 0.000000 -0.100000 0.000000
vn 0.000000 -0.100000 0.000000
vn 0.000000 -0.100000 0.000000
vn 0.000000 -0.100000 0.000000
vn 0.000000 -0.100000 0.000000
vn 0.000000 -0.100000 0.000000
vn 0.000000 -0.100000 0.000000
vn 0.000000 -0.100000 0.000000
vn 0.000000 -0.100000 0.000000
vn 0.000000 -0.100000 0.000000
vn 0.000000 -0.100000 0.000000
vn 0.000000 -0.100000 0.000000
vn 0.000000 -0.100000 0.000000
vn 0.000000 -0.100000 0.000000
vn 0.000000 -0.100000 0.000000
vn 0.000000 -0.100000 0.000000
vn 0.000000 -0.100000 0.000000
vn 0.000000 -0.100000 0.000000
vn 0.000000 -0.100000 0.000000
vn 0.000000 -0.100000 0.000000
vn 0.000000 -0.100000 0.000000
vn 0.000000 -0.100000 0.000000
vn 0.000000 -0.100000 0.000000
vn 0.000000 -0.100000 0.000000
vn 0.000000 -0.100000 0.000000
vn 0.000000 -0.100000 0.000000
vn 0.000000 -0.100000 0.000000
vn 0.000000 -0.100000 0.000000
vn 0.000000 -0.100000 0.000000
vn 0.000000 -0.100000 0.000000
vn 0.000000 -0.100000 0.000000
vn 0.000000 -0.100000 0.000000
vn 0.000000 -0.100000 0.000000
vn 0.000000 -0.100000 0.000000
vn 0.000000 -0.100000 0.000000
vn 0.000000 -0.100000 0.000000
vn 0.000000 -0.100000 0.000000
vn 0.000000 -0.100000 0.000000
vn 0.000000 -0.100000 0.000000
vn 0.000000 -0.100000 0.000000
vn 0.000000 -0.100000 0.000000
vn 0.000000 -0.100000 0.000000
vn 0.000000 -0.100000 0.000000
vn 0.000000 -0.100000 0.000000
vn 0.000000 -0.100000 0.000000
vn 0.000000 -0.100000 0.000000
vn 0.000000 -0.100000 0.000000
vn 0.000000 -0.100000 0.000000
vn 0.000000 -0.100000 0.000000
vn 0.000000 -0.100000 0.000000
vn 0.000000 -0.100000 0.000000
vn 0.000000 -0.100000 0.000000
vn 0.000000 -0.100000 0.000000
vn 0.000000 -0.100000 0.000000
vn 0.000000 -0.100000 0.000000
vn 0.000000 -0.100000 0.000000
vn 0.000000 -0.100000 0.000000
vn 0.000000 -0.100000 0.000000
vn 0.000000 -0.100000 0.000000
vn 0.000000 -0.100000 0.000000
vn 0.000000 -0.100000 0.000000
vn 0.000000 -0.100000 0.000000
vn 0.000000 -0.100000 0.000000
vn 0.000000 -0.100000 0.000000
vn 0.000000 -0.100000 0.000000
vn 0.000000 -0.100000 0.000000
vn 0.000000 -0.100000 0.000000
vn 0.000000 -0.100000 0.000000
vn 0.000000 -0.100000 0.000000
vn 0.000000 -0.100000 0.000000
vn 0.000000 -0.100000 0.000000
vn 0.000000 -0.100000 0.000000
vn 0.000000 -0.100000 0.000000
vn 0.000000 -0.100000 0.000000
vn 0.000000 -0.100000 0.000000
vn 0.000000 -0.100000 0.000000
vn 0.000000 -0.100000 0.000000
vn 0.000000 -0.100000 0.000000
vn 0.000000 -0.100000 0.000000
vn 0.000000 -0.100000 0.000000
vn 0.000000 -0.100000 0.000000
vn 0.000000 -0.100000 0.000000
vn 0.000000 -0.100000 0.000000
vn 0.000000 -0.100000 0.000000
vn 0.000000 -0.100000 0.000000
vn 0.000000 -0.100000 0.000000
vn 0.000000 -0.100000 0.000000
vn 0.000000 -0.100000 0.000000
vn 0.000000 -0.100000 0.000000
vn 0.000000 -0.100000 0.000000
vn 0.000000 -0.100000 0.000000
vn 0.000000 -0.100000 0.000000
vn 0.000000 -0.100000 0.000000
vn 0.000000 -0.100000 0.000000
vn 0.000000 -0.100000 0.000000
vn 0.000000 -0.100000 0.000000
vn 0.000000 -0.100000 0.000000
vn 0.000000 -0.100000 0.000000
vn 0.000000 -0.100000 0.000000
vn 0.000000 -0.100000 0.000000
vn 0.000000 -0.100000 0.000000
vn 0.000000 -0.100000 0.000000
vn 0.000000 -0.100000 0.000000
vn 0.000000 -0.100000 0.000000
vn 0.000000 -0.100000 0.000000
vn 0.000000 -0.100000 0.000000
vn 0.000000 -0.100000 0.000000
vn 0.000000 -0.100000 0.000000
vn 0.000000 -0.100000 0.000000
vn 0.000000 -0.100000 0.000000
vn 0.000000 -0.100000 0.000000
vn 0.000000 -0.100000 0.000000
vn 0.000000 -0.100000 0.000000
vn 0.000000 -0.100000 0.000000
vn 0.000000 -0.100000 0.000000
vn 0.000000 -0.100000 0.000000
vn 0.000000 -0.100000 0.000000
vn 0.000000 -0.100000 0.000000
vn 0.000000 -0.100000 0.000000
vn 0.000000 -0.100000 0.000000
vn 0.000000 -0.100000 0.000000
vn 0.000000 -0.100000 0.000000
vn 0.000000 -0.100000 0.000000
vn 0.000000 -0.100000 0.000000
vn 0.000000 -0.100000 0.000000
vn 0.000000 -0.100000 0.000000
vn 0.000000 -0.100000 0.000000
vn 0.000000 -0.100000 0.000000
vn 0.000000 -0.100000 0.000000
vn 0.000000 -0.100000 0.000000
vn 0.000000 -0.100000 0.000000
vn 0.000000 -0.100000 0.000000
vn 0.000000 -0.100000 0.000000
vn 0.000000 -0.100000 0.000000
vn 0.000000 -0.100000 0.000000
vn 0.000000 -0.100000 0.000000
vn 0.000000 -0.100000 0.000000
vn 0.000000 -0.100000 0.000000
vn 0.000000 -0.100000 0.000000
vn 0.000000 -0.100000 0.000000
vn 0.000000 -0.100000 0.000000
vn 0.000000 -0.100000 0.000000
vn 0.000000 -0.100000 0.000000
vn 0.000000 -0.100000 0.000000
vn 0.000000 -0.100000 0.000000
vn 0.000000 -0.100000 0.000000
vn 0.000000 -0.100000 0.000000
vn 0.000000 -0.100000 0.000000
vn 0.000000 -0.100000 0.000000
vn 0.000000 -0.100000 0.000000
vn 0.000000 -0.100000 0.000000
vn 0.000000 -0.100000 0.000000
vn 0.000000 -0.100000 0.000000
vn 0.000000 -0.100000 0.000000
vn 0.000000 -0.100000 0.000000
vn 0.000000 -0.100000 0.000000
vn 0.000000 -0.100000 0.000000
vn 0.000000 -0.100000 0.000000
vn 0.000000 -0.100000 0.000000
vn 0.000000 -0.100000 0.000000
vn 0.000000 -0.100000 0.000000
vn 0.000000 -0.100000 0.000000
vn 0.000000 -0.100000 0.000000
vn 0.000000 -0.100000 0.000000
vn 0.000000 -0.100000 0.000000
vn 0.000000 -0.100000 0.000000
vn 0.000000 -0.100000 0.000000
vn 0.000000 -0.100000 0.000000
vn 0.000000 -0.100000 0.000000
vn 0.000000 -0.100000 0.000000
vn 0.000000 -0.100000 0.000000
vn 0.000000 -0.100000 0.000000
vn 0.000000 -0.100000 0.000000
vn 0.000000 -0.100000 0.000000
vn 0.000000 -0.100000 0.000000
vn 0.000000 -0.100000 0.000000
vn 0.000000 -0.100000 0.000000
vn 0.000000 -0.100000 0.000000
vn 0.000000 -0.100000 0.000000
vn 0.000000 -0.100000 0.000000
vn 0.000000 -0.100000 0.000000
vn 0.000000 -0.100000 0.000000
vn 0.000000 -0.100000 0.000000
vn 0.000000 -0.100000 0.000000
vn 0.000000 -0.100000 0.000000
vn 0.000000 -0.100000 0.000000
vn 0.000000 -0.100000 0.000000
vn 0.000000 -0.100000 0.000000
vn 0.000000 -0.100000 0.000000
vn 0.000000 -0.100000 0.000000
vn 0.000000 -0.100000 0.000000
vn 0.000000 -0.100000 0.000000
vn 0.000000 -0.100000 0.000000
usemtl Steel_-_Satin
f 2/1/1 48/2/2 1/3/3
f 1/3/3 48/2/2 25/4/4
f 1/5/3 25/6/4 24/7/5
f 24/7/5 25/6/4 26/8/6
f 24/7/5 26/8/6 23/9/7
f 23/9/7 26/8/6 27/10/8
f 23/9/7 27/10/8 22/11/9
f 22/11/9 27/10/8 28/12/10
f 22/11/9 28/12/10 21/13/11
f 21/13/11 28/12/10 29/14/12
f 21/13/11 29/14/12 20/15/13
f 20/15/13 29/14/12 30/16/14
f 20/15/13 30/16/14 19/17/15
f 19/17/15 30/16/14 31/18/16
f 19/17/15 31/18/16 18/19/17
f 18/19/17 31/18/16 32/20/18
f 18/19/17 32/20/18 17/21/19
f 17/21/19 32/20/18 33/22/20
f 17/21/19 33/22/20 16/23/21
f 16/23/21 33/22/20 34/24/22
f 16/23/21 34/24/22 15/25/23
f 15/25/23 34/24/22 35/26/24
f 15/25/23 35/26/24 14/27/25
f 14/27/25 35/26/24 36/28/26
f 14/27/25 36/28/26 13/29/27
f 13/29/27 36/28/26 37/30/28
f 13/29/27 37/30/28 12/31/29
f 12/31/29 37/30/28 38/32/30
f 12/31/29 38/32/30 11/33/31
f 11/33/31 38/32/30 39/34/32
f 11/33/31 39/34/32 10/35/33
f 10/35/33 39/34/32 40/36/34
f 10/35/33 40/36/34 9/37/35
f 9/37/35 40/36/34 41/38/36
f 9/37/35 41/38/36 8/39/37
f 8/39/37 41/38/36 42/40/38
f 8/39/37 42/40/38 7/41/39
f 7/41/39 42/40/38 43/42/40
f 7/41/39 43/42/40 6/43/41
f 6/43/41 43/42/40 44/44/42
f 6/43/41 44/44/42 5/45/43
f 5/45/43 44/44/42 45/46/44
f 5/45/43 45/46/44 4/47/45
f 4/47/45 45/46/44 46/48/46
f 4/47/45 46/48/46 3/49/47
f 3/49/47 46/48/46 47/50/48
f 3/49/47 47/50/48 2/1/1
f 2/1/1 47/50/48 48/2/2
f 50/51/49 102/52/50 49/53/51
f 49/53/51 102/52/50 76/54/52
f 49/55/51 76/56/52 75/57/53
f 75/57/53 76/56/52 77/58/54
f 75/57/53 77/58/54 74/59/55
f 74/59/55 77/58/54 78/60/56
f 74/59/55 78/60/56 73/61/57
f 73/61/57 78/60/56 79/62/58
f 73/61/57 79/62/58 72/63/59
f 72/63/59 79/62/58 80/64/60
f 72/63/59 80/64/60 71/65/61
f 71/65/61 80/64/60 81/66/62
f 71/65/61 81/66/62 70/67/63
f 70/67/63 81/66/62 82/68/64
f 70/67/63 82/68/64 69/69/65
f 69/69/65 82/68/64 83/70/66
f 69/69/65 83/70/66 68/71/67
f 68/71/67 83/70/66 84/72/68
f 68/71/67 84/72/68 67/73/69
f 67/73/69 84/72/68 85/74/70
f 67/73/69 85/74/70 66/75/71
f 66/75/71 85/74/70 86/76/72
f 66/75/71 86/76/72 65/77/73
f 65/77/73 86/76/72 87/78/74
f 65/77/73 87/78/74 64/79/75
f 64/79/75 87/78/74 88/80/76
f 64/79/75 88/80/76 63/81/77
f 63/81/77 88/80/76 89/82/78
f 63/81/77 89/82/78 62/83/79
f 62/83/79 89/82/78 90/84/80
f 62/83/79 90/84/80 61/85/81
f 61/85/81 90/84/80 91/86/82
f 61/85/81 91/86/82 60/87/83
f 60/87/83 91/86/82 92/88/84
f 60/87/83 92/88/84 59/89/85
f 59/89/85 92/88/84 93/90/86
f 59/89/85 93/90/86 58/91/87
f 58/91/87 93/90/86 94/92/88
f 58/91/87 94/92/88 57/93/89
f 57/93/89 94/92/88 95/94/90
f 57/93/89 95/94/90 56/95/91
f 56/95/91 95/94/90 96/96/92
f 56/95/91 96/96/92 55/97/93
f 55/97/93 96/96/92 97/98/94
f 55/97/93 97/98/94 54/99/95
f 54/99/95 97/98/94 98/100/96
f 54/99/95 98/100/96 53/101/97
f 53/101/97 98/100/96 99/102/98
f 53/101/97 99/102/98 52/103/99
f 52/103/99 99/102/98 100/104/100
f 52/103/99 100/104/100 51/105/101
f 51/105/101 100/104/100 101/106/102
f 51/105/101 101/106/102 50/51/49
f 50/51/49 101/106/102 102/52/50
f 104/107/103 150/108/104 103/109/105
f 103/109/105 150/108/104 127/110/106
f 103/111/105 127/112/106 126/113/107
f 126/113/107 127/112/106 128/114/108
f 126/113/107 128/114/108 125/115/109
f 125/115/109 128/114/108 129/116/110
f 125/115/109 129/116/110 124/117/111
f 124/117/111 129/116/110 130/118/112
f 124/117/111 130/118/112 123/119/113
f 123/119/113 130/118/112 131/120/114
f 123/119/113 131/120/114 122/121/115
f 122/121/115 131/120/114 132/122/116
f 122/121/115 132/122/116 121/123/117
f 121/123/117 132/122/116 133/124/118
f 121/123/117 133/124/118 120/125/119
f 120/125/119 133/124/118 134/126/120
f 120/125/119 134/126/120 119/127/121
f 119/127/121 134/126/120 135/128/122
f 119/127/121 135/128/122 118/129/123
f 118/129/123 135/128/122 136/130/124
f 118/129/123 136/130/124 117/131/125
f 117/131/125 136/130/124 137/132/126
f 117/131/125 137/132/126 116/133/127
f 116/133/127 137/132/126 138/134/128
f 116/133/127 138/134/128 115/135/129
f 115/135/129 138/134/128 139/136/130
f 115/135/129 139/136/130 114/137/131
f 114/137/131 139/136/130 140/138/132
f 114/137/131 140/138/132 113/139/133
f 113/139/133 140/138/132 141/140/134
f 113/139/133 141/140/134 112/141/135
f 112/141/135 141/140/134 142/142/136
f 112/141/135 142/142/136 111/143/137
f 111/143/137 142/142/136 143/144/138
f 111/143/137 143/144/138 110/145/139
f 110/145/139 143/144/138 144/146/140
f 110/145/139 144/146/140 109/147/141
f 109/147/141 144/146/140 145/148/142
f 109/147/141 145/148/142 108/149/143
f 108/149/143 145/148/142 146/150/144
f 108/149/143 146/150/144 107/151/145
f 107/151/145 146/150/144 147/152/146
f 107/151/145 147/152/146 106/153/147
f 106/153/147 147/152/146 148/154/148
f 106/153/147 148/154/148 105/155/149
f 105/155/149 148/154/148 149/156/150
f 105/155/149 149/156/150 104/107/103
f 104/107/103 149/156/150 150/108/104
f 152/157/151 204/158/152 151/159/153
f 151/159/153 204/158/152 178/160/154
f 151/161/153 178/162/154 177/163/155
f 177/163/155 178/162/154 179/164/156
f 177/163/155 179/164/156 176/165/157
f 176/165/157 179/164/156 180/166/158
f 176/165/157 180/166/158 175/167/159
f 175/167/159 180/166/158 181/168/160
f 175/167/159 181/168/160 174/169/161
f 174/169/161 181/168/160 182/170/162
f 174/169/161 182/170/162 173/171/163
f 173/171/163 182/170/162 183/172/164
f 173/171/163 183/172/164 172/173/165
f 172/173/165 183/172/164 184/174/166
f 172/173/165 184/174/166 171/175/167
f 171/175/167 184/174/166 185/176/168
f 171/175/167 185/176/168 170/177/169
f 170/177/169 185/176/168 186/178/170
f 170/177/169 186/178/170 169/179/171
f 169/179/171 186/178/170 187/180/172
f 169/179/171 187/180/172 168/181/173
f 168/181/173 187/180/172 188/182/174
f 168/181/173 188/182/174 167/183/175
f 167/183/175 188/182/174 189/184/176
f 167/183/175 189/184/176 166/185/177
f 166/185/177 189/184/176 190/186/178
f 166/185/177 190/186/178 165/187/179
f 165/187/179 190/186/178 191/188/180
f 165/187/179 191/188/180 164/189/181
f 164/189/181 191/188/180 192/190/182
f 164/189/181 192/190/182 163/191/183
f 163/191/183 192/190/182 193/192/184
f 163/191/183 193/192/184 162/193/185
f 162/193/185 193/192/184 194/194/186
f 162/193/185 194/194/186 161/195/187
f 161/195/187 194/194/186 195/196/188
f 161/195/187 195/196/188 160/197/189
f 160/197/189 195/196/188 196/198/190
f 160/197/189 196/198/190 159/199/191
f 159/199/191 196/198/190 197/200/192
f 159/199/191 197/200/192 158/201/193
f 158/201/193 197/200/192 198/202/194
f 158/201/193 198/202/194 157/203/195
f 157/203/195 198/202/194 199/204/196
f 157/203/195 199/204/196 156/205/197
f 156/205/197 199/204/196 200/206/198
f 156/205/197 200/206/198 155/207/199
f 155/207/199 200/206/198 201/208/200
f 155/207/199 201/208/200 154/209/201
f 154/209/201 201/208/200 202/210/202
f 154/209/201 202/210/202 153/211/203
f 153/211/203 202/210/202 203/212/204
f 153/211/203 203/212/204 152/157/151
f 152/157/151 203/212/204 204/158/152
f 206/213/205 252/214/206 205/215/207
f 205/215/207 252/214/206 229/216/208
f 205/217/207 229/218/208 228/219/209
f 228/219/209 229/218/208 230/220/210
f 228/219/209 230/220/210 227/221/211
f 227/221/211 230/220/210 231/222/212
f 227/221/211 231/222/212 226/223/213
f 226/223/213 231/222/212 232/224/214
f 226/223/213 232/224/214 225/225/215
f 225/225/215 232/224/214 233/226/216
f 225/225/215 233/226/216 224/227/217
f 224/227/217 233/226/216 234/228/218
f 224/227/217 234/228/218 223/229/219
f 223/229/219 234/228/218 235/230/220
f 223/229/219 235/230/220 222/231/221
f 222/231/221 235/230/220 236/232/222
f 222/231/221 236/232/222 221/233/223
f 221/233/223 236/232/222 237/234/224
f 221/233/223 237/234/224 220/235/225
f 220/235/225 237/234/224 238/236/226
f 220/235/225 238/236/226 219/237/227
f 219/237/227 238/236/226 239/238/228
f 219/237/227 239/238/228 218/239/229
f 218/239/229 239/238/228 240/240/230
f 218/239/229 240/240/230 217/241/231
f 217/241/231 240/240/230 241/242/232
f 217/241/231 241/242/232 216/243/233
f 216/243/233 241/242/232 242/244/234
f 216/243/233 242/244/234 215/245/235
f 215/245/235 242/244/234 243/246/236
f 215/245/235 243/246/236 214/247/237
f 214/247/237 243/246/236 244/248/238
f 214/247/237 244/248/238 213/249/239
f 213/249/239 244/248/238 245/250/240
f 213/249/239 245/250/240 212/251/241
f 212/251/241 245/250/240 246/252/242
f 212/251/241 246/252/242 211/253/243
f 211/253/243 246/252/242 247/254/244
f 211/253/243 247/254/244 210/255/245
f 210/255/245 247/254/244 248/256/246
f 210/255/245 248/256/246 209/257/247
f 209/257/247 248/256/246 249/258/248
f 209/257/247 249/258/248 208/259/249
f 208/259/249 249/258/248 250/260/250
f 208/259/249 250/260/250 207/261/251
f 207/261/251 250/260/250 251/262/252
f 207/261/251 251/262/252 206/213/205
f 206/213/205 251/262/252 252/214/206
f 254/263/253 300/264/254 253/265/255
f 253/265/255 300/264/254 277/266/256
f 253/267/255 277/268/256 276/269/257
f 276/269/257 277/268/256 278/270/258
f 276/269/257 278/270/258 275/271/259
f 275/271/259 278/270/258 279/272/260
f 275/271/259 279/272/260 274/273/261
f 274/273/261 279/272/260 280/274/262
f 274/273/261 280/274/262 273/275/263
f 273/275/263 280/274/262 281/276/264
f 273/275/263 281/276/264 272/277/265
f 272/277/265 281/276/264 282/278/266
f 272/277/265 282/278/266 271/279/267
f 271/279/267 282/278/266 283/280/268
f 271/279/267 283/280/268 270/281/269
f 270/281/269 283/280/268 284/282/270
f 270/281/269 284/282/270 269/283/271
f 269/283/271 284/282/270 285/284/272
f 269/283/271 285/284/272 268/285/273
f 268/285/273 285/284/272 286/286/274
f 268/285/273 286/286/274 267/287/275
f 267/287/275 286/286/274 287/288/276
f 267/287/275 287/288/276 266/289/277
f 266/289/277 287/288/276 288/290/278
f 266/289/277 288/290/278 265/291/279
f 265/291/279 288/290/278 289/292/280
f 265/291/279 289/292/280 264/293/281
f 264/293/281 289/292/280 290/294/282
f 264/293/281 290/294/282 263/295/283
f 263/295/283 290/294/282 291/296/284
f 263/295/283 291/296/284 262/297/285
f 262/297/285 291/296/284 292/298/286
f 262/297/285 292/298/286 261/299/287
f 261/299/287 292/298/286 293/300/288
f 261/299/287 293/300/288 260/301/289
f 260/301/289 293/300/288 294/302/290
f 260/301/289 294/302/290 259/303/291
f 259/303/291 294/302/290 295/304/292
f 259/303/291 295/304/292 258/305/293
f 258/305/293 295/304/292 296/306/294
f 258/305/293 296/306/294 257/307/295
f 257/307/295 296/306/294 297/308/296
f 257/307/295 297/308/296 256/309/297
f 256/309/297 297/308/296 298/310/298
f 256/309/297 298/310/298 255/311/299
f 255/311/299 298/310/298 299/312/300
f 255/311/299 299/312/300 254/263/253
f 254/263/253 299/312/300 300/264/254
f 302/313/301 348/314/302 301/315/303
f 301/315/303 348/314/302 325/316/304
f 301/317/303 325/318/304 324/319/305
f 324/319/305 325/318/304 326/320/306
f 324/319/305 326/320/306 323/321/307
f 323/321/307 326/320/306 327/322/308
f 323/321/307 327/322/308 322/323/309
f 322/323/309 327/322/308 328/324/310
f 322/323/309 328/324/310 321/325/311
f 321/325/311 328/324/310 329/326/312
f 321/325/311 329/326/312 320/327/313
f 320/327/313 329/326/312 330/328/314
f 320/327/313 330/328/314 319/329/315
f 319/329/315 330/328/314 331/330/316
f 319/329/315 331/330/316 318/331/317
f 318/331/317 331/330/316 332/332/318
f 318/331/317 332/332/318 317/333/319
f 317/333/319 332/332/318 333/334/320
f 317/333/319 333/334/320 316/335/321
f 316/335/321 333/334/320 334/336/322
f 316/335/321 334/336/322 315/337/323
f 315/337/323 334/336/322 335/338/324
f 315/337/323 335/338/324 314/339/325
f 314/339/325 335/338/324 336/340/326
f 314/339/325 336/340/326 313/341/327
f 313/341/327 336/340/326 337/342/328
f 313/341/327 337/342/328 312/343/329
f 312/343/329 337/342/328 338/344/330
f 312/343/329 338/344/330 311/345/331
f 311/345/331 338/344/330 339/346/332
f 311/345/331 339/346/332 310/347/333
f 310/347/333 339/346/332 340/348/334
f 310/347/333 340/348/334 309/349/335
f 309/349/335 340/348/334 341/350/336
f 309/349/335 341/350/336 308/351/337
f 308/351/337 341/350/336 342/352/338
f 308/351/337 342/352/338 307/353/339
f 307/353/339 342/352/338 343/354/340
f 307/353/339 343/354/340 306/355/341
f 306/355/341 343/354/340 344/356/342
f 306/355/341 344/356/342 305/357/343
f 305/357/343 344/356/342 345/358/344
f 305/357/343 345/358/344 304/359/345
f 304/359/345 345/358/344 346/360/346
f 304/359/345 346/360/346 303/361/347
f 303/361/347 346/360/346 347/362/348
f 303/361/347 347/362/348 302/313/301
f 302/313/301 347/362/348 348/314/302
f 350/363/349 396/364/350 349/365/351
f 349/365/351 396/364/350 373/366/352
f 349/367/351 373/368/352 372/369/353
f 372/369/353 373/368/352 374/370/354
f 372/369/353 374/370/354 371/371/355
f 371/371/355 374/370/354 375/372/356
f 371/371/355 375/372/356 370/373/357
f 370/373/357 375/372/356 376/374/358
f 370/373/357 376/374/358 369/375/359
f 369/375/359 376/374/358 377/376/360
f 369/375/359 377/376/360 368/377/361
f 368/377/361 377/376/360 378/378/362
f 368/377/361 378/378/362 367/379/363
f 367/379/363 378/378/362 379/380/364
f 367/379/363 379/380/364 366/381/365
f 366/381/365 379/380/364 380/382/366
f 366/381/365 380/382/366 365/383/367
f 365/383/367 380/382/366 381/384/368
f 365/383/367 381/384/368 364/385/369
f 364/385/369 381/384/368 382/386/370
f 364/385/369 382/386/370 363/387/371
f 363/387/371 382/386/370 383/388/372
f 363/387/371 383/388/372 362/389/373
f 362/389/373 383/388/372 384/390/374
f 362/389/373 384/390/374 361/391/375
f 361/391/375 384/390/374 385/392/376
f 361/391/375 385/392/376 360/393/377
f 360/393/377 385/392/376 386/394/378
f 360/393/377 386/394/378 359/395/379
f 359/395/379 386/394/378 387/396/380
f 359/395/379 387/396/380 358/397/381
f 358/397/381 387/396/380 388/398/382
f 358/397/381 388/398/382 357/399/383
f 357/399/383 388/398/382 389/400/384
f 357/399/383 389/400/384 356/401/385
f 356/401/385 389/400/384 390/402/386
f 356/401/385 390/402/386 355/403/387
f 355/403/387 390/402/386 391/404/388
f 355/403/387 391/404/388 354/405/389
f 354/405/389 391/404/388 392/406/390
f 354/405/389 392/406/390 353/407/391
f 353/407/391 392/406/390 393/408/392
f 353/407/391 393/408/392 352/409/393
f 352/409/393 393/408/392 394/410/394
f 352/409/393 394/410/394 351/411/395
f 351/411/395 394/410/394 395/412/396
f 351/411/395 395/412/396 350/363/349
f 350/363/349 395/412/396 396/364/350
f 398/413/397 444/414/398 397/415/399
f 397/415/399 444/414/398 421/416/400
f 397/417/399 421/418/400 420/419/401
f 420/419/401 421/418/400 422/420/402
f 420/419/401 422/420/402 419/421/403
f 419/421/403 422/420/402 423/422/404
f 419/421/403 423/422/404 418/423/405
f 418/423/405 423/422/404 424/424/406
f 418/423/405 424/424/406 417/425/407
f 417/425/407 424/424/406 425/426/408
f 417/425/407 425/426/408 416/427/409
f 416/427/409 425/426/408 426/428/410
f 416/427/409 426/428/410 415/429/411
f 415/429/411 426/428/410 427/430/412
f 415/429/411 427/430/412 414/431/413
f 414/431/413 427/430/412 428/432/414
f 414/431/413 428/432/414 413/433/415
f 413/433/415 428/432/414 429/434/416
f 413/433/415 429/434/416 412/435/417
f 412/435/417 429/434/416 430/436/418
f 412/435/417 430/436/418 411/437/419
f 411/437/419 430/436/418 431/438/420
f 411/437/419 431/438/420 410/439/421
f 410/439/421 431/438/420 432/440/422
f 410/439/421 432/440/422 409/441/423
f 409/441/423 432/440/422 433/442/424
f 409/441/423 433/442/424 408/443/425
f 408/443/425 433/442/424 434/444/426
f 408/443/425 434/444/426 407/445/427
f 407/445/427 434/444/426 435/446/428
f 407/445/427 435/446/428 406/447/429
f 406/447/429 435/446/428 436/448/430
f 406/447/429 436/448/430 405/449/431
f 405/449/431 436/448/430 437/450/432
f 405/449/431 437/450/432 404/451/433
f 404/451/433 437/450/432 438/452/434
f 404/451/433 438/452/434 403/453/435
f 403/453/435 438/452/434 439/454/436
f 403/453/435 439/454/436 402/455/437
f 402/455/437 439/454/436 440/456/438
f 402/455/437 440/456/438 401/457/439
f 401/457/439 440/456/438 441/458/440
f 401/457/439 441/458/440 400/459/441
f 400/459/441 441/458/440 442/460/442
f 400/459/441 442/460/442 399/461/443
f 399/461/443 442/460/442 443/462/444
f 399/461/443 443/462/444 398/413/397
f 398/413/397 443/462/444 444/414/398
f 446/463/445 492/464/446 445/465/447
f 445/465/447 492/464/446 469/466/448
f 445/467/447 469/468/448 468/469/449
f 468/469/449 469/468/448 470/470/450
f 468/469/449 470/470/450 467/471/451
f 467/471/451 470/470/450 471/472/452
f 467/471/451 471/472/452 466/473/453
f 466/473/453 471/472/452 472/474/454
f 466/473/453 472/474/454 465/475/455
f 465/475/455 472/474/454 473/476/456
f 465/475/455 473/476/456 464/477/457
f 464/477/457 473/476/456 474/478/458
f 464/477/457 474/478/458 463/479/459
f 463/479/459 474/478/458 475/480/460
f 463/479/459 475/480/460 462/481/461
f 462/481/461 475/480/460 476/482/462
f 462/481/461 476/482/462 461/483/463
f 461/483/463 476/482/462 477/484/464
f 461/483/463 477/484/464 460/485/465
f 460/485/465 477/484/464 478/486/466
f 460/485/465 478/486/466 459/487/467
f 459/487/467 478/486/466 479/488/468
f 459/487/467 479/488/468 458/489/469
f 458/489/469 479/488/468 480/490/470
f 458/489/469 480/490/470 457/491/471
f 457/491/471 480/490/470 481/492/472
f 457/491/471 481/492/472 456/493/473
f 456/493/473 481/492/472 482/494/474
f 456/493/473 482/494/474 455/495/475
f 455/495/475 482/494/474 483/496/476
f 455/495/475 483/496/476 454/497/477
f 454/497/477 483/496/476 484/498/478
f 454/497/477 484/498/478 453/499/479
f 453/499/479 484/498/478 485/500/480
f 453/499/479 485/500/480 452/501/481
f 452/501/481 485/500/480 486/502/482
f 452/501/481 486/502/482 451/503/483
f 451/503/483 486/502/482 487/504/484
f 451/503/483 487/504/484 450/505/485
f 450/505/485 487/504/484 488/506/486
f 450/505/485 488/506/486 449/507/487
f 449/507/487 488/506/486 489/508/488
f 449/507/487 489/508/488 448/509/489
f 448/509/489 489/508/488 490/510/490
f 448/509/489 490/510/490 447/511/491
f 447/511/491 490/510/490 491/512/492
f 447/511/491 491/512/492 446/463/445
f 446/463/445 491/512/492 492/464/446
f 494/513/493 540/514/494 493/515/495
f 493/515/495 540/514/494 517/516/496
f 493/517/495 517/518/496 516/519/497
f 516/519/497 517/518/496 518/520/498
f 516/519/497 518/520/498 515/521/499
f 515/521/499 518/520/498 519/522/500
f 515/521/499 519/522/500 514/523/501
f 514/523/501 519/522/500 520/524/502
f 514/523/501 520/524/502 513/525/503
f 513/525/503 520/524/502 521/526/504
f 513/525/503 521/526/504 512/527/505
f 512/527/505 521/526/504 522/528/506
f 512/527/505 522/528/506 511/529/507
f 511/529/507 522/528/506 523/530/508
f 511/529/507 523/530/508 510/531/509
f 510/531/509 523/530/508 524/532/510
f 510/531/509 524/532/510 509/533/511
f 509/533/511 524/532/510 525/534/512
f 509/533/511 525/534/512 508/535/513
f 508/535/513 525/534/512 526/536/514
f 508/535/513 526/536/514 507/537/515
f 507/537/515 526/536/514 527/538/516
f 507/537/515 527/538/516 506/539/517
f 506/539/517 527/538/516 528/540/518
f 506/539/517 528/540/518 505/541/519
f 505/541/519 528/540/518 529/542/520
f 505/541/519 529/542/520 504/543/521
f 504/543/521 529/542/520 530/544/522
f 504/543/521 530/544/522 503/545/523
f 503/545/523 530/544/522 531/546/524
f 503/545/523 531/546/524 502/547/525
f 502/547/525 531/546/524 532/548/526
f 502/547/525 532/548/526 501/549/527
f 501/549/527 532/548/526 533/550/528
f 501/549/527 533/550/528 500/551/529
f 500/551/529 533/550/528 534/552/530
f 500/551/529 534/552/530 499/553/531
f 499/553/531 534/552/530 535/554/532
f 499/553/531 535/554/532 498/555/533
f 498/555/533 535/554/532 536/556/534
f 498/555/533 536/556/534 497/557/535
f 497/557/535 536/556/534 537/558/536
f 497/557/535 537/558/536 496/559/537
f 496/559/537 537/558/536 538/560/538
f 496/559/537 538/560/538 495/561/539
f 495/561/539 538/560/538 539/562/540
f 495/561/539 539/562/540 494/513/493
f 494/513/493 539/562/540 540/514/494
f 542/563/541 594/564/542 541/565/543
f 541/565/543 594/564/542 568/566/544
f 541/567/543 568/568/544 567/569/545
f 567/569/545 568/568/544 569/570/546
f 567/569/545 569/570/546 566/571/547
f 566/571/547 569/570/546 570/572/548
f 566/571/547 570/572/548 565/573/549
f 565/573/549 570/572/548 571/574/550
f 565/573/549 571/574/550 564/575/551
f 564/575/551 571/574/550 572/576/552
f 564/575/551 572/576/552 563/577/553
f 563/577/553 572/576/552 573/578/554
f 563/577/553 573/578/554 562/579/555
f 562/579/555 573/578/554 574/580/556
f 562/579/555 574/580/556 561/581/557
f 561/581/557 574/580/556 575/582/558
f 561/581/557 575/582/558 560/583/559
f 560/583/559 575/582/558 576/584/560
f 560/583/559 576/584/560 559/585/561
f 559/585/561 576/584/560 577/586/562
f 559/585/561 577/586/562 558/587/563
f 558/587/563 577/586/562 578/588/564
f 558/587/563 578/588/564 557/589/565
f 557/589/565 578/588/564 579/590/566
f 557/589/565 579/590/566 556/591/567
f 556/591/567 579/590/566 580/592/568
f 556/591/567 580/592/568 555/593/569
f 555/593/569 580/592/568 581/594/570
f 555/593/569 581/594/570 554/595/571
f 554/595/571 581/594/570 582/596/572
f 554/595/571 582/596/572 553/597/573
f 553/597/573 582/596/572 583/598/574
f 553/597/573 583/598/574 552/599/575
f 552/599/575 583/598/574 584/600/576
f 552/599/575 584/600/576 551/601/577
f 551/601/577 584/600/576 585/602/578
f 551/601/577 585/602/578 550/603/579
f 550/603/579 585/602/578 586/604/580
f 550/603/579 586/604/580 549/605/581
f 549/605/581 586/604/580 587/606/582
f 549/605/581 587/606/582 548/607/583
f 548/607/583 587/606/582 588/608/584
f 548/607/583 588/608/584 547/609/585
f 547/609/585 588/608/584 589/610/586
f 547/609/585 589/610/586 546/611/587
f 546/611/587 589/610/586 590/612/588
f 546/611/587 590/612/588 545/613/589
f 545/613/589 590/612/588 591/614/590
f 545/613/589 591/614/590 544/615/591
f 544/615/591 591/614/590 592/616/592
f 544/615/591 592/616/592 543/617/593
f 543/617/593 592/616/592 593/618/594
f 543/617/593 593/618/594 542/563/541
f 542/563/541 593/618/594 594/564/542
f 596/619/595 642/620/596 595/621/597
f 595/621/597 642/620/596 619/622/598
f 595/623/597 619/624/598 618/625/599
f 618/625/599 619/624/598 620/626/600
f 618/625/599 620/626/600 617/627/601
f 617/627/601 620/626/600 621/628/602
f 617/627/601 621/628/602 616/629/603
f 616/629/603 621/628/602 622/630/604
f 616/629/603 622/630/604 615/631/605
f 615/631/605 622/630/604 623/632/606
f 615/631/605 623/632/606 614/633/607
f 614/633/607 623/632/606 624/634/608
f 614/633/607 624/634/608 613/635/609
f 613/635/609 624/634/608 625/636/610
f 613/635/609 625/636/610 612/637/611
f 612/637/611 625/636/610 626/638/612
f 612/637/611 626/638/612 611/639/613
f 611/639/613 626/638/612 627/640/614
f 611/639/613 627/640/614 610/641/615
f 610/641/615 627/640/614 628/642/616
f 610/641/615 628/642/616 609/643/617
f 609/643/617 628/642/616 629/644/618
f 609/643/617 629/644/618 608/645/619
f 608/645/619 629/644/618 630/646/620
f 608/645/619 630/646/620 607/647/621
f 607/647/621 630/646/620 631/648/622
f 607/647/621 631/648/622 606/649/623
f 606/649/623 631/648/622 632/650/624
f 606/649/623 632/650/624 605/651/625
f 605/651/625 632/650/624 633/652/626
f 605/651/625 633/652/626 604/653/627
f 604/653/627 633/652/626 634/654/628
f 604/653/627 634/654/628 603/655/629
f 603/655/629 634/654/628 635/656/630
f 603/655/629 635/656/630 602/657/631
f 602/657/631 635/656/630 636/658/632
f 602/657/631 636/658/632 601/659/633
f 601/659/633 636/658/632 637/660/634
f 601/659/633 637/660/634 600/661/635
f 600/661/635 637/660/634 638/662/636
f 600/661/635 638/662/636 599/663/637
f 599/663/637 638/662/636 639/664/638
f 599/663/637 639/664/638 598/665/639
f 598/665/639 639/664/638 640/666/640
f 598/665/639 640/666/640 597/667/641
f 597/667/641 640/666/640 641/668/642
f 597/667/641 641/668/642 596/619/595
f 596/619/595 641/668/642 642/620/596
f 644/669/643 696/670/644 643/671/645
f 643/671/645 696/670/644 670/672/646
f 643/673/645 670/674/646 669/675/647
f 669/675/647 670/674/646 671/676/648
f 669/675/647 671/676/648 668/677/649
f 668/677/649 671/676/648 672/678/650
f 668/677/649 672/678/650 667/679/651
f 667/679/651 672/678/650 673/680/652
f 667/679/651 673/680/652 666/681/653
f 666/681/653 673/680/652 674/682/654
f 666/681/653 674/682/654 665/683/655
f 665/683/655 674/682/654 675/684/656
f 665/683/655 675/684/656 664/685/657
f 664/685/657 675/684/656 676/686/658
f 664/685/657 676/686/658 663/687/659
f 663/687/659 676/686/658 677/688/660
f 663/687/659 677/688/660 662/689/661
f 662/689/661 677/688/660 678/690/662
f 662/689/661 678/690/662 661/691/663
f 661/691/663 678/690/662 679/692/664
f 661/691/663 679/692/664 660/693/665
f 660/693/665 679/692/664 680/694/666
f 660/693/665 680/694/666 659/695/667
f 659/695/667 680/694/666 681/696/668
f 659/695/667 681/696/668 658/697/669
f 658/697/669 681/696/668 682/698/670
f 658/697/669 682/698/670 657/699/671
f 657/699/671 682/698/670 683/700/672
f 657/699/671 683/700/672 656/701/673
f 656/701/673 683/700/672 684/702/674
f 656/701/673 684/702/674 655/703/675
f 655/703/675 684/702/674 685/704/676
f 655/703/675 685/704/676 654/705/677
f 654/705/677 685/704/676 686/706/678
f 654/705/677 686/706/678 653/707/679
f 653/707/679 686/706/678 687/708/680
f 653/707/679 687/708/680 652/709/681
f 652/709/681 687/708/680 688/710/682
f 652/709/681 688/710/682 651/711/683
f 651/711/683 688/710/682 689/712/684
f 651/711/683 689/712/684 650/713/685
f 650/713/685 689/712/684 690/714/686
f 650/713/685 690/714/686 649/715/687
f 649/715/687 690/714/686 691/716/688
f 649/715/687 691/716/688 648/717/689
f 648/717/689 691/716/688 692/718/690
f 648/717/689 692/718/690 647/719/691
f 647/719/691 692/718/690 693/720/692
f 647/719/691 693/720/692 646/721/693
f 646/721/693 693/720/692 694/722/694
f 646/721/693 694/722/694 645/723/695
f 645/723/695 694/722/694 695/724/696
f 645/723/695 695/724/696 644/669/643
f 644/669/643 695/724/696 696/670/644
f 698/725/697 744/726/698 697/727/699
f 697/727/699 744/726/698 721/728/700
f 697/729/699 721/730/700 720/731/701
f 720/731/701 721/730/700 722/732/702
f 720/731/701 722/732/702 719/733/703
f 719/733/703 722/732/702 723/734/704
f 719/733/703 723/734/704 718/735/705
f 718/735/705 723/734/704 724/736/706
f 718/735/705 724/736/706 717/737/707
f 717/737/707 724/736/706 725/738/708
f 717/737/707 725/738/708 716/739/709
f 716/739/709 725/738/708 726/740/710
f 716/739/709 726/740/710 715/741/711
f 715/741/711 726/740/710 727/742/712
f 715/741/711 727/742/712 714/743/713
f 714/743/713 727/742/712 728/744/714
f 714/743/713 728/744/714 713/745/715
f 713/745/715 728/744/714 729/746/716
f 713/745/715 729/746/716 712/747/717
f 712/747/717 729/746/716 730/748/718
f 712/747/717 730/748/718 711/749/719
f 711/749/719 730/748/718 731/750/720
f 711/749/719 731/750/720 710/751/721
f 710/751/721 731/750/720 732/752/722
f 710/751/721 732/752/722 709/753/723
f 709/753/723 732/752/722 733/754/724
f 709/753/723 733/754/724 708/755/725
f 708/755/725 733/754/724 734/756/726
f 708/755/725 734/756/726 707/757/727
f 707/757/727 734/756/726 735/758/728
f 707/757/727 735/758/728 706/759/729
f 706/759/729 735/758/728 736/760/730
f 706/759/729 736/760/730 705/761/731
f 705/761/731 736/760/730 737/762/732
f 705/761/731 737/762/732 704/763/733
f 704/763/733 737/762/732 738/764/734
f 704/763/733 738/764/734 703/765/735
f 703/765/735 738/764/734 739/766/736
f 703/765/735 739/766/736 702/767/737
f 702/767/737 739/766/736 740/768/738
f 702/767/737 740/768/738 701/769/739
f 701/769/739 740/768/738 741/770/740
f 701/769/739 741/770/740 700/771/741
f 700/771/741 741/770/740 742/772/742
f 700/771/741 742/772/742 699/773/743
f 699/773/743 742/772/742 743/774/744
f 699/773/743 743/774/744 698/725/697
f 698/725/697 743/774/744 744/726/698
f 746/775/745 792/776/746 745/777/747
f 745/777/747 792/776/746 769/778/748
f 745/779/747 769/780/748 768/781/749
f 768/781/749 769/780/748 770/782/750
f 768/781/749 770/782/750 767/783/751
f 767/783/751 770/782/750 771/784/752
f 767/783/751 771/784/752 766/785/753
f 766/785/753 771/784/752 772/786/754
f 766/785/753 772/786/754 765/787/755
f 765/787/755 772/786/754 773/788/756
f 765/787/755 773/788/756 764/789/757
f 764/789/757 773/788/756 774/790/758
f 764/789/757 774/790/758 763/791/759
f 763/791/759 774/790/758 775/792/760
f 763/791/759 775/792/760 762/793/761
f 762/793/761 775/792/760 776/794/762
f 762/793/761 776/794/762 761/795/763
f 761/795/763 776/794/762 777/796/764
f 761/795/763 777/796/764 760/797/765
f 760/797/765 777/796/764 778/798/766
f 760/797/765 778/798/766 759/799/767
f 759/799/767 778/798/766 779/800/768
f 759/799/767 779/800/768 758/801/769
f 758/801/769 779/800/768 780/802/770
f 758/801/769 780/802/770 757/803/771
f 757/803/771 780/802/770 781/804/772
f 757/803/771 781/804/772 756/805/773
f 756/805/773 781/804/772 782/806/774
f 756/805/773 782/806/774 755/807/775
f 755/807/775 782/806/774 783/808/776
f 755/807/775 783/808/776 754/809/777
f 754/809/777 783/808/776 784/810/778
f 754/809/777 784/810/778 753/811/779
f 753/811/779 784/810/778 785/812/780
f 753/811/779 785/812/780 752/813/781
f 752/813/781 785/812/780 786/814/782
f 752/813/781 786/814/782 751/815/783
f 751/815/783 786/814/782 787/816/784
f 751/815/783 787/816/784 750/817/785
f 750/817/785 787/816/784 788/818/786
f 750/817/785 788/818/786 749/819/787
f 749/819/787 788/818/786 789/820/788
f 749/819/787 789/820/788 748/821/789
f 748/821/789 789/820/788 790/822/790
f 748/821/789 790/822/790 747/823/791
f 747/823/791 790/822/790 791/824/792
f 747/823/791 791/824/792 746/775/745
f 746/775/745 791/824/792 792/776/746
f 794/825/793 840/826/794 793/827/795
f 793/827/795 840/826/794 817/828/796
f 793/829/795 817/830/796 816/831/797
f 816/831/797 817/830/796 818/832/798
f 816/831/797 818/832/798 815/833/799
f 815/833/799 818/832/798 819/834/800
f 815/833/799 819/834/800 814/835/801
f 814/835/801 819/834/800 820/836/802
f 814/835/801 820/836/802 813/837/803
f 813/837/803 820/836/802 821/838/804
f 813/837/803 821/838/804 812/839/805
f 812/839/805 821/838/804 822/840/806
f 812/839/805 822/840/806 811/841/807
f 811/841/807 822/840/806 823/842/808
f 811/841/807 823/842/808 810/843/809
f 810/843/809 823/842/808 824/844/810
f 810/843/809 824/844/810 809/845/811
f 809/845/811 824/844/810 825/846/812
f 809/845/811 825/846/812 808/847/813
f 808/847/813 825/846/812 826/848/814
f 808/847/813 826/848/814 807/849/815
f 807/849/815 826/848/814 827/850/816
f 807/849/815 827/850/816 806/851/817
f 806/851/817 827/850/816 828/852/818
f 806/851/817 828/852/818 805/853/819
f 805/853/819 828/852/818 829/854/820
f 805/853/819 829/854/820 804/855/821
f 804/855/821 829/854/820 830/856/822
f 804/855/821 830/856/822 803/857/823
f 803/857/823 830/856/822 831/858/824
f 803/857/823 831/858/824 802/859/825
f 802/859/825 831/858/824 832/860/826
f 802/859/825 832/860/826 801/861/827
f 801/861/827 832/860/826 833/862/828
f 801/861/827 833/862/828 800/863/829
f 800/863/829 833/862/828 834/864/830
f 800/863/829 834/864/830 799/865/831
f 799/865/831 834/864/830 835/866/832
f 799/865/831 835/866/832 798/867/833
f 798/867/833 835/866/832 836/868/834
f 798/867/833 836/868/834 797/869/835
f 797/869/835 836/868/834 837/870/836
f 797/869/835 837/870/836 796/871/837
f 796/871/837 837/870/836 838/872/838
f 796/871/837 838/872/838 795/873/839
f 795/873/839 838/872/838 839/874/840
f 795/873/839 839/874/840 794/825/793
f 794/825/793 839/874/840 840/826/794
f 842/875/841 888/876/842 841/877/843
f 841/877/843 888/876/842 865/878/844
f 841/879/843 865/880/844 864/881/845
f 864/881/845 865/880/844 866/882/846
f 864/881/845 866/882/846 863/883/847
f 863/883/847 866/882/846 867/884/848
f 863/883/847 867/884/848 862/885/849
f 862/885/849 867/884/848 868/886/850
f 862/885/849 868/886/850 861/887/851
f 861/887/851 868/886/850 869/888/852
f 861/887/851 869/888/852 860/889/853
f 860/889/853 869/888/852 870/890/854
f 860/889/853 870/890/854 859/891/855
f 859/891/855 870/890/854 871/892/856
f 859/891/855 871/892/856 858/893/857
f 858/893/857 871/892/856 872/894/858
f 858/893/857 872/894/858 857/895/859
f 857/895/859 872/894/858 873/896/860
f 857/895/859 873/896/860 856/897/861
f 856/897/861 873/896/860 874/898/862
f 856/897/861 874/898/862 855/899/863
f 855/899/863 874/898/862 875/900/864
f 855/899/863 875/900/864 854/901/865
f 854/901/865 875/900/864 876/902/866
f 854/901/865 876/902/866 853/903/867
f 853/903/867 876/902/866 877/904/868
f 853/903/867 877/904/868 852/905/869
f 852/905/869 877/904/868 878/906/870
f 852/905/869 878/906/870 851/907/871
f 851/907/871 878/906/870 879/908/872
f 851/907/871 879/908/872 850/909/873
f 850/909/873 879/908/872 880/910/874
f 850/909/873 880/910/874 849/911/875
f 849/911/875 880/910/874 881/912/876
f 849/911/875 881/912/876 848/913/877
f 848/913/877 881/912/876 882/914/878
f 848/913/877 882/914/878 847/915/879
f 847/915/879 882/914/878 883/916/880
f 847/915/879 883/916/880 846/917/881
f 846/917/881 883/916/880 884/918/882
f 846/917/881 884/918/882 845/919/883
f 845/919/883 884/918/882 885/920/884
f 845/919/883 885/920/884 844/921/885
f 844/921/885 885/920/884 886/922/886
f 844/921/885 886/922/886 843/923/887
f 843/923/887 886/922/886 887/924/888
f 843/923/887 887/924/888 842/875/841
f 842/875/841 887/924/888 888/876/842
f 890/925/889 936/926/890 889/927/891
f 889/927/891 936/926/890 913/928/892
f 889/929/891 913/930/892 912/931/893
f 912/931/893 913/930/892 914/932/894
f 912/931/893 914/932/894 911/933/895
f 911/933/895 914/932/894 915/934/896
f 911/933/895 915/934/896 910/935/897
f 910/935/897 915/934/896 916/936/898
f 910/935/897 916/936/898 909/937/899
f 909/937/899 916/936/898 917/938/900
f 909/937/899 917/938/900 908/939/901
f 908/939/901 917/938/900 918/940/902
f 908/939/901 918/940/902 907/941/903
f 907/941/903 918/940/902 919/942/904
f 907/941/903 919/942/904 906/943/905
f 906/943/905 919/942/904 920/944/906
f 906/943/905 920/944/906 905/945/907
f 905/945/907 920/944/906 921/946/908
f 905/945/907 921/946/908 904/947/909
f 904/947/909 921/946/908 922/948/910
f 904/947/909 922/948/910 903/949/911
f 903/949/911 922/948/910 923/950/912
f 903/949/911 923/950/912 902/951/913
f 902/951/913 923/950/912 924/952/914
f 902/951/913 924/952/914 901/953/915
f 901/953/915 924/952/914 925/954/916
f 901/953/915 925/954/916 900/955/917
f 900/955/917 925/954/916 926/956/918
f 900/955/917 926/956/918 899/957/919
f 899/957/919 926/956/918 927/958/920
f 899/957/919 927/958/920 898/959/921
f 898/959/921 927/958/920 928/960/922
f 898/959/921 928/960/922 897/961/923
f 897/961/923 928/960/922 929/962/924
f 897/961/923 929/962/924 896/963/925
f 896/963/925 929/962/924 930/964/926
f 896/963/925 930/964/926 895/965/927
f 895/965/927 930/964/926 931/966/928
f 895/965/927 931/966/928 894/967/929
f 894/967/929 931/966/928 932/968/930
f 894/967/929 932/968/930 893/969/931
f 893/969/931 932/968/930 933/970/932
f 893/969/931 933/970/932 892/971/933
f 892/971/933 933/970/932 934/972/934
f 892/971/933 934/972/934 891/973/935
f 891/973/935 934/972/934 935/974/936
f 891/973/935 935/974/936 890/925/889
f 890/925/889 935/974/936 936/926/890
f 938/975/937 984/976/938 937/977/939
f 937/977/939 984/976/938 961/978/940
f 937/979/939 961/980/940 960/981/941
f 960/981/941 961/980/940 962/982/942
f 960/981/941 962/982/942 959/983/943
f 959/983/943 962/982/942 963/984/944
f 959/983/943 963/984/944 958/985/945
f 958/985/945 963/984/944 964/986/946
f 958/985/945 964/986/946 957/987/947
f 957/987/947 964/986/946 965/988/948
f 957/987/947 965/988/948 956/989/949
f 956/989/949 965/988/948 966/990/950
f 956/989/949 966/990/950 955/991/951
f 955/991/951 966/990/950 967/992/952
f 955/991/951 967/992/952 954/993/953
f 954/993/953 967/992/952 968/994/954
f 954/993/953 968/994/954 953/995/955
f 953/995/955 968/994/954 969/996/956
f 953/995/955 969/996/956 952/997/957
f 952/997/957 969/996/956 970/998/958
f 952/997/957 970/998/958 951/999/959
f 951/999/959 970/998/958 971/1000/960
f 951/999/959 971/1000/960 950/1001/961
f 950/1001/961 971/1000/960 972/1002/962
f 950/1001/961 972/1002/962 949/1003/963
f 949/1003/963 972/1002/962 973/1004/964
f 949/1003/963 973/1004/964 948/1005/965
f 948/1005/965 973/1004/964 974/1006/966
f 948/1005/965 974/1006/966 947/1007/967
f 947/1007/967 974/1006/966 975/1008/968
f 947/1007/967 975/1008/968 946/1009/969
f 946/1009/969 975/1008/968 976/1010/970
f 946/1009/969 976/1010/970 945/1011/971
f 945/1011/971 976/1010/970 977/1012/972
f 945/1011/971 977/1012/972 944/1013/973
f 944/1013/973 977/1012/972 978/1014/974
f 944/1013/973 978/1014/974 943/1015/975
f 943/1015/975 978/1014/974 979/1016/976
f 943/1015/975 979/1016/976 942/1017/977
f 942/1017/977 979/1016/976 980/1018/978
f 942/1017/977 980/1018/978 941/1019/979
f 941/1019/979 980/1018/978 981/1020/980
f 941/1019/979 981/1020/980 940/1021/981
f 940/1021/981 981/1020/980 982/1022/982
f 940/1021/981 982/1022/982 939/1023/983
f 939/1023/983 982/1022/982 983/1024/984
f 939/1023/983 983/1024/984 938/975/937
f 938/975/937 983/1024/984 984/976/938
f 1000/1025/985 985/1026/986 999/1027/987
f 999/1027/987 985/1026/986 986/1028/988
f 999/1027/987 986/1028/988 998/1029/989
f 998/1029/989 986/1028/988 987/1030/990
f 998/1029/989 987/1030/990 997/1031/991
f 997/1031/991 987/1030/990 988/1032/992
f 997/1031/991 988/1032/992 996/1033/993
f 996/1033/993 988/1032/992 989/1034/994
f 996/1033/993 989/1034/994 995/1035/995
f 995/1035/995 989/1034/994 990/1036/996
f 995/1035/995 990/1036/996 994/1037/997
f 994/1037/997 990/1036/996 991/1038/998
f 994/1037/997 991/1038/998 993/1039/999
f 993/1039/999 991/1038/998 992/1040/1000
f 1006/1041/1001 1001/1042/1002 1005/1043/1003
f 1005/1043/1003 1001/1042/1002 1002/1044/1004
f 1005/1043/1003 1002/1044/1004 1004/1045/1005
f 1004/1045/1005 1002/1044/1004 1003/1046/1006
f 1004/1045/1005 1003/1046/1006 1000/1047/1007
f 1000/1047/1007 1003/1046/1006 985/1048/1008
f 1007/1049/1009 1001/1050/1010 1008/1051/1011
f 1008/1051/1011 1001/1050/1010 1006/1052/1012
f 1040/1053/1013 1009/1054/1014 1039/1055/1015
f 1039/1055/1015 1009/1054/1014 1010/1056/1016
f 1039/1055/1015 1010/1056/1016 1038/1057/1017
f 1038/1057/1017 1010/1056/1016 1011/1058/1018
f 1038/1057/1017 1011/1058/1018 1037/1059/1019
f 1037/1059/1019 1011/1058/1018 1012/1060/1020
f 1037/1059/1019 1012/1060/1020 1036/1061/1021
f 1036/1061/1021 1012/1060/1020 1013/1062/1022
f 1036/1061/1021 1013/1062/1022 1035/1063/1023
f 1035/1063/1023 1013/1062/1022 1014/1064/1024
f 1035/1063/1023 1014/1064/1024 1034/1065/1025
f 1034/1065/1025 1014/1064/1024 1015/1066/1026
f 1034/1065/1025 1015/1066/1026 1033/1067/1027
f 1033/1067/1027 1015/1066/1026 1016/1068/1028
f 1033/1067/1027 1016/1068/1028 1032/1069/1029
f 1032/1069/1029 1016/1068/1028 1017/1070/1030
f 1032/1069/1029 1017/1070/1030 1031/1071/1031
f 1031/1071/1031 1017/1070/1030 1018/1072/1032
f 1031/1071/1031 1018/1072/1032 1030/1073/1033
f 1030/1073/1033 1018/1072/1032 1019/1074/1034
f 1030/1073/1033 1019/1074/1034 1029/1075/1035
f 1029/1075/1035 1019/1074/1034 1020/1076/1036
f 1029/1075/1035 1020/1076/1036 1028/1077/1037
f 1028/1077/1037 1020/1076/1036 1021/1078/1038
f 1028/1077/1037 1021/1078/1038 1027/1079/1039
f 1027/1079/1039 1021/1078/1038 1022/1080/1040
f 1027/1079/1039 1022/1080/1040 1026/1081/1041
f 1026/1081/1041 1022/1080/1040 1023/1082/1042
f 1026/1081/1041 1023/1082/1042 1025/1083/1043
f 1025/1083/1043 1023/1082/1042 1024/1084/1044
f 1025/1083/1043 1024/1084/1044 1008/1085/1045
f 1008/1085/1045 1024/1084/1044 1007/1086/1046
f 1041/1087/1047 1009/1088/1048 1042/1089/1049
f 1042/1089/1049 1009/1088/1048 1040/1090/1050
f 1052/1091/1051 1043/1092/1052 1051/1093/1053
f 1051/1093/1053 1043/1092/1052 1044/1094/1054
f 1051/1093/1053 1044/1094/1054 1050/1095/1055
f 1050/1095/1055 1044/1094/1054 1045/1096/1056
f 1050/1095/1055 1045/1096/1056 1049/1097/1057
f 1049/1097/1057 1045/1096/1056 1046/1098/1058
f 1049/1097/1057 1046/1098/1058 1048/1099/1059
f 1048/1099/1059 1046/1098/1058 1047/1100/1060
f 1048/1099/1059 1047/1100/1060 1042/1101/1061
f 1042/1101/1061 1047/1100/1060 1041/1102/1062
f 1053/1103/1063 1043/1104/1064 1054/1105/1065
f 1054/1105/1065 1043/1104/1064 1052/1106/1066
f 1080/1107/1067 1055/1108/1068 1079/1109/1069
f 1079/1109/1069 1055/1108/1068 1056/1110/1070
f 1079/1109/1069 1056/1110/1070 1078/1111/1071
f 1078/1111/1071 1056/1110/1070 1057/1112/1072
f 1078/1111/1071 1057/1112/1072 1077/1113/1073
f 1077/1113/1073 1057/1112/1072 1058/1114/1074
f 1077/1113/1073 1058/1114/1074 1076/1115/1075
f 1076/1115/1075 1058/1114/1074 1059/1116/1076
f 1076/1115/1075 1059/1116/1076 1075/1117/1077
f 1075/1117/1077 1059/1116/1076 1060/1118/1078
f 1075/1117/1077 1060/1118/1078 1074/1119/1079
f 1074/1119/1079 1060/1118/1078 1061/1120/1080
f 1074/1119/1079 1061/1120/1080 1073/1121/1081
f 1073/1121/1081 1061/1120/1080 1062/1122/1082
f 1073/1121/1081 1062/1122/1082 1072/1123/1083
f 1072/1123/1083 1062/1122/1082 1063/1124/1084
f 1072/1123/1083 1063/1124/1084 1071/1125/1085
f 1071/1125/1085 1063/1124/1084 1064/1126/1086
f 1071/1125/1085 1064/1126/1086 1070/1127/1087
f 1070/1127/1087 1064/1126/1086 1065/1128/1088
f 1070/1127/1087 1065/1128/1088 1069/1129/1089
f 1069/1129/1089 1065/1128/1088 1066/1130/1090
f 1069/1129/1089 1066/1130/1090 1068/1131/1091
f 1068/1131/1091 1066/1130/1090 1067/1132/1092
f 1068/1131/1091 1067/1132/1092 1054/1133/1093
f 1054/1133/1093 1067/1132/1092 1053/1134/1094
f 1081/1135/1095 1055/1136/1096 1082/1137/1097
f 1082/1137/1097 1055/1136/1096 1080/1138/1098
f 1092/1139/1099 1083/1140/1100 1091/1141/1101
f 1091/1141/1101 1083/1140/1100 1084/1142/1102
f 1091/1141/1101 1084/1142/1102 1090/1143/1103
f 1090/1143/1103 1084/1142/1102 1085/1144/1104
f 1090/1143/1103 1085/1144/1104 1089/1145/1105
f 1089/1145/1105 1085/1144/1104 1086/1146/1106
f 1089/1145/1105 1086/1146/1106 1088/1147/1107
f 1088/1147/1107 1086/1146/1106 1087/1148/1108
f 1088/1147/1107 1087/1148/1108 1082/1149/1109
f 1082/1149/1109 1087/1148/1108 1081/1150/1110
f 1093/1151/1111 1083/1152/1112 1094/1153/1113
f 1094/1153/1113 1083/1152/1112 1092/1154/1114
f 1126/1155/1115 1095/1156/1116 1125/1157/1117
f 1125/1157/1117 1095/1156/1116 1096/1158/1118
f 1125/1157/1117 1096/1158/1118 1124/1159/1119
f 1124/1159/1119 1096/1158/1118 1097/1160/1120
f 1124/1159/1119 1097/1160/1120 1123/1161/1121
f 1123/1161/1121 1097/1160/1120 1098/1162/1122
f 1123/1161/1121 1098/1162/1122 1122/1163/1123
f 1122/1163/1123 1098/1162/1122 1099/1164/1124
f 1122/1163/1123 1099/1164/1124 1121/1165/1125
f 1121/1165/1125 1099/1164/1124 1100/1166/1126
f 1121/1165/1125 1100/1166/1126 1120/1167/1127
f 1120/1167/1127 1100/1166/1126 1101/1168/1128
f 1120/1167/1127 1101/1168/1128 1119/1169/1129
f 1119/1169/1129 1101/1168/1128 1102/1170/1130
f 1119/1169/1129 1102/1170/1130 1118/1171/1131
f 1118/1171/1131 1102/1170/1130 1103/1172/1132
f 1118/1171/1131 1103/1172/1132 1117/1173/1133
f 1117/1173/1133 1103/1172/1132 1104/1174/1134
f 1117/1173/1133 1104/1174/1134 1116/1175/1135
f 1116/1175/1135 1104/1174/1134 1105/1176/1136
f 1116/1175/1135 1105/1176/1136 1115/1177/1137
f 1115/1177/1137 1105/1176/1136 1106/1178/1138
f 1115/1177/1137 1106/1178/1138 1114/1179/1139
f 1114/1179/1139 1106/1178/1138 1107/1180/1140
f 1114/1179/1139 1107/1180/1140 1113/1181/1141
f 1113/1181/1141 1107/1180/1140 1108/1182/1142
f 1113/1181/1141 1108/1182/1142 1112/1183/1143
f 1112/1183/1143 1108/1182/1142 1109/1184/1144
f 1112/1183/1143 1109/1184/1144 1111/1185/1145
f 1111/1185/1145 1109/1184/1144 1110/1186/1146
f 1111/1185/1145 1110/1186/1146 1094/1187/1147
f 1094/1187/1147 1110/1186/1146 1093/1188/1148
f 1127/1189/1149 1095/1190/1150 1128/1191/1151
f 1128/1191/1151 1095/1190/1150 1126/1192/1152
f 1134/1193/1153 1129/1194/1154 1133/1195/1155
f 1133/1195/1155 1129/1194/1154 1130/1196/1156
f 1133/1195/1155 1130/1196/1156 1132/1197/1157
f 1132/1197/1157 1130/1196/1156 1131/1198/1158
f 1132/1197/1157 1131/1198/1158 1128/1199/1159
f 1128/1199/1159 1131/1198/1158 1127/1200/1160
f 1148/1201/1161 1135/1202/1162 1147/1203/1163
f 1147/1203/1163 1135/1202/1162 1136/1204/1164
f 1147/1203/1163 1136/1204/1164 1146/1205/1165
f 1146/1205/1165 1136/1204/1164 1137/1206/1166
f 1146/1205/1165 1137/1206/1166 1145/1207/1167
f 1145/1207/1167 1137/1206/1166 1138/1208/1168
f 1145/1207/1167 1138/1208/1168 1144/1209/1169
f 1144/1209/1169 1138/1208/1168 1139/1210/1170
f 1144/1209/1169 1139/1210/1170 1143/1211/1171
f 1143/1211/1171 1139/1210/1170 1140/1212/1172
f 1143/1211/1171 1140/1212/1172 1142/1213/1173
f 1142/1213/1173 1140/1212/1172 1141/1214/1174
f 1142/1213/1173 1141/1214/1174 1134/1215/1175
f 1134/1215/1175 1141/1214/1174 1129/1216/1176
f 1149/1217/1177 1135/1218/1178 1150/1219/1179
f 1150/1219/1179 1135/1218/1178 1148/1220/1180
f 1176/1221/1181 1151/1222/1182 1175/1223/1183
f 1175/1223/1183 1151/1222/1182 1152/1224/1184
f 1175/1223/1183 1152/1224/1184 1174/1225/1185
f 1174/1225/1185 1152/1224/1184 1153/1226/1186
f 1174/1225/1185 1153/1226/1186 1173/1227/1187
f 1173/1227/1187 1153/1226/1186 1154/1228/1188
f 1173/1227/1187 1154/1228/1188 1172/1229/1189
f 1172/1229/1189 1154/1228/1188 1155/1230/1190
f 1172/1229/1189 1155/1230/1190 1171/1231/1191
f 1171/1231/1191 1155/1230/1190 1156/1232/1192
f 1171/1231/1191 1156/1232/1192 1170/1233/1193
f 1170/1233/1193 1156/1232/1192 1157/1234/1194
f 1170/1233/1193 1157/1234/1194 1169/1235/1195
f 1169/1235/1195 1157/1234/1194 1158/1236/1196
f 1169/1235/1195 1158/1236/1196 1168/1237/1197
f 1168/1237/1197 1158/1236/1196 1159/1238/1198
f 1168/1237/1197 1159/1238/1198 1167/1239/1199
f 1167/1239/1199 1159/1238/1198 1160/1240/1200
f 1167/1239/1199 1160/1240/1200 1166/1241/1201
f 1166/1241/1201 1160/1240/1200 1161/1242/1202
f 1166/1241/1201 1161/1242/1202 1165/1243/1203
f 1165/1243/1203 1161/1242/1202 1162/1244/1204
f 1165/1243/1203 1162/1244/1204 1164/1245/1205
f 1164/1245/1205 1162/1244/1204 1163/1246/1206
f 1164/1245/1205 1163/1246/1206 1150/1247/1207
f 1150/1247/1207 1163/1246/1206 1149/1248/1208
f 992/1249/1209 1151/1250/1210 993/1251/1211
f 993/1251/1211 1151/1250/1210 1176/1252/1212
f 1194/1253/1213 1177/1254/1214 1193/1255/1215
f 1193/1255/1215 1177/1254/1214 1178/1256/1216
f 1193/1255/1215 1178/1256/1216 1192/1257/1217
f 1192/1257/1217 1178/1256/1216 1179/1258/1218
f 1192/1257/1217 1179/1258/1218 1191/1259/1219
f 1191/1259/1219 1179/1258/1218 1180/1260/1220
f 1191/1259/1219 1180/1260/1220 1190/1261/1221
f 1190/1261/1221 1180/1260/1220 1181/1262/1222
f 1190/1261/1221 1181/1262/1222 1189/1263/1223
f 1189/1263/1223 1181/1262/1222 1182/1264/1224
f 1189/1263/1223 1182/1264/1224 1188/1265/1225
f 1188/1265/1225 1182/1264/1224 1183/1266/1226
f 1188/1265/1225 1183/1266/1226 1187/1267/1227
f 1187/1267/1227 1183/1266/1226 1184/1268/1228
f 1187/1267/1227 1184/1268/1228 1186/1269/1229
f 1186/1269/1229 1184/1268/1228 1185/1270/1230
f 1214/1271/1231 1195/1272/1232 1213/1273/1233
f 1213/1273/1233 1195/1272/1232 1196/1274/1234
f 1213/1273/1233 1196/1274/1234 1212/1275/1235
f 1212/1275/1235 1196/1274/1234 1197/1276/1236
f 1212/1275/1235 1197/1276/1236 1211/1277/1237
f 1211/1277/1237 1197/1276/1236 1198/1278/1238
f 1211/1277/1237 1198/1278/1238 1210/1279/1239
f 1210/1279/1239 1198/1278/1238 1199/1280/1240
f 1210/1279/1239 1199/1280/1240 1209/1281/1241
f 1209/1281/1241 1199/1280/1240 1200/1282/1242
f 1209/1281/1241 1200/1282/1242 1208/1283/1243
f 1208/1283/1243 1200/1282/1242 1201/1284/1244
f 1208/1283/1243 1201/1284/1244 1207/1285/1245
f 1207/1285/1245 1201/1284/1244 1202/1286/1246
f 1207/1285/1245 1202/1286/1246 1206/1287/1247
f 1206/1287/1247 1202/1286/1246 1203/1288/1248
f 1206/1287/1247 1203/1288/1248 1205/1289/1249
f 1205/1289/1249 1203/1288/1248 1204/1290/1250
f 1205/1289/1249 1204/1290/1250 1194/1291/1251
f 1194/1291/1251 1204/1290/1250 1177/1292/1252
f 1230/1293/1253 1215/1294/1254 1229/1295/1255
f 1229/1295/1255 1215/1294/1254 1216/1296/1256
f 1229/1295/1255 1216/1296/1256 1228/1297/1257
f 1228/1297/1257 1216/1296/1256 1217/1298/1258
f 1228/1297/1257 1217/1298/1258 1227/1299/1259
f 1227/1299/1259 1217/1298/1258 1218/1300/1260
f 1227/1299/1259 1218/1300/1260 1226/1301/1261
f 1226/1301/1261 1218/1300/1260 1219/1302/1262
f 1226/1301/1261 1219/1302/1262 1225/1303/1263
f 1225/1303/1263 1219/1302/1262 1220/1304/1264
f 1225/1303/1263 1220/1304/1264 1224/1305/1265
f 1224/1305/1265 1220/1304/1264 1221/1306/1266
f 1224/1305/1265 1221/1306/1266 1223/1307/1267
f 1223/1307/1267 1221/1306/1266 1222/1308/1268
f 1223/1307/1267 1222/1308/1268 1214/1309/1269
f 1214/1309/1269 1222/1308/1268 1195/1310/1270
f 1246/1311/1271 1231/1312/1272 1245/1313/1273
f 1245/1313/1273 1231/1312/1272 1232/1314/1274
f 1245/1313/1273 1232/1314/1274 1244/1315/1275
f 1244/1315/1275 1232/1314/1274 1233/1316/1276
f 1244/1315/1275 1233/1316/1276 1243/1317/1277
f 1243/1317/1277 1233/1316/1276 1234/1318/1278
f 1243/1317/1277 1234/1318/1278 1242/1319/1279
f 1242/1319/1279 1234/1318/1278 1235/1320/1280
f 1242/1319/1279 1235/1320/1280 1241/1321/1281
f 1241/1321/1281 1235/1320/1280 1236/1322/1282
f 1241/1321/1281 1236/1322/1282 1240/1323/1283
f 1240/1323/1283 1236/1322/1282 1237/1324/1284
f 1240/1323/1283 1237/1324/1284 1239/1325/1285
f 1239/1325/1285 1237/1324/1284 1238/1326/1286
f 1239/1325/1285 1238/1326/1286 1230/1327/1287
f 1230/1327/1287 1238/1326/1286 1215/1328/1288
f 1247/1329/1289 1231/1330/1290 1248/1331/1291
f 1248/1331/1291 1231/1330/1290 1246/1332/1292
f 1272/1333/1293 1249/1334/1294 1271/1335/1295
f 1271/1335/1295 1249/1334/1294 1250/1336/1296
f 1271/1335/1295 1250/1336/1296 1270/1337/1297
f 1270/1337/1297 1250/1336/1296 1251/1338/1298
f 1270/1337/1297 1251/1338/1298 1269/1339/1299
f 1269/1339/1299 1251/1338/1298 1252/1340/1300
f 1269/1339/1299 1252/1340/1300 1268/1341/1301
f 1268/1341/1301 1252/1340/1300 1253/1342/1302
f 1268/1341/1301 1253/1342/1302 1267/1343/1303
f 1267/1343/1303 1253/1342/1302 1254/1344/1304
f 1267/1343/1303 1254/1344/1304 1266/1345/1305
f 1266/1345/1305 1254/1344/1304 1255/1346/1306
f 1266/1345/1305 1255/1346/1306 1265/1347/1307
f 1265/1347/1307 1255/1346/1306 1256/1348/1308
f 1265/1347/1307 1256/1348/1308 1264/1349/1309
f 1264/1349/1309 1256/1348/1308 1257/1350/1310
f 1264/1349/1309 1257/1350/1310 1263/1351/1311
f 1263/1351/1311 1257/1350/1310 1258/1352/1312
f 1263/1351/1311 1258/1352/1312 1262/1353/1313
f 1262/1353/1313 1258/1352/1312 1259/1354/1314
f 1262/1353/1313 1259/1354/1314 1261/1355/1315
f 1261/1355/1315 1259/1354/1314 1260/1356/1316
f 1261/1355/1315 1260/1356/1316 1248/1357/1317
f 1248/1357/1317 1260/1356/1316 1247/1358/1318
f 1273/1359/1319 1249/1360/1320 1274/1361/1321
f 1274/1361/1321 1249/1360/1320 1272/1362/1322
f 1290/1363/1323 1275/1364/1324 1289/1365/1325
f 1289/1365/1325 1275/1364/1324 1276/1366/1326
f 1289/1365/1325 1276/1366/1326 1288/1367/1327
f 1288/1367/1327 1276/1366/1326 1277/1368/1328
f 1288/1367/1327 1277/1368/1328 1287/1369/1329
f 1287/1369/1329 1277/1368/1328 1278/1370/1330
f 1287/1369/1329 1278/1370/1330 1286/1371/1331
f 1286/1371/1331 1278/1370/1330 1279/1372/1332
f 1286/1371/1331 1279/1372/1332 1285/1373/1333
f 1285/1373/1333 1279/1372/1332 1280/1374/1334
f 1285/1373/1333 1280/1374/1334 1284/1375/1335
f 1284/1375/1335 1280/1374/1334 1281/1376/1336
f 1284/1375/1335 1281/1376/1336 1283/1377/1337
f 1283/1377/1337 1281/1376/1336 1282/1378/1338
f 1283/1377/1337 1282/1378/1338 1274/1379/1339
f 1274/1379/1339 1282/1378/1338 1273/1380/1340
f 1306/1381/1341 1291/1382/1342 1305/1383/1343
f 1305/1383/1343 1291/1382/1342 1292/1384/1344
f 1305/1383/1343 1292/1384/1344 1304/1385/1345
f 1304/1385/1345 1292/1384/1344 1293/1386/1346
f 1304/1385/1345 1293/1386/1346 1303/1387/1347
f 1303/1387/1347 1293/1386/1346 1294/1388/1348
f 1303/1387/1347 1294/1388/1348 1302/1389/1349
f 1302/1389/1349 1294/1388/1348 1295/1390/1350
f 1302/1389/1349 1295/1390/1350 1301/1391/1351
f 1301/1391/1351 1295/1390/1350 1296/1392/1352
f 1301/1391/1351 1296/1392/1352 1300/1393/1353
f 1300/1393/1353 1296/1392/1352 1297/1394/1354
f 1300/1393/1353 1297/1394/1354 1299/1395/1355
f 1299/1395/1355 1297/1394/1354 1298/1396/1356
f 1299/1395/1355 1298/1396/1356 1290/1397/1357
f 1290/1397/1357 1298/1396/1356 1275/1398/1358
f 1326/1399/1359 1307/1400/1360 1325/1401/1361
f 1325/1401/1361 1307/1400/1360 1308/1402/1362
f 1325/1401/1361 1308/1402/1362 1324/1403/1363
f 1324/1403/1363 1308/1402/1362 1309/1404/1364
f 1324/1403/1363 1309/1404/1364 1323/1405/1365
f 1323/1405/1365 1309/1404/1364 1310/1406/1366
f 1323/1405/1365 1310/1406/1366 1322/1407/1367
f 1322/1407/1367 1310/1406/1366 1311/1408/1368
f 1322/1407/1367 1311/1408/1368 1321/1409/1369
f 1321/1409/1369 1311/1408/1368 1312/1410/1370
f 1321/1409/1369 1312/1410/1370 1320/1411/1371
f 1320/1411/1371 1312/1410/1370 1313/1412/1372
f 1320/1411/1371 1313/1412/1372 1319/1413/1373
f 1319/1413/1373 1313/1412/1372 1314/1414/1374
f 1319/1413/1373 1314/1414/1374 1318/1415/1375
f 1318/1415/1375 1314/1414/1374 1315/1416/1376
f 1318/1415/1375 1315/1416/1376 1317/1417/1377
f 1317/1417/1377 1315/1416/1376 1316/1418/1378
f 1317/1417/1377 1316/1418/1378 1306/1419/1379
f 1306/1419/1379 1316/1418/1378 1291/1420/1380
f 1342/1421/1381 1327/1422/1382 1341/1423/1383
f 1341/1423/1383 1327/1422/1382 1328/1424/1384
f 1341/1423/1383 1328/1424/1384 1340/1425/1385
f 1340/1425/1385 1328/1424/1384 1329/1426/1386
f 1340/1425/1385 1329/1426/1386 1339/1427/1387
f 1339/1427/1387 1329/1426/1386 1330/1428/1388
f 1339/1427/1387 1330/1428/1388 1338/1429/1389
f 1338/1429/1389 1330/1428/1388 1331/1430/1390
f 1338/1429/1389 1331/1430/1390 1337/1431/1391
f 1337/1431/1391 1331/1430/1390 1332/1432/1392
f 1337/1431/1391 1332/1432/1392 1336/1433/1393
f 1336/1433/1393 1332/1432/1392 1333/1434/1394
f 1336/1433/1393 1333/1434/1394 1335/1435/1395
f 1335/1435/1395 1333/1434/1394 1334/1436/1396
f 1335/1435/1395 1334/1436/1396 1326/1437/1397
f 1326/1437/1397 1334/1436/1396 1307/1438/1398
f 1354/1439/1399 1343/1440/1400 1353/1441/1401
f 1353/1441/1401 1343/1440/1400 1344/1442/1402
f 1353/1441/1401 1344/1442/1402 1352/1443/1403
f 1352/1443/1403 1344/1442/1402 1345/1444/1404
f 1352/1443/1403 1345/1444/1404 1351/1445/1405
f 1351/1445/1405 1345/1444/1404 1346/1446/1406
f 1351/1445/1405 1346/1446/1406 1350/1447/1407
f 1350/1447/1407 1346/1446/1406 1347/1448/1408
f 1350/1447/1407 1347/1448/1408 1349/1449/1409
f 1349/1449/1409 1347/1448/1408 1348/1450/1410
f 1349/1449/1409 1348/1450/1410 1342/1451/1411
f 1342/1451/1411 1348/1450/1410 1327/1452/1412
f 1355/1453/1413 1343/1454/1414 1356/1455/1415
f 1356/1455/1415 1343/1454/1414 1354/1456/1416
f 1372/1457/1417 1357/1458/1418 1371/1459/1419
f 1371/1459/1419 1357/1458/1418 1358/1460/1420
f 1371/1459/1419 1358/1460/1420 1370/1461/1421
f 1370/1461/1421 1358/1460/1420 1359/1462/1422
f 1370/1461/1421 1359/1462/1422 1369/1463/1423
f 1369/1463/1423 1359/1462/1422 1360/1464/1424
f 1369/1463/1423 1360/1464/1424 1368/1465/1425
f 1368/1465/1425 1360/1464/1424 1361/1466/1426
f 1368/1465/1425 1361/1466/1426 1367/1467/1427
f 1367/1467/1427 1361/1466/1426 1362/1468/1428
f 1367/1467/1427 1362/1468/1428 1366/1469/1429
f 1366/1469/1429 1362/1468/1428 1363/1470/1430
f 1366/1469/1429 1363/1470/1430 1365/1471/1431
f 1365/1471/1431 1363/1470/1430 1364/1472/1432
f 1365/1471/1431 1364/1472/1432 1356/1473/1433
f 1356/1473/1433 1364/1472/1432 1355/1474/1434
f 1373/1475/1435 1357/1476/1436 1374/1477/1437
f 1374/1477/1437 1357/1476/1436 1372/1478/1438
f 1386/1479/1439 1375/1480/1440 1385/1481/1441
f 1385/1481/1441 1375/1480/1440 1376/1482/1442
f 1385/1481/1441 1376/1482/1442 1384/1483/1443
f 1384/1483/1443 1376/1482/1442 1377/1484/1444
f 1384/1483/1443 1377/1484/1444 1383/1485/1445
f 1383/1485/1445 1377/1484/1444 1378/1486/1446
f 1383/1485/1445 1378/1486/1446 1382/1487/1447
f 1382/1487/1447 1378/1486/1446 1379/1488/1448
f 1382/1487/1447 1379/1488/1448 1381/1489/1449
f 1381/1489/1449 1379/1488/1448 1380/1490/1450
f 1381/1489/1449 1380/1490/1450 1374/1491/1451
f 1374/1491/1451 1380/1490/1450 1373/1492/1452
f 1406/1493/1453 1387/1494/1454 1405/1495/1455
f 1405/1495/1455 1387/1494/1454 1388/1496/1456
f 1405/1495/1455 1388/1496/1456 1404/1497/1457
f 1404/1497/1457 1388/1496/1456 1389/1498/1458
f 1404/1497/1457 1389/1498/1458 1403/1499/1459
f 1403/1499/1459 1389/1498/1458 1390/1500/1460
f 1403/1499/1459 1390/1500/1460 1402/1501/1461
f 1402/1501/1461 1390/1500/1460 1391/1502/1462
f 1402/1501/1461 1391/1502/1462 1401/1503/1463
f 1401/1503/1463 1391/1502/1462 1392/1504/1464
f 1401/1503/1463 1392/1504/1464 1400/1505/1465
f 1400/1505/1465 1392/1504/1464 1393/1506/1466
f 1400/1505/1465 1393/1506/1466 1399/1507/1467
f 1399/1507/1467 1393/1506/1466 1394/1508/1468
f 1399/1507/1467 1394/1508/1468 1398/1509/1469
f 1398/1509/1469 1394/1508/1468 1395/1510/1470
f 1398/1509/1469 1395/1510/1470 1397/1511/1471
f 1397/1511/1471 1395/1510/1470 1396/1512/1472
f 1397/1511/1471 1396/1512/1472 1386/1513/1473
f 1386/1513/1473 1396/1512/1472 1375/1514/1474
f 1422/1515/1475 1407/1516/1476 1421/1517/1477
f 1421/1517/1477 1407/1516/1476 1408/1518/1478
f 1421/1517/1477 1408/1518/1478 1420/1519/1479
f 1420/1519/1479 1408/1518/1478 1409/1520/1480
f 1420/1519/1479 1409/1520/1480 1419/1521/1481
f 1419/1521/1481 1409/1520/1480 1410/1522/1482
f 1419/1521/1481 1410/1522/1482 1418/1523/1483
f 1418/1523/1483 1410/1522/1482 1411/1524/1484
f 1418/1523/1483 1411/1524/1484 1417/1525/1485
f 1417/1525/1485 1411/1524/1484 1412/1526/1486
f 1417/1525/1485 1412/1526/1486 1416/1527/1487
f 1416/1527/1487 1412/1526/1486 1413/1528/1488
f 1416/1527/1487 1413/1528/1488 1415/1529/1489
f 1415/1529/1489 1413/1528/1488 1414/1530/1490
f 1415/1529/1489 1414/1530/1490 1406/1531/1491
f 1406/1531/1491 1414/1530/1490 1387/1532/1492
f 1442/1533/1493 1423/1534/1494 1441/1535/1495
f 1441/1535/1495 1423/1534/1494 1424/1536/1496
f 1441/1535/1495 1424/1536/1496 1440/1537/1497
f 1440/1537/1497 1424/1536/1496 1425/1538/1498
f 1440/1537/1497 1425/1538/1498 1439/1539/1499
f 1439/1539/1499 1425/1538/1498 1426/1540/1500
f 1439/1539/1499 1426/1540/1500 1438/1541/1501
f 1438/1541/1501 1426/1540/1500 1427/1542/1502
f 1438/1541/1501 1427/1542/1502 1437/1543/1503
f 1437/1543/1503 1427/1542/1502 1428/1544/1504
f 1437/1543/1503 1428/1544/1504 1436/1545/1505
f 1436/1545/1505 1428/1544/1504 1429/1546/1506
f 1436/1545/1505 1429/1546/1506 1435/1547/1507
f 1435/1547/1507 1429/1546/1506 1430/1548/1508
f 1435/1547/1507 1430/1548/1508 1434/1549/1509
f 1434/1549/1509 1430/1548/1508 1431/1550/1510
f 1434/1549/1509 1431/1550/1510 1433/1551/1511
f 1433/1551/1511 1431/1550/1510 1432/1552/1512
f 1433/1551/1511 1432/1552/1512 1422/1553/1513
f 1422/1553/1513 1432/1552/1512 1407/1554/1514
f 1458/1555/1515 1443/1556/1516 1457/1557/1517
f 1457/1557/1517 1443/1556/1516 1444/1558/1518
f 1457/1557/1517 1444/1558/1518 1456/1559/1519
f 1456/1559/1519 1444/1558/1518 1445/1560/1520
f 1456/1559/1519 1445/1560/1520 1455/1561/1521
f 1455/1561/1521 1445/1560/1520 1446/1562/1522
f 1455/1561/1521 1446/1562/1522 1454/1563/1523
f 1454/1563/1523 1446/1562/1522 1447/1564/1524
f 1454/1563/1523 1447/1564/1524 1453/1565/1525
f 1453/1565/1525 1447/1564/1524 1448/1566/1526
f 1453/1565/1525 1448/1566/1526 1452/1567/1527
f 1452/1567/1527 1448/1566/1526 1449/1568/1528
f 1452/1567/1527 1449/1568/1528 1451/1569/1529
f 1451/1569/1529 1449/1568/1528 1450/1570/1530
f 1451/1569/1529 1450/1570/1530 1442/1571/1531
f 1442/1571/1531 1450/1570/1530 1423/1572/1532
f 1464/1573/1533 1459/1574/1534 1463/1575/1535
f 1463/1575/1535 1459/1574/1534 1460/1576/1536
f 1463/1575/1535 1460/1576/1536 1462/1577/1537
f 1462/1577/1537 1460/1576/1536 1461/1578/1538
f 1462/1577/1537 1461/1578/1538 1458/1579/1539
f 1458/1579/1539 1461/1578/1538 1443/1580/1540
f 1465/1581/1541 1459/1582/1542 1466/1583/1543
f 1466/1583/1543 1459/1582/1542 1464/1584/1544
f 1490/1585/1545 1467/1586/1546 1489/1587/1547
f 1489/1587/1547 1467/1586/1546 1468/1588/1548
f 1489/1587/1547 1468/1588/1548 1488/1589/1549
f 1488/1589/1549 1468/1588/1548 1469/1590/1550
f 1488/1589/1549 1469/1590/1550 1487/1591/1551
f 1487/1591/1551 1469/1590/1550 1470/1592/1552
f 1487/1591/1551 1470/1592/1552 1486/1593/1553
f 1486/1593/1553 1470/1592/1552 1471/1594/1554
f 1486/1593/1553 1471/1594/1554 1485/1595/1555
f 1485/1595/1555 1471/1594/1554 1472/1596/1556
f 1485/1595/1555 1472/1596/1556 1484/1597/1557
f 1484/1597/1557 1472/1596/1556 1473/1598/1558
f 1484/1597/1557 1473/1598/1558 1483/1599/1559
f 1483/1599/1559 1473/1598/1558 1474/1600/1560
f 1483/1599/1559 1474/1600/1560 1482/1601/1561
f 1482/1601/1561 1474/1600/1560 1475/1602/1562
f 1482/1601/1561 1475/1602/1562 1481/1603/1563
f 1481/1603/1563 1475/1602/1562 1476/1604/1564
f 1481/1603/1563 1476/1604/1564 1480/1605/1565
f 1480/1605/1565 1476/1604/1564 1477/1606/1566
f 1480/1605/1565 1477/1606/1566 1479/1607/1567
f 1479/1607/1567 1477/1606/1566 1478/1608/1568
f 1479/1607/1567 1478/1608/1568 1466/1609/1569
f 1466/1609/1569 1478/1608/1568 1465/1610/1570
f 1491/1611/1571 1467/1612/1572 1492/1613/1573
f 1492/1613/1573 1467/1612/1572 1490/1614/1574
f 1498/1615/1575 1493/1616/1576 1497/1617/1577
f 1497/1617/1577 1493/1616/1576 1494/1618/1578
f 1497/1617/1577 1494/1618/1578 1496/1619/1579
f 1496/1619/1579 1494/1618/1578 1495/1620/1580
f 1496/1619/1579 1495/1620/1580 1492/1621/1581
f 1492/1621/1581 1495/1620/1580 1491/1622/1582
f 1514/1623/1583 1499/1624/1584 1513/1625/1585
f 1513/1625/1585 1499/1624/1584 1500/1626/1586
f 1513/1625/1585 1500/1626/1586 1512/1627/1587
f 1512/1627/1587 1500/1626/1586 1501/1628/1588
f 1512/1627/1587 1501/1628/1588 1511/1629/1589
f 1511/1629/1589 1501/1628/1588 1502/1630/1590
f 1511/1629/1589 1502/1630/1590 1510/1631/1591
f 1510/1631/1591 1502/1630/1590 1503/1632/1592
f 1510/1631/1591 1503/1632/1592 1509/1633/1593
f 1509/1633/1593 1503/1632/1592 1504/1634/1594
f 1509/1633/1593 1504/1634/1594 1508/1635/1595
f 1508/1635/1595 1504/1634/1594 1505/1636/1596
f 1508/1635/1595 1505/1636/1596 1507/1637/1597
f 1507/1637/1597 1505/1636/1596 1506/1638/1598
f 1507/1637/1597 1506/1638/1598 1498/1639/1599
f 1498/1639/1599 1506/1638/1598 1493/1640/1600
f 1534/1641/1601 1515/1642/1602 1533/1643/1603
f 1533/1643/1603 1515/1642/1602 1516/1644/1604
f 1533/1643/1603 1516/1644/1604 1532/1645/1605
f 1532/1645/1605 1516/1644/1604 1517/1646/1606
f 1532/1645/1605 1517/1646/1606 1531/1647/1607
f 1531/1647/1607 1517/1646/1606 1518/1648/1608
f 1531/1647/1607 1518/1648/1608 1530/1649/1609
f 1530/1649/1609 1518/1648/1608 1519/1650/1610
f 1530/1649/1609 1519/1650/1610 1529/1651/1611
f 1529/1651/1611 1519/1650/1610 1520/1652/1612
f 1529/1651/1611 1520/1652/1612 1528/1653/1613
f 1528/1653/1613 1520/1652/1612 1521/1654/1614
f 1528/1653/1613 1521/1654/1614 1527/1655/1615
f 1527/1655/1615 1521/1654/1614 1522/1656/1616
f 1527/1655/1615 1522/1656/1616 1526/1657/1617
f 1526/1657/1617 1522/1656/1616 1523/1658/1618
f 1526/1657/1617 1523/1658/1618 1525/1659/1619
f 1525/1659/1619 1523/1658/1618 1524/1660/1620
f 1525/1659/1619 1524/1660/1620 1514/1661/1621
f 1514/1661/1621 1524/1660/1620 1499/1662/1622
f 1550/1663/1623 1535/1664/1624 1549/1665/1625
f 1549/1665/1625 1535/1664/1624 1536/1666/1626
f 1549/1665/1625 1536/1666/1626 1548/1667/1627
f 1548/1667/1627 1536/1666/1626 1537/1668/1628
f 1548/1667/1627 1537/1668/1628 1547/1669/1629
f 1547/1669/1629 1537/1668/1628 1538/1670/1630
f 1547/1669/1629 1538/1670/1630 1546/1671/1631
f 1546/1671/1631 1538/1670/1630 1539/1672/1632
f 1546/1671/1631 1539/1672/1632 1545/1673/1633
f 1545/1673/1633 1539/1672/1632 1540/1674/1634
f 1545/1673/1633 1540/1674/1634 1544/1675/1635
f 1544/1675/1635 1540/1674/1634 1541/1676/1636
f 1544/1675/1635 1541/1676/1636 1543/1677/1637
f 1543/1677/1637 1541/1676/1636 1542/1678/1638
f 1543/1677/1637 1542/1678/1638 1534/1679/1639
f 1534/1679/1639 1542/1678/1638 1515/1680/1640
f 1570/1681/1641 1551/1682/1642 1569/1683/1643
f 1569/1683/1643 1551/1682/1642 1552/1684/1644
f 1569/1683/1643 1552/1684/1644 1568/1685/1645
f 1568/1685/1645 1552/1684/1644 1553/1686/1646
f 1568/1685/1645 1553/1686/1646 1567/1687/1647
f 1567/1687/1647 1553/1686/1646 1554/1688/1648
f 1567/1687/1647 1554/1688/1648 1566/1689/1649
f 1566/1689/1649 1554/1688/1648 1555/1690/1650
f 1566/1689/1649 1555/1690/1650 1565/1691/1651
f 1565/1691/1651 1555/1690/1650 1556/1692/1652
f 1565/1691/1651 1556/1692/1652 1564/1693/1653
f 1564/1693/1653 1556/1692/1652 1557/1694/1654
f 1564/1693/1653 1557/1694/1654 1563/1695/1655
f 1563/1695/1655 1557/1694/1654 1558/1696/1656
f 1563/1695/1655 1558/1696/1656 1562/1697/1657
f 1562/1697/1657 1558/1696/1656 1559/1698/1658
f 1562/1697/1657 1559/1698/1658 1561/1699/1659
f 1561/1699/1659 1559/1698/1658 1560/1700/1660
f 1561/1699/1659 1560/1700/1660 1550/1701/1661
f 1550/1701/1661 1560/1700/1660 1535/1702/1662
f 1582/1703/1663 1571/1704/1664 1581/1705/1665
f 1581/1705/1665 1571/1704/1664 1572/1706/1666
f 1581/1705/1665 1572/1706/1666 1580/1707/1667
f 1580/1707/1667 1572/1706/1666 1573/1708/1668
f 1580/1707/1667 1573/1708/1668 1579/1709/1669
f 1579/1709/1669 1573/1708/1668 1574/1710/1670
f 1579/1709/1669 1574/1710/1670 1578/1711/1671
f 1578/1711/1671 1574/1710/1670 1575/1712/1672
f 1578/1711/1671 1575/1712/1672 1577/1713/1673
f 1577/1713/1673 1575/1712/1672 1576/1714/1674
f 1577/1713/1673 1576/1714/1674 1570/1715/1675
f 1570/1715/1675 1576/1714/1674 1551/1716/1676
f 1583/1717/1677 1571/1718/1678 1584/1719/1679
f 1584/1719/1679 1571/1718/1678 1582/1720/1680
f 1600/1721/1681 1585/1722/1682 1599/1723/1683
f 1599/1723/1683 1585/1722/1682 1586/1724/1684
f 1599/1723/1683 1586/1724/1684 1598/1725/1685
f 1598/1725/1685 1586/1724/1684 1587/1726/1686
f 1598/1725/1685 1587/1726/1686 1597/1727/1687
f 1597/1727/1687 1587/1726/1686 1588/1728/1688
f 1597/1727/1687 1588/1728/1688 1596/1729/1689
f 1596/1729/1689 1588/1728/1688 1589/1730/1690
f 1596/1729/1689 1589/1730/1690 1595/1731/1691
f 1595/1731/1691 1589/1730/1690 1590/1732/1692
f 1595/1731/1691 1590/1732/1692 1594/1733/1693
f 1594/1733/1693 1590/1732/1692 1591/1734/1694
f 1594/1733/1693 1591/1734/1694 1593/1735/1695
f 1593/1735/1695 1591/1734/1694 1592/1736/1696
f 1593/1735/1695 1592/1736/1696 1584/1737/1697
f 1584/1737/1697 1592/1736/1696 1583/1738/1698
f 1601/1739/1699 1585/1740/1700 1602/1741/1701
f 1602/1741/1701 1585/1740/1700 1600/1742/1702
f 1186/1743/1703 1185/1744/1704 1612/1745/1705
f 1612/1745/1705 1185/1744/1704 1603/1746/1706
f 1612/1745/1705 1603/1746/1706 1611/1747/1707
f 1611/1747/1707 1603/1746/1706 1604/1748/1708
f 1611/1747/1707 1604/1748/1708 1610/1749/1709
f 1610/1749/1709 1604/1748/1708 1605/1750/1710
f 1610/1749/1709 1605/1750/1710 1609/1751/1711
f 1609/1751/1711 1605/1750/1710 1606/1752/1712
f 1609/1751/1711 1606/1752/1712 1608/1753/1713
f 1608/1753/1713 1606/1752/1712 1607/1754/1714
f 1608/1753/1713 1607/1754/1714 1602/1755/1715
f 1602/1755/1715 1607/1754/1714 1601/1756/1716
f 1607/1757/1717 690/1758/1718 1601/1759/1719
f 1601/1759/1719 690/1758/1718 689/1760/1720
f 1601/1759/1719 689/1760/1720 250/1761/1721
f 250/1761/1721 689/1760/1720 251/1762/1722
f 251/1762/1722 689/1760/1720 688/1763/1723
f 251/1762/1722 688/1763/1723 252/1764/1724
f 252/1764/1724 688/1763/1723 687/1765/1725
f 252/1764/1724 687/1765/1725 229/1766/1726
f 229/1766/1726 687/1765/1725 230/1767/1727
f 230/1767/1727 687/1765/1725 686/1768/1728
f 230/1767/1727 686/1768/1728 231/1769/1729
f 231/1769/1729 686/1768/1728 232/1770/1730
f 232/1770/1730 686/1768/1728 685/1771/1731
f 232/1770/1730 685/1771/1731 233/1772/1732
f 233/1772/1732 685/1771/1731 234/1773/1733
f 234/1773/1733 685/1771/1731 684/1774/1734
f 234/1773/1733 684/1774/1734 235/1775/1735
f 235/1775/1735 684/1774/1734 683/1776/1736
f 235/1775/1735 683/1776/1736 236/1777/1737
f 236/1777/1737 683/1776/1736 1231/1778/1738
f 236/1777/1737 1231/1778/1738 237/1779/1739
f 237/1779/1739 1231/1778/1738 238/1780/1740
f 238/1780/1740 1231/1778/1738 992/1781/1741
f 238/1780/1740 992/1781/1741 239/1782/1742
f 239/1782/1742 992/1781/1741 240/1783/1743
f 240/1783/1743 992/1781/1741 241/1784/1744
f 241/1784/1744 992/1781/1741 991/1785/1745
f 241/1784/1744 991/1785/1745 242/1786/1746
f 242/1786/1746 991/1785/1745 990/1787/1747
f 242/1786/1746 990/1787/1747 243/1788/1748
f 243/1788/1748 990/1787/1747 989/1789/1749
f 243/1788/1748 989/1789/1749 244/1790/1750
f 244/1790/1750 989/1789/1749 988/1791/1751
f 244/1790/1750 988/1791/1751 245/1792/1752
f 245/1792/1752 988/1791/1751 987/1793/1753
f 245/1792/1752 987/1793/1753 246/1794/1754
f 246/1794/1754 987/1793/1753 986/1795/1755
f 246/1794/1754 986/1795/1755 985/1796/1756
f 1607/1757/1717 1606/1797/1757 690/1758/1718
f 690/1758/1718 1606/1797/1757 691/1798/1758
f 691/1798/1758 1606/1797/1757 1605/1799/1759
f 691/1798/1758 1605/1799/1759 1604/1800/1760
f 1603/1801/1761 785/1802/1762 1604/1800/1760
f 1604/1800/1760 785/1802/1762 784/1803/1763
f 1604/1800/1760 784/1803/1763 691/1798/1758
f 691/1798/1758 784/1803/1763 692/1804/1764
f 692/1804/1764 784/1803/1763 783/1805/1765
f 692/1804/1764 783/1805/1765 782/1806/1766
f 785/1802/1762 1603/1801/1761 786/1807/1767
f 786/1807/1767 1603/1801/1761 1185/1808/1768
f 786/1807/1767 1185/1808/1768 787/1809/1769
f 787/1809/1769 1185/1808/1768 788/1810/1770
f 788/1810/1770 1185/1808/1768 1184/1811/1771
f 788/1810/1770 1184/1811/1771 1183/1812/1772
f 788/1810/1770 1183/1812/1772 789/1813/1773
f 789/1813/1773 1183/1812/1772 1182/1814/1774
f 789/1813/1773 1182/1814/1774 790/1815/1775
f 790/1815/1775 1182/1814/1774 1181/1816/1776
f 790/1815/1775 1181/1816/1776 791/1817/1777
f 791/1817/1777 1181/1816/1776 1180/1818/1778
f 791/1817/1777 1180/1818/1778 792/1819/1779
f 792/1819/1779 1180/1818/1778 1179/1820/1780
f 792/1819/1779 1179/1820/1780 769/1821/1781
f 769/1821/1781 1179/1820/1780 1178/1822/1782
f 769/1821/1781 1178/1822/1782 770/1823/1783
f 770/1823/1783 1178/1822/1782 1177/1824/1784
f 770/1823/1783 1177/1824/1784 771/1825/1785
f 771/1825/1785 1177/1824/1784 772/1826/1786
f 772/1826/1786 1177/1824/1784 1204/1827/1787
f 772/1826/1786 1204/1827/1787 773/1828/1788
f 773/1828/1788 1204/1827/1787 774/1829/1789
f 774/1829/1789 1204/1827/1787 1203/1830/1790
f 774/1829/1789 1203/1830/1790 670/1831/1791
f 670/1831/1791 1203/1830/1790 671/1832/1792
f 671/1832/1792 1203/1830/1790 1202/1833/1793
f 671/1832/1792 1202/1833/1793 672/1834/1794
f 672/1834/1794 1202/1833/1793 1201/1835/1795
f 672/1834/1794 1201/1835/1795 673/1836/1796
f 673/1836/1796 1201/1835/1795 1200/1837/1797
f 673/1836/1796 1200/1837/1797 1199/1838/1798
f 673/1836/1796 1199/1838/1798 674/1839/1799
f 674/1839/1799 1199/1838/1798 1198/1840/1800
f 674/1839/1799 1198/1840/1800 299/1841/1801
f 299/1841/1801 1198/1840/1800 300/1842/1802
f 300/1842/1802 1198/1840/1800 1197/1843/1803
f 300/1842/1802 1197/1843/1803 277/1844/1804
f 277/1844/1804 1197/1843/1803 1196/1845/1805
f 277/1844/1804 1196/1845/1805 278/1846/1806
f 278/1846/1806 1196/1845/1805 279/1847/1807
f 279/1847/1807 1196/1845/1805 1195/1848/1808
f 279/1847/1807 1195/1848/1808 280/1849/1809
f 280/1849/1809 1195/1848/1808 281/1850/1810
f 281/1850/1810 1195/1848/1808 1222/1851/1811
f 281/1850/1810 1222/1851/1811 1221/1852/1812
f 281/1850/1810 1221/1852/1812 282/1853/1813
f 282/1853/1813 1221/1852/1812 1220/1854/1814
f 282/1853/1813 1220/1854/1814 283/1855/1815
f 283/1855/1815 1220/1854/1814 1219/1856/1816
f 283/1855/1815 1219/1856/1816 1218/1857/1817
f 283/1855/1815 1218/1857/1817 284/1858/1818
f 284/1858/1818 1218/1857/1817 1217/1859/1819
f 284/1858/1818 1217/1859/1819 285/1860/1820
f 285/1860/1820 1217/1859/1819 1216/1861/1821
f 285/1860/1820 1216/1861/1821 1215/1862/1822
f 1238/1863/1823 287/1864/1824 1215/1862/1822
f 1215/1862/1822 287/1864/1824 286/1865/1825
f 1215/1862/1822 286/1865/1825 285/1860/1820
f 287/1864/1824 1238/1863/1823 288/1866/1826
f 288/1866/1826 1238/1863/1823 1237/1867/1827
f 288/1866/1826 1237/1867/1827 289/1868/1828
f 289/1868/1828 1237/1867/1827 290/1869/1829
f 290/1869/1829 1237/1867/1827 1236/1870/1830
f 290/1869/1829 1236/1870/1830 291/1871/1831
f 291/1871/1831 1236/1870/1830 1235/1872/1832
f 291/1871/1831 1235/1872/1832 679/1873/1833
f 679/1873/1833 1235/1872/1832 680/1874/1834
f 680/1874/1834 1235/1872/1832 1234/1875/1835
f 680/1874/1834 1234/1875/1835 681/1876/1836
f 681/1876/1836 1234/1875/1835 1233/1877/1837
f 681/1876/1836 1233/1877/1837 1232/1878/1838
f 681/1876/1836 1232/1878/1838 682/1879/1839
f 682/1879/1839 1232/1878/1838 1231/1778/1738
f 682/1879/1839 1231/1778/1738 683/1776/1736
f 1231/1778/1738 1247/1880/1840 992/1781/1741
f 992/1781/1741 1247/1880/1840 1151/1881/1841
f 1151/1881/1841 1247/1880/1840 721/1882/1842
f 1151/1881/1841 721/1882/1842 744/1883/1843
f 1260/1884/1844 724/1885/1845 1247/1880/1840
f 1247/1880/1840 724/1885/1845 723/1886/1846
f 1247/1880/1840 723/1886/1846 722/1887/1847
f 724/1885/1845 1260/1884/1844 725/1888/1848
f 725/1888/1848 1260/1884/1844 1259/1889/1849
f 725/1888/1848 1259/1889/1849 1258/1890/1850
f 725/1888/1848 1258/1890/1850 726/1891/1851
f 726/1891/1851 1258/1890/1850 1257/1892/1852
f 726/1891/1851 1257/1892/1852 1256/1893/1853
f 726/1891/1851 1256/1893/1853 727/1894/1854
f 727/1894/1854 1256/1893/1853 1255/1895/1855
f 727/1894/1854 1255/1895/1855 1254/1896/1856
f 727/1894/1854 1254/1896/1856 728/1897/1857
f 728/1897/1857 1254/1896/1856 1253/1898/1858
f 728/1897/1857 1253/1898/1858 1252/1899/1859
f 728/1897/1857 1252/1899/1859 729/1900/1860
f 729/1900/1860 1252/1899/1859 1251/1901/1861
f 729/1900/1860 1251/1901/1861 1250/1902/1862
f 729/1900/1860 1250/1902/1862 730/1903/1863
f 730/1903/1863 1250/1902/1862 1249/1904/1864
f 730/1903/1863 1249/1904/1864 731/1905/1865
f 731/1905/1865 1249/1904/1864 732/1906/1866
f 732/1906/1866 1249/1904/1864 733/1907/1867
f 733/1907/1867 1249/1904/1864 1149/1908/1868
f 733/1907/1867 1149/1908/1868 734/1909/1869
f 734/1909/1869 1149/1908/1868 735/1910/1870
f 735/1910/1870 1149/1908/1868 1163/1911/1871
f 735/1910/1870 1163/1911/1871 736/1912/1872
f 736/1912/1872 1163/1911/1871 1162/1913/1873
f 736/1912/1872 1162/1913/1873 737/1914/1874
f 737/1914/1874 1162/1913/1873 1161/1915/1875
f 737/1914/1874 1161/1915/1875 1160/1916/1876
f 1149/1908/1868 1249/1904/1864 1135/1917/1877
f 1135/1917/1877 1249/1904/1864 1273/1918/1878
f 1135/1917/1877 1273/1918/1878 328/1919/1879
f 328/1919/1879 1273/1918/1878 329/1920/1880
f 329/1920/1880 1273/1918/1878 330/1921/1881
f 330/1921/1881 1273/1918/1878 568/1922/1882
f 330/1921/1881 568/1922/1882 331/1923/1883
f 331/1923/1883 568/1922/1882 332/1924/1884
f 332/1924/1884 568/1922/1882 594/1925/1885
f 332/1924/1884 594/1925/1885 333/1926/1886
f 333/1926/1886 594/1925/1885 593/1927/1887
f 333/1926/1886 593/1927/1887 334/1928/1888
f 334/1928/1888 593/1927/1887 335/1929/1889
f 335/1929/1889 593/1927/1887 592/1930/1890
f 335/1929/1889 592/1930/1890 336/1931/1891
f 336/1931/1891 592/1930/1890 337/1932/1892
f 337/1932/1892 592/1930/1890 591/1933/1893
f 337/1932/1892 591/1933/1893 338/1934/1894
f 338/1934/1894 591/1933/1893 590/1935/1895
f 338/1934/1894 590/1935/1895 339/1936/1896
f 339/1936/1896 590/1935/1895 340/1937/1897
f 340/1937/1897 590/1935/1895 589/1938/1898
f 340/1937/1897 589/1938/1898 1343/1939/1899
f 1343/1939/1899 589/1938/1898 588/1940/1900
f 1343/1939/1899 588/1940/1900 1344/1941/1901
f 1344/1941/1901 588/1940/1900 1345/1942/1902
f 1345/1942/1902 588/1940/1900 1346/1943/1903
f 1346/1943/1903 588/1940/1900 587/1944/1904
f 1346/1943/1903 587/1944/1904 1347/1945/1905
f 1347/1945/1905 587/1944/1904 640/1946/1906
f 1347/1945/1905 640/1946/1906 639/1947/1907
f 568/1922/1882 1273/1918/1878 569/1948/1908
f 569/1948/1908 1273/1918/1878 1282/1949/1909
f 569/1948/1908 1282/1949/1909 570/1950/1910
f 570/1950/1910 1282/1949/1909 1281/1951/1911
f 570/1950/1910 1281/1951/1911 571/1952/1912
f 571/1952/1912 1281/1951/1911 1280/1953/1913
f 571/1952/1912 1280/1953/1913 572/1954/1914
f 572/1954/1914 1280/1953/1913 1279/1955/1915
f 572/1954/1914 1279/1955/1915 395/1956/1916
f 395/1956/1916 1279/1955/1915 1278/1957/1917
f 395/1956/1916 1278/1957/1917 396/1958/1918
f 396/1958/1918 1278/1957/1917 1277/1959/1919
f 396/1958/1918 1277/1959/1919 373/1960/1920
f 373/1960/1920 1277/1959/1919 374/1961/1921
f 374/1961/1921 1277/1959/1919 1276/1962/1922
f 374/1961/1921 1276/1962/1922 375/1963/1923
f 375/1963/1923 1276/1962/1922 1275/1964/1924
f 375/1963/1923 1275/1964/1924 376/1965/1925
f 376/1965/1925 1275/1964/1924 377/1966/1926
f 377/1966/1926 1275/1964/1924 1298/1967/1927
f 377/1966/1926 1298/1967/1927 1297/1968/1928
f 377/1966/1926 1297/1968/1928 378/1969/1929
f 378/1969/1929 1297/1968/1928 1296/1970/1930
f 378/1969/1929 1296/1970/1930 379/1971/1931
f 379/1971/1931 1296/1970/1930 1295/1972/1932
f 379/1971/1931 1295/1972/1932 1294/1973/1933
f 379/1971/1931 1294/1973/1933 380/1974/1934
f 380/1974/1934 1294/1973/1933 1293/1975/1935
f 380/1974/1934 1293/1975/1935 381/1976/1936
f 381/1976/1936 1293/1975/1935 1292/1977/1937
f 381/1976/1936 1292/1977/1937 1291/1978/1938
f 1316/1979/1939 383/1980/1940 1291/1978/1938
f 1291/1978/1938 383/1980/1940 382/1981/1941
f 1291/1978/1938 382/1981/1941 381/1976/1936
f 1315/1982/1942 385/1983/1943 1316/1979/1939
f 1316/1979/1939 385/1983/1943 384/1984/1944
f 1316/1979/1939 384/1984/1944 383/1980/1940
f 385/1983/1943 1315/1982/1942 386/1985/1945
f 386/1985/1945 1315/1982/1942 1314/1986/1946
f 386/1985/1945 1314/1986/1946 387/1987/1947
f 387/1987/1947 1314/1986/1946 577/1988/1948
f 387/1987/1947 577/1988/1948 388/1989/1949
f 388/1989/1949 577/1988/1948 576/1990/1950
f 388/1989/1949 576/1990/1950 389/1991/1951
f 389/1991/1951 576/1990/1950 390/1992/1952
f 390/1992/1952 576/1990/1950 575/1993/1953
f 390/1992/1952 575/1993/1953 391/1994/1954
f 391/1994/1954 575/1993/1953 574/1995/1955
f 391/1994/1954 574/1995/1955 392/1996/1956
f 392/1996/1956 574/1995/1955 393/1997/1957
f 393/1997/1957 574/1995/1955 573/1998/1958
f 393/1997/1957 573/1998/1958 394/1999/1959
f 394/1999/1959 573/1998/1958 395/1956/1916
f 395/1956/1916 573/1998/1958 572/1954/1914
f 1314/1986/1946 1313/2000/1960 577/1988/1948
f 577/1988/1948 1313/2000/1960 578/2001/1961
f 578/2001/1961 1313/2000/1960 1312/2002/1962
f 578/2001/1961 1312/2002/1962 579/2003/1963
f 579/2003/1963 1312/2002/1962 1311/2004/1964
f 579/2003/1963 1311/2004/1964 580/2005/1965
f 580/2005/1965 1311/2004/1964 1310/2006/1966
f 580/2005/1965 1310/2006/1966 581/2007/1967
f 581/2007/1967 1310/2006/1966 1309/2008/1968
f 581/2007/1967 1309/2008/1968 626/2009/1969
f 626/2009/1969 1309/2008/1968 1308/2010/1970
f 626/2009/1969 1308/2010/1970 627/2011/1971
f 627/2011/1971 1308/2010/1970 628/2012/1972
f 628/2012/1972 1308/2010/1970 1307/2013/1973
f 628/2012/1972 1307/2013/1973 629/2014/1974
f 629/2014/1974 1307/2013/1973 630/2015/1975
f 630/2015/1975 1307/2013/1973 1334/2016/1976
f 630/2015/1975 1334/2016/1976 631/2017/1977
f 631/2017/1977 1334/2016/1976 1333/2018/1978
f 631/2017/1977 1333/2018/1978 632/2019/1979
f 632/2019/1979 1333/2018/1978 1332/2020/1980
f 632/2019/1979 1332/2020/1980 633/2021/1981
f 633/2021/1981 1332/2020/1980 1331/2022/1982
f 633/2021/1981 1331/2022/1982 634/2023/1983
f 634/2023/1983 1331/2022/1982 1330/2024/1984
f 634/2023/1983 1330/2024/1984 635/2025/1985
f 635/2025/1985 1330/2024/1984 1329/2026/1986
f 635/2025/1985 1329/2026/1986 636/2027/1987
f 636/2027/1987 1329/2026/1986 1328/2028/1988
f 636/2027/1987 1328/2028/1988 1327/2029/1989
f 1348/2030/1990 638/2031/1991 1327/2029/1989
f 1327/2029/1989 638/2031/1991 637/2032/1992
f 1327/2029/1989 637/2032/1992 636/2027/1987
f 638/2031/1991 1348/2030/1990 639/1947/1907
f 639/1947/1907 1348/2030/1990 1347/1945/1905
f 1355/2033/1993 1095/2034/1994 1343/1939/1899
f 1343/1939/1899 1095/2034/1994 1127/2035/1995
f 1343/1939/1899 1127/2035/1995 340/1937/1897
f 340/1937/1897 1127/2035/1995 341/2036/1996
f 341/2036/1996 1127/2035/1995 342/2037/1997
f 342/2037/1997 1127/2035/1995 1131/2038/1998
f 342/2037/1997 1131/2038/1998 1130/2039/1999
f 1364/2040/2000 526/2041/2001 1355/2033/1993
f 1355/2033/1993 526/2041/2001 525/2042/2002
f 1355/2033/1993 525/2042/2002 524/2043/2003
f 526/2041/2001 1364/2040/2000 527/2044/2004
f 527/2044/2004 1364/2040/2000 1363/2045/2005
f 527/2044/2004 1363/2045/2005 528/2046/2006
f 528/2046/2006 1363/2045/2005 1362/2047/2007
f 528/2046/2006 1362/2047/2007 529/2048/2008
f 529/2048/2008 1362/2047/2007 1361/2049/2009
f 529/2048/2008 1361/2049/2009 1360/2050/2010
f 529/2048/2008 1360/2050/2010 530/2051/2011
f 530/2051/2011 1360/2050/2010 1359/2052/2012
f 530/2051/2011 1359/2052/2012 531/2053/2013
f 531/2053/2013 1359/2052/2012 1358/2054/2014
f 531/2053/2013 1358/2054/2014 532/2055/2015
f 532/2055/2015 1358/2054/2014 1357/2056/2016
f 532/2055/2015 1357/2056/2016 533/2057/2017
f 533/2057/2017 1357/2056/2016 534/2058/2018
f 534/2058/2018 1357/2056/2016 1093/2059/2019
f 534/2058/2018 1093/2059/2019 535/2060/2020
f 535/2060/2020 1093/2059/2019 1110/2061/2021
f 535/2060/2020 1110/2061/2021 536/2062/2022
f 536/2062/2022 1110/2061/2021 1109/2063/2023
f 536/2062/2022 1109/2063/2023 1108/2064/2024
f 1357/2056/2016 1373/2065/2025 1093/2059/2019
f 1093/2059/2019 1373/2065/2025 1083/2066/2026
f 1083/2066/2026 1373/2065/2025 819/2067/2027
f 1083/2066/2026 819/2067/2027 818/2068/2028
f 1380/2069/2029 822/2070/2030 1373/2065/2025
f 1373/2065/2025 822/2070/2030 821/2071/2031
f 1373/2065/2025 821/2071/2031 820/2072/2032
f 822/2070/2030 1380/2069/2029 823/2073/2033
f 823/2073/2033 1380/2069/2029 1379/2074/2034
f 823/2073/2033 1379/2074/2034 1378/2075/2035
f 823/2073/2033 1378/2075/2035 824/2076/2036
f 824/2076/2036 1378/2075/2035 1377/2077/2037
f 824/2076/2036 1377/2077/2037 825/2078/2038
f 825/2078/2038 1377/2077/2037 1376/2079/2039
f 825/2078/2038 1376/2079/2039 1375/2080/2040
f 1396/2081/2041 827/2082/2042 1375/2080/2040
f 1375/2080/2040 827/2082/2042 826/2083/2043
f 1375/2080/2040 826/2083/2043 825/2078/2038
f 1395/2084/2044 829/2085/2045 1396/2081/2041
f 1396/2081/2041 829/2085/2045 828/2086/2046
f 1396/2081/2041 828/2086/2046 827/2082/2042
f 829/2085/2045 1395/2084/2044 830/2087/2047
f 830/2087/2047 1395/2084/2044 1394/2088/2048
f 830/2087/2047 1394/2088/2048 831/2089/2049
f 831/2089/2049 1394/2088/2048 187/2090/2050
f 831/2089/2049 187/2090/2050 832/2091/2051
f 832/2091/2051 187/2090/2050 186/2092/2052
f 832/2091/2051 186/2092/2052 833/2093/2053
f 833/2093/2053 186/2092/2052 834/2094/2054
f 834/2094/2054 186/2092/2052 185/2095/2055
f 834/2094/2054 185/2095/2055 835/2096/2056
f 835/2096/2056 185/2095/2055 184/2097/2057
f 835/2096/2056 184/2097/2057 836/2098/2058
f 836/2098/2058 184/2097/2057 837/2099/2059
f 837/2099/2059 184/2097/2057 183/2100/2060
f 837/2099/2059 183/2100/2060 838/2101/2061
f 838/2101/2061 183/2100/2060 839/2102/2062
f 839/2102/2062 183/2100/2060 182/2103/2063
f 839/2102/2062 182/2103/2063 1084/2104/2064
f 1084/2104/2064 182/2103/2063 1085/2105/2065
f 1085/2105/2065 182/2103/2063 181/2106/2066
f 1085/2105/2065 181/2106/2066 1086/2107/2067
f 1086/2107/2067 181/2106/2066 1087/2108/2068
f 1087/2108/2068 181/2106/2066 180/2109/2069
f 1087/2108/2068 180/2109/2069 1081/2110/2070
f 1081/2110/2070 180/2109/2069 179/2111/2071
f 1081/2110/2070 179/2111/2071 178/2112/2072
f 1394/2088/2048 1393/2113/2073 187/2090/2050
f 187/2090/2050 1393/2113/2073 188/2114/2074
f 188/2114/2074 1393/2113/2073 1392/2115/2075
f 188/2114/2074 1392/2115/2075 189/2116/2076
f 189/2116/2076 1392/2115/2075 1391/2117/2077
f 189/2116/2076 1391/2117/2077 190/2118/2078
f 190/2118/2078 1391/2117/2077 1390/2119/2079
f 190/2118/2078 1390/2119/2079 191/2120/2080
f 191/2120/2080 1390/2119/2079 1389/2121/2081
f 191/2120/2080 1389/2121/2081 134/2122/2082
f 134/2122/2082 1389/2121/2081 1388/2123/2083
f 134/2122/2082 1388/2123/2083 135/2124/2084
f 135/2124/2084 1388/2123/2083 136/2125/2085
f 136/2125/2085 1388/2123/2083 1387/2126/2086
f 136/2125/2085 1387/2126/2086 137/2127/2087
f 137/2127/2087 1387/2126/2086 138/2128/2088
f 138/2128/2088 1387/2126/2086 1414/2129/2089
f 138/2128/2088 1414/2129/2089 139/2130/2090
f 139/2130/2090 1414/2129/2089 1413/2131/2091
f 139/2130/2090 1413/2131/2091 140/2132/2092
f 140/2132/2092 1413/2131/2091 1412/2133/2093
f 140/2132/2092 1412/2133/2093 141/2134/2094
f 141/2134/2094 1412/2133/2093 1411/2135/2095
f 141/2134/2094 1411/2135/2095 142/2136/2096
f 142/2136/2096 1411/2135/2095 1410/2137/2097
f 142/2136/2096 1410/2137/2097 143/2138/2098
f 143/2138/2098 1410/2137/2097 1409/2139/2099
f 143/2138/2098 1409/2139/2099 144/2140/2100
f 144/2140/2100 1409/2139/2099 1408/2141/2101
f 144/2140/2100 1408/2141/2101 1407/2142/2102
f 1432/2143/2103 146/2144/2104 1407/2142/2102
f 1407/2142/2102 146/2144/2104 145/2145/2105
f 1407/2142/2102 145/2145/2105 144/2140/2100
f 146/2144/2104 1432/2143/2103 147/2146/2106
f 147/2146/2106 1432/2143/2103 1431/2147/2107
f 147/2146/2106 1431/2147/2107 148/2148/2108
f 148/2148/2108 1431/2147/2107 197/2149/2109
f 148/2148/2108 197/2149/2109 149/2150/2110
f 149/2150/2110 197/2149/2109 196/2151/2111
f 149/2150/2110 196/2151/2111 150/2152/2112
f 150/2152/2112 196/2151/2111 195/2153/2113
f 150/2152/2112 195/2153/2113 127/2154/2114
f 127/2154/2114 195/2153/2113 128/2155/2115
f 128/2155/2115 195/2153/2113 194/2156/2116
f 128/2155/2115 194/2156/2116 129/2157/2117
f 129/2157/2117 194/2156/2116 130/2158/2118
f 130/2158/2118 194/2156/2116 193/2159/2119
f 130/2158/2118 193/2159/2119 131/2160/2120
f 131/2160/2120 193/2159/2119 132/2161/2121
f 132/2161/2121 193/2159/2119 192/2162/2122
f 132/2161/2121 192/2162/2122 133/2163/2123
f 133/2163/2123 192/2162/2122 191/2120/2080
f 133/2163/2123 191/2120/2080 134/2122/2082
f 1431/2147/2107 1430/2164/2124 197/2149/2109
f 197/2149/2109 1430/2164/2124 198/2165/2125
f 198/2165/2125 1430/2164/2124 1429/2166/2126
f 198/2165/2125 1429/2166/2126 1428/2167/2127
f 1428/2167/2127 1427/2168/2128 198/2165/2125
f 198/2165/2125 1427/2168/2128 199/2169/2129
f 199/2169/2129 1427/2168/2128 1426/2170/2130
f 199/2169/2129 1426/2170/2130 1425/2171/2131
f 1424/2172/2132 881/2173/2133 1425/2171/2131
f 1425/2171/2131 881/2173/2133 880/2174/2134
f 1425/2171/2131 880/2174/2134 199/2169/2129
f 199/2169/2129 880/2174/2134 200/2175/2135
f 200/2175/2135 880/2174/2134 879/2176/2136
f 200/2175/2135 879/2176/2136 878/2177/2137
f 881/2173/2133 1424/2172/2132 882/2178/2138
f 882/2178/2138 1424/2172/2132 1423/2179/2139
f 882/2178/2138 1423/2179/2139 883/2180/2140
f 883/2180/2140 1423/2179/2139 884/2181/2141
f 884/2181/2141 1423/2179/2139 1450/2182/2142
f 884/2181/2141 1450/2182/2142 1449/2183/2143
f 884/2181/2141 1449/2183/2143 885/2184/2144
f 885/2184/2144 1449/2183/2143 1448/2185/2145
f 885/2184/2144 1448/2185/2145 886/2186/2146
f 886/2186/2146 1448/2185/2145 1447/2187/2147
f 886/2186/2146 1447/2187/2147 887/2188/2148
f 887/2188/2148 1447/2187/2147 1446/2189/2149
f 887/2188/2148 1446/2189/2149 888/2190/2150
f 888/2190/2150 1446/2189/2149 1445/2191/2151
f 888/2190/2150 1445/2191/2151 865/2192/2152
f 865/2192/2152 1445/2191/2151 1444/2193/2153
f 865/2192/2152 1444/2193/2153 866/2194/2154
f 866/2194/2154 1444/2193/2153 1443/2195/2155
f 866/2194/2154 1443/2195/2155 867/2196/2156
f 867/2196/2156 1443/2195/2155 868/2197/2157
f 868/2197/2157 1443/2195/2155 1461/2198/2158
f 868/2197/2157 1461/2198/2158 1460/2199/2159
f 1460/2199/2159 1459/2200/2160 868/2197/2157
f 868/2197/2157 1459/2200/2160 869/2201/2161
f 869/2201/2161 1459/2200/2160 870/2202/2162
f 870/2202/2162 1459/2200/2160 1081/2110/2070
f 870/2202/2162 1081/2110/2070 178/2112/2072
f 1459/2200/2160 1465/2203/2163 1081/2110/2070
f 1081/2110/2070 1465/2203/2163 1055/2204/2164
f 1055/2204/2164 1465/2203/2163 481/2205/2165
f 1055/2204/2164 481/2205/2165 480/2206/2166
f 1478/2207/2167 484/2208/2168 1465/2203/2163
f 1465/2203/2163 484/2208/2168 483/2209/2169
f 1465/2203/2163 483/2209/2169 482/2210/2170
f 484/2208/2168 1478/2207/2167 485/2211/2171
f 485/2211/2171 1478/2207/2167 1477/2212/2172
f 485/2211/2171 1477/2212/2172 1476/2213/2173
f 485/2211/2171 1476/2213/2173 486/2214/2174
f 486/2214/2174 1476/2213/2173 1475/2215/2175
f 486/2214/2174 1475/2215/2175 1474/2216/2176
f 486/2214/2174 1474/2216/2176 487/2217/2177
f 487/2217/2177 1474/2216/2176 1473/2218/2178
f 487/2217/2177 1473/2218/2178 1472/2219/2179
f 487/2217/2177 1472/2219/2179 488/2220/2180
f 488/2220/2180 1472/2219/2179 1471/2221/2181
f 488/2220/2180 1471/2221/2181 1470/2222/2182
f 488/2220/2180 1470/2222/2182 489/2223/2183
f 489/2223/2183 1470/2222/2182 1469/2224/2184
f 489/2223/2183 1469/2224/2184 1468/2225/2185
f 489/2223/2183 1468/2225/2185 490/2226/2186
f 490/2226/2186 1468/2225/2185 1467/2227/2187
f 490/2226/2186 1467/2227/2187 491/2228/2188
f 491/2228/2188 1467/2227/2187 492/2229/2189
f 492/2229/2189 1467/2227/2187 469/2230/2190
f 469/2230/2190 1467/2227/2187 1053/2231/2191
f 469/2230/2190 1053/2231/2191 470/2232/2192
f 470/2232/2192 1053/2231/2191 471/2233/2193
f 471/2233/2193 1053/2231/2191 1067/2234/2194
f 471/2233/2193 1067/2234/2194 472/2235/2195
f 472/2235/2195 1067/2234/2194 1066/2236/2196
f 472/2235/2195 1066/2236/2196 473/2237/2197
f 473/2237/2197 1066/2236/2196 1065/2238/2198
f 473/2237/2197 1065/2238/2198 1064/2239/2199
f 1053/2231/2191 1467/2227/2187 1043/2240/2200
f 1043/2240/2200 1467/2227/2187 1491/2241/2201
f 1043/2240/2200 1491/2241/2201 32/2242/2202
f 32/2242/2202 1491/2241/2201 33/2243/2203
f 33/2243/2203 1491/2241/2201 34/2244/2204
f 34/2244/2204 1491/2241/2201 1495/2245/2205
f 34/2244/2204 1495/2245/2205 1494/2246/2206
f 1494/2246/2206 1493/2247/2207 34/2244/2204
f 34/2244/2204 1493/2247/2207 35/2248/2208
f 35/2248/2208 1493/2247/2207 36/2249/2209
f 36/2249/2209 1493/2247/2207 1506/2250/2210
f 36/2249/2209 1506/2250/2210 37/2251/2211
f 37/2251/2211 1506/2250/2210 1505/2252/2212
f 37/2251/2211 1505/2252/2212 38/2253/2213
f 38/2253/2213 1505/2252/2212 1504/2254/2214
f 38/2253/2213 1504/2254/2214 39/2255/2215
f 39/2255/2215 1504/2254/2214 1503/2256/2216
f 39/2255/2215 1503/2256/2216 40/2257/2217
f 40/2257/2217 1503/2256/2216 1502/2258/2218
f 40/2257/2217 1502/2258/2218 41/2259/2219
f 41/2259/2219 1502/2258/2218 1501/2260/2220
f 41/2259/2219 1501/2260/2220 42/2261/2221
f 42/2261/2221 1501/2260/2220 1500/2262/2222
f 42/2261/2221 1500/2262/2222 1499/2263/2223
f 1524/2264/2224 44/2265/2225 1499/2263/2223
f 1499/2263/2223 44/2265/2225 43/2266/2226
f 1499/2263/2223 43/2266/2226 42/2261/2221
f 44/2265/2225 1524/2264/2224 45/2267/2227
f 45/2267/2227 1524/2264/2224 1523/2268/2228
f 45/2267/2227 1523/2268/2228 46/2269/2229
f 46/2269/2229 1523/2268/2228 95/2270/2230
f 46/2269/2229 95/2270/2230 47/2271/2231
f 47/2271/2231 95/2270/2230 94/2272/2232
f 47/2271/2231 94/2272/2232 48/2273/2233
f 48/2273/2233 94/2272/2232 93/2274/2234
f 48/2273/2233 93/2274/2234 25/2275/2235
f 25/2275/2235 93/2274/2234 26/2276/2236
f 26/2276/2236 93/2274/2234 92/2277/2237
f 26/2276/2236 92/2277/2237 27/2278/2238
f 27/2278/2238 92/2277/2237 28/2279/2239
f 28/2279/2239 92/2277/2237 91/2280/2240
f 28/2279/2239 91/2280/2240 29/2281/2241
f 29/2281/2241 91/2280/2240 30/2282/2242
f 30/2282/2242 91/2280/2240 90/2283/2243
f 30/2282/2242 90/2283/2243 31/2284/2244
f 31/2284/2244 90/2283/2243 89/2285/2245
f 31/2284/2244 89/2285/2245 32/2242/2202
f 32/2242/2202 89/2285/2245 1043/2240/2200
f 1523/2268/2228 1522/2286/2246 95/2270/2230
f 95/2270/2230 1522/2286/2246 96/2287/2247
f 96/2287/2247 1522/2286/2246 1521/2288/2248
f 96/2287/2247 1521/2288/2248 1520/2289/2249
f 1520/2289/2249 1519/2290/2250 96/2287/2247
f 96/2287/2247 1519/2290/2250 97/2291/2251
f 97/2291/2251 1519/2290/2250 1518/2292/2252
f 97/2291/2251 1518/2292/2252 1517/2293/2253
f 1516/2294/2254 977/2295/2255 1517/2293/2253
f 1517/2293/2253 977/2295/2255 976/2296/2256
f 1517/2293/2253 976/2296/2256 97/2291/2251
f 97/2291/2251 976/2296/2256 98/2297/2257
f 98/2297/2257 976/2296/2256 975/2298/2258
f 98/2297/2257 975/2298/2258 974/2299/2259
f 977/2295/2255 1516/2294/2254 978/2300/2260
f 978/2300/2260 1516/2294/2254 1515/2301/2261
f 978/2300/2260 1515/2301/2261 979/2302/2262
f 979/2302/2262 1515/2301/2261 980/2303/2263
f 980/2303/2263 1515/2301/2261 1542/2304/2264
f 980/2303/2263 1542/2304/2264 1541/2305/2265
f 980/2303/2263 1541/2305/2265 981/2306/2266
f 981/2306/2266 1541/2305/2265 1540/2307/2267
f 981/2306/2266 1540/2307/2267 982/2308/2268
f 982/2308/2268 1540/2307/2267 1539/2309/2269
f 982/2308/2268 1539/2309/2269 983/2310/2270
f 983/2310/2270 1539/2309/2269 1538/2311/2271
f 983/2310/2270 1538/2311/2271 984/2312/2272
f 984/2312/2272 1538/2311/2271 1537/2313/2273
f 984/2312/2272 1537/2313/2273 961/2314/2274
f 961/2314/2274 1537/2313/2273 1536/2315/2275
f 961/2314/2274 1536/2315/2275 962/2316/2276
f 962/2316/2276 1536/2315/2275 1535/2317/2277
f 962/2316/2276 1535/2317/2277 963/2318/2278
f 963/2318/2278 1535/2317/2277 964/2319/2279
f 964/2319/2279 1535/2317/2277 1560/2320/2280
f 964/2319/2279 1560/2320/2280 965/2321/2281
f 965/2321/2281 1560/2320/2280 966/2322/2282
f 966/2322/2282 1560/2320/2280 1559/2323/2283
f 966/2322/2282 1559/2323/2283 76/2324/2284
f 76/2324/2284 1559/2323/2283 77/2325/2285
f 77/2325/2285 1559/2323/2283 1558/2326/2286
f 77/2325/2285 1558/2326/2286 78/2327/2287
f 78/2327/2287 1558/2326/2286 1557/2328/2288
f 78/2327/2287 1557/2328/2288 79/2329/2289
f 79/2329/2289 1557/2328/2288 1556/2330/2290
f 79/2329/2289 1556/2330/2290 1555/2331/2291
f 79/2329/2289 1555/2331/2291 80/2332/2292
f 80/2332/2292 1555/2331/2291 1554/2333/2293
f 80/2332/2292 1554/2333/2293 935/2334/2294
f 935/2334/2294 1554/2333/2293 936/2335/2295
f 936/2335/2295 1554/2333/2293 1553/2336/2296
f 936/2335/2295 1553/2336/2296 913/2337/2297
f 913/2337/2297 1553/2336/2296 1552/2338/2298
f 913/2337/2297 1552/2338/2298 914/2339/2299
f 914/2339/2299 1552/2338/2298 915/2340/2300
f 915/2340/2300 1552/2338/2298 1551/2341/2301
f 915/2340/2300 1551/2341/2301 916/2342/2302
f 916/2342/2302 1551/2341/2301 917/2343/2303
f 917/2343/2303 1551/2341/2301 1576/2344/2304
f 917/2343/2303 1576/2344/2304 1575/2345/2305
f 917/2343/2303 1575/2345/2305 918/2346/2306
f 918/2346/2306 1575/2345/2305 1574/2347/2307
f 918/2346/2306 1574/2347/2307 919/2348/2308
f 919/2348/2308 1574/2347/2307 1573/2349/2309
f 919/2348/2308 1573/2349/2309 1572/2350/2310
f 919/2348/2308 1572/2350/2310 920/2351/2311
f 920/2351/2311 1572/2350/2310 1571/2352/2312
f 920/2351/2311 1571/2352/2312 921/2353/2313
f 921/2353/2313 1571/2352/2312 922/2354/2314
f 922/2354/2314 1571/2352/2312 923/2355/2315
f 923/2355/2315 1571/2352/2312 1041/2356/2316
f 923/2355/2315 1041/2356/2316 924/2357/2317
f 924/2357/2317 1041/2356/2316 925/2358/2318
f 925/2358/2318 1041/2356/2316 926/2359/2319
f 926/2359/2319 1041/2356/2316 1047/2360/2320
f 926/2359/2319 1047/2360/2320 927/2361/2321
f 927/2361/2321 1047/2360/2320 85/2362/2322
f 927/2361/2321 85/2362/2322 928/2363/2323
f 928/2363/2323 85/2362/2322 84/2364/2324
f 928/2363/2323 84/2364/2324 929/2365/2325
f 929/2365/2325 84/2364/2324 930/2366/2326
f 930/2366/2326 84/2364/2324 83/2367/2327
f 930/2366/2326 83/2367/2327 931/2368/2328
f 931/2368/2328 83/2367/2327 82/2369/2329
f 931/2368/2328 82/2369/2329 932/2370/2330
f 932/2370/2330 82/2369/2329 933/2371/2331
f 933/2371/2331 82/2369/2329 81/2372/2332
f 933/2371/2331 81/2372/2332 934/2373/2333
f 934/2373/2333 81/2372/2332 935/2334/2294
f 935/2334/2294 81/2372/2332 80/2332/2292
f 1041/2356/2316 1571/2352/2312 1009/2374/2334
f 1009/2374/2334 1571/2352/2312 1583/2375/2335
f 1009/2374/2334 1583/2375/2335 440/2376/2336
f 440/2376/2336 1583/2375/2335 441/2377/2337
f 441/2377/2337 1583/2375/2335 442/2378/2338
f 442/2378/2338 1583/2375/2335 1592/2379/2339
f 442/2378/2338 1592/2379/2339 443/2380/2340
f 443/2380/2340 1592/2379/2339 1591/2381/2341
f 443/2380/2340 1591/2381/2341 444/2382/2342
f 444/2382/2342 1591/2381/2341 1590/2383/2343
f 444/2382/2342 1590/2383/2343 421/2384/2344
f 421/2384/2344 1590/2383/2343 1589/2385/2345
f 421/2384/2344 1589/2385/2345 1588/2386/2346
f 421/2384/2344 1588/2386/2346 422/2387/2347
f 422/2387/2347 1588/2386/2346 1587/2388/2348
f 422/2387/2347 1587/2388/2348 423/2389/2349
f 423/2389/2349 1587/2388/2348 1586/2390/2350
f 423/2389/2349 1586/2390/2350 424/2391/2351
f 424/2391/2351 1586/2390/2350 1585/2392/2352
f 424/2391/2351 1585/2392/2352 425/2393/2353
f 425/2393/2353 1585/2392/2352 426/2394/2354
f 426/2394/2354 1585/2392/2352 1007/2395/2355
f 426/2394/2354 1007/2395/2355 427/2396/2356
f 427/2396/2356 1007/2395/2355 1024/2397/2357
f 427/2396/2356 1024/2397/2357 428/2398/2358
f 428/2398/2358 1024/2397/2357 1023/2399/2359
f 428/2398/2358 1023/2399/2359 1022/2400/2360
f 1585/2392/2352 1601/1759/1719 1007/2395/2355
f 1007/2395/2355 1601/1759/1719 1001/2401/2361
f 1001/2401/2361 1601/1759/1719 250/1761/1721
f 1001/2401/2361 250/1761/1721 249/2402/2362
f 1003/2403/2363 248/2404/2364 985/1796/1756
f 985/1796/1756 248/2404/2364 247/2405/2365
f 985/1796/1756 247/2405/2365 246/1794/1754
f 1003/2403/2363 1002/2406/2366 248/2404/2364
f 248/2404/2364 1002/2406/2366 1001/2401/2361
f 248/2404/2364 1001/2401/2361 249/2402/2362
f 428/2398/2358 1022/2400/2360 429/2407/2367
f 429/2407/2367 1022/2400/2360 1021/2408/2368
f 429/2407/2367 1021/2408/2368 430/2409/2369
f 430/2409/2369 1021/2408/2368 1020/2410/2370
f 430/2409/2369 1020/2410/2370 431/2411/2371
f 431/2411/2371 1020/2410/2370 1019/2412/2372
f 431/2411/2371 1019/2412/2372 432/2413/2373
f 432/2413/2373 1019/2412/2372 1018/2414/2374
f 432/2413/2373 1018/2414/2374 433/2415/2375
f 433/2415/2375 1018/2414/2374 1017/2416/2376
f 433/2415/2375 1017/2416/2376 1016/2417/2377
f 433/2415/2375 1016/2417/2377 434/2418/2378
f 434/2418/2378 1016/2417/2377 1015/2419/2379
f 434/2418/2378 1015/2419/2379 435/2420/2380
f 435/2420/2380 1015/2419/2379 1014/2421/2381
f 435/2420/2380 1014/2421/2381 436/2422/2382
f 436/2422/2382 1014/2421/2381 1013/2423/2383
f 436/2422/2382 1013/2423/2383 437/2424/2384
f 437/2424/2384 1013/2423/2383 1012/2425/2385
f 437/2424/2384 1012/2425/2385 438/2426/2386
f 438/2426/2386 1012/2425/2385 1011/2427/2387
f 438/2426/2386 1011/2427/2387 1010/2428/2388
f 438/2426/2386 1010/2428/2388 439/2429/2389
f 439/2429/2389 1010/2428/2388 1009/2374/2334
f 439/2429/2389 1009/2374/2334 440/2376/2336
f 1047/2360/2320 1046/2430/2390 85/2362/2322
f 85/2362/2322 1046/2430/2390 86/2431/2391
f 86/2431/2391 1046/2430/2390 1045/2432/2392
f 86/2431/2391 1045/2432/2392 87/2433/2393
f 87/2433/2393 1045/2432/2392 1044/2434/2394
f 87/2433/2393 1044/2434/2394 1043/2240/2200
f 473/2237/2197 1064/2239/2199 474/2435/2395
f 474/2435/2395 1064/2239/2199 1063/2436/2396
f 474/2435/2395 1063/2436/2396 475/2437/2397
f 475/2437/2397 1063/2436/2396 1062/2438/2398
f 475/2437/2397 1062/2438/2398 1061/2439/2399
f 1061/2439/2399 1060/2440/2400 475/2437/2397
f 475/2437/2397 1060/2440/2400 476/2441/2401
f 476/2441/2401 1060/2440/2400 1059/2442/2402
f 476/2441/2401 1059/2442/2402 477/2443/2403
f 477/2443/2403 1059/2442/2402 1058/2444/2404
f 477/2443/2403 1058/2444/2404 1057/2445/2405
f 477/2443/2403 1057/2445/2405 478/2446/2406
f 478/2446/2406 1057/2445/2405 1056/2447/2407
f 478/2446/2406 1056/2447/2407 479/2448/2408
f 479/2448/2408 1056/2447/2407 1055/2204/2164
f 479/2448/2408 1055/2204/2164 480/2206/2166
f 839/2102/2062 1084/2104/2064 840/2449/2409
f 840/2449/2409 1084/2104/2064 1083/2066/2026
f 840/2449/2409 1083/2066/2026 817/2450/2410
f 817/2450/2410 1083/2066/2026 818/2068/2028
f 536/2062/2022 1108/2064/2024 537/2451/2411
f 537/2451/2411 1108/2064/2024 1107/2452/2412
f 537/2451/2411 1107/2452/2412 538/2453/2413
f 538/2453/2413 1107/2452/2412 1106/2454/2414
f 538/2453/2413 1106/2454/2414 539/2455/2415
f 539/2455/2415 1106/2454/2414 1105/2456/2416
f 539/2455/2415 1105/2456/2416 540/2457/2417
f 540/2457/2417 1105/2456/2416 1104/2458/2418
f 540/2457/2417 1104/2458/2418 517/2459/2419
f 517/2459/2419 1104/2458/2418 1103/2460/2420
f 517/2459/2419 1103/2460/2420 1102/2461/2421
f 517/2459/2419 1102/2461/2421 518/2462/2422
f 518/2462/2422 1102/2461/2421 1101/2463/2423
f 518/2462/2422 1101/2463/2423 519/2464/2424
f 519/2464/2424 1101/2463/2423 1100/2465/2425
f 519/2464/2424 1100/2465/2425 520/2466/2426
f 520/2466/2426 1100/2465/2425 1099/2467/2427
f 520/2466/2426 1099/2467/2427 521/2468/2428
f 521/2468/2428 1099/2467/2427 1098/2469/2429
f 521/2468/2428 1098/2469/2429 522/2470/2430
f 522/2470/2430 1098/2469/2429 1097/2471/2431
f 522/2470/2430 1097/2471/2431 1096/2472/2432
f 522/2470/2430 1096/2472/2432 523/2473/2433
f 523/2473/2433 1096/2472/2432 1095/2034/1994
f 523/2473/2433 1095/2034/1994 524/2043/2003
f 524/2043/2003 1095/2034/1994 1355/2033/1993
f 1130/2039/1999 1129/2474/2434 342/2037/1997
f 342/2037/1997 1129/2474/2434 343/2475/2435
f 343/2475/2435 1129/2474/2434 344/2476/2436
f 344/2476/2436 1129/2474/2434 1141/2477/2437
f 344/2476/2436 1141/2477/2437 1140/2478/2438
f 344/2476/2436 1140/2478/2438 345/2479/2439
f 345/2479/2439 1140/2478/2438 1139/2480/2440
f 345/2479/2439 1139/2480/2440 346/2481/2441
f 346/2481/2441 1139/2480/2440 1138/2482/2442
f 346/2481/2441 1138/2482/2442 347/2483/2443
f 347/2483/2443 1138/2482/2442 1137/2484/2444
f 347/2483/2443 1137/2484/2444 348/2485/2445
f 348/2485/2445 1137/2484/2444 1136/2486/2446
f 348/2485/2445 1136/2486/2446 325/2487/2447
f 325/2487/2447 1136/2486/2446 1135/1917/1877
f 325/2487/2447 1135/1917/1877 326/2488/2448
f 326/2488/2448 1135/1917/1877 327/2489/2449
f 327/2489/2449 1135/1917/1877 328/1919/1879
f 737/1914/1874 1160/1916/1876 738/2490/2450
f 738/2490/2450 1160/1916/1876 1159/2491/2451
f 738/2490/2450 1159/2491/2451 739/2492/2452
f 739/2492/2452 1159/2491/2451 1158/2493/2453
f 739/2492/2452 1158/2493/2453 1157/2494/2454
f 1157/2494/2454 1156/2495/2455 739/2492/2452
f 739/2492/2452 1156/2495/2455 740/2496/2456
f 740/2496/2456 1156/2495/2455 1155/2497/2457
f 740/2496/2456 1155/2497/2457 741/2498/2458
f 741/2498/2458 1155/2497/2457 1154/2499/2459
f 741/2498/2458 1154/2499/2459 1153/2500/2460
f 741/2498/2458 1153/2500/2460 742/2501/2461
f 742/2501/2461 1153/2500/2460 1152/2502/2462
f 742/2501/2461 1152/2502/2462 743/2503/2463
f 743/2503/2463 1152/2502/2462 1151/1881/1841
f 743/2503/2463 1151/1881/1841 744/1883/1843
f 98/2297/2257 974/2299/2259 99/2504/2464
f 99/2504/2464 974/2299/2259 973/2505/2465
f 99/2504/2464 973/2505/2465 100/2506/2466
f 100/2506/2466 973/2505/2465 972/2507/2467
f 100/2506/2466 972/2507/2467 971/2508/2468
f 100/2506/2466 971/2508/2468 101/2509/2469
f 101/2509/2469 971/2508/2468 970/2510/2470
f 101/2509/2469 970/2510/2470 969/2511/2471
f 101/2509/2469 969/2511/2471 102/2512/2472
f 102/2512/2472 969/2511/2471 968/2513/2473
f 102/2512/2472 968/2513/2473 76/2324/2284
f 76/2324/2284 968/2513/2473 967/2514/2474
f 76/2324/2284 967/2514/2474 966/2322/2282
f 200/2175/2135 878/2177/2137 201/2515/2475
f 201/2515/2475 878/2177/2137 877/2516/2476
f 201/2515/2475 877/2516/2476 202/2517/2477
f 202/2517/2477 877/2516/2476 876/2518/2478
f 202/2517/2477 876/2518/2478 875/2519/2479
f 202/2517/2477 875/2519/2479 203/2520/2480
f 203/2520/2480 875/2519/2479 874/2521/2481
f 203/2520/2480 874/2521/2481 873/2522/2482
f 203/2520/2480 873/2522/2482 204/2523/2483
f 204/2523/2483 873/2522/2482 872/2524/2484
f 204/2523/2483 872/2524/2484 178/2112/2072
f 178/2112/2072 872/2524/2484 871/2525/2485
f 178/2112/2072 871/2525/2485 870/2202/2162
f 820/2072/2032 819/2067/2027 1373/2065/2025
f 692/1804/1764 782/1806/1766 693/2526/2486
f 693/2526/2486 782/1806/1766 781/2527/2487
f 693/2526/2486 781/2527/2487 694/2528/2488
f 694/2528/2488 781/2527/2487 780/2529/2489
f 694/2528/2488 780/2529/2489 779/2530/2490
f 694/2528/2488 779/2530/2490 695/2531/2491
f 695/2531/2491 779/2530/2490 778/2532/2492
f 695/2531/2491 778/2532/2492 777/2533/2493
f 695/2531/2491 777/2533/2493 696/2534/2494
f 696/2534/2494 777/2533/2493 776/2535/2495
f 696/2534/2494 776/2535/2495 670/1831/1791
f 670/1831/1791 776/2535/2495 775/2536/2496
f 670/1831/1791 775/2536/2496 774/1829/1789
f 722/1887/1847 721/1882/1842 1247/1880/1840
f 291/1871/1831 679/1873/1833 292/2537/2497
f 292/2537/2497 679/1873/1833 678/2538/2498
f 292/2537/2497 678/2538/2498 293/2539/2499
f 293/2539/2499 678/2538/2498 294/2540/2500
f 294/2540/2500 678/2538/2498 677/2541/2501
f 294/2540/2500 677/2541/2501 295/2542/2502
f 295/2542/2502 677/2541/2501 676/2543/2503
f 295/2542/2502 676/2543/2503 296/2544/2504
f 296/2544/2504 676/2543/2503 297/2545/2505
f 297/2545/2505 676/2543/2503 675/2546/2506
f 297/2545/2505 675/2546/2506 298/2547/2507
f 298/2547/2507 675/2546/2506 299/1841/1801
f 299/1841/1801 675/2546/2506 674/1839/1799
f 620/2548/2508 619/2549/2509 585/2550/2510
f 585/2550/2510 619/2549/2509 642/2551/2511
f 585/2550/2510 642/2551/2511 586/2552/2512
f 586/2552/2512 642/2551/2511 641/2553/2513
f 586/2552/2512 641/2553/2513 587/1944/1904
f 587/1944/1904 641/2553/2513 640/1946/1906
f 626/2009/1969 625/2554/2514 581/2007/1967
f 581/2007/1967 625/2554/2514 582/2555/2515
f 582/2555/2515 625/2554/2514 624/2556/2516
f 582/2555/2515 624/2556/2516 583/2557/2517
f 583/2557/2517 624/2556/2516 623/2558/2518
f 583/2557/2517 623/2558/2518 622/2559/2519
f 583/2557/2517 622/2559/2519 584/2560/2520
f 584/2560/2520 622/2559/2519 621/2561/2521
f 584/2560/2520 621/2561/2521 620/2548/2508
f 584/2560/2520 620/2548/2508 585/2550/2510
f 482/2210/2170 481/2205/2165 1465/2203/2163
f 89/2285/2245 88/2562/2522 1043/2240/2200
f 1043/2240/2200 88/2562/2522 87/2433/2393
f 1612/2563/2523 752/2564/2524 1186/2565/2525
f 1186/2565/2525 752/2564/2524 751/2566/2526
f 1186/2565/2525 751/2566/2526 750/2567/2527
f 752/2564/2524 1612/2563/2523 753/2568/2528
f 753/2568/2528 1612/2563/2523 1611/2569/2529
f 753/2568/2528 1611/2569/2529 754/2570/2530
f 754/2570/2530 1611/2569/2529 649/2571/2531
f 754/2570/2530 649/2571/2531 648/2572/2532
f 1611/2569/2529 1610/2573/2533 649/2571/2531
f 649/2571/2531 1610/2573/2533 1609/2574/2534
f 649/2571/2531 1609/2574/2534 650/2575/2535
f 650/2575/2535 1609/2574/2534 1608/2576/2536
f 650/2575/2535 1608/2576/2536 1602/2577/2537
f 1600/2578/2538 1008/2579/2539 1602/2577/2537
f 1602/2577/2537 1008/2579/2539 1006/2580/2540
f 1602/2577/2537 1006/2580/2540 208/2581/2541
f 208/2581/2541 1006/2580/2540 209/2582/2542
f 209/2582/2542 1006/2580/2540 210/2583/2543
f 210/2583/2543 1006/2580/2540 1005/2584/2544
f 210/2583/2543 1005/2584/2544 1004/2585/2545
f 1599/2586/2546 418/2587/2547 1600/2578/2538
f 1600/2578/2538 418/2587/2547 417/2588/2548
f 1600/2578/2538 417/2588/2548 416/2589/2549
f 418/2587/2547 1599/2586/2546 419/2590/2550
f 419/2590/2550 1599/2586/2546 1598/2591/2551
f 419/2590/2550 1598/2591/2551 420/2592/2552
f 420/2592/2552 1598/2591/2551 1597/2593/2553
f 420/2592/2552 1597/2593/2553 397/2594/2554
f 397/2594/2554 1597/2593/2553 1596/2595/2555
f 397/2594/2554 1596/2595/2555 1595/2596/2556
f 397/2594/2554 1595/2596/2556 398/2597/2557
f 398/2597/2557 1595/2596/2556 1594/2598/2558
f 398/2597/2557 1594/2598/2558 399/2599/2559
f 399/2599/2559 1594/2598/2558 1593/2600/2560
f 399/2599/2559 1593/2600/2560 400/2601/2561
f 400/2601/2561 1593/2600/2560 1584/2602/2562
f 400/2601/2561 1584/2602/2562 401/2603/2563
f 401/2603/2563 1584/2602/2562 402/2604/2564
f 402/2604/2564 1584/2602/2562 1040/2605/2565
f 402/2604/2564 1040/2605/2565 403/2606/2566
f 403/2606/2566 1040/2605/2565 1039/2607/2567
f 403/2606/2566 1039/2607/2567 404/2608/2568
f 404/2608/2568 1039/2607/2567 1038/2609/2569
f 404/2608/2568 1038/2609/2569 1037/2610/2570
f 1584/2602/2562 1582/2611/2571 1040/2605/2565
f 1040/2605/2565 1582/2611/2571 1042/2612/2572
f 1042/2612/2572 1582/2611/2571 903/2613/2573
f 1042/2612/2572 903/2613/2573 902/2614/2574
f 1581/2615/2575 906/2616/2576 1582/2611/2571
f 1582/2611/2571 906/2616/2576 905/2617/2577
f 1582/2611/2571 905/2617/2577 904/2618/2578
f 906/2616/2576 1581/2615/2575 907/2619/2579
f 907/2619/2579 1581/2615/2575 1580/2620/2580
f 907/2619/2579 1580/2620/2580 1579/2621/2581
f 907/2619/2579 1579/2621/2581 908/2622/2582
f 908/2622/2582 1579/2621/2581 1578/2623/2583
f 908/2622/2582 1578/2623/2583 909/2624/2584
f 909/2624/2584 1578/2623/2583 1577/2625/2585
f 909/2624/2584 1577/2625/2585 1570/2626/2586
f 1569/2627/2587 911/2628/2588 1570/2626/2586
f 1570/2626/2586 911/2628/2588 910/2629/2589
f 1570/2626/2586 910/2629/2589 909/2624/2584
f 1568/2630/2590 889/2631/2591 1569/2627/2587
f 1569/2627/2587 889/2631/2591 912/2632/2592
f 1569/2627/2587 912/2632/2592 911/2628/2588
f 889/2631/2591 1568/2630/2590 890/2633/2593
f 890/2633/2593 1568/2630/2590 1567/2634/2594
f 890/2633/2593 1567/2634/2594 891/2635/2595
f 891/2635/2595 1567/2634/2594 72/2636/2596
f 891/2635/2595 72/2636/2596 71/2637/2597
f 1567/2634/2594 1566/2638/2598 72/2636/2596
f 72/2636/2596 1566/2638/2598 73/2639/2599
f 73/2639/2599 1566/2638/2598 1565/2640/2600
f 73/2639/2599 1565/2640/2600 1564/2641/2601
f 73/2639/2599 1564/2641/2601 74/2642/2602
f 74/2642/2602 1564/2641/2601 1563/2643/2603
f 74/2642/2602 1563/2643/2603 75/2644/2604
f 75/2644/2604 1563/2643/2603 1562/2645/2605
f 75/2644/2604 1562/2645/2605 49/2646/2606
f 49/2646/2606 1562/2645/2605 956/2647/2607
f 49/2646/2606 956/2647/2607 955/2648/2608
f 1562/2645/2605 1561/2649/2609 956/2647/2607
f 956/2647/2607 1561/2649/2609 957/2650/2610
f 957/2650/2610 1561/2649/2609 958/2651/2611
f 958/2651/2611 1561/2649/2609 1550/2652/2612
f 958/2651/2611 1550/2652/2612 959/2653/2613
f 959/2653/2613 1550/2652/2612 960/2654/2614
f 960/2654/2614 1550/2652/2612 1549/2655/2615
f 960/2654/2614 1549/2655/2615 937/2656/2616
f 937/2656/2616 1549/2655/2615 1548/2657/2617
f 937/2656/2616 1548/2657/2617 938/2658/2618
f 938/2658/2618 1548/2657/2617 1547/2659/2619
f 938/2658/2618 1547/2659/2619 939/2660/2620
f 939/2660/2620 1547/2659/2619 1546/2661/2621
f 939/2660/2620 1546/2661/2621 940/2662/2622
f 940/2662/2622 1546/2661/2621 1545/2663/2623
f 940/2662/2622 1545/2663/2623 941/2664/2624
f 941/2664/2624 1545/2663/2623 1544/2665/2625
f 941/2664/2624 1544/2665/2625 942/2666/2626
f 942/2666/2626 1544/2665/2625 1543/2667/2627
f 942/2666/2626 1543/2667/2627 1534/2668/2628
f 1533/2669/2629 944/2670/2630 1534/2668/2628
f 1534/2668/2628 944/2670/2630 943/2671/2631
f 1534/2668/2628 943/2671/2631 942/2666/2626
f 944/2670/2630 1533/2669/2629 945/2672/2632
f 945/2672/2632 1533/2669/2629 1532/2673/2633
f 945/2672/2632 1532/2673/2633 946/2674/2634
f 946/2674/2634 1532/2673/2633 55/2675/2635
f 946/2674/2634 55/2675/2635 54/2676/2636
f 1532/2673/2633 1531/2677/2637 55/2675/2635
f 55/2675/2635 1531/2677/2637 1530/2678/2638
f 55/2675/2635 1530/2678/2638 56/2679/2639
f 56/2679/2639 1530/2678/2638 1529/2680/2640
f 56/2679/2639 1529/2680/2640 1528/2681/2641
f 1528/2681/2641 1527/2682/2642 56/2679/2639
f 56/2679/2639 1527/2682/2642 57/2683/2643
f 57/2683/2643 1527/2682/2642 1526/2684/2644
f 57/2683/2643 1526/2684/2644 4/2685/2645
f 4/2685/2645 1526/2684/2644 5/2686/2646
f 5/2686/2646 1526/2684/2644 1525/2687/2647
f 5/2686/2646 1525/2687/2647 6/2688/2648
f 6/2688/2648 1525/2687/2647 1514/2689/2649
f 6/2688/2648 1514/2689/2649 7/2690/2650
f 7/2690/2650 1514/2689/2649 8/2691/2651
f 8/2691/2651 1514/2689/2649 1513/2692/2652
f 8/2691/2651 1513/2692/2652 1512/2693/2653
f 8/2691/2651 1512/2693/2653 9/2694/2654
f 9/2694/2654 1512/2693/2653 1511/2695/2655
f 9/2694/2654 1511/2695/2655 10/2696/2656
f 10/2696/2656 1511/2695/2655 1510/2697/2657
f 10/2696/2656 1510/2697/2657 11/2698/2658
f 11/2698/2658 1510/2697/2657 1509/2699/2659
f 11/2698/2658 1509/2699/2659 12/2700/2660
f 12/2700/2660 1509/2699/2659 1508/2701/2661
f 12/2700/2660 1508/2701/2661 13/2702/2662
f 13/2702/2662 1508/2701/2661 1507/2703/2663
f 13/2702/2662 1507/2703/2663 14/2704/2664
f 14/2704/2664 1507/2703/2663 1498/2705/2665
f 14/2704/2664 1498/2705/2665 15/2706/2666
f 15/2706/2666 1498/2705/2665 16/2707/2667
f 16/2707/2667 1498/2705/2665 1497/2708/2668
f 16/2707/2667 1497/2708/2668 1496/2709/2669
f 1496/2709/2669 1492/2710/2670 16/2707/2667
f 16/2707/2667 1492/2710/2670 17/2711/2671
f 17/2711/2671 1492/2710/2670 18/2712/2672
f 18/2712/2672 1492/2710/2670 1052/2713/2673
f 18/2712/2672 1052/2713/2673 63/2714/2674
f 63/2714/2674 1052/2713/2673 64/2715/2675
f 64/2715/2675 1052/2713/2673 65/2716/2676
f 65/2716/2676 1052/2713/2673 1051/2717/2677
f 65/2716/2676 1051/2717/2677 1050/2718/2678
f 1492/2710/2670 1490/2719/2679 1052/2713/2673
f 1052/2713/2673 1490/2719/2679 1054/2720/2680
f 1054/2720/2680 1490/2719/2679 445/2721/2681
f 1054/2720/2680 445/2721/2681 468/2722/2682
f 1489/2723/2683 448/2724/2684 1490/2719/2679
f 1490/2719/2679 448/2724/2684 447/2725/2685
f 1490/2719/2679 447/2725/2685 446/2726/2686
f 448/2724/2684 1489/2723/2683 449/2727/2687
f 449/2727/2687 1489/2723/2683 1488/2728/2688
f 449/2727/2687 1488/2728/2688 1487/2729/2689
f 449/2727/2687 1487/2729/2689 450/2730/2690
f 450/2730/2690 1487/2729/2689 1486/2731/2691
f 450/2730/2690 1486/2731/2691 1485/2732/2692
f 450/2730/2690 1485/2732/2692 451/2733/2693
f 451/2733/2693 1485/2732/2692 1484/2734/2694
f 451/2733/2693 1484/2734/2694 1483/2735/2695
f 451/2733/2693 1483/2735/2695 452/2736/2696
f 452/2736/2696 1483/2735/2695 1482/2737/2697
f 452/2736/2696 1482/2737/2697 1481/2738/2698
f 452/2736/2696 1481/2738/2698 453/2739/2699
f 453/2739/2699 1481/2738/2698 1480/2740/2700
f 453/2739/2699 1480/2740/2700 1479/2741/2701
f 453/2739/2699 1479/2741/2701 454/2742/2702
f 454/2742/2702 1479/2741/2701 1466/2743/2703
f 454/2742/2702 1466/2743/2703 455/2744/2704
f 455/2744/2704 1466/2743/2703 456/2745/2705
f 456/2745/2705 1466/2743/2703 457/2746/2706
f 457/2746/2706 1466/2743/2703 1080/2747/2707
f 457/2746/2706 1080/2747/2707 458/2748/2708
f 458/2748/2708 1080/2747/2707 459/2749/2709
f 459/2749/2709 1080/2747/2707 1079/2750/2710
f 459/2749/2709 1079/2750/2710 460/2751/2711
f 460/2751/2711 1079/2750/2710 1078/2752/2712
f 460/2751/2711 1078/2752/2712 461/2753/2713
f 461/2753/2713 1078/2752/2712 1077/2754/2714
f 461/2753/2713 1077/2754/2714 1076/2755/2715
f 1080/2747/2707 1466/2743/2703 1082/2756/2716
f 1082/2756/2716 1466/2743/2703 1464/2757/2717
f 1082/2756/2716 1464/2757/2717 860/2758/2718
f 860/2758/2718 1464/2757/2717 861/2759/2719
f 861/2759/2719 1464/2757/2717 862/2760/2720
f 862/2760/2720 1464/2757/2717 1463/2761/2721
f 862/2760/2720 1463/2761/2721 1462/2762/2722
f 1462/2762/2722 1458/2763/2723 862/2760/2720
f 862/2760/2720 1458/2763/2723 863/2764/2724
f 863/2764/2724 1458/2763/2723 864/2765/2725
f 864/2765/2725 1458/2763/2723 1457/2766/2726
f 864/2765/2725 1457/2766/2726 841/2767/2727
f 841/2767/2727 1457/2766/2726 1456/2768/2728
f 841/2767/2727 1456/2768/2728 842/2769/2729
f 842/2769/2729 1456/2768/2728 1455/2770/2730
f 842/2769/2729 1455/2770/2730 843/2771/2731
f 843/2771/2731 1455/2770/2730 1454/2772/2732
f 843/2771/2731 1454/2772/2732 844/2773/2733
f 844/2773/2733 1454/2772/2732 1453/2774/2734
f 844/2773/2733 1453/2774/2734 845/2775/2735
f 845/2775/2735 1453/2774/2734 1452/2776/2736
f 845/2775/2735 1452/2776/2736 846/2777/2737
f 846/2777/2737 1452/2776/2736 1451/2778/2738
f 846/2777/2737 1451/2778/2738 1442/2779/2739
f 1441/2780/2740 848/2781/2741 1442/2779/2739
f 1442/2779/2739 848/2781/2741 847/2782/2742
f 1442/2779/2739 847/2782/2742 846/2777/2737
f 848/2781/2741 1441/2780/2740 849/2783/2743
f 849/2783/2743 1441/2780/2740 1440/2784/2744
f 849/2783/2743 1440/2784/2744 850/2785/2745
f 850/2785/2745 1440/2784/2744 157/2786/2746
f 850/2785/2745 157/2786/2746 156/2787/2747
f 1440/2784/2744 1439/2788/2748 157/2786/2746
f 157/2786/2746 1439/2788/2748 1438/2789/2749
f 157/2786/2746 1438/2789/2749 158/2790/2750
f 158/2790/2750 1438/2789/2749 1437/2791/2751
f 158/2790/2750 1437/2791/2751 1436/2792/2752
f 1436/2792/2752 1435/2793/2753 158/2790/2750
f 158/2790/2750 1435/2793/2753 159/2794/2754
f 159/2794/2754 1435/2793/2753 1434/2795/2755
f 159/2794/2754 1434/2795/2755 106/2796/2756
f 106/2796/2756 1434/2795/2755 107/2797/2757
f 107/2797/2757 1434/2795/2755 1433/2798/2758
f 107/2797/2757 1433/2798/2758 108/2799/2759
f 108/2799/2759 1433/2798/2758 1422/2800/2760
f 108/2799/2759 1422/2800/2760 109/2801/2761
f 109/2801/2761 1422/2800/2760 110/2802/2762
f 110/2802/2762 1422/2800/2760 1421/2803/2763
f 110/2802/2762 1421/2803/2763 1420/2804/2764
f 110/2802/2762 1420/2804/2764 111/2805/2765
f 111/2805/2765 1420/2804/2764 1419/2806/2766
f 111/2805/2765 1419/2806/2766 112/2807/2767
f 112/2807/2767 1419/2806/2766 1418/2808/2768
f 112/2807/2767 1418/2808/2768 113/2809/2769
f 113/2809/2769 1418/2808/2768 1417/2810/2770
f 113/2809/2769 1417/2810/2770 114/2811/2771
f 114/2811/2771 1417/2810/2770 1416/2812/2772
f 114/2811/2771 1416/2812/2772 115/2813/2773
f 115/2813/2773 1416/2812/2772 1415/2814/2774
f 115/2813/2773 1415/2814/2774 116/2815/2775
f 116/2815/2775 1415/2814/2774 1406/2816/2776
f 116/2815/2775 1406/2816/2776 117/2817/2777
f 117/2817/2777 1406/2816/2776 118/2818/2778
f 118/2818/2778 1406/2816/2776 1405/2819/2779
f 118/2818/2778 1405/2819/2779 119/2820/2780
f 119/2820/2780 1405/2819/2779 120/2821/2781
f 120/2821/2781 1405/2819/2779 1404/2822/2782
f 120/2821/2781 1404/2822/2782 165/2823/2783
f 165/2823/2783 1404/2822/2782 1403/2824/2784
f 165/2823/2783 1403/2824/2784 166/2825/2785
f 166/2825/2785 1403/2824/2784 1402/2826/2786
f 166/2825/2785 1402/2826/2786 167/2827/2787
f 167/2827/2787 1402/2826/2786 1401/2828/2788
f 167/2827/2787 1401/2828/2788 168/2829/2789
f 168/2829/2789 1401/2828/2788 1400/2830/2790
f 168/2829/2789 1400/2830/2790 169/2831/2791
f 169/2831/2791 1400/2830/2790 1399/2832/2792
f 169/2831/2791 1399/2832/2792 803/2833/2793
f 803/2833/2793 1399/2832/2792 804/2834/2794
f 804/2834/2794 1399/2832/2792 1398/2835/2795
f 804/2834/2794 1398/2835/2795 805/2836/2796
f 805/2836/2796 1398/2835/2795 1397/2837/2797
f 805/2836/2796 1397/2837/2797 806/2838/2798
f 806/2838/2798 1397/2837/2797 807/2839/2799
f 807/2839/2799 1397/2837/2797 1386/2840/2800
f 807/2839/2799 1386/2840/2800 808/2841/2801
f 808/2841/2801 1386/2840/2800 809/2842/2802
f 809/2842/2802 1386/2840/2800 1385/2843/2803
f 809/2842/2802 1385/2843/2803 1384/2844/2804
f 809/2842/2802 1384/2844/2804 810/2845/2805
f 810/2845/2805 1384/2844/2804 1383/2846/2806
f 810/2845/2805 1383/2846/2806 811/2847/2807
f 811/2847/2807 1383/2846/2806 1382/2848/2808
f 811/2847/2807 1382/2848/2808 1381/2849/2809
f 811/2847/2807 1381/2849/2809 812/2850/2810
f 812/2850/2810 1381/2849/2809 1374/2851/2811
f 812/2850/2810 1374/2851/2811 813/2852/2812
f 813/2852/2812 1374/2851/2811 814/2853/2813
f 814/2853/2813 1374/2851/2811 815/2854/2814
f 815/2854/2814 1374/2851/2811 1092/2855/2815
f 815/2854/2814 1092/2855/2815 816/2856/2816
f 816/2856/2816 1092/2855/2815 793/2857/2817
f 793/2857/2817 1092/2855/2815 794/2858/2818
f 794/2858/2818 1092/2855/2815 1091/2859/2819
f 794/2858/2818 1091/2859/2819 795/2860/2820
f 795/2860/2820 1091/2859/2819 174/2861/2821
f 795/2860/2820 174/2861/2821 173/2862/2822
f 1092/2855/2815 1374/2851/2811 1094/2863/2823
f 1094/2863/2823 1374/2851/2811 1372/2864/2824
f 1094/2863/2823 1372/2864/2824 500/2865/2825
f 500/2865/2825 1372/2864/2824 501/2866/2826
f 501/2866/2826 1372/2864/2824 502/2867/2827
f 502/2867/2827 1372/2864/2824 1371/2868/2828
f 502/2867/2827 1371/2868/2828 503/2869/2829
f 503/2869/2829 1371/2868/2828 1370/2870/2830
f 503/2869/2829 1370/2870/2830 504/2871/2831
f 504/2871/2831 1370/2870/2830 1369/2872/2832
f 504/2871/2831 1369/2872/2832 505/2873/2833
f 505/2873/2833 1369/2872/2832 1368/2874/2834
f 505/2873/2833 1368/2874/2834 1367/2875/2835
f 505/2873/2833 1367/2875/2835 506/2876/2836
f 506/2876/2836 1367/2875/2835 1366/2877/2837
f 506/2876/2836 1366/2877/2837 507/2878/2838
f 507/2878/2838 1366/2877/2837 1365/2879/2839
f 507/2878/2838 1365/2879/2839 508/2880/2840
f 508/2880/2840 1365/2879/2839 1356/2881/2841
f 508/2880/2840 1356/2881/2841 509/2882/2842
f 509/2882/2842 1356/2881/2841 510/2883/2843
f 510/2883/2843 1356/2881/2841 1126/2884/2844
f 510/2883/2843 1126/2884/2844 511/2885/2845
f 511/2885/2845 1126/2884/2844 1125/2886/2846
f 511/2885/2845 1125/2886/2846 512/2887/2847
f 512/2887/2847 1125/2886/2846 1124/2888/2848
f 512/2887/2847 1124/2888/2848 1123/2889/2849
f 1356/2881/2841 1354/2890/2850 1126/2884/2844
f 1126/2884/2844 1354/2890/2850 1128/2891/2851
f 1128/2891/2851 1354/2890/2850 310/2892/2852
f 1128/2891/2851 310/2892/2852 309/2893/2853
f 1353/2894/2854 548/2895/2855 1354/2890/2850
f 1354/2890/2850 548/2895/2855 547/2896/2856
f 1354/2890/2850 547/2896/2856 310/2892/2852
f 310/2892/2852 547/2896/2856 546/2897/2857
f 310/2892/2852 546/2897/2857 311/2898/2858
f 311/2898/2858 546/2897/2857 312/2899/2859
f 312/2899/2859 546/2897/2857 545/2900/2860
f 312/2899/2859 545/2900/2860 313/2901/2861
f 313/2901/2861 545/2900/2860 544/2902/2862
f 313/2901/2861 544/2902/2862 314/2903/2863
f 314/2903/2863 544/2902/2862 315/2904/2864
f 315/2904/2864 544/2902/2862 543/2905/2865
f 315/2904/2864 543/2905/2865 316/2906/2866
f 316/2906/2866 543/2905/2865 317/2907/2867
f 317/2907/2867 543/2905/2865 542/2908/2868
f 317/2907/2867 542/2908/2868 318/2909/2869
f 318/2909/2869 542/2908/2868 541/2910/2870
f 318/2909/2869 541/2910/2870 319/2911/2871
f 319/2911/2871 541/2910/2870 320/2912/2872
f 320/2912/2872 541/2910/2870 1274/2913/2873
f 320/2912/2872 1274/2913/2873 321/2914/2874
f 321/2914/2874 1274/2913/2873 322/2915/2875
f 322/2915/2875 1274/2913/2873 1148/2916/2876
f 322/2915/2875 1148/2916/2876 323/2917/2877
f 323/2917/2877 1148/2916/2876 324/2918/2878
f 324/2918/2878 1148/2916/2876 301/2919/2879
f 301/2919/2879 1148/2916/2876 1147/2920/2880
f 301/2919/2879 1147/2920/2880 302/2921/2881
f 302/2921/2881 1147/2920/2880 1146/2922/2882
f 302/2921/2881 1146/2922/2882 303/2923/2883
f 303/2923/2883 1146/2922/2882 1145/2924/2884
f 303/2923/2883 1145/2924/2884 304/2925/2885
f 304/2925/2885 1145/2924/2884 1144/2926/2886
f 304/2925/2885 1144/2926/2886 305/2927/2887
f 305/2927/2887 1144/2926/2886 1143/2928/2888
f 305/2927/2887 1143/2928/2888 306/2929/2889
f 306/2929/2889 1143/2928/2888 1142/2930/2890
f 306/2929/2889 1142/2930/2890 1134/2931/2891
f 1353/2894/2854 1352/2932/2892 548/2895/2855
f 548/2895/2855 1352/2932/2892 1351/2933/2893
f 548/2895/2855 1351/2933/2893 549/2934/2894
f 549/2934/2894 1351/2933/2893 1350/2935/2895
f 549/2934/2894 1350/2935/2895 598/2936/2896
f 598/2936/2896 1350/2935/2895 599/2937/2897
f 599/2937/2897 1350/2935/2895 1349/2938/2898
f 599/2937/2897 1349/2938/2898 600/2939/2899
f 600/2939/2899 1349/2938/2898 1342/2940/2900
f 600/2939/2899 1342/2940/2900 601/2941/2901
f 601/2941/2901 1342/2940/2900 602/2942/2902
f 602/2942/2902 1342/2940/2900 1341/2943/2903
f 602/2942/2902 1341/2943/2903 1340/2944/2904
f 602/2942/2902 1340/2944/2904 603/2945/2905
f 603/2945/2905 1340/2944/2904 1339/2946/2906
f 603/2945/2905 1339/2946/2906 604/2947/2907
f 604/2947/2907 1339/2946/2906 1338/2948/2908
f 604/2947/2907 1338/2948/2908 605/2949/2909
f 605/2949/2909 1338/2948/2908 1337/2950/2910
f 605/2949/2909 1337/2950/2910 606/2951/2911
f 606/2951/2911 1337/2950/2910 1336/2952/2912
f 606/2951/2911 1336/2952/2912 607/2953/2913
f 607/2953/2913 1336/2952/2912 1335/2954/2914
f 607/2953/2913 1335/2954/2914 608/2955/2915
f 608/2955/2915 1335/2954/2914 1326/2956/2916
f 608/2955/2915 1326/2956/2916 609/2957/2917
f 609/2957/2917 1326/2956/2916 610/2958/2918
f 610/2958/2918 1326/2956/2916 1325/2959/2919
f 610/2958/2918 1325/2959/2919 611/2960/2920
f 611/2960/2920 1325/2959/2919 612/2961/2921
f 612/2961/2921 1325/2959/2919 1324/2962/2922
f 612/2961/2921 1324/2962/2922 555/2963/2923
f 555/2963/2923 1324/2962/2922 1323/2964/2924
f 555/2963/2923 1323/2964/2924 556/2965/2925
f 556/2965/2925 1323/2964/2924 1322/2966/2926
f 556/2965/2925 1322/2966/2926 557/2967/2927
f 557/2967/2927 1322/2966/2926 1321/2968/2928
f 557/2967/2927 1321/2968/2928 558/2969/2929
f 558/2969/2929 1321/2968/2928 1320/2970/2930
f 558/2969/2929 1320/2970/2930 559/2971/2931
f 559/2971/2931 1320/2970/2930 1319/2972/2932
f 559/2971/2931 1319/2972/2932 359/2973/2933
f 359/2973/2933 1319/2972/2932 360/2974/2934
f 360/2974/2934 1319/2972/2932 1318/2975/2935
f 360/2974/2934 1318/2975/2935 361/2976/2936
f 361/2976/2936 1318/2975/2935 1317/2977/2937
f 361/2976/2936 1317/2977/2937 362/2978/2938
f 362/2978/2938 1317/2977/2937 363/2979/2939
f 363/2979/2939 1317/2977/2937 1306/2980/2940
f 363/2979/2939 1306/2980/2940 364/2981/2941
f 364/2981/2941 1306/2980/2940 365/2982/2942
f 365/2982/2942 1306/2980/2940 1305/2983/2943
f 365/2982/2942 1305/2983/2943 1304/2984/2944
f 365/2982/2942 1304/2984/2944 366/2985/2945
f 366/2985/2945 1304/2984/2944 1303/2986/2946
f 366/2985/2945 1303/2986/2946 367/2987/2947
f 367/2987/2947 1303/2986/2946 1302/2988/2948
f 367/2987/2947 1302/2988/2948 1301/2989/2949
f 367/2987/2947 1301/2989/2949 368/2990/2950
f 368/2990/2950 1301/2989/2949 1300/2991/2951
f 368/2990/2950 1300/2991/2951 369/2992/2952
f 369/2992/2952 1300/2991/2951 1299/2993/2953
f 369/2992/2952 1299/2993/2953 1290/2994/2954
f 1289/2995/2955 371/2996/2956 1290/2994/2954
f 1290/2994/2954 371/2996/2956 370/2997/2957
f 1290/2994/2954 370/2997/2957 369/2992/2952
f 371/2996/2956 1289/2995/2955 372/2998/2958
f 372/2998/2958 1289/2995/2955 1288/2999/2959
f 372/2998/2958 1288/2999/2959 349/3000/2960
f 349/3000/2960 1288/2999/2959 350/3001/2961
f 350/3001/2961 1288/2999/2959 1287/3002/2962
f 350/3001/2961 1287/3002/2962 351/3003/2963
f 351/3003/2963 1287/3002/2962 1286/3004/2964
f 351/3003/2963 1286/3004/2964 564/3005/2965
f 564/3005/2965 1286/3004/2964 1285/3006/2966
f 564/3005/2965 1285/3006/2966 565/3007/2967
f 565/3007/2967 1285/3006/2966 1284/3008/2968
f 565/3007/2967 1284/3008/2968 566/3009/2969
f 566/3009/2969 1284/3008/2968 1283/3010/2970
f 566/3009/2969 1283/3010/2970 567/3011/2971
f 567/3011/2971 1283/3010/2970 1274/2913/2873
f 567/3011/2971 1274/2913/2873 541/2910/2870
f 1274/2913/2873 1272/3012/2972 1148/2916/2876
f 1148/2916/2876 1272/3012/2972 1150/3013/2973
f 1150/3013/2973 1272/3012/2972 709/3014/2974
f 1150/3013/2973 709/3014/2974 708/3015/2975
f 1271/3016/2976 712/3017/2977 1272/3012/2972
f 1272/3012/2972 712/3017/2977 711/3018/2978
f 1272/3012/2972 711/3018/2978 710/3019/2979
f 712/3017/2977 1271/3016/2976 713/3020/2980
f 713/3020/2980 1271/3016/2976 1270/3021/2981
f 713/3020/2980 1270/3021/2981 1269/3022/2982
f 713/3020/2980 1269/3022/2982 714/3023/2983
f 714/3023/2983 1269/3022/2982 1268/3024/2984
f 714/3023/2983 1268/3024/2984 1267/3025/2985
f 714/3023/2983 1267/3025/2985 715/3026/2986
f 715/3026/2986 1267/3025/2985 1266/3027/2987
f 715/3026/2986 1266/3027/2987 1265/3028/2988
f 715/3026/2986 1265/3028/2988 716/3029/2989
f 716/3029/2989 1265/3028/2988 1264/3030/2990
f 716/3029/2989 1264/3030/2990 1263/3031/2991
f 716/3029/2989 1263/3031/2991 717/3032/2992
f 717/3032/2992 1263/3031/2991 1262/3033/2993
f 717/3032/2992 1262/3033/2993 1261/3034/2994
f 717/3032/2992 1261/3034/2994 718/3035/2995
f 718/3035/2995 1261/3034/2994 1248/3036/2996
f 718/3035/2995 1248/3036/2996 719/3037/2997
f 719/3037/2997 1248/3036/2996 720/3038/2998
f 720/3038/2998 1248/3036/2996 697/3039/2999
f 697/3039/2999 1248/3036/2996 1176/3040/3000
f 697/3039/2999 1176/3040/3000 698/3041/3001
f 698/3041/3001 1176/3040/3000 699/3042/3002
f 699/3042/3002 1176/3040/3000 1175/3043/3003
f 699/3042/3002 1175/3043/3003 700/3044/3004
f 700/3044/3004 1175/3043/3003 1174/3045/3005
f 700/3044/3004 1174/3045/3005 701/3046/3006
f 701/3046/3006 1174/3045/3005 1173/3047/3007
f 701/3046/3006 1173/3047/3007 1172/3048/3008
f 1176/3040/3000 1248/3036/2996 993/3049/3009
f 993/3049/3009 1248/3036/2996 1246/3050/3010
f 993/3049/3009 1246/3050/3010 220/3051/3011
f 220/3051/3011 1246/3050/3010 221/3052/3012
f 221/3052/3012 1246/3050/3010 222/3053/3013
f 222/3053/3013 1246/3050/3010 657/3054/3014
f 222/3053/3013 657/3054/3014 223/3055/3015
f 223/3055/3015 657/3054/3014 656/3056/3016
f 223/3055/3015 656/3056/3016 224/3057/3017
f 224/3057/3017 656/3056/3016 655/3058/3018
f 224/3057/3017 655/3058/3018 225/3059/3019
f 225/3059/3019 655/3058/3018 226/3060/3020
f 226/3060/3020 655/3058/3018 654/3061/3021
f 226/3060/3020 654/3061/3021 227/3062/3022
f 227/3062/3022 654/3061/3021 228/3063/3023
f 228/3063/3023 654/3061/3021 653/3064/3024
f 228/3063/3023 653/3064/3024 205/3065/3025
f 205/3065/3025 653/3064/3024 206/3066/3026
f 206/3066/3026 653/3064/3024 652/3067/3027
f 206/3066/3026 652/3067/3027 207/3068/3028
f 207/3068/3028 652/3067/3027 651/3069/3029
f 207/3068/3028 651/3069/3029 208/2581/2541
f 208/2581/2541 651/3069/3029 1602/2577/2537
f 657/3054/3014 1246/3050/3010 658/3070/3030
f 658/3070/3030 1246/3050/3010 1245/3071/3031
f 658/3070/3030 1245/3071/3031 659/3072/3032
f 659/3072/3032 1245/3071/3031 1244/3073/3033
f 659/3072/3032 1244/3073/3033 1243/3074/3034
f 659/3072/3032 1243/3074/3034 660/3075/3035
f 660/3075/3035 1243/3074/3034 1242/3076/3036
f 660/3075/3035 1242/3076/3036 661/3077/3037
f 661/3077/3037 1242/3076/3036 263/3078/3038
f 661/3077/3037 263/3078/3038 262/3079/3039
f 1242/3076/3036 1241/3080/3040 263/3078/3038
f 263/3078/3038 1241/3080/3040 264/3081/3041
f 264/3081/3041 1241/3080/3040 1240/3082/3042
f 264/3081/3041 1240/3082/3042 265/3083/3043
f 265/3083/3043 1240/3082/3042 266/3084/3044
f 266/3084/3044 1240/3082/3042 1239/3085/3045
f 266/3084/3044 1239/3085/3045 267/3086/3046
f 267/3086/3046 1239/3085/3045 1230/3087/3047
f 267/3086/3046 1230/3087/3047 268/3088/3048
f 268/3088/3048 1230/3087/3047 269/3089/3049
f 269/3089/3049 1230/3087/3047 1229/3090/3050
f 269/3089/3049 1229/3090/3050 1228/3091/3051
f 269/3089/3049 1228/3091/3051 270/3092/3052
f 270/3092/3052 1228/3091/3051 1227/3093/3053
f 270/3092/3052 1227/3093/3053 271/3094/3054
f 271/3094/3054 1227/3093/3053 1226/3095/3055
f 271/3094/3054 1226/3095/3055 1225/3096/3056
f 271/3094/3054 1225/3096/3056 272/3097/3057
f 272/3097/3057 1225/3096/3056 1224/3098/3058
f 272/3097/3057 1224/3098/3058 273/3099/3059
f 273/3099/3059 1224/3098/3058 1223/3100/3060
f 273/3099/3059 1223/3100/3060 1214/3101/3061
f 1213/3102/3062 275/3103/3063 1214/3101/3061
f 1214/3101/3061 275/3103/3063 274/3104/3064
f 1214/3101/3061 274/3104/3064 273/3099/3059
f 1212/3105/3065 253/3106/3066 1213/3102/3062
f 1213/3102/3062 253/3106/3066 276/3107/3067
f 1213/3102/3062 276/3107/3067 275/3103/3063
f 253/3106/3066 1212/3105/3065 254/3108/3068
f 254/3108/3068 1212/3105/3065 1211/3109/3069
f 254/3108/3068 1211/3109/3069 255/3110/3070
f 255/3110/3070 1211/3109/3069 666/3111/3071
f 255/3110/3070 666/3111/3071 665/3112/3072
f 1211/3109/3069 1210/3113/3073 666/3111/3071
f 666/3111/3071 1210/3113/3073 667/3114/3074
f 667/3114/3074 1210/3113/3073 1209/3115/3075
f 667/3114/3074 1209/3115/3075 1208/3116/3076
f 667/3114/3074 1208/3116/3076 668/3117/3077
f 668/3117/3077 1208/3116/3076 1207/3118/3078
f 668/3117/3077 1207/3118/3078 669/3119/3079
f 669/3119/3079 1207/3118/3078 1206/3120/3080
f 669/3119/3079 1206/3120/3080 643/3121/3081
f 643/3121/3081 1206/3120/3080 764/3122/3082
f 643/3121/3081 764/3122/3082 763/3123/3083
f 1206/3120/3080 1205/3124/3084 764/3122/3082
f 764/3122/3082 1205/3124/3084 765/3125/3085
f 765/3125/3085 1205/3124/3084 766/3126/3086
f 766/3126/3086 1205/3124/3084 1194/3127/3087
f 766/3126/3086 1194/3127/3087 767/3128/3088
f 767/3128/3088 1194/3127/3087 768/3129/3089
f 768/3129/3089 1194/3127/3087 1193/3130/3090
f 768/3129/3089 1193/3130/3090 745/3131/3091
f 745/3131/3091 1193/3130/3090 1192/3132/3092
f 745/3131/3091 1192/3132/3092 746/3133/3093
f 746/3133/3093 1192/3132/3092 1191/3134/3094
f 746/3133/3093 1191/3134/3094 747/3135/3095
f 747/3135/3095 1191/3134/3094 1190/3136/3096
f 747/3135/3095 1190/3136/3096 748/3137/3097
f 748/3137/3097 1190/3136/3096 1189/3138/3098
f 748/3137/3097 1189/3138/3098 749/3139/3099
f 749/3139/3099 1189/3138/3098 1188/3140/3100
f 749/3139/3099 1188/3140/3100 750/2567/2527
f 750/2567/2527 1188/3140/3100 1187/3141/3101
f 750/2567/2527 1187/3141/3101 1186/2565/2525
f 701/3046/3006 1172/3048/3008 702/3142/3102
f 702/3142/3102 1172/3048/3008 1171/3143/3103
f 702/3142/3102 1171/3143/3103 703/3144/3104
f 703/3144/3104 1171/3143/3103 1170/3145/3105
f 703/3144/3104 1170/3145/3105 1169/3146/3106
f 1169/3146/3106 1168/3147/3107 703/3144/3104
f 703/3144/3104 1168/3147/3107 704/3148/3108
f 704/3148/3108 1168/3147/3107 1167/3149/3109
f 704/3148/3108 1167/3149/3109 705/3150/3110
f 705/3150/3110 1167/3149/3109 1166/3151/3111
f 705/3150/3110 1166/3151/3111 1165/3152/3112
f 705/3150/3110 1165/3152/3112 706/3153/3113
f 706/3153/3113 1165/3152/3112 1164/3154/3114
f 706/3153/3113 1164/3154/3114 707/3155/3115
f 707/3155/3115 1164/3154/3114 1150/3013/2973
f 707/3155/3115 1150/3013/2973 708/3015/2975
f 1133/3156/3116 308/3157/3117 1134/2931/2891
f 1134/2931/2891 308/3157/3117 307/3158/3118
f 1134/2931/2891 307/3158/3118 306/2929/2889
f 1133/3156/3116 1132/3159/3119 308/3157/3117
f 308/3157/3117 1132/3159/3119 1128/2891/2851
f 308/3157/3117 1128/2891/2851 309/2893/2853
f 512/2887/2847 1123/2889/2849 513/3160/3120
f 513/3160/3120 1123/2889/2849 1122/3161/3121
f 513/3160/3120 1122/3161/3121 514/3162/3122
f 514/3162/3122 1122/3161/3121 1121/3163/3123
f 514/3162/3122 1121/3163/3123 515/3164/3124
f 515/3164/3124 1121/3163/3123 1120/3165/3125
f 515/3164/3124 1120/3165/3125 516/3166/3126
f 516/3166/3126 1120/3165/3125 1119/3167/3127
f 516/3166/3126 1119/3167/3127 493/3168/3128
f 493/3168/3128 1119/3167/3127 1118/3169/3129
f 493/3168/3128 1118/3169/3129 1117/3170/3130
f 493/3168/3128 1117/3170/3130 494/3171/3131
f 494/3171/3131 1117/3170/3130 1116/3172/3132
f 494/3171/3131 1116/3172/3132 495/3173/3133
f 495/3173/3133 1116/3172/3132 1115/3174/3134
f 495/3173/3133 1115/3174/3134 496/3175/3135
f 496/3175/3135 1115/3174/3134 1114/3176/3136
f 496/3175/3135 1114/3176/3136 497/3177/3137
f 497/3177/3137 1114/3176/3136 1113/3178/3138
f 497/3177/3137 1113/3178/3138 498/3179/3139
f 498/3179/3139 1113/3178/3138 1112/3180/3140
f 498/3179/3139 1112/3180/3140 1111/3181/3141
f 498/3179/3139 1111/3181/3141 499/3182/3142
f 499/3182/3142 1111/3181/3141 1094/2863/2823
f 499/3182/3142 1094/2863/2823 500/2865/2825
f 1091/2859/2819 1090/3183/3143 174/2861/2821
f 174/2861/2821 1090/3183/3143 175/3184/3144
f 175/3184/3144 1090/3183/3143 1089/3185/3145
f 175/3184/3144 1089/3185/3145 1088/3186/3146
f 175/3184/3144 1088/3186/3146 176/3187/3147
f 176/3187/3147 1088/3186/3146 1082/2756/2716
f 176/3187/3147 1082/2756/2716 177/3188/3148
f 177/3188/3148 1082/2756/2716 151/3189/3149
f 151/3189/3149 1082/2756/2716 860/2758/2718
f 151/3189/3149 860/2758/2718 859/3190/3150
f 461/2753/2713 1076/2755/2715 462/3191/3151
f 462/3191/3151 1076/2755/2715 1075/3192/3152
f 462/3191/3151 1075/3192/3152 463/3193/3153
f 463/3193/3153 1075/3192/3152 1074/3194/3154
f 463/3193/3153 1074/3194/3154 1073/3195/3155
f 1073/3195/3155 1072/3196/3156 463/3193/3153
f 463/3193/3153 1072/3196/3156 464/3197/3157
f 464/3197/3157 1072/3196/3156 1071/3198/3158
f 464/3197/3157 1071/3198/3158 465/3199/3159
f 465/3199/3159 1071/3198/3158 1070/3200/3160
f 465/3199/3159 1070/3200/3160 1069/3201/3161
f 465/3199/3159 1069/3201/3161 466/3202/3162
f 466/3202/3162 1069/3201/3161 1068/3203/3163
f 466/3202/3162 1068/3203/3163 467/3204/3164
f 467/3204/3164 1068/3203/3163 1054/2720/2680
f 467/3204/3164 1054/2720/2680 468/2722/2682
f 65/2716/2676 1050/2718/2678 66/3205/3165
f 66/3205/3165 1050/2718/2678 1049/3206/3166
f 66/3205/3165 1049/3206/3166 67/3207/3167
f 67/3207/3167 1049/3206/3166 1048/3208/3168
f 67/3207/3167 1048/3208/3168 899/3209/3169
f 899/3209/3169 1048/3208/3168 900/3210/3170
f 900/3210/3170 1048/3208/3168 1042/2612/2572
f 900/3210/3170 1042/2612/2572 901/3211/3171
f 901/3211/3171 1042/2612/2572 902/2614/2574
f 404/2608/2568 1037/2610/2570 405/3212/3172
f 405/3212/3172 1037/2610/2570 1036/3213/3173
f 405/3212/3172 1036/3213/3173 406/3214/3174
f 406/3214/3174 1036/3213/3173 1035/3215/3175
f 406/3214/3174 1035/3215/3175 407/3216/3176
f 407/3216/3176 1035/3215/3175 1034/3217/3177
f 407/3216/3176 1034/3217/3177 408/3218/3178
f 408/3218/3178 1034/3217/3177 1033/3219/3179
f 408/3218/3178 1033/3219/3179 409/3220/3180
f 409/3220/3180 1033/3219/3179 1032/3221/3181
f 409/3220/3180 1032/3221/3181 1031/3222/3182
f 409/3220/3180 1031/3222/3182 410/3223/3183
f 410/3223/3183 1031/3222/3182 1030/3224/3184
f 410/3223/3183 1030/3224/3184 411/3225/3185
f 411/3225/3185 1030/3224/3184 1029/3226/3186
f 411/3225/3185 1029/3226/3186 412/3227/3187
f 412/3227/3187 1029/3226/3186 1028/3228/3188
f 412/3227/3187 1028/3228/3188 413/3229/3189
f 413/3229/3189 1028/3228/3188 1027/3230/3190
f 413/3229/3189 1027/3230/3190 414/3231/3191
f 414/3231/3191 1027/3230/3190 1026/3232/3192
f 414/3231/3191 1026/3232/3192 1025/3233/3193
f 414/3231/3191 1025/3233/3193 415/3234/3194
f 415/3234/3194 1025/3233/3193 1008/2579/2539
f 415/3234/3194 1008/2579/2539 416/2589/2549
f 416/2589/2549 1008/2579/2539 1600/2578/2538
f 1004/2585/2545 1000/3235/3195 210/2583/2543
f 210/2583/2543 1000/3235/3195 211/3236/3196
f 211/3236/3196 1000/3235/3195 212/3237/3197
f 212/3237/3197 1000/3235/3195 999/3238/3198
f 212/3237/3197 999/3238/3198 998/3239/3199
f 212/3237/3197 998/3239/3199 213/3240/3200
f 213/3240/3200 998/3239/3199 997/3241/3201
f 213/3240/3200 997/3241/3201 214/3242/3202
f 214/3242/3202 997/3241/3201 996/3243/3203
f 214/3242/3202 996/3243/3203 215/3244/3204
f 215/3244/3204 996/3243/3203 995/3245/3205
f 215/3244/3204 995/3245/3205 216/3246/3206
f 216/3246/3206 995/3245/3205 994/3247/3207
f 216/3246/3206 994/3247/3207 217/3248/3208
f 217/3248/3208 994/3247/3207 993/3049/3009
f 217/3248/3208 993/3049/3009 218/3249/3209
f 218/3249/3209 993/3049/3009 219/3250/3210
f 219/3250/3210 993/3049/3009 220/3051/3011
f 955/2648/2608 954/3251/3211 49/2646/2606
f 49/2646/2606 954/3251/3211 50/3252/3212
f 50/3252/3212 954/3251/3211 953/3253/3213
f 50/3252/3212 953/3253/3213 51/3254/3214
f 51/3254/3214 953/3253/3213 952/3255/3215
f 51/3254/3214 952/3255/3215 951/3256/3216
f 51/3254/3214 951/3256/3216 52/3257/3217
f 52/3257/3217 951/3256/3216 950/3258/3218
f 52/3257/3217 950/3258/3218 949/3259/3219
f 52/3257/3217 949/3259/3219 53/3260/3220
f 53/3260/3220 949/3259/3219 948/3261/3221
f 53/3260/3220 948/3261/3221 54/2676/2636
f 54/2676/2636 948/3261/3221 947/3262/3222
f 54/2676/2636 947/3262/3222 946/2674/2634
f 904/2618/2578 903/2613/2573 1582/2611/2571
f 899/3209/3169 898/3263/3223 67/3207/3167
f 67/3207/3167 898/3263/3223 68/3264/3224
f 68/3264/3224 898/3263/3223 897/3265/3225
f 68/3264/3224 897/3265/3225 896/3266/3226
f 68/3264/3224 896/3266/3226 69/3267/3227
f 69/3267/3227 896/3266/3226 895/3268/3228
f 69/3267/3227 895/3268/3228 70/3269/3229
f 70/3269/3229 895/3268/3228 894/3270/3230
f 70/3269/3229 894/3270/3230 893/3271/3231
f 70/3269/3229 893/3271/3231 71/2637/2597
f 71/2637/2597 893/3271/3231 892/3272/3232
f 71/2637/2597 892/3272/3232 891/2635/2595
f 859/3190/3150 858/3273/3233 151/3189/3149
f 151/3189/3149 858/3273/3233 152/3274/3234
f 152/3274/3234 858/3273/3233 857/3275/3235
f 152/3274/3234 857/3275/3235 153/3276/3236
f 153/3276/3236 857/3275/3235 856/3277/3237
f 153/3276/3236 856/3277/3237 855/3278/3238
f 153/3276/3236 855/3278/3238 154/3279/3239
f 154/3279/3239 855/3278/3238 854/3280/3240
f 154/3279/3239 854/3280/3240 853/3281/3241
f 154/3279/3239 853/3281/3241 155/3282/3242
f 155/3282/3242 853/3281/3241 852/3283/3243
f 155/3282/3242 852/3283/3243 156/2787/2747
f 156/2787/2747 852/3283/3243 851/3284/3244
f 156/2787/2747 851/3284/3244 850/2785/2745
f 803/2833/2793 802/3285/3245 169/2831/2791
f 169/2831/2791 802/3285/3245 170/3286/3246
f 170/3286/3246 802/3285/3245 801/3287/3247
f 170/3286/3246 801/3287/3247 800/3288/3248
f 170/3286/3246 800/3288/3248 171/3289/3249
f 171/3289/3249 800/3288/3248 799/3290/3250
f 171/3289/3249 799/3290/3250 172/3291/3251
f 172/3291/3251 799/3290/3250 798/3292/3252
f 172/3291/3251 798/3292/3252 797/3293/3253
f 172/3291/3251 797/3293/3253 173/2862/2822
f 173/2862/2822 797/3293/3253 796/3294/3254
f 173/2862/2822 796/3294/3254 795/2860/2820
f 763/3123/3083 762/3295/3255 643/3121/3081
f 643/3121/3081 762/3295/3255 644/3296/3256
f 644/3296/3256 762/3295/3255 761/3297/3257
f 644/3296/3256 761/3297/3257 645/3298/3258
f 645/3298/3258 761/3297/3257 760/3299/3259
f 645/3298/3258 760/3299/3259 759/3300/3260
f 645/3298/3258 759/3300/3260 646/3301/3261
f 646/3301/3261 759/3300/3260 758/3302/3262
f 646/3301/3261 758/3302/3262 757/3303/3263
f 646/3301/3261 757/3303/3263 647/3304/3264
f 647/3304/3264 757/3303/3263 756/3305/3265
f 647/3304/3264 756/3305/3265 648/2572/2532
f 648/2572/2532 756/3305/3265 755/3306/3266
f 648/2572/2532 755/3306/3266 754/2570/2530
f 710/3019/2979 709/3014/2974 1272/3012/2972
f 664/3307/3267 257/3308/3268 665/3112/3072
f 665/3112/3072 257/3308/3268 256/3309/3269
f 665/3112/3072 256/3309/3269 255/3110/3070
f 663/3310/3270 259/3311/3271 664/3307/3267
f 664/3307/3267 259/3311/3271 258/3312/3272
f 664/3307/3267 258/3312/3272 257/3308/3268
f 259/3311/3271 663/3310/3270 260/3313/3273
f 260/3313/3273 663/3310/3270 662/3314/3274
f 260/3313/3273 662/3314/3274 261/3315/3275
f 261/3315/3275 662/3314/3274 262/3079/3039
f 262/3079/3039 662/3314/3274 661/3077/3037
f 651/3069/3029 650/2575/2535 1602/2577/2537
f 596/3316/3276 595/3317/3277 551/3318/3278
f 551/3318/3278 595/3317/3277 618/3319/3279
f 551/3318/3278 618/3319/3279 552/3320/3280
f 552/3320/3280 618/3319/3279 617/3321/3281
f 552/3320/3280 617/3321/3281 616/3322/3282
f 552/3320/3280 616/3322/3282 553/3323/3283
f 553/3323/3283 616/3322/3282 615/3324/3284
f 553/3323/3283 615/3324/3284 614/3325/3285
f 553/3323/3283 614/3325/3285 554/3326/3286
f 554/3326/3286 614/3325/3285 613/3327/3287
f 554/3326/3286 613/3327/3287 555/2963/2923
f 555/2963/2923 613/3327/3287 612/2961/2921
f 598/2936/2896 597/3328/3288 549/2934/2894
f 549/2934/2894 597/3328/3288 550/3329/3289
f 550/3329/3289 597/3328/3288 596/3316/3276
f 550/3329/3289 596/3316/3276 551/3318/3278
f 564/3005/2965 563/3330/3290 351/3003/2963
f 351/3003/2963 563/3330/3290 352/3331/3291
f 352/3331/3291 563/3330/3290 353/3332/3292
f 353/3332/3292 563/3330/3290 562/3333/3293
f 353/3332/3292 562/3333/3293 354/3334/3294
f 354/3334/3294 562/3333/3293 355/3335/3295
f 355/3335/3295 562/3333/3293 561/3336/3296
f 355/3335/3295 561/3336/3296 356/3337/3297
f 356/3337/3297 561/3336/3296 560/3338/3298
f 356/3337/3297 560/3338/3298 357/3339/3299
f 357/3339/3299 560/3338/3298 358/3340/3300
f 358/3340/3300 560/3338/3298 559/2971/2931
f 358/3340/3300 559/2971/2931 359/2973/2933
f 446/2726/2686 445/2721/2681 1490/2719/2679
f 120/2821/2781 165/2823/2783 121/3341/3301
f 121/3341/3301 165/2823/2783 164/3342/3302
f 121/3341/3301 164/3342/3302 122/3343/3303
f 122/3343/3303 164/3342/3302 163/3344/3304
f 122/3343/3303 163/3344/3304 123/3345/3305
f 123/3345/3305 163/3344/3304 124/3346/3306
f 124/3346/3306 163/3344/3304 162/3347/3307
f 124/3346/3306 162/3347/3307 125/3348/3308
f 125/3348/3308 162/3347/3307 126/3349/3309
f 126/3349/3309 162/3347/3307 161/3350/3310
f 126/3349/3309 161/3350/3310 103/3351/3311
f 103/3351/3311 161/3350/3310 104/3352/3312
f 104/3352/3312 161/3350/3310 160/3353/3313
f 104/3352/3312 160/3353/3313 105/3354/3314
f 105/3354/3314 160/3353/3313 159/2794/2754
f 105/3354/3314 159/2794/2754 106/2796/2756
f 18/2712/2672 63/2714/2674 19/3355/3315
f 19/3355/3315 63/2714/2674 62/3356/3316
f 19/3355/3315 62/3356/3316 20/3357/3317
f 20/3357/3317 62/3356/3316 61/3358/3318
f 20/3357/3317 61/3358/3318 21/3359/3319
f 21/3359/3319 61/3358/3318 22/3360/3320
f 22/3360/3320 61/3358/3318 60/3361/3321
f 22/3360/3320 60/3361/3321 23/3362/3322
f 23/3362/3322 60/3361/3321 24/3363/3323
f 24/3363/3323 60/3361/3321 59/3364/3324
f 24/3363/3323 59/3364/3324 1/3365/3325
f 1/3365/3325 59/3364/3324 2/3366/3326
f 2/3366/3326 59/3364/3324 58/3367/3327
f 2/3366/3326 58/3367/3327 3/3368/3328
f 3/3368/3328 58/3367/3327 57/2683/2643
f 3/3368/3328 57/2683/2643 4/2685/2645
# 1612 vertices
# 3368 texture params
# 3328 normals
# 3304 facets

# 1 groups
