# WaveFront *.obj file (generated by Autodesk ATF)

mtllib Standoffs BOTTOM plate-O4 1.5mm x4 (TPU).mtl

g Standoff 1

v -1.100000 3.000000 -18.031223
v -1.093768 3.000000 -17.914300
v -1.075144 3.000000 -17.798702
v -1.044337 3.000000 -17.685739
v -1.001698 3.000000 -17.576690
v -0.947709 3.000000 -17.472791
v -0.882983 3.000000 -17.375219
v -0.808252 3.000000 -17.285080
v -0.724363 3.000000 -17.203395
v -0.632266 3.000000 -17.131090
v -0.533006 3.000000 -17.068984
v -0.427707 3.000000 -17.017780
v -0.317561 3.000000 -16.978059
v -0.203818 3.000000 -16.950270
v -0.087765 3.000000 -16.934730
v 0.029283 3.000000 -16.931613
v 0.145998 3.000000 -16.940955
v 0.261059 3.000000 -16.962650
v 0.373163 3.000000 -16.996453
v 0.481038 3.000000 -17.041980
v 0.583463 3.000000 -17.098715
v 0.679277 3.000000 -17.166016
v 0.767395 3.000000 -17.243121
v 0.846817 3.000000 -17.329154
v 0.916645 3.000000 -17.423143
v 0.976087 3.000000 -17.524021
v 1.024470 3.000000 -17.630646
v 1.061245 3.000000 -17.741810
v 1.085995 3.000000 -17.856253
v 1.098441 3.000000 -17.972679
v 1.098441 3.000000 -18.089767
v 1.085995 3.000000 -18.206193
v 1.061245 3.000000 -18.320636
v 1.024470 3.000000 -18.431800
v 0.976087 3.000000 -18.538425
v 0.916645 3.000000 -18.639303
v 0.846817 3.000000 -18.733292
v 0.767395 3.000000 -18.819325
v 0.679277 3.000000 -18.896430
v 0.583463 3.000000 -18.963731
v 0.481038 3.000000 -19.020466
v 0.373163 3.000000 -19.065993
v 0.261059 3.000000 -19.099796
v 0.145998 3.000000 -19.121491
v 0.029283 3.000000 -19.130833
v -0.087765 3.000000 -19.127716
v -0.203818 3.000000 -19.112175
v -0.317561 3.000000 -19.084387
v -0.427707 3.000000 -19.044666
v -0.533006 3.000000 -18.993462
v -0.632266 3.000000 -18.931356
v -0.724363 3.000000 -18.859051
v -0.808252 3.000000 -18.777366
v -0.882983 3.000000 -18.687227
v -0.947709 3.000000 -18.589655
v -1.001698 3.000000 -18.485756
v -1.044337 3.000000 -18.376707
v -1.075144 3.000000 -18.263744
v -1.093768 3.000000 -18.148146
v -1.100000 1.500000 -18.031223
v -1.093768 1.500000 -18.148146
v -1.075144 1.500000 -18.263744
v -1.044337 1.500000 -18.376707
v -1.001698 1.500000 -18.485756
v -0.947709 1.500000 -18.589655
v -0.882983 1.500000 -18.687227
v -0.808252 1.500000 -18.777366
v -0.724363 1.500000 -18.859051
v -0.632266 1.500000 -18.931356
v -0.533006 1.500000 -18.993462
v -0.427707 1.500000 -19.044666
v -0.317561 1.500000 -19.084387
v -0.203818 1.500000 -19.112175
v -0.087765 1.500000 -19.127716
v 0.029283 1.500000 -19.130833
v 0.145998 1.500000 -19.121491
v 0.261059 1.500000 -19.099796
v 0.373163 1.500000 -19.065993
v 0.481038 1.500000 -19.020466
v 0.583463 1.500000 -18.963731
v 0.679277 1.500000 -18.896430
v 0.767395 1.500000 -18.819325
v 0.846817 1.500000 -18.733292
v 0.916645 1.500000 -18.639303
v 0.976087 1.500000 -18.538425
v 1.024470 1.500000 -18.431800
v 1.061245 1.500000 -18.320636
v 1.085995 1.500000 -18.206193
v 1.098441 1.500000 -18.089767
v 1.098441 1.500000 -17.972679
v 1.085995 1.500000 -17.856253
v 1.061245 1.500000 -17.741810
v 1.024470 1.500000 -17.630646
v 0.976087 1.500000 -17.524021
v 0.916645 1.500000 -17.423143
v 0.846817 1.500000 -17.329154
v 0.767395 1.500000 -17.243121
v 0.679277 1.500000 -17.166016
v 0.583463 1.500000 -17.098715
v 0.481038 1.500000 -17.041980
v 0.373163 1.500000 -16.996453
v 0.261059 1.500000 -16.962650
v 0.145998 1.500000 -16.940955
v 0.029283 1.500000 -16.931613
v -0.087765 1.500000 -16.934730
v -0.203818 1.500000 -16.950270
v -0.317561 1.500000 -16.978059
v -0.427707 1.500000 -17.017780
v -0.533006 1.500000 -17.068984
v -0.632266 1.500000 -17.131090
v -0.724363 1.500000 -17.203395
v -0.808252 1.500000 -17.285080
v -0.882983 1.500000 -17.375219
v -0.947709 1.500000 -17.472791
v -1.001698 1.500000 -17.576690
v -1.044337 1.500000 -17.685739
v -1.075144 1.500000 -17.798702
v -1.093768 1.500000 -17.914300
v -2.000000 3.000000 -18.031223
v -1.993678 3.000000 -18.190123
v -1.974751 3.000000 -18.348019
v -1.943339 3.000000 -18.503912
v -1.899640 3.000000 -18.656816
v -1.843932 3.000000 -18.805765
v -1.776565 3.000000 -18.949817
v -1.697967 3.000000 -19.088062
v -1.608633 3.000000 -19.219625
v -1.509129 3.000000 -19.343674
v -1.400084 3.000000 -19.459426
v -1.282187 3.000000 -19.566148
v -1.156184 3.000000 -19.663166
v -1.022871 3.000000 -19.749866
v -0.883091 3.000000 -19.825701
v -0.737728 3.000000 -19.890190
v -0.587701 3.000000 -19.942926
v -0.433958 3.000000 -19.983576
v -0.277471 3.000000 -20.011882
v -0.119230 3.000000 -20.027666
v 0.039764 3.000000 -20.030828
v 0.198508 3.000000 -20.021347
v 0.355996 3.000000 -19.999285
v 0.511233 3.000000 -19.964779
v 0.663239 3.000000 -19.918050
v 0.811051 3.000000 -19.859391
v 0.953735 3.000000 -19.789173
v 1.090390 3.000000 -19.707842
v 1.220150 3.000000 -19.615910
v 1.342197 3.000000 -19.513959
v 1.455758 3.000000 -19.402635
v 1.560115 3.000000 -19.282639
v 1.654608 3.000000 -19.154732
v 1.738641 3.000000 -19.019721
v 1.811681 3.000000 -18.878461
v 1.873267 3.000000 -18.731845
v 1.923010 3.000000 -18.580798
v 1.960595 3.000000 -18.426278
v 1.985784 3.000000 -18.269259
v 1.998419 3.000000 -18.110736
v 1.998419 3.000000 -17.951710
v 1.985784 3.000000 -17.793187
v 1.960595 3.000000 -17.636168
v 1.923010 3.000000 -17.481647
v 1.873267 3.000000 -17.330601
v 1.811681 3.000000 -17.183985
v 1.738641 3.000000 -17.042725
v 1.654608 3.000000 -16.907714
v 1.560115 3.000000 -16.779807
v 1.455758 3.000000 -16.659811
v 1.342197 3.000000 -16.548486
v 1.220150 3.000000 -16.446536
v 1.090390 3.000000 -16.354604
v 0.953735 3.000000 -16.273273
v 0.811051 3.000000 -16.203055
v 0.663239 3.000000 -16.144396
v 0.511233 3.000000 -16.097666
v 0.355996 3.000000 -16.063161
v 0.198508 3.000000 -16.041099
v 0.039764 3.000000 -16.031618
v -0.119230 3.000000 -16.034780
v -0.277471 3.000000 -16.050564
v -0.433958 3.000000 -16.078870
v -0.587701 3.000000 -16.119520
v -0.737728 3.000000 -16.172256
v -0.883091 3.000000 -16.236745
v -1.022871 3.000000 -16.312580
v -1.156184 3.000000 -16.399280
v -1.282187 3.000000 -16.496298
v -1.400084 3.000000 -16.603020
v -1.509129 3.000000 -16.718771
v -1.608633 3.000000 -16.842821
v -1.697967 3.000000 -16.974384
v -1.776565 3.000000 -17.112628
v -1.843932 3.000000 -17.256681
v -1.899640 3.000000 -17.405630
v -1.943339 3.000000 -17.558534
v -1.974751 3.000000 -17.714427
v -1.993678 3.000000 -17.872323
v -2.000000 1.500000 -18.031223
v -1.993678 1.500000 -17.872323
v -1.974751 1.500000 -17.714427
v -1.943339 1.500000 -17.558534
v -1.899640 1.500000 -17.405630
v -1.843932 1.500000 -17.256681
v -1.776565 1.500000 -17.112628
v -1.697967 1.500000 -16.974384
v -1.608633 1.500000 -16.842821
v -1.509129 1.500000 -16.718771
v -1.400084 1.500000 -16.603020
v -1.282187 1.500000 -16.496298
v -1.156184 1.500000 -16.399280
v -1.022871 1.500000 -16.312580
v -0.883091 1.500000 -16.236745
v -0.737728 1.500000 -16.172256
v -0.587701 1.500000 -16.119520
v -0.433958 1.500000 -16.078870
v -0.277471 1.500000 -16.050564
v -0.119230 1.500000 -16.034780
v 0.039764 1.500000 -16.031618
v 0.198508 1.500000 -16.041099
v 0.355996 1.500000 -16.063161
v 0.511233 1.500000 -16.097666
v 0.663239 1.500000 -16.144396
v 0.811051 1.500000 -16.203055
v 0.953735 1.500000 -16.273273
v 1.090390 1.500000 -16.354604
v 1.220150 1.500000 -16.446536
v 1.342197 1.500000 -16.548486
v 1.455758 1.500000 -16.659811
v 1.560115 1.500000 -16.779807
v 1.654608 1.500000 -16.907714
v 1.738641 1.500000 -17.042725
v 1.811681 1.500000 -17.183985
v 1.873267 1.500000 -17.330601
v 1.923010 1.500000 -17.481647
v 1.960595 1.500000 -17.636168
v 1.985784 1.500000 -17.793187
v 1.998419 1.500000 -17.951710
v 1.998419 1.500000 -18.110736
v 1.985784 1.500000 -18.269259
v 1.960595 1.500000 -18.426278
v 1.923010 1.500000 -18.580798
v 1.873267 1.500000 -18.731845
v 1.811681 1.500000 -18.878461
v 1.738641 1.500000 -19.019721
v 1.654608 1.500000 -19.154732
v 1.560115 1.500000 -19.282639
v 1.455758 1.500000 -19.402635
v 1.342197 1.500000 -19.513959
v 1.220150 1.500000 -19.615910
v 1.090390 1.500000 -19.707842
v 0.953735 1.500000 -19.789173
v 0.811051 1.500000 -19.859391
v 0.663239 1.500000 -19.918050
v 0.511233 1.500000 -19.964779
v 0.355996 1.500000 -19.999285
v 0.198508 1.500000 -20.021347
v 0.039764 1.500000 -20.030828
v -0.119230 1.500000 -20.027666
v -0.277471 1.500000 -20.011882
v -0.433958 1.500000 -19.983576
v -0.587701 1.500000 -19.942926
v -0.737728 1.500000 -19.890190
v -0.883091 1.500000 -19.825701
v -1.022871 1.500000 -19.749866
v -1.156184 1.500000 -19.663166
v -1.282187 1.500000 -19.566148
v -1.400084 1.500000 -19.459426
v -1.509129 1.500000 -19.343674
v -1.608633 1.500000 -19.219625
v -1.697967 1.500000 -19.088062
v -1.776565 1.500000 -18.949817
v -1.843932 1.500000 -18.805765
v -1.899640 1.500000 -18.656816
v -1.943339 1.500000 -18.503912
v -1.974751 1.500000 -18.348019
v -1.993678 1.500000 -18.190123
vt 0.150000 -0.333861 0.000000
vt 0.000000 -0.333861 0.000000
vt 0.150000 -0.345575 0.000000
vt 0.000000 -0.345575 0.000000
vt 0.150000 0.345575 0.000000
vt 0.000000 0.345575 0.000000
vt 0.150000 0.333861 0.000000
vt 0.000000 0.333861 0.000000
vt 0.150000 0.322146 0.000000
vt 0.000000 0.322146 0.000000
vt 0.150000 0.310432 0.000000
vt 0.000000 0.310432 0.000000
vt 0.150000 0.298718 0.000000
vt -0.000000 0.298718 0.000000
vt 0.150000 0.287003 0.000000
vt -0.000000 0.287003 0.000000
vt 0.150000 0.275289 0.000000
vt 0.000000 0.275289 0.000000
vt 0.150000 0.263574 0.000000
vt 0.000000 0.263574 0.000000
vt 0.150000 0.251860 0.000000
vt -0.000000 0.251860 0.000000
vt 0.150000 0.240145 0.000000
vt 0.000000 0.240145 0.000000
vt 0.150000 0.228431 0.000000
vt -0.000000 0.228431 0.000000
vt 0.150000 0.216717 0.000000
vt 0.000000 0.216717 0.000000
vt 0.150000 0.205002 0.000000
vt 0.000000 0.205002 0.000000
vt 0.150000 0.193288 0.000000
vt -0.000000 0.193288 0.000000
vt 0.150000 0.181573 0.000000
vt -0.000000 0.181573 0.000000
vt 0.150000 0.169859 0.000000
vt -0.000000 0.169859 0.000000
vt 0.150000 0.158145 0.000000
vt -0.000000 0.158145 0.000000
vt 0.150000 0.146430 0.000000
vt 0.000000 0.146430 0.000000
vt 0.150000 0.134716 0.000000
vt 0.000000 0.134716 0.000000
vt 0.150000 0.123001 0.000000
vt -0.000000 0.123001 0.000000
vt 0.150000 0.111287 0.000000
vt -0.000000 0.111287 0.000000
vt 0.150000 0.099573 0.000000
vt 0.000000 0.099573 0.000000
vt 0.150000 0.087858 0.000000
vt 0.000000 0.087858 0.000000
vt 0.150000 0.076144 0.000000
vt -0.000000 0.076144 0.000000
vt 0.150000 0.064429 0.000000
vt 0.000000 0.064429 0.000000
vt 0.150000 0.052715 0.000000
vt -0.000000 0.052715 0.000000
vt 0.150000 0.041000 0.000000
vt 0.000000 0.041000 0.000000
vt 0.150000 0.029286 0.000000
vt -0.000000 0.029286 0.000000
vt 0.150000 0.017572 0.000000
vt -0.000000 0.017572 0.000000
vt 0.150000 0.005857 0.000000
vt 0.000000 0.005857 0.000000
vt 0.150000 -0.005857 0.000000
vt 0.000000 -0.005857 0.000000
vt 0.150000 -0.017572 0.000000
vt -0.000000 -0.017572 0.000000
vt 0.150000 -0.029286 0.000000
vt -0.000000 -0.029286 0.000000
vt 0.150000 -0.041000 0.000000
vt -0.000000 -0.041000 0.000000
vt 0.150000 -0.052715 0.000000
vt 0.000000 -0.052715 0.000000
vt 0.150000 -0.064429 0.000000
vt 0.000000 -0.064429 0.000000
vt 0.150000 -0.076144 0.000000
vt -0.000000 -0.076144 0.000000
vt 0.150000 -0.087858 0.000000
vt -0.000000 -0.087858 0.000000
vt 0.150000 -0.099573 0.000000
vt 0.000000 -0.099573 0.000000
vt 0.150000 -0.111287 0.000000
vt -0.000000 -0.111287 0.000000
vt 0.150000 -0.123001 0.000000
vt -0.000000 -0.123001 0.000000
vt 0.150000 -0.134716 0.000000
vt 0.000000 -0.134716 0.000000
vt 0.150000 -0.146430 0.000000
vt -0.000000 -0.146430 0.000000
vt 0.150000 -0.158145 0.000000
vt 0.000000 -0.158145 0.000000
vt 0.150000 -0.169859 0.000000
vt -0.000000 -0.169859 0.000000
vt 0.150000 -0.181573 0.000000
vt -0.000000 -0.181573 0.000000
vt 0.150000 -0.193288 0.000000
vt -0.000000 -0.193288 0.000000
vt 0.150000 -0.205002 0.000000
vt 0.000000 -0.205002 0.000000
vt 0.150000 -0.216717 0.000000
vt 0.000000 -0.216717 0.000000
vt 0.150000 -0.228431 0.000000
vt -0.000000 -0.228431 0.000000
vt 0.150000 -0.240145 0.000000
vt 0.000000 -0.240145 0.000000
vt 0.150000 -0.251860 0.000000
vt -0.000000 -0.251860 0.000000
vt 0.150000 -0.263574 0.000000
vt -0.000000 -0.263574 0.000000
vt 0.150000 -0.275289 0.000000
vt -0.000000 -0.275289 0.000000
vt 0.150000 -0.287003 0.000000
vt -0.000000 -0.287003 0.000000
vt 0.150000 -0.298718 0.000000
vt -0.000000 -0.298718 0.000000
vt 0.150000 -0.310432 0.000000
vt 0.000000 -0.310432 0.000000
vt 0.150000 -0.322146 0.000000
vt 0.000000 -0.322146 0.000000
vt -0.150000 0.612412 0.000000
vt -0.000000 0.612412 0.000000
vt -0.150000 0.628319 0.000000
vt -0.000000 0.628319 0.000000
vt -0.150000 -0.628319 0.000000
vt -0.000000 -0.628319 0.000000
vt -0.150000 -0.612412 0.000000
vt -0.000000 -0.612412 0.000000
vt -0.150000 -0.596505 0.000000
vt -0.000000 -0.596505 0.000000
vt -0.150000 -0.580598 0.000000
vt -0.000000 -0.580598 0.000000
vt -0.150000 -0.564691 0.000000
vt -0.000000 -0.564691 0.000000
vt -0.150000 -0.548785 0.000000
vt -0.000000 -0.548785 0.000000
vt -0.150000 -0.532878 0.000000
vt -0.000000 -0.532878 0.000000
vt -0.150000 -0.516971 0.000000
vt -0.000000 -0.516971 0.000000
vt -0.150000 -0.501064 0.000000
vt -0.000000 -0.501064 0.000000
vt -0.150000 -0.485157 0.000000
vt -0.000000 -0.485157 0.000000
vt -0.150000 -0.469251 0.000000
vt -0.000000 -0.469251 0.000000
vt -0.150000 -0.453344 0.000000
vt -0.000000 -0.453344 0.000000
vt -0.150000 -0.437437 0.000000
vt -0.000000 -0.437437 0.000000
vt -0.150000 -0.421530 0.000000
vt -0.000000 -0.421530 0.000000
vt -0.150000 -0.405623 0.000000
vt -0.000000 -0.405623 0.000000
vt -0.150000 -0.389717 0.000000
vt -0.000000 -0.389717 0.000000
vt -0.150000 -0.373810 0.000000
vt -0.000000 -0.373810 0.000000
vt -0.150000 -0.357903 0.000000
vt -0.000000 -0.357903 0.000000
vt -0.150000 -0.341996 0.000000
vt -0.000000 -0.341996 0.000000
vt -0.150000 -0.326089 0.000000
vt -0.000000 -0.326089 0.000000
vt -0.150000 -0.310183 0.000000
vt -0.000000 -0.310183 0.000000
vt -0.150000 -0.294276 0.000000
vt -0.000000 -0.294276 0.000000
vt -0.150000 -0.278369 0.000000
vt -0.000000 -0.278369 0.000000
vt -0.150000 -0.262462 0.000000
vt -0.000000 -0.262462 0.000000
vt -0.150000 -0.246555 0.000000
vt -0.000000 -0.246555 0.000000
vt -0.150000 -0.230649 0.000000
vt -0.000000 -0.230649 0.000000
vt -0.150000 -0.214742 0.000000
vt -0.000000 -0.214742 0.000000
vt -0.150000 -0.198835 0.000000
vt -0.000000 -0.198835 0.000000
vt -0.150000 -0.182928 0.000000
vt -0.000000 -0.182928 0.000000
vt -0.150000 -0.167021 0.000000
vt -0.000000 -0.167021 0.000000
vt -0.150000 -0.151115 0.000000
vt -0.000000 -0.151115 0.000000
vt -0.150000 -0.135208 0.000000
vt -0.000000 -0.135208 0.000000
vt -0.150000 -0.119301 0.000000
vt -0.000000 -0.119301 0.000000
vt -0.150000 -0.103394 0.000000
vt -0.000000 -0.103394 0.000000
vt -0.150000 -0.087487 0.000000
vt -0.000000 -0.087487 0.000000
vt -0.150000 -0.071581 0.000000
vt -0.000000 -0.071581 0.000000
vt -0.150000 -0.055674 0.000000
vt -0.000000 -0.055674 0.000000
vt -0.150000 -0.039767 0.000000
vt -0.000000 -0.039767 0.000000
vt -0.150000 -0.023860 0.000000
vt -0.000000 -0.023860 0.000000
vt -0.150000 -0.007953 0.000000
vt -0.000000 -0.007953 0.000000
vt -0.150000 0.007953 0.000000
vt -0.000000 0.007953 0.000000
vt -0.150000 0.023860 0.000000
vt -0.000000 0.023860 0.000000
vt -0.150000 0.039767 0.000000
vt -0.000000 0.039767 0.000000
vt -0.150000 0.055674 0.000000
vt -0.000000 0.055674 0.000000
vt -0.150000 0.071581 0.000000
vt -0.000000 0.071581 0.000000
vt -0.150000 0.087487 0.000000
vt -0.000000 0.087487 0.000000
vt -0.150000 0.103394 0.000000
vt -0.000000 0.103394 0.000000
vt -0.150000 0.119301 0.000000
vt -0.000000 0.119301 0.000000
vt -0.150000 0.135208 0.000000
vt -0.000000 0.135208 0.000000
vt -0.150000 0.151115 0.000000
vt -0.000000 0.151115 0.000000
vt -0.150000 0.167021 0.000000
vt -0.000000 0.167021 0.000000
vt -0.150000 0.182928 0.000000
vt -0.000000 0.182928 0.000000
vt -0.150000 0.198835 0.000000
vt -0.000000 0.198835 0.000000
vt -0.150000 0.214742 0.000000
vt -0.000000 0.214742 0.000000
vt -0.150000 0.230649 0.000000
vt -0.000000 0.230649 0.000000
vt -0.150000 0.246555 0.000000
vt -0.000000 0.246555 0.000000
vt -0.150000 0.262462 0.000000
vt -0.000000 0.262462 0.000000
vt -0.150000 0.278369 0.000000
vt -0.000000 0.278369 0.000000
vt -0.150000 0.294276 0.000000
vt -0.000000 0.294276 0.000000
vt -0.150000 0.310183 0.000000
vt -0.000000 0.310183 0.000000
vt -0.150000 0.326089 0.000000
vt -0.000000 0.326089 0.000000
vt -0.150000 0.341996 0.000000
vt -0.000000 0.341996 0.000000
vt -0.150000 0.357903 0.000000
vt -0.000000 0.357903 0.000000
vt -0.150000 0.373810 0.000000
vt -0.000000 0.373810 0.000000
vt -0.150000 0.389717 0.000000
vt -0.000000 0.389717 0.000000
vt -0.150000 0.405623 0.000000
vt -0.000000 0.405623 0.000000
vt -0.150000 0.421530 0.000000
vt -0.000000 0.421530 0.000000
vt -0.150000 0.437437 0.000000
vt -0.000000 0.437437 0.000000
vt -0.150000 0.453344 0.000000
vt -0.000000 0.453344 0.000000
vt -0.150000 0.469251 0.000000
vt -0.000000 0.469251 0.000000
vt -0.150000 0.485157 0.000000
vt -0.000000 0.485157 0.000000
vt -0.150000 0.501064 0.000000
vt -0.000000 0.501064 0.000000
vt -0.150000 0.516971 0.000000
vt -0.000000 0.516971 0.000000
vt -0.150000 0.532878 0.000000
vt -0.000000 0.532878 0.000000
vt -0.150000 0.548785 0.000000
vt -0.000000 0.548785 0.000000
vt -0.150000 0.564691 0.000000
vt -0.000000 0.564691 0.000000
vt -0.150000 0.580598 0.000000
vt -0.000000 0.580598 0.000000
vt -0.150000 0.596505 0.000000
vt -0.000000 0.596505 0.000000
vt -0.109377 0.011692 0.000000
vt -0.199368 0.015890 0.000000
vt -0.110000 0.000000 0.000000
vt -0.200000 0.000000 0.000000
vt -0.199368 -0.015890 0.000000
vt -0.197475 0.031680 0.000000
vt -0.107514 0.023252 0.000000
vt -0.194334 0.047269 0.000000
vt -0.104434 0.034548 0.000000
vt -0.189964 0.062559 0.000000
vt -0.184393 0.077454 0.000000
vt -0.100170 0.045453 0.000000
vt -0.177657 0.091859 0.000000
vt -0.094771 0.055843 0.000000
vt -0.169797 0.105684 0.000000
vt -0.088298 0.065600 0.000000
vt -0.160863 0.118840 0.000000
vt -0.150913 0.131245 0.000000
vt -0.080825 0.074614 0.000000
vt -0.140008 0.142820 0.000000
vt -0.072436 0.082783 0.000000
vt -0.128219 0.153493 0.000000
vt -0.063227 0.090013 0.000000
vt -0.115618 0.163194 0.000000
vt -0.102287 0.171864 0.000000
vt -0.053301 0.096224 0.000000
vt -0.088309 0.179448 0.000000
vt -0.042771 0.101344 0.000000
vt -0.073773 0.185897 0.000000
vt -0.031756 0.105316 0.000000
vt -0.058770 0.191170 0.000000
vt -0.043396 0.195235 0.000000
vt -0.020382 0.108095 0.000000
vt -0.027747 0.198066 0.000000
vt -0.008776 0.109649 0.000000
vt -0.011923 0.199644 0.000000
vt 0.002928 0.109961 0.000000
vt 0.003976 0.199960 0.000000
vt 0.019851 0.199012 0.000000
vt 0.014600 0.109027 0.000000
vt 0.035600 0.196806 0.000000
vt 0.026106 0.106857 0.000000
vt 0.051123 0.193356 0.000000
vt 0.037316 0.103477 0.000000
vt 0.066324 0.188683 0.000000
vt 0.081105 0.182817 0.000000
vt 0.048104 0.098924 0.000000
vt 0.095374 0.175795 0.000000
vt 0.058346 0.093251 0.000000
vt 0.109039 0.167662 0.000000
vt 0.067928 0.086521 0.000000
vt 0.122015 0.158469 0.000000
vt 0.134220 0.148274 0.000000
vt 0.076739 0.078810 0.000000
vt 0.145576 0.137141 0.000000
vt 0.084682 0.070207 0.000000
vt 0.156011 0.125142 0.000000
vt 0.091665 0.060808 0.000000
vt 0.165461 0.112351 0.000000
vt 0.173864 0.098850 0.000000
vt 0.097609 0.050720 0.000000
vt 0.181168 0.084724 0.000000
vt 0.102447 0.040058 0.000000
vt 0.187327 0.070062 0.000000
vt 0.106124 0.028941 0.000000
vt 0.192301 0.054958 0.000000
vt 0.196059 0.039505 0.000000
vt 0.108600 0.017497 0.000000
vt 0.198578 0.023804 0.000000
vt 0.109844 0.005854 0.000000
vt 0.199842 0.007951 0.000000
vt 0.199842 -0.007951 0.000000
vt 0.109844 -0.005854 0.000000
vt 0.198578 -0.023804 0.000000
vt 0.108600 -0.017497 0.000000
vt 0.196059 -0.039505 0.000000
vt 0.106124 -0.028941 0.000000
vt 0.192301 -0.054958 0.000000
vt 0.187327 -0.070062 0.000000
vt 0.102447 -0.040058 0.000000
vt 0.181168 -0.084724 0.000000
vt 0.097609 -0.050720 0.000000
vt 0.173864 -0.098850 0.000000
vt 0.091665 -0.060808 0.000000
vt 0.165461 -0.112351 0.000000
vt 0.156011 -0.125142 0.000000
vt 0.084682 -0.070207 0.000000
vt 0.145576 -0.137141 0.000000
vt 0.076739 -0.078810 0.000000
vt 0.134220 -0.148274 0.000000
vt 0.067928 -0.086521 0.000000
vt 0.122015 -0.158469 0.000000
vt 0.058346 -0.093251 0.000000
vt 0.109039 -0.167662 0.000000
vt 0.048104 -0.098924 0.000000
vt 0.095374 -0.175795 0.000000
vt 0.081105 -0.182817 0.000000
vt 0.037316 -0.103477 0.000000
vt 0.066324 -0.188683 0.000000
vt 0.051123 -0.193356 0.000000
vt 0.026106 -0.106857 0.000000
vt 0.035600 -0.196806 0.000000
vt 0.014600 -0.109027 0.000000
vt 0.019851 -0.199012 0.000000
vt 0.002928 -0.109961 0.000000
vt 0.003976 -0.199960 0.000000
vt -0.011923 -0.199644 0.000000
vt -0.008776 -0.109649 0.000000
vt -0.027747 -0.198066 0.000000
vt -0.020382 -0.108095 0.000000
vt -0.043396 -0.195235 0.000000
vt -0.031756 -0.105316 0.000000
vt -0.058770 -0.191170 0.000000
vt -0.073773 -0.185897 0.000000
vt -0.042771 -0.101344 0.000000
vt -0.088309 -0.179448 0.000000
vt -0.053301 -0.096224 0.000000
vt -0.102287 -0.171864 0.000000
vt -0.063227 -0.090013 0.000000
vt -0.115618 -0.163194 0.000000
vt -0.128219 -0.153493 0.000000
vt -0.072436 -0.082783 0.000000
vt -0.140008 -0.142820 0.000000
vt -0.080825 -0.074614 0.000000
vt -0.150913 -0.131245 0.000000
vt -0.088298 -0.065600 0.000000
vt -0.160863 -0.118840 0.000000
vt -0.169797 -0.105684 0.000000
vt -0.094771 -0.055843 0.000000
vt -0.177657 -0.091859 0.000000
vt -0.100170 -0.045453 0.000000
vt -0.184393 -0.077454 0.000000
vt -0.104434 -0.034548 0.000000
vt -0.189964 -0.062559 0.000000
vt -0.194334 -0.047269 0.000000
vt -0.107514 -0.023252 0.000000
vt -0.197475 -0.031680 0.000000
vt -0.109377 -0.011692 0.000000
vt 0.109377 -0.011692 0.000000
vt 0.199368 -0.015890 0.000000
vt 0.110000 0.000000 0.000000
vt 0.200000 0.000000 0.000000
vt 0.199368 0.015890 0.000000
vt 0.197475 -0.031680 0.000000
vt 0.107514 -0.023252 0.000000
vt 0.194334 -0.047269 0.000000
vt 0.104434 -0.034548 0.000000
vt 0.189964 -0.062559 0.000000
vt 0.184393 -0.077454 0.000000
vt 0.100170 -0.045453 0.000000
vt 0.177657 -0.091859 0.000000
vt 0.094771 -0.055843 0.000000
vt 0.169797 -0.105684 0.000000
vt 0.088298 -0.065600 0.000000
vt 0.160863 -0.118840 0.000000
vt 0.150913 -0.131245 0.000000
vt 0.080825 -0.074614 0.000000
vt 0.140008 -0.142820 0.000000
vt 0.072436 -0.082783 0.000000
vt 0.128219 -0.153493 0.000000
vt 0.063227 -0.090013 0.000000
vt 0.115618 -0.163194 0.000000
vt 0.102287 -0.171864 0.000000
vt 0.053301 -0.096224 0.000000
vt 0.088309 -0.179448 0.000000
vt 0.042771 -0.101344 0.000000
vt 0.073773 -0.185897 0.000000
vt 0.031756 -0.105316 0.000000
vt 0.058770 -0.191170 0.000000
vt 0.043396 -0.195235 0.000000
vt 0.020382 -0.108095 0.000000
vt 0.027747 -0.198066 0.000000
vt 0.008776 -0.109649 0.000000
vt 0.011923 -0.199644 0.000000
vt -0.002928 -0.109961 0.000000
vt -0.003976 -0.199960 0.000000
vt -0.019851 -0.199012 0.000000
vt -0.014600 -0.109027 0.000000
vt -0.035600 -0.196806 0.000000
vt -0.026106 -0.106857 0.000000
vt -0.051123 -0.193356 0.000000
vt -0.037316 -0.103477 0.000000
vt -0.066324 -0.188683 0.000000
vt -0.081105 -0.182817 0.000000
vt -0.048104 -0.098924 0.000000
vt -0.095374 -0.175795 0.000000
vt -0.109039 -0.167662 0.000000
vt -0.058346 -0.093251 0.000000
vt -0.067928 -0.086521 0.000000
vt -0.076739 -0.078810 0.000000
vt -0.134220 -0.148274 0.000000
vt -0.122015 -0.158469 0.000000
vt -0.145576 -0.137141 0.000000
vt -0.084682 -0.070207 0.000000
vt -0.156011 -0.125142 0.000000
vt -0.091665 -0.060808 0.000000
vt -0.165461 -0.112351 0.000000
vt -0.173864 -0.098850 0.000000
vt -0.097609 -0.050720 0.000000
vt -0.181168 -0.084724 0.000000
vt -0.102447 -0.040058 0.000000
vt -0.187327 -0.070062 0.000000
vt -0.106124 -0.028941 0.000000
vt -0.192301 -0.054958 0.000000
vt -0.196059 -0.039505 0.000000
vt -0.108600 -0.017497 0.000000
vt -0.198578 -0.023804 0.000000
vt -0.109844 -0.005854 0.000000
vt -0.199842 -0.007951 0.000000
vt -0.109844 0.005854 0.000000
vt -0.199842 0.007951 0.000000
vt -0.198578 0.023804 0.000000
vt -0.108600 0.017497 0.000000
vt -0.196059 0.039505 0.000000
vt -0.106124 0.028941 0.000000
vt -0.192301 0.054958 0.000000
vt -0.187327 0.070062 0.000000
vt -0.102447 0.040058 0.000000
vt -0.181168 0.084724 0.000000
vt -0.097609 0.050720 0.000000
vt -0.173864 0.098850 0.000000
vt -0.091665 0.060808 0.000000
vt -0.165461 0.112351 0.000000
vt -0.156011 0.125142 0.000000
vt -0.084682 0.070207 0.000000
vt -0.145576 0.137141 0.000000
vt -0.076739 0.078810 0.000000
vt -0.134220 0.148274 0.000000
vt -0.067928 0.086521 0.000000
vt -0.122015 0.158469 0.000000
vt -0.109039 0.167662 0.000000
vt -0.058346 0.093251 0.000000
vt -0.095374 0.175795 0.000000
vt -0.048104 0.098924 0.000000
vt -0.081105 0.182817 0.000000
vt -0.037316 0.103477 0.000000
vt -0.066324 0.188683 0.000000
vt -0.051123 0.193356 0.000000
vt -0.026106 0.106857 0.000000
vt -0.035600 0.196806 0.000000
vt -0.014600 0.109027 0.000000
vt -0.019851 0.199012 0.000000
vt -0.002928 0.109961 0.000000
vt -0.003976 0.199960 0.000000
vt 0.011923 0.199644 0.000000
vt 0.008776 0.109649 0.000000
vt 0.027747 0.198066 0.000000
vt 0.020382 0.108095 0.000000
vt 0.043396 0.195235 0.000000
vt 0.031756 0.105316 0.000000
vt 0.058770 0.191170 0.000000
vt 0.073773 0.185897 0.000000
vt 0.042771 0.101344 0.000000
vt 0.088309 0.179448 0.000000
vt 0.053301 0.096224 0.000000
vt 0.102287 0.171864 0.000000
vt 0.063227 0.090013 0.000000
vt 0.115618 0.163194 0.000000
vt 0.128219 0.153493 0.000000
vt 0.072436 0.082783 0.000000
vt 0.140008 0.142820 0.000000
vt 0.080825 0.074614 0.000000
vt 0.150913 0.131245 0.000000
vt 0.088298 0.065600 0.000000
vt 0.160863 0.118840 0.000000
vt 0.169797 0.105684 0.000000
vt 0.094771 0.055843 0.000000
vt 0.177657 0.091859 0.000000
vt 0.100170 0.045453 0.000000
vt 0.184393 0.077454 0.000000
vt 0.104434 0.034548 0.000000
vt 0.189964 0.062559 0.000000
vt 0.194334 0.047269 0.000000
vt 0.107514 0.023252 0.000000
vt 0.197475 0.031680 0.000000
vt 0.109377 0.011692 0.000000
vn 0.099433 0.000000 -0.010629
vn 0.099433 0.000000 -0.010629
vn 0.100000 0.000000 -0.000000
vn 0.100000 0.000000 -0.000000
vn 0.099433 -0.000000 0.010629
vn 0.099433 -0.000000 0.010629
vn 0.097740 -0.000000 0.021138
vn 0.097740 -0.000000 0.021138
vn 0.094940 -0.000000 0.031408
vn 0.094940 -0.000000 0.031408
vn 0.091063 -0.000000 0.041321
vn 0.091063 -0.000000 0.041321
vn 0.086155 -0.000000 0.050767
vn 0.086155 -0.000000 0.050767
vn 0.080271 -0.000000 0.059637
vn 0.080271 -0.000000 0.059637
vn 0.073477 -0.000000 0.067831
vn 0.073477 -0.000000 0.067831
vn 0.065851 -0.000000 0.075257
vn 0.065851 -0.000000 0.075257
vn 0.057479 -0.000000 0.081830
vn 0.057479 -0.000000 0.081830
vn 0.048455 -0.000000 0.087476
vn 0.048455 -0.000000 0.087476
vn 0.038882 -0.000000 0.092131
vn 0.038882 -0.000000 0.092131
vn 0.028869 -0.000000 0.095742
vn 0.028869 -0.000000 0.095742
vn 0.018529 -0.000000 0.098268
vn 0.018529 -0.000000 0.098268
vn 0.007979 -0.000000 0.099681
vn 0.007979 -0.000000 0.099681
vn -0.002662 0.000000 0.099965
vn -0.002662 0.000000 0.099965
vn -0.013273 0.000000 0.099115
vn -0.013273 0.000000 0.099115
vn -0.023733 0.000000 0.097143
vn -0.023733 0.000000 0.097143
vn -0.033924 0.000000 0.094070
vn -0.033924 0.000000 0.094070
vn -0.043731 0.000000 0.089931
vn -0.043731 0.000000 0.089931
vn -0.053042 0.000000 0.084773
vn -0.053042 0.000000 0.084773
vn -0.061752 0.000000 0.078655
vn -0.061752 0.000000 0.078655
vn -0.069763 0.000000 0.071646
vn -0.069763 0.000000 0.071646
vn -0.076983 0.000000 0.063824
vn -0.076983 0.000000 0.063824
vn -0.083331 0.000000 0.055280
vn -0.083331 0.000000 0.055280
vn -0.088735 0.000000 0.046109
vn -0.088735 0.000000 0.046109
vn -0.093134 0.000000 0.036416
vn -0.093134 0.000000 0.036416
vn -0.096477 0.000000 0.026310
vn -0.096477 0.000000 0.026310
vn -0.098727 0.000000 0.015906
vn -0.098727 0.000000 0.015906
vn -0.099858 0.000000 0.005322
vn -0.099858 0.000000 0.005322
vn -0.099858 0.000000 -0.005322
vn -0.099858 0.000000 -0.005322
vn -0.098727 0.000000 -0.015906
vn -0.098727 0.000000 -0.015906
vn -0.096477 0.000000 -0.026310
vn -0.096477 0.000000 -0.026310
vn -0.093134 0.000000 -0.036416
vn -0.093134 0.000000 -0.036416
vn -0.088735 0.000000 -0.046109
vn -0.088735 0.000000 -0.046109
vn -0.083331 0.000000 -0.055280
vn -0.083331 0.000000 -0.055280
vn -0.076983 0.000000 -0.063824
vn -0.076983 0.000000 -0.063824
vn -0.069763 0.000000 -0.071646
vn -0.069763 0.000000 -0.071646
vn -0.061752 0.000000 -0.078655
vn -0.061752 0.000000 -0.078655
vn -0.053042 0.000000 -0.084773
vn -0.053042 0.000000 -0.084773
vn -0.043731 0.000000 -0.089931
vn -0.043731 0.000000 -0.089931
vn -0.033924 0.000000 -0.094070
vn -0.033924 0.000000 -0.094070
vn -0.023733 0.000000 -0.097143
vn -0.023733 0.000000 -0.097143
vn -0.013273 0.000000 -0.099115
vn -0.013273 0.000000 -0.099115
vn -0.002662 0.000000 -0.099965
vn -0.002662 0.000000 -0.099965
vn 0.007979 0.000000 -0.099681
vn 0.007979 0.000000 -0.099681
vn 0.018529 0.000000 -0.098268
vn 0.018529 0.000000 -0.098268
vn 0.028869 0.000000 -0.095742
vn 0.028869 0.000000 -0.095742
vn 0.038882 0.000000 -0.092131
vn 0.038882 0.000000 -0.092131
vn 0.048455 0.000000 -0.087476
vn 0.048455 0.000000 -0.087476
vn 0.057479 0.000000 -0.081830
vn 0.057479 0.000000 -0.081830
vn 0.065851 0.000000 -0.075257
vn 0.065851 0.000000 -0.075257
vn 0.073477 0.000000 -0.067831
vn 0.073477 0.000000 -0.067831
vn 0.080271 0.000000 -0.059637
vn 0.080271 0.000000 -0.059637
vn 0.086155 0.000000 -0.050767
vn 0.086155 0.000000 -0.050767
vn 0.091063 0.000000 -0.041321
vn 0.091063 0.000000 -0.041321
vn 0.094940 0.000000 -0.031408
vn 0.094940 0.000000 -0.031408
vn 0.097740 0.000000 -0.021138
vn 0.097740 0.000000 -0.021138
vn -0.099684 0.000000 -0.007945
vn -0.099684 0.000000 -0.007945
vn -0.100000 0.000000 -0.000000
vn -0.100000 0.000000 -0.000000
vn -0.099684 0.000000 0.007945
vn -0.099684 0.000000 0.007945
vn -0.098738 0.000000 0.015840
vn -0.098738 0.000000 0.015840
vn -0.097167 0.000000 0.023634
vn -0.097167 0.000000 0.023634
vn -0.094982 0.000000 0.031280
vn -0.094982 0.000000 0.031280
vn -0.092197 0.000000 0.038727
vn -0.092197 0.000000 0.038727
vn -0.088828 0.000000 0.045930
vn -0.088828 0.000000 0.045930
vn -0.084898 0.000000 0.052842
vn -0.084898 0.000000 0.052842
vn -0.080432 0.000000 0.059420
vn -0.080432 0.000000 0.059420
vn -0.075456 0.000000 0.065623
vn -0.075456 0.000000 0.065623
vn -0.070004 0.000000 0.071410
vn -0.070004 0.000000 0.071410
vn -0.064109 0.000000 0.076746
vn -0.064109 0.000000 0.076746
vn -0.057809 0.000000 0.081597
vn -0.057809 0.000000 0.081597
vn -0.051144 0.000000 0.085932
vn -0.051144 0.000000 0.085932
vn -0.044155 0.000000 0.089724
vn -0.044155 0.000000 0.089724
vn -0.036886 0.000000 0.092948
vn -0.036886 0.000000 0.092948
vn -0.029385 0.000000 0.095585
vn -0.029385 0.000000 0.095585
vn -0.021698 0.000000 0.097618
vn -0.021698 0.000000 0.097618
vn -0.013874 0.000000 0.099033
vn -0.013874 0.000000 0.099033
vn -0.005962 0.000000 0.099822
vn -0.005962 0.000000 0.099822
vn 0.001988 -0.000000 0.099980
vn 0.001988 -0.000000 0.099980
vn 0.009925 -0.000000 0.099506
vn 0.009925 -0.000000 0.099506
vn 0.017800 -0.000000 0.098403
vn 0.017800 -0.000000 0.098403
vn 0.025562 -0.000000 0.096678
vn 0.025562 -0.000000 0.096678
vn 0.033162 -0.000000 0.094341
vn 0.033162 -0.000000 0.094341
vn 0.040553 -0.000000 0.091408
vn 0.040553 -0.000000 0.091408
vn 0.047687 -0.000000 0.087898
vn 0.047687 -0.000000 0.087898
vn 0.054519 -0.000000 0.083831
vn 0.054519 -0.000000 0.083831
vn 0.061008 -0.000000 0.079234
vn 0.061008 -0.000000 0.079234
vn 0.067110 -0.000000 0.074137
vn 0.067110 -0.000000 0.074137
vn 0.072788 -0.000000 0.068571
vn 0.072788 -0.000000 0.068571
vn 0.078006 -0.000000 0.062571
vn 0.078006 -0.000000 0.062571
vn 0.082730 -0.000000 0.056175
vn 0.082730 -0.000000 0.056175
vn 0.086932 -0.000000 0.049425
vn 0.086932 -0.000000 0.049425
vn 0.090584 -0.000000 0.042362
vn 0.090584 -0.000000 0.042362
vn 0.093663 -0.000000 0.035031
vn 0.093663 -0.000000 0.035031
vn 0.096150 -0.000000 0.027479
vn 0.096150 -0.000000 0.027479
vn 0.098030 -0.000000 0.019753
vn 0.098030 -0.000000 0.019753
vn 0.099289 -0.000000 0.011902
vn 0.099289 -0.000000 0.011902
vn 0.099921 -0.000000 0.003976
vn 0.099921 -0.000000 0.003976
vn 0.099921 0.000000 -0.003976
vn 0.099921 0.000000 -0.003976
vn 0.099289 0.000000 -0.011902
vn 0.099289 0.000000 -0.011902
vn 0.098030 0.000000 -0.019753
vn 0.098030 0.000000 -0.019753
vn 0.096150 0.000000 -0.027479
vn 0.096150 0.000000 -0.027479
vn 0.093663 0.000000 -0.035031
vn 0.093663 0.000000 -0.035031
vn 0.090584 0.000000 -0.042362
vn 0.090584 0.000000 -0.042362
vn 0.086932 0.000000 -0.049425
vn 0.086932 0.000000 -0.049425
vn 0.082730 0.000000 -0.056175
vn 0.082730 0.000000 -0.056175
vn 0.078006 0.000000 -0.062571
vn 0.078006 0.000000 -0.062571
vn 0.072788 0.000000 -0.068571
vn 0.072788 0.000000 -0.068571
vn 0.067110 0.000000 -0.074137
vn 0.067110 0.000000 -0.074137
vn 0.061008 0.000000 -0.079234
vn 0.061008 0.000000 -0.079234
vn 0.054519 0.000000 -0.083831
vn 0.054519 0.000000 -0.083831
vn 0.047687 0.000000 -0.087898
vn 0.047687 0.000000 -0.087898
vn 0.040553 0.000000 -0.091408
vn 0.040553 0.000000 -0.091408
vn 0.033162 0.000000 -0.094341
vn 0.033162 0.000000 -0.094341
vn 0.025562 0.000000 -0.096678
vn 0.025562 0.000000 -0.096678
vn 0.017800 0.000000 -0.098403
vn 0.017800 0.000000 -0.098403
vn 0.009925 0.000000 -0.099506
vn 0.009925 0.000000 -0.099506
vn 0.001988 0.000000 -0.099980
vn 0.001988 0.000000 -0.099980
vn -0.005962 0.000000 -0.099822
vn -0.005962 0.000000 -0.099822
vn -0.013874 0.000000 -0.099033
vn -0.013874 0.000000 -0.099033
vn -0.021698 0.000000 -0.097618
vn -0.021698 0.000000 -0.097618
vn -0.029385 0.000000 -0.095585
vn -0.029385 0.000000 -0.095585
vn -0.036886 0.000000 -0.092948
vn -0.036886 0.000000 -0.092948
vn -0.044155 0.000000 -0.089724
vn -0.044155 0.000000 -0.089724
vn -0.051144 0.000000 -0.085932
vn -0.051144 0.000000 -0.085932
vn -0.057809 0.000000 -0.081597
vn -0.057809 0.000000 -0.081597
vn -0.064109 0.000000 -0.076746
vn -0.064109 0.000000 -0.076746
vn -0.070004 0.000000 -0.071410
vn -0.070004 0.000000 -0.071410
vn -0.075456 0.000000 -0.065623
vn -0.075456 0.000000 -0.065623
vn -0.080432 0.000000 -0.059420
vn -0.080432 0.000000 -0.059420
vn -0.084898 0.000000 -0.052842
vn -0.084898 0.000000 -0.052842
vn -0.088828 0.000000 -0.045930
vn -0.088828 0.000000 -0.045930
vn -0.092197 0.000000 -0.038727
vn -0.092197 0.000000 -0.038727
vn -0.094982 0.000000 -0.031280
vn -0.094982 0.000000 -0.031280
vn -0.097167 0.000000 -0.023634
vn -0.097167 0.000000 -0.023634
vn -0.098738 0.000000 -0.015840
vn -0.098738 0.000000 -0.015840
vn 0.000000 0.100000 0.000000
vn 0.000000 0.100000 0.000000
vn 0.000000 0.100000 0.000000
vn 0.000000 0.100000 0.000000
vn 0.000000 0.100000 0.000000
vn 0.000000 0.100000 0.000000
vn 0.000000 0.100000 0.000000
vn 0.000000 0.100000 0.000000
vn 0.000000 0.100000 0.000000
vn 0.000000 0.100000 0.000000
vn 0.000000 0.100000 0.000000
vn 0.000000 0.100000 0.000000
vn 0.000000 0.100000 0.000000
vn 0.000000 0.100000 0.000000
vn 0.000000 0.100000 0.000000
vn 0.000000 0.100000 0.000000
vn 0.000000 0.100000 0.000000
vn 0.000000 0.100000 0.000000
vn 0.000000 0.100000 0.000000
vn 0.000000 0.100000 0.000000
vn 0.000000 0.100000 0.000000
vn 0.000000 0.100000 0.000000
vn 0.000000 0.100000 0.000000
vn 0.000000 0.100000 0.000000
vn 0.000000 0.100000 0.000000
vn 0.000000 0.100000 0.000000
vn 0.000000 0.100000 0.000000
vn 0.000000 0.100000 0.000000
vn 0.000000 0.100000 0.000000
vn 0.000000 0.100000 0.000000
vn 0.000000 0.100000 0.000000
vn 0.000000 0.100000 0.000000
vn 0.000000 0.100000 0.000000
vn 0.000000 0.100000 0.000000
vn 0.000000 0.100000 0.000000
vn 0.000000 0.100000 0.000000
vn 0.000000 0.100000 0.000000
vn 0.000000 0.100000 0.000000
vn 0.000000 0.100000 0.000000
vn 0.000000 0.100000 0.000000
vn 0.000000 0.100000 0.000000
vn 0.000000 0.100000 0.000000
vn 0.000000 0.100000 0.000000
vn 0.000000 0.100000 0.000000
vn 0.000000 0.100000 0.000000
vn 0.000000 0.100000 0.000000
vn 0.000000 0.100000 0.000000
vn 0.000000 0.100000 0.000000
vn 0.000000 0.100000 0.000000
vn 0.000000 0.100000 0.000000
vn 0.000000 0.100000 0.000000
vn 0.000000 0.100000 0.000000
vn 0.000000 0.100000 0.000000
vn 0.000000 0.100000 0.000000
vn 0.000000 0.100000 0.000000
vn 0.000000 0.100000 0.000000
vn 0.000000 0.100000 0.000000
vn 0.000000 0.100000 0.000000
vn 0.000000 0.100000 0.000000
vn 0.000000 0.100000 0.000000
vn 0.000000 0.100000 0.000000
vn 0.000000 0.100000 0.000000
vn 0.000000 0.100000 0.000000
vn 0.000000 0.100000 0.000000
vn 0.000000 0.100000 0.000000
vn 0.000000 0.100000 0.000000
vn 0.000000 0.100000 0.000000
vn 0.000000 0.100000 0.000000
vn 0.000000 0.100000 0.000000
vn 0.000000 0.100000 0.000000
vn 0.000000 0.100000 0.000000
vn 0.000000 0.100000 0.000000
vn 0.000000 0.100000 0.000000
vn 0.000000 0.100000 0.000000
vn 0.000000 0.100000 0.000000
vn 0.000000 0.100000 0.000000
vn 0.000000 0.100000 0.000000
vn 0.000000 0.100000 0.000000
vn 0.000000 0.100000 0.000000
vn 0.000000 0.100000 0.000000
vn 0.000000 0.100000 0.000000
vn 0.000000 0.100000 0.000000
vn 0.000000 0.100000 0.000000
vn 0.000000 0.100000 0.000000
vn 0.000000 0.100000 0.000000
vn 0.000000 0.100000 0.000000
vn 0.000000 0.100000 0.000000
vn 0.000000 0.100000 0.000000
vn 0.000000 0.100000 0.000000
vn 0.000000 0.100000 0.000000
vn 0.000000 0.100000 0.000000
vn 0.000000 0.100000 0.000000
vn 0.000000 0.100000 0.000000
vn 0.000000 0.100000 0.000000
vn 0.000000 0.100000 0.000000
vn 0.000000 0.100000 0.000000
vn 0.000000 0.100000 0.000000
vn 0.000000 0.100000 0.000000
vn 0.000000 0.100000 0.000000
vn 0.000000 0.100000 0.000000
vn 0.000000 0.100000 0.000000
vn 0.000000 0.100000 0.000000
vn 0.000000 0.100000 0.000000
vn 0.000000 0.100000 0.000000
vn 0.000000 0.100000 0.000000
vn 0.000000 0.100000 0.000000
vn 0.000000 0.100000 0.000000
vn 0.000000 0.100000 0.000000
vn 0.000000 0.100000 0.000000
vn 0.000000 0.100000 0.000000
vn 0.000000 0.100000 0.000000
vn 0.000000 0.100000 0.000000
vn 0.000000 0.100000 0.000000
vn 0.000000 0.100000 0.000000
vn 0.000000 0.100000 0.000000
vn 0.000000 0.100000 0.000000
vn 0.000000 0.100000 0.000000
vn 0.000000 0.100000 0.000000
vn 0.000000 0.100000 0.000000
vn 0.000000 0.100000 0.000000
vn 0.000000 0.100000 0.000000
vn 0.000000 0.100000 0.000000
vn 0.000000 0.100000 0.000000
vn 0.000000 0.100000 0.000000
vn 0.000000 0.100000 0.000000
vn 0.000000 0.100000 0.000000
vn 0.000000 0.100000 0.000000
vn 0.000000 0.100000 0.000000
vn 0.000000 0.100000 0.000000
vn 0.000000 0.100000 0.000000
vn 0.000000 0.100000 0.000000
vn 0.000000 0.100000 0.000000
vn 0.000000 0.100000 0.000000
vn 0.000000 0.100000 0.000000
vn 0.000000 0.100000 0.000000
vn 0.000000 0.100000 0.000000
vn 0.000000 0.100000 0.000000
vn 0.000000 0.100000 0.000000
vn 0.000000 -0.100000 0.000000
vn 0.000000 -0.100000 0.000000
vn 0.000000 -0.100000 0.000000
vn 0.000000 -0.100000 0.000000
vn 0.000000 -0.100000 0.000000
vn 0.000000 -0.100000 0.000000
vn 0.000000 -0.100000 0.000000
vn 0.000000 -0.100000 0.000000
vn 0.000000 -0.100000 0.000000
vn 0.000000 -0.100000 0.000000
vn 0.000000 -0.100000 0.000000
vn 0.000000 -0.100000 0.000000
vn 0.000000 -0.100000 0.000000
vn 0.000000 -0.100000 0.000000
vn 0.000000 -0.100000 0.000000
vn 0.000000 -0.100000 0.000000
vn 0.000000 -0.100000 0.000000
vn 0.000000 -0.100000 0.000000
vn 0.000000 -0.100000 0.000000
vn 0.000000 -0.100000 0.000000
vn 0.000000 -0.100000 0.000000
vn 0.000000 -0.100000 0.000000
vn 0.000000 -0.100000 0.000000
vn 0.000000 -0.100000 0.000000
vn 0.000000 -0.100000 0.000000
vn 0.000000 -0.100000 0.000000
vn 0.000000 -0.100000 0.000000
vn 0.000000 -0.100000 0.000000
vn 0.000000 -0.100000 0.000000
vn 0.000000 -0.100000 0.000000
vn 0.000000 -0.100000 0.000000
vn 0.000000 -0.100000 0.000000
vn 0.000000 -0.100000 0.000000
vn 0.000000 -0.100000 0.000000
vn 0.000000 -0.100000 0.000000
vn 0.000000 -0.100000 0.000000
vn 0.000000 -0.100000 0.000000
vn 0.000000 -0.100000 0.000000
vn 0.000000 -0.100000 0.000000
vn 0.000000 -0.100000 0.000000
vn 0.000000 -0.100000 0.000000
vn 0.000000 -0.100000 0.000000
vn 0.000000 -0.100000 0.000000
vn 0.000000 -0.100000 0.000000
vn 0.000000 -0.100000 0.000000
vn 0.000000 -0.100000 0.000000
vn 0.000000 -0.100000 0.000000
vn 0.000000 -0.100000 0.000000
vn 0.000000 -0.100000 0.000000
vn 0.000000 -0.100000 0.000000
vn 0.000000 -0.100000 0.000000
vn 0.000000 -0.100000 0.000000
vn 0.000000 -0.100000 0.000000
vn 0.000000 -0.100000 0.000000
vn 0.000000 -0.100000 0.000000
vn 0.000000 -0.100000 0.000000
vn 0.000000 -0.100000 0.000000
vn 0.000000 -0.100000 0.000000
vn 0.000000 -0.100000 0.000000
vn 0.000000 -0.100000 0.000000
vn 0.000000 -0.100000 0.000000
vn 0.000000 -0.100000 0.000000
vn 0.000000 -0.100000 0.000000
vn 0.000000 -0.100000 0.000000
vn 0.000000 -0.100000 0.000000
vn 0.000000 -0.100000 0.000000
vn 0.000000 -0.100000 0.000000
vn 0.000000 -0.100000 0.000000
vn 0.000000 -0.100000 0.000000
vn 0.000000 -0.100000 0.000000
vn 0.000000 -0.100000 0.000000
vn 0.000000 -0.100000 0.000000
vn 0.000000 -0.100000 0.000000
vn 0.000000 -0.100000 0.000000
vn 0.000000 -0.100000 0.000000
vn 0.000000 -0.100000 0.000000
vn 0.000000 -0.100000 0.000000
vn 0.000000 -0.100000 0.000000
vn 0.000000 -0.100000 0.000000
vn 0.000000 -0.100000 0.000000
vn 0.000000 -0.100000 0.000000
vn 0.000000 -0.100000 0.000000
vn 0.000000 -0.100000 0.000000
vn 0.000000 -0.100000 0.000000
vn 0.000000 -0.100000 0.000000
vn 0.000000 -0.100000 0.000000
vn 0.000000 -0.100000 0.000000
vn 0.000000 -0.100000 0.000000
vn 0.000000 -0.100000 0.000000
vn 0.000000 -0.100000 0.000000
vn 0.000000 -0.100000 0.000000
vn 0.000000 -0.100000 0.000000
vn 0.000000 -0.100000 0.000000
vn 0.000000 -0.100000 0.000000
vn 0.000000 -0.100000 0.000000
vn 0.000000 -0.100000 0.000000
vn 0.000000 -0.100000 0.000000
vn 0.000000 -0.100000 0.000000
vn 0.000000 -0.100000 0.000000
vn 0.000000 -0.100000 0.000000
vn 0.000000 -0.100000 0.000000
vn 0.000000 -0.100000 0.000000
vn 0.000000 -0.100000 0.000000
vn 0.000000 -0.100000 0.000000
vn 0.000000 -0.100000 0.000000
vn 0.000000 -0.100000 0.000000
vn 0.000000 -0.100000 0.000000
vn 0.000000 -0.100000 0.000000
vn 0.000000 -0.100000 0.000000
vn 0.000000 -0.100000 0.000000
vn 0.000000 -0.100000 0.000000
vn 0.000000 -0.100000 0.000000
vn 0.000000 -0.100000 0.000000
vn 0.000000 -0.100000 0.000000
vn 0.000000 -0.100000 0.000000
vn 0.000000 -0.100000 0.000000
vn 0.000000 -0.100000 0.000000
vn 0.000000 -0.100000 0.000000
vn 0.000000 -0.100000 0.000000
vn 0.000000 -0.100000 0.000000
vn 0.000000 -0.100000 0.000000
vn 0.000000 -0.100000 0.000000
vn 0.000000 -0.100000 0.000000
vn 0.000000 -0.100000 0.000000
vn 0.000000 -0.100000 0.000000
vn 0.000000 -0.100000 0.000000
vn 0.000000 -0.100000 0.000000
vn 0.000000 -0.100000 0.000000
vn 0.000000 -0.100000 0.000000
vn 0.000000 -0.100000 0.000000
vn 0.000000 -0.100000 0.000000
vn 0.000000 -0.100000 0.000000
vn 0.000000 -0.100000 0.000000
vn 0.000000 -0.100000 0.000000
vn 0.000000 -0.100000 0.000000
vn 0.000000 -0.100000 0.000000
vn 0.000000 -0.100000 0.000000
vn 0.000000 -0.100000 0.000000
usemtl Steel_-_Satin
f 2/1/1 118/2/2 1/3/3
f 1/3/3 118/2/2 60/4/4
f 1/5/3 60/6/4 59/7/5
f 59/7/5 60/6/4 61/8/6
f 59/7/5 61/8/6 58/9/7
f 58/9/7 61/8/6 62/10/8
f 58/9/7 62/10/8 57/11/9
f 57/11/9 62/10/8 63/12/10
f 57/11/9 63/12/10 56/13/11
f 56/13/11 63/12/10 64/14/12
f 56/13/11 64/14/12 55/15/13
f 55/15/13 64/14/12 65/16/14
f 55/15/13 65/16/14 54/17/15
f 54/17/15 65/16/14 66/18/16
f 54/17/15 66/18/16 53/19/17
f 53/19/17 66/18/16 67/20/18
f 53/19/17 67/20/18 52/21/19
f 52/21/19 67/20/18 68/22/20
f 52/21/19 68/22/20 51/23/21
f 51/23/21 68/22/20 69/24/22
f 51/23/21 69/24/22 50/25/23
f 50/25/23 69/24/22 70/26/24
f 50/25/23 70/26/24 49/27/25
f 49/27/25 70/26/24 71/28/26
f 49/27/25 71/28/26 48/29/27
f 48/29/27 71/28/26 72/30/28
f 48/29/27 72/30/28 47/31/29
f 47/31/29 72/30/28 73/32/30
f 47/31/29 73/32/30 46/33/31
f 46/33/31 73/32/30 74/34/32
f 46/33/31 74/34/32 45/35/33
f 45/35/33 74/34/32 75/36/34
f 45/35/33 75/36/34 44/37/35
f 44/37/35 75/36/34 76/38/36
f 44/37/35 76/38/36 43/39/37
f 43/39/37 76/38/36 77/40/38
f 43/39/37 77/40/38 42/41/39
f 42/41/39 77/40/38 78/42/40
f 42/41/39 78/42/40 41/43/41
f 41/43/41 78/42/40 79/44/42
f 41/43/41 79/44/42 40/45/43
f 40/45/43 79/44/42 80/46/44
f 40/45/43 80/46/44 39/47/45
f 39/47/45 80/46/44 81/48/46
f 39/47/45 81/48/46 38/49/47
f 38/49/47 81/48/46 82/50/48
f 38/49/47 82/50/48 37/51/49
f 37/51/49 82/50/48 83/52/50
f 37/51/49 83/52/50 36/53/51
f 36/53/51 83/52/50 84/54/52
f 36/53/51 84/54/52 35/55/53
f 35/55/53 84/54/52 85/56/54
f 35/55/53 85/56/54 34/57/55
f 34/57/55 85/56/54 86/58/56
f 34/57/55 86/58/56 33/59/57
f 33/59/57 86/58/56 87/60/58
f 33/59/57 87/60/58 32/61/59
f 32/61/59 87/60/58 88/62/60
f 32/61/59 88/62/60 31/63/61
f 31/63/61 88/62/60 89/64/62
f 31/63/61 89/64/62 30/65/63
f 30/65/63 89/64/62 90/66/64
f 30/65/63 90/66/64 29/67/65
f 29/67/65 90/66/64 91/68/66
f 29/67/65 91/68/66 28/69/67
f 28/69/67 91/68/66 92/70/68
f 28/69/67 92/70/68 27/71/69
f 27/71/69 92/70/68 93/72/70
f 27/71/69 93/72/70 26/73/71
f 26/73/71 93/72/70 94/74/72
f 26/73/71 94/74/72 25/75/73
f 25/75/73 94/74/72 95/76/74
f 25/75/73 95/76/74 24/77/75
f 24/77/75 95/76/74 96/78/76
f 24/77/75 96/78/76 23/79/77
f 23/79/77 96/78/76 97/80/78
f 23/79/77 97/80/78 22/81/79
f 22/81/79 97/80/78 98/82/80
f 22/81/79 98/82/80 21/83/81
f 21/83/81 98/82/80 99/84/82
f 21/83/81 99/84/82 20/85/83
f 20/85/83 99/84/82 100/86/84
f 20/85/83 100/86/84 19/87/85
f 19/87/85 100/86/84 101/88/86
f 19/87/85 101/88/86 18/89/87
f 18/89/87 101/88/86 102/90/88
f 18/89/87 102/90/88 17/91/89
f 17/91/89 102/90/88 103/92/90
f 17/91/89 103/92/90 16/93/91
f 16/93/91 103/92/90 104/94/92
f 16/93/91 104/94/92 15/95/93
f 15/95/93 104/94/92 105/96/94
f 15/95/93 105/96/94 14/97/95
f 14/97/95 105/96/94 106/98/96
f 14/97/95 106/98/96 13/99/97
f 13/99/97 106/98/96 107/100/98
f 13/99/97 107/100/98 12/101/99
f 12/101/99 107/100/98 108/102/100
f 12/101/99 108/102/100 11/103/101
f 11/103/101 108/102/100 109/104/102
f 11/103/101 109/104/102 10/105/103
f 10/105/103 109/104/102 110/106/104
f 10/105/103 110/106/104 9/107/105
f 9/107/105 110/106/104 111/108/106
f 9/107/105 111/108/106 8/109/107
f 8/109/107 111/108/106 112/110/108
f 8/109/107 112/110/108 7/111/109
f 7/111/109 112/110/108 113/112/110
f 7/111/109 113/112/110 6/113/111
f 6/113/111 113/112/110 114/114/112
f 6/113/111 114/114/112 5/115/113
f 5/115/113 114/114/112 115/116/114
f 5/115/113 115/116/114 4/117/115
f 4/117/115 115/116/114 116/118/116
f 4/117/115 116/118/116 3/119/117
f 3/119/117 116/118/116 117/120/118
f 3/119/117 117/120/118 2/1/1
f 2/1/1 117/120/118 118/2/2
f 120/121/119 276/122/120 119/123/121
f 119/123/121 276/122/120 198/124/122
f 119/125/121 198/126/122 197/127/123
f 197/127/123 198/126/122 199/128/124
f 197/127/123 199/128/124 196/129/125
f 196/129/125 199/128/124 200/130/126
f 196/129/125 200/130/126 195/131/127
f 195/131/127 200/130/126 201/132/128
f 195/131/127 201/132/128 194/133/129
f 194/133/129 201/132/128 202/134/130
f 194/133/129 202/134/130 193/135/131
f 193/135/131 202/134/130 203/136/132
f 193/135/131 203/136/132 192/137/133
f 192/137/133 203/136/132 204/138/134
f 192/137/133 204/138/134 191/139/135
f 191/139/135 204/138/134 205/140/136
f 191/139/135 205/140/136 190/141/137
f 190/141/137 205/140/136 206/142/138
f 190/141/137 206/142/138 189/143/139
f 189/143/139 206/142/138 207/144/140
f 189/143/139 207/144/140 188/145/141
f 188/145/141 207/144/140 208/146/142
f 188/145/141 208/146/142 187/147/143
f 187/147/143 208/146/142 209/148/144
f 187/147/143 209/148/144 186/149/145
f 186/149/145 209/148/144 210/150/146
f 186/149/145 210/150/146 185/151/147
f 185/151/147 210/150/146 211/152/148
f 185/151/147 211/152/148 184/153/149
f 184/153/149 211/152/148 212/154/150
f 184/153/149 212/154/150 183/155/151
f 183/155/151 212/154/150 213/156/152
f 183/155/151 213/156/152 182/157/153
f 182/157/153 213/156/152 214/158/154
f 182/157/153 214/158/154 181/159/155
f 181/159/155 214/158/154 215/160/156
f 181/159/155 215/160/156 180/161/157
f 180/161/157 215/160/156 216/162/158
f 180/161/157 216/162/158 179/163/159
f 179/163/159 216/162/158 217/164/160
f 179/163/159 217/164/160 178/165/161
f 178/165/161 217/164/160 218/166/162
f 178/165/161 218/166/162 177/167/163
f 177/167/163 218/166/162 219/168/164
f 177/167/163 219/168/164 176/169/165
f 176/169/165 219/168/164 220/170/166
f 176/169/165 220/170/166 175/171/167
f 175/171/167 220/170/166 221/172/168
f 175/171/167 221/172/168 174/173/169
f 174/173/169 221/172/168 222/174/170
f 174/173/169 222/174/170 173/175/171
f 173/175/171 222/174/170 223/176/172
f 173/175/171 223/176/172 172/177/173
f 172/177/173 223/176/172 224/178/174
f 172/177/173 224/178/174 171/179/175
f 171/179/175 224/178/174 225/180/176
f 171/179/175 225/180/176 170/181/177
f 170/181/177 225/180/176 226/182/178
f 170/181/177 226/182/178 169/183/179
f 169/183/179 226/182/178 227/184/180
f 169/183/179 227/184/180 168/185/181
f 168/185/181 227/184/180 228/186/182
f 168/185/181 228/186/182 167/187/183
f 167/187/183 228/186/182 229/188/184
f 167/187/183 229/188/184 166/189/185
f 166/189/185 229/188/184 230/190/186
f 166/189/185 230/190/186 165/191/187
f 165/191/187 230/190/186 231/192/188
f 165/191/187 231/192/188 164/193/189
f 164/193/189 231/192/188 232/194/190
f 164/193/189 232/194/190 163/195/191
f 163/195/191 232/194/190 233/196/192
f 163/195/191 233/196/192 162/197/193
f 162/197/193 233/196/192 234/198/194
f 162/197/193 234/198/194 161/199/195
f 161/199/195 234/198/194 235/200/196
f 161/199/195 235/200/196 160/201/197
f 160/201/197 235/200/196 236/202/198
f 160/201/197 236/202/198 159/203/199
f 159/203/199 236/202/198 237/204/200
f 159/203/199 237/204/200 158/205/201
f 158/205/201 237/204/200 238/206/202
f 158/205/201 238/206/202 157/207/203
f 157/207/203 238/206/202 239/208/204
f 157/207/203 239/208/204 156/209/205
f 156/209/205 239/208/204 240/210/206
f 156/209/205 240/210/206 155/211/207
f 155/211/207 240/210/206 241/212/208
f 155/211/207 241/212/208 154/213/209
f 154/213/209 241/212/208 242/214/210
f 154/213/209 242/214/210 153/215/211
f 153/215/211 242/214/210 243/216/212
f 153/215/211 243/216/212 152/217/213
f 152/217/213 243/216/212 244/218/214
f 152/217/213 244/218/214 151/219/215
f 151/219/215 244/218/214 245/220/216
f 151/219/215 245/220/216 150/221/217
f 150/221/217 245/220/216 246/222/218
f 150/221/217 246/222/218 149/223/219
f 149/223/219 246/222/218 247/224/220
f 149/223/219 247/224/220 148/225/221
f 148/225/221 247/224/220 248/226/222
f 148/225/221 248/226/222 147/227/223
f 147/227/223 248/226/222 249/228/224
f 147/227/223 249/228/224 146/229/225
f 146/229/225 249/228/224 250/230/226
f 146/229/225 250/230/226 145/231/227
f 145/231/227 250/230/226 251/232/228
f 145/231/227 251/232/228 144/233/229
f 144/233/229 251/232/228 252/234/230
f 144/233/229 252/234/230 143/235/231
f 143/235/231 252/234/230 253/236/232
f 143/235/231 253/236/232 142/237/233
f 142/237/233 253/236/232 254/238/234
f 142/237/233 254/238/234 141/239/235
f 141/239/235 254/238/234 255/240/236
f 141/239/235 255/240/236 140/241/237
f 140/241/237 255/240/236 256/242/238
f 140/241/237 256/242/238 139/243/239
f 139/243/239 256/242/238 257/244/240
f 139/243/239 257/244/240 138/245/241
f 138/245/241 257/244/240 258/246/242
f 138/245/241 258/246/242 137/247/243
f 137/247/243 258/246/242 259/248/244
f 137/247/243 259/248/244 136/249/245
f 136/249/245 259/248/244 260/250/246
f 136/249/245 260/250/246 135/251/247
f 135/251/247 260/250/246 261/252/248
f 135/251/247 261/252/248 134/253/249
f 134/253/249 261/252/248 262/254/250
f 134/253/249 262/254/250 133/255/251
f 133/255/251 262/254/250 263/256/252
f 133/255/251 263/256/252 132/257/253
f 132/257/253 263/256/252 264/258/254
f 132/257/253 264/258/254 131/259/255
f 131/259/255 264/258/254 265/260/256
f 131/259/255 265/260/256 130/261/257
f 130/261/257 265/260/256 266/262/258
f 130/261/257 266/262/258 129/263/259
f 129/263/259 266/262/258 267/264/260
f 129/263/259 267/264/260 128/265/261
f 128/265/261 267/264/260 268/266/262
f 128/265/261 268/266/262 127/267/263
f 127/267/263 268/266/262 269/268/264
f 127/267/263 269/268/264 126/269/265
f 126/269/265 269/268/264 270/270/266
f 126/269/265 270/270/266 125/271/267
f 125/271/267 270/270/266 271/272/268
f 125/271/267 271/272/268 124/273/269
f 124/273/269 271/272/268 272/274/270
f 124/273/269 272/274/270 123/275/271
f 123/275/271 272/274/270 273/276/272
f 123/275/271 273/276/272 122/277/273
f 122/277/273 273/276/272 274/278/274
f 122/277/273 274/278/274 121/279/275
f 121/279/275 274/278/274 275/280/276
f 121/279/275 275/280/276 120/121/119
f 120/121/119 275/280/276 276/122/120
f 59/281/277 120/282/278 1/283/279
f 1/283/279 120/282/278 119/284/280
f 1/283/279 119/284/280 197/285/281
f 120/282/278 59/281/277 121/286/282
f 121/286/282 59/281/277 58/287/283
f 121/286/282 58/287/283 122/288/284
f 122/288/284 58/287/283 57/289/285
f 122/288/284 57/289/285 123/290/286
f 123/290/286 57/289/285 124/291/287
f 124/291/287 57/289/285 56/292/288
f 124/291/287 56/292/288 125/293/289
f 125/293/289 56/292/288 55/294/290
f 125/293/289 55/294/290 126/295/291
f 126/295/291 55/294/290 54/296/292
f 126/295/291 54/296/292 127/297/293
f 127/297/293 54/296/292 128/298/294
f 128/298/294 54/296/292 53/299/295
f 128/298/294 53/299/295 129/300/296
f 129/300/296 53/299/295 52/301/297
f 129/300/296 52/301/297 130/302/298
f 130/302/298 52/301/297 51/303/299
f 130/302/298 51/303/299 131/304/300
f 131/304/300 51/303/299 132/305/301
f 132/305/301 51/303/299 50/306/302
f 132/305/301 50/306/302 133/307/303
f 133/307/303 50/306/302 49/308/304
f 133/307/303 49/308/304 134/309/305
f 134/309/305 49/308/304 48/310/306
f 134/309/305 48/310/306 135/311/307
f 135/311/307 48/310/306 136/312/308
f 136/312/308 48/310/306 47/313/309
f 136/312/308 47/313/309 137/314/310
f 137/314/310 47/313/309 46/315/311
f 137/314/310 46/315/311 138/316/312
f 138/316/312 46/315/311 45/317/313
f 138/316/312 45/317/313 139/318/314
f 139/318/314 45/317/313 140/319/315
f 140/319/315 45/317/313 44/320/316
f 140/319/315 44/320/316 141/321/317
f 141/321/317 44/320/316 43/322/318
f 141/321/317 43/322/318 142/323/319
f 142/323/319 43/322/318 42/324/320
f 142/323/319 42/324/320 143/325/321
f 143/325/321 42/324/320 144/326/322
f 144/326/322 42/324/320 41/327/323
f 144/326/322 41/327/323 145/328/324
f 145/328/324 41/327/323 40/329/325
f 145/328/324 40/329/325 146/330/326
f 146/330/326 40/329/325 39/331/327
f 146/330/326 39/331/327 147/332/328
f 147/332/328 39/331/327 148/333/329
f 148/333/329 39/331/327 38/334/330
f 148/333/329 38/334/330 149/335/331
f 149/335/331 38/334/330 37/336/332
f 149/335/331 37/336/332 150/337/333
f 150/337/333 37/336/332 36/338/334
f 150/337/333 36/338/334 151/339/335
f 151/339/335 36/338/334 152/340/336
f 152/340/336 36/338/334 35/341/337
f 152/340/336 35/341/337 153/342/338
f 153/342/338 35/341/337 34/343/339
f 153/342/338 34/343/339 154/344/340
f 154/344/340 34/343/339 33/345/341
f 154/344/340 33/345/341 155/346/342
f 155/346/342 33/345/341 156/347/343
f 156/347/343 33/345/341 32/348/344
f 156/347/343 32/348/344 157/349/345
f 157/349/345 32/348/344 31/350/346
f 157/349/345 31/350/346 158/351/347
f 158/351/347 31/350/346 159/352/348
f 159/352/348 31/350/346 30/353/349
f 159/352/348 30/353/349 160/354/350
f 160/354/350 30/353/349 29/355/351
f 160/354/350 29/355/351 161/356/352
f 161/356/352 29/355/351 28/357/353
f 161/356/352 28/357/353 162/358/354
f 162/358/354 28/357/353 163/359/355
f 163/359/355 28/357/353 27/360/356
f 163/359/355 27/360/356 164/361/357
f 164/361/357 27/360/356 26/362/358
f 164/361/357 26/362/358 165/363/359
f 165/363/359 26/362/358 25/364/360
f 165/363/359 25/364/360 166/365/361
f 166/365/361 25/364/360 167/366/362
f 167/366/362 25/364/360 24/367/363
f 167/366/362 24/367/363 168/368/364
f 168/368/364 24/367/363 23/369/365
f 168/368/364 23/369/365 169/370/366
f 169/370/366 23/369/365 22/371/367
f 169/370/366 22/371/367 170/372/368
f 170/372/368 22/371/367 21/373/369
f 170/372/368 21/373/369 171/374/370
f 171/374/370 21/373/369 20/375/371
f 171/374/370 20/375/371 172/376/372
f 172/376/372 20/375/371 173/377/373
f 173/377/373 20/375/371 19/378/374
f 173/377/373 19/378/374 174/379/375
f 174/379/375 19/378/374 175/380/376
f 175/380/376 19/378/374 18/381/377
f 175/380/376 18/381/377 176/382/378
f 176/382/378 18/381/377 17/383/379
f 176/382/378 17/383/379 177/384/380
f 177/384/380 17/383/379 16/385/381
f 177/384/380 16/385/381 178/386/382
f 178/386/382 16/385/381 179/387/383
f 179/387/383 16/385/381 15/388/384
f 179/387/383 15/388/384 180/389/385
f 180/389/385 15/388/384 14/390/386
f 180/389/385 14/390/386 181/391/387
f 181/391/387 14/390/386 13/392/388
f 181/391/387 13/392/388 182/393/389
f 182/393/389 13/392/388 183/394/390
f 183/394/390 13/392/388 12/395/391
f 183/394/390 12/395/391 184/396/392
f 184/396/392 12/395/391 11/397/393
f 184/396/392 11/397/393 185/398/394
f 185/398/394 11/397/393 10/399/395
f 185/398/394 10/399/395 186/400/396
f 186/400/396 10/399/395 187/401/397
f 187/401/397 10/399/395 9/402/398
f 187/401/397 9/402/398 188/403/399
f 188/403/399 9/402/398 8/404/400
f 188/403/399 8/404/400 189/405/401
f 189/405/401 8/404/400 7/406/402
f 189/405/401 7/406/402 190/407/403
f 190/407/403 7/406/402 191/408/404
f 191/408/404 7/406/402 6/409/405
f 191/408/404 6/409/405 192/410/406
f 192/410/406 6/409/405 5/411/407
f 192/410/406 5/411/407 193/412/408
f 193/412/408 5/411/407 4/413/409
f 193/412/408 4/413/409 194/414/410
f 194/414/410 4/413/409 195/415/411
f 195/415/411 4/413/409 3/416/412
f 195/415/411 3/416/412 196/417/413
f 196/417/413 3/416/412 2/418/414
f 196/417/413 2/418/414 197/285/281
f 197/285/281 2/418/414 1/283/279
f 118/419/415 199/420/416 60/421/417
f 60/421/417 199/420/416 198/422/418
f 60/421/417 198/422/418 276/423/419
f 199/420/416 118/419/415 200/424/420
f 200/424/420 118/419/415 117/425/421
f 200/424/420 117/425/421 201/426/422
f 201/426/422 117/425/421 116/427/423
f 201/426/422 116/427/423 202/428/424
f 202/428/424 116/427/423 203/429/425
f 203/429/425 116/427/423 115/430/426
f 203/429/425 115/430/426 204/431/427
f 204/431/427 115/430/426 114/432/428
f 204/431/427 114/432/428 205/433/429
f 205/433/429 114/432/428 113/434/430
f 205/433/429 113/434/430 206/435/431
f 206/435/431 113/434/430 207/436/432
f 207/436/432 113/434/430 112/437/433
f 207/436/432 112/437/433 208/438/434
f 208/438/434 112/437/433 111/439/435
f 208/438/434 111/439/435 209/440/436
f 209/440/436 111/439/435 110/441/437
f 209/440/436 110/441/437 210/442/438
f 210/442/438 110/441/437 211/443/439
f 211/443/439 110/441/437 109/444/440
f 211/443/439 109/444/440 212/445/441
f 212/445/441 109/444/440 108/446/442
f 212/445/441 108/446/442 213/447/443
f 213/447/443 108/446/442 107/448/444
f 213/447/443 107/448/444 214/449/445
f 214/449/445 107/448/444 215/450/446
f 215/450/446 107/448/444 106/451/447
f 215/450/446 106/451/447 216/452/448
f 216/452/448 106/451/447 105/453/449
f 216/452/448 105/453/449 217/454/450
f 217/454/450 105/453/449 104/455/451
f 217/454/450 104/455/451 218/456/452
f 218/456/452 104/455/451 219/457/453
f 219/457/453 104/455/451 103/458/454
f 219/457/453 103/458/454 220/459/455
f 220/459/455 103/458/454 102/460/456
f 220/459/455 102/460/456 221/461/457
f 221/461/457 102/460/456 101/462/458
f 221/461/457 101/462/458 222/463/459
f 222/463/459 101/462/458 223/464/460
f 223/464/460 101/462/458 100/465/461
f 223/464/460 100/465/461 224/466/462
f 224/466/462 100/465/461 225/467/463
f 225/467/463 100/465/461 99/468/464
f 225/467/463 99/468/464 98/469/465
f 97/470/466 227/471/467 98/469/465
f 98/469/465 227/471/467 226/472/468
f 98/469/465 226/472/468 225/467/463
f 227/471/467 97/470/466 228/473/469
f 228/473/469 97/470/466 96/474/470
f 228/473/469 96/474/470 229/475/471
f 229/475/471 96/474/470 95/476/472
f 229/475/471 95/476/472 230/477/473
f 230/477/473 95/476/472 231/478/474
f 231/478/474 95/476/472 94/479/475
f 231/478/474 94/479/475 232/480/476
f 232/480/476 94/479/475 93/481/477
f 232/480/476 93/481/477 233/482/478
f 233/482/478 93/481/477 92/483/479
f 233/482/478 92/483/479 234/484/480
f 234/484/480 92/483/479 235/485/481
f 235/485/481 92/483/479 91/486/482
f 235/485/481 91/486/482 236/487/483
f 236/487/483 91/486/482 90/488/484
f 236/487/483 90/488/484 237/489/485
f 237/489/485 90/488/484 89/490/486
f 237/489/485 89/490/486 238/491/487
f 238/491/487 89/490/486 239/492/488
f 239/492/488 89/490/486 88/493/489
f 239/492/488 88/493/489 240/494/490
f 240/494/490 88/493/489 87/495/491
f 240/494/490 87/495/491 241/496/492
f 241/496/492 87/495/491 242/497/493
f 242/497/493 87/495/491 86/498/494
f 242/497/493 86/498/494 243/499/495
f 243/499/495 86/498/494 85/500/496
f 243/499/495 85/500/496 244/501/497
f 244/501/497 85/500/496 84/502/498
f 244/501/497 84/502/498 245/503/499
f 245/503/499 84/502/498 246/504/500
f 246/504/500 84/502/498 83/505/501
f 246/504/500 83/505/501 247/506/502
f 247/506/502 83/505/501 82/507/503
f 247/506/502 82/507/503 248/508/504
f 248/508/504 82/507/503 81/509/505
f 248/508/504 81/509/505 249/510/506
f 249/510/506 81/509/505 250/511/507
f 250/511/507 81/509/505 80/512/508
f 250/511/507 80/512/508 251/513/509
f 251/513/509 80/512/508 79/514/510
f 251/513/509 79/514/510 252/515/511
f 252/515/511 79/514/510 78/516/512
f 252/515/511 78/516/512 253/517/513
f 253/517/513 78/516/512 254/518/514
f 254/518/514 78/516/512 77/519/515
f 254/518/514 77/519/515 255/520/516
f 255/520/516 77/519/515 76/521/517
f 255/520/516 76/521/517 256/522/518
f 256/522/518 76/521/517 75/523/519
f 256/522/518 75/523/519 257/524/520
f 257/524/520 75/523/519 258/525/521
f 258/525/521 75/523/519 74/526/522
f 258/525/521 74/526/522 259/527/523
f 259/527/523 74/526/522 73/528/524
f 259/527/523 73/528/524 260/529/525
f 260/529/525 73/528/524 72/530/526
f 260/529/525 72/530/526 261/531/527
f 261/531/527 72/530/526 262/532/528
f 262/532/528 72/530/526 71/533/529
f 262/532/528 71/533/529 263/534/530
f 263/534/530 71/533/529 70/535/531
f 263/534/530 70/535/531 264/536/532
f 264/536/532 70/535/531 69/537/533
f 264/536/532 69/537/533 265/538/534
f 265/538/534 69/537/533 266/539/535
f 266/539/535 69/537/533 68/540/536
f 266/539/535 68/540/536 267/541/537
f 267/541/537 68/540/536 67/542/538
f 267/541/537 67/542/538 268/543/539
f 268/543/539 67/542/538 66/544/540
f 268/543/539 66/544/540 269/545/541
f 269/545/541 66/544/540 270/546/542
f 270/546/542 66/544/540 65/547/543
f 270/546/542 65/547/543 271/548/544
f 271/548/544 65/547/543 64/549/545
f 271/548/544 64/549/545 272/550/546
f 272/550/546 64/549/545 63/551/547
f 272/550/546 63/551/547 273/552/548
f 273/552/548 63/551/547 274/553/549
f 274/553/549 63/551/547 62/554/550
f 274/553/549 62/554/550 275/555/551
f 275/555/551 62/554/550 61/556/552
f 275/555/551 61/556/552 276/423/419
f 276/423/419 61/556/552 60/421/417
g Standoff 2

v -19.131223 3.000000 0.000000
v -19.124991 3.000000 0.116923
v -19.106367 3.000000 0.232521
v -19.075560 3.000000 0.345484
v -19.032921 3.000000 0.454533
v -18.978932 3.000000 0.558432
v -18.914206 3.000000 0.656004
v -18.839474 3.000000 0.746143
v -18.755585 3.000000 0.827828
v -18.663489 3.000000 0.900133
v -18.564229 3.000000 0.962239
v -18.458930 3.000000 1.013443
v -18.348784 3.000000 1.053164
v -18.235041 3.000000 1.080953
v -18.118988 3.000000 1.096493
v -18.001940 3.000000 1.099610
v -17.885225 3.000000 1.090268
v -17.770164 3.000000 1.068573
v -17.658060 3.000000 1.034770
v -17.550185 3.000000 0.989243
v -17.447760 3.000000 0.932508
v -17.351946 3.000000 0.865207
v -17.263828 3.000000 0.788102
v -17.184406 3.000000 0.702069
v -17.114578 3.000000 0.608080
v -17.055136 3.000000 0.507202
v -17.006753 3.000000 0.400577
v -16.969978 3.000000 0.289413
v -16.945228 3.000000 0.174970
v -16.932782 3.000000 0.058544
v -16.932782 3.000000 -0.058544
v -16.945228 3.000000 -0.174970
v -16.969978 3.000000 -0.289413
v -17.006753 3.000000 -0.400577
v -17.055136 3.000000 -0.507202
v -17.114578 3.000000 -0.608080
v -17.184406 3.000000 -0.702069
v -17.263828 3.000000 -0.788102
v -17.351946 3.000000 -0.865207
v -17.447760 3.000000 -0.932508
v -17.550185 3.000000 -0.989243
v -17.658060 3.000000 -1.034770
v -17.770164 3.000000 -1.068573
v -17.885225 3.000000 -1.090268
v -18.001940 3.000000 -1.099610
v -18.118988 3.000000 -1.096493
v -18.235041 3.000000 -1.080953
v -18.348784 3.000000 -1.053164
v -18.458930 3.000000 -1.013443
v -18.564229 3.000000 -0.962239
v -18.663489 3.000000 -0.900133
v -18.755585 3.000000 -0.827828
v -18.839474 3.000000 -0.746143
v -18.914206 3.000000 -0.656004
v -18.978932 3.000000 -0.558432
v -19.032921 3.000000 -0.454533
v -19.075560 3.000000 -0.345484
v -19.106367 3.000000 -0.232521
v -19.124991 3.000000 -0.116923
v -19.131223 1.500000 0.000000
v -19.124991 1.500000 -0.116923
v -19.106367 1.500000 -0.232521
v -19.075560 1.500000 -0.345484
v -19.032921 1.500000 -0.454533
v -18.978932 1.500000 -0.558432
v -18.914206 1.500000 -0.656004
v -18.839474 1.500000 -0.746143
v -18.755585 1.500000 -0.827828
v -18.663489 1.500000 -0.900133
v -18.564229 1.500000 -0.962239
v -18.458930 1.500000 -1.013443
v -18.348784 1.500000 -1.053164
v -18.235041 1.500000 -1.080953
v -18.118988 1.500000 -1.096493
v -18.001940 1.500000 -1.099610
v -17.885225 1.500000 -1.090268
v -17.770164 1.500000 -1.068573
v -17.658060 1.500000 -1.034770
v -17.550185 1.500000 -0.989243
v -17.447760 1.500000 -0.932508
v -17.351946 1.500000 -0.865207
v -17.263828 1.500000 -0.788102
v -17.184406 1.500000 -0.702069
v -17.114578 1.500000 -0.608080
v -17.055136 1.500000 -0.507202
v -17.006753 1.500000 -0.400577
v -16.969978 1.500000 -0.289413
v -16.945228 1.500000 -0.174970
v -16.932782 1.500000 -0.058544
v -16.932782 1.500000 0.058544
v -16.945228 1.500000 0.174970
v -16.969978 1.500000 0.289413
v -17.006753 1.500000 0.400577
v -17.055136 1.500000 0.507202
v -17.114578 1.500000 0.608080
v -17.184406 1.500000 0.702069
v -17.263828 1.500000 0.788102
v -17.351946 1.500000 0.865207
v -17.447760 1.500000 0.932508
v -17.550185 1.500000 0.989243
v -17.658060 1.500000 1.034770
v -17.770164 1.500000 1.068573
v -17.885225 1.500000 1.090268
v -18.001940 1.500000 1.099610
v -18.118988 1.500000 1.096493
v -18.235041 1.500000 1.080953
v -18.348784 1.500000 1.053164
v -18.458930 1.500000 1.013443
v -18.564229 1.500000 0.962239
v -18.663489 1.500000 0.900133
v -18.755585 1.500000 0.827828
v -18.839474 1.500000 0.746143
v -18.914206 1.500000 0.656004
v -18.978932 1.500000 0.558432
v -19.032921 1.500000 0.454533
v -19.075560 1.500000 0.345484
v -19.106367 1.500000 0.232521
v -19.124991 1.500000 0.116923
v -20.031223 3.000000 0.000000
v -20.024901 3.000000 -0.158900
v -20.005974 3.000000 -0.316796
v -19.974562 3.000000 -0.472689
v -19.930863 3.000000 -0.625593
v -19.875155 3.000000 -0.774542
v -19.807788 3.000000 -0.918595
v -19.729190 3.000000 -1.056839
v -19.639856 3.000000 -1.188402
v -19.540352 3.000000 -1.312451
v -19.431307 3.000000 -1.428203
v -19.313410 3.000000 -1.534925
v -19.187407 3.000000 -1.631943
v -19.054094 3.000000 -1.718643
v -18.914314 3.000000 -1.794478
v -18.768951 3.000000 -1.858967
v -18.618923 3.000000 -1.911703
v -18.465181 3.000000 -1.952353
v -18.308694 3.000000 -1.980659
v -18.150453 3.000000 -1.996443
v -17.991459 3.000000 -1.999605
v -17.832715 3.000000 -1.990124
v -17.675227 3.000000 -1.968062
v -17.519990 3.000000 -1.933556
v -17.367984 3.000000 -1.886827
v -17.220172 3.000000 -1.828168
v -17.077488 3.000000 -1.757950
v -16.940833 3.000000 -1.676619
v -16.811073 3.000000 -1.584687
v -16.689026 3.000000 -1.482737
v -16.575465 3.000000 -1.371412
v -16.471108 3.000000 -1.251416
v -16.376615 3.000000 -1.123509
v -16.292582 3.000000 -0.988498
v -16.219542 3.000000 -0.847238
v -16.157956 3.000000 -0.700622
v -16.108213 3.000000 -0.549576
v -16.070628 3.000000 -0.395055
v -16.045439 3.000000 -0.238036
v -16.032804 3.000000 -0.079513
v -16.032804 3.000000 0.079513
v -16.045439 3.000000 0.238036
v -16.070628 3.000000 0.395055
v -16.108213 3.000000 0.549576
v -16.157956 3.000000 0.700622
v -16.219542 3.000000 0.847238
v -16.292582 3.000000 0.988498
v -16.376615 3.000000 1.123509
v -16.471108 3.000000 1.251416
v -16.575465 3.000000 1.371412
v -16.689026 3.000000 1.482737
v -16.811073 3.000000 1.584687
v -16.940833 3.000000 1.676619
v -17.077488 3.000000 1.757950
v -17.220172 3.000000 1.828168
v -17.367984 3.000000 1.886827
v -17.519990 3.000000 1.933556
v -17.675227 3.000000 1.968062
v -17.832715 3.000000 1.990124
v -17.991459 3.000000 1.999605
v -18.150453 3.000000 1.996443
v -18.308694 3.000000 1.980659
v -18.465181 3.000000 1.952353
v -18.618923 3.000000 1.911703
v -18.768951 3.000000 1.858967
v -18.914314 3.000000 1.794478
v -19.054094 3.000000 1.718643
v -19.187407 3.000000 1.631943
v -19.313410 3.000000 1.534925
v -19.431307 3.000000 1.428203
v -19.540352 3.000000 1.312451
v -19.639856 3.000000 1.188402
v -19.729190 3.000000 1.056839
v -19.807788 3.000000 0.918595
v -19.875155 3.000000 0.774542
v -19.930863 3.000000 0.625593
v -19.974562 3.000000 0.472689
v -20.005974 3.000000 0.316796
v -20.024901 3.000000 0.158900
v -20.031223 1.500000 0.000000
v -20.024901 1.500000 0.158900
v -20.005974 1.500000 0.316796
v -19.974562 1.500000 0.472689
v -19.930863 1.500000 0.625593
v -19.875155 1.500000 0.774542
v -19.807788 1.500000 0.918595
v -19.729190 1.500000 1.056839
v -19.639856 1.500000 1.188402
v -19.540352 1.500000 1.312451
v -19.431307 1.500000 1.428203
v -19.313410 1.500000 1.534925
v -19.187407 1.500000 1.631943
v -19.054094 1.500000 1.718643
v -18.914314 1.500000 1.794478
v -18.768951 1.500000 1.858967
v -18.618923 1.500000 1.911703
v -18.465181 1.500000 1.952353
v -18.308694 1.500000 1.980659
v -18.150453 1.500000 1.996443
v -17.991459 1.500000 1.999605
v -17.832715 1.500000 1.990124
v -17.675227 1.500000 1.968062
v -17.519990 1.500000 1.933556
v -17.367984 1.500000 1.886827
v -17.220172 1.500000 1.828168
v -17.077488 1.500000 1.757950
v -16.940833 1.500000 1.676619
v -16.811073 1.500000 1.584687
v -16.689026 1.500000 1.482737
v -16.575465 1.500000 1.371412
v -16.471108 1.500000 1.251416
v -16.376615 1.500000 1.123509
v -16.292582 1.500000 0.988498
v -16.219542 1.500000 0.847238
v -16.157956 1.500000 0.700622
v -16.108213 1.500000 0.549576
v -16.070628 1.500000 0.395055
v -16.045439 1.500000 0.238036
v -16.032804 1.500000 0.079513
v -16.032804 1.500000 -0.079513
v -16.045439 1.500000 -0.238036
v -16.070628 1.500000 -0.395055
v -16.108213 1.500000 -0.549576
v -16.157956 1.500000 -0.700622
v -16.219542 1.500000 -0.847238
v -16.292582 1.500000 -0.988498
v -16.376615 1.500000 -1.123509
v -16.471108 1.500000 -1.251416
v -16.575465 1.500000 -1.371412
v -16.689026 1.500000 -1.482737
v -16.811073 1.500000 -1.584687
v -16.940833 1.500000 -1.676619
v -17.077488 1.500000 -1.757950
v -17.220172 1.500000 -1.828168
v -17.367984 1.500000 -1.886827
v -17.519990 1.500000 -1.933556
v -17.675227 1.500000 -1.968062
v -17.832715 1.500000 -1.990124
v -17.991459 1.500000 -1.999605
v -18.150453 1.500000 -1.996443
v -18.308694 1.500000 -1.980659
v -18.465181 1.500000 -1.952353
v -18.618923 1.500000 -1.911703
v -18.768951 1.500000 -1.858967
v -18.914314 1.500000 -1.794478
v -19.054094 1.500000 -1.718643
v -19.187407 1.500000 -1.631943
v -19.313410 1.500000 -1.534925
v -19.431307 1.500000 -1.428203
v -19.540352 1.500000 -1.312451
v -19.639856 1.500000 -1.188402
v -19.729190 1.500000 -1.056839
v -19.807788 1.500000 -0.918595
v -19.875155 1.500000 -0.774542
v -19.930863 1.500000 -0.625593
v -19.974562 1.500000 -0.472689
v -20.005974 1.500000 -0.316796
v -20.024901 1.500000 -0.158900
vt 0.150000 -0.333861 0.000000
vt 0.000000 -0.333861 0.000000
vt 0.150000 -0.345575 0.000000
vt 0.000000 -0.345575 0.000000
vt 0.150000 0.345575 0.000000
vt 0.000000 0.345575 0.000000
vt 0.150000 0.333861 0.000000
vt 0.000000 0.333861 0.000000
vt 0.150000 0.322146 0.000000
vt -0.000000 0.322146 0.000000
vt 0.150000 0.310432 0.000000
vt 0.000000 0.310432 0.000000
vt 0.150000 0.298718 0.000000
vt -0.000000 0.298718 0.000000
vt 0.150000 0.287003 0.000000
vt -0.000000 0.287003 0.000000
vt 0.150000 0.275289 0.000000
vt -0.000000 0.275289 0.000000
vt 0.150000 0.263574 0.000000
vt 0.000000 0.263574 0.000000
vt 0.150000 0.251860 0.000000
vt -0.000000 0.251860 0.000000
vt 0.150000 0.240145 0.000000
vt 0.000000 0.240145 0.000000
vt 0.150000 0.228431 0.000000
vt 0.000000 0.228431 0.000000
vt 0.150000 0.216717 0.000000
vt -0.000000 0.216717 0.000000
vt 0.150000 0.205002 0.000000
vt 0.000000 0.205002 0.000000
vt 0.150000 0.193288 0.000000
vt 0.000000 0.193288 0.000000
vt 0.150000 0.181573 0.000000
vt 0.000000 0.181573 0.000000
vt 0.150000 0.169859 0.000000
vt 0.000000 0.169859 0.000000
vt 0.150000 0.158145 0.000000
vt -0.000000 0.158145 0.000000
vt 0.150000 0.146430 0.000000
vt -0.000000 0.146430 0.000000
vt 0.150000 0.134716 0.000000
vt -0.000000 0.134716 0.000000
vt 0.150000 0.123001 0.000000
vt 0.000000 0.123001 0.000000
vt 0.150000 0.111287 0.000000
vt 0.000000 0.111287 0.000000
vt 0.150000 0.099573 0.000000
vt 0.000000 0.099573 0.000000
vt 0.150000 0.087858 0.000000
vt -0.000000 0.087858 0.000000
vt 0.150000 0.076144 0.000000
vt 0.000000 0.076144 0.000000
vt 0.150000 0.064429 0.000000
vt 0.000000 0.064429 0.000000
vt 0.150000 0.052715 0.000000
vt -0.000000 0.052715 0.000000
vt 0.150000 0.041000 0.000000
vt -0.000000 0.041000 0.000000
vt 0.150000 0.029286 0.000000
vt 0.000000 0.029286 0.000000
vt 0.150000 0.017572 0.000000
vt -0.000000 0.017572 0.000000
vt 0.150000 0.005857 0.000000
vt 0.000000 0.005857 0.000000
vt 0.150000 -0.005857 0.000000
vt 0.000000 -0.005857 0.000000
vt 0.150000 -0.017572 0.000000
vt -0.000000 -0.017572 0.000000
vt 0.150000 -0.029286 0.000000
vt 0.000000 -0.029286 0.000000
vt 0.150000 -0.041000 0.000000
vt -0.000000 -0.041000 0.000000
vt 0.150000 -0.052715 0.000000
vt -0.000000 -0.052715 0.000000
vt 0.150000 -0.064429 0.000000
vt 0.000000 -0.064429 0.000000
vt 0.150000 -0.076144 0.000000
vt 0.000000 -0.076144 0.000000
vt 0.150000 -0.087858 0.000000
vt -0.000000 -0.087858 0.000000
vt 0.150000 -0.099573 0.000000
vt 0.000000 -0.099573 0.000000
vt 0.150000 -0.111287 0.000000
vt 0.000000 -0.111287 0.000000
vt 0.150000 -0.123001 0.000000
vt 0.000000 -0.123001 0.000000
vt 0.150000 -0.134716 0.000000
vt -0.000000 -0.134716 0.000000
vt 0.150000 -0.146430 0.000000
vt -0.000000 -0.146430 0.000000
vt 0.150000 -0.158145 0.000000
vt 0.000000 -0.158145 0.000000
vt 0.150000 -0.169859 0.000000
vt 0.000000 -0.169859 0.000000
vt 0.150000 -0.181573 0.000000
vt 0.000000 -0.181573 0.000000
vt 0.150000 -0.193288 0.000000
vt 0.000000 -0.193288 0.000000
vt 0.150000 -0.205002 0.000000
vt -0.000000 -0.205002 0.000000
vt 0.150000 -0.216717 0.000000
vt -0.000000 -0.216717 0.000000
vt 0.150000 -0.228431 0.000000
vt 0.000000 -0.228431 0.000000
vt 0.150000 -0.240145 0.000000
vt 0.000000 -0.240145 0.000000
vt 0.150000 -0.251860 0.000000
vt 0.000000 -0.251860 0.000000
vt 0.150000 -0.263574 0.000000
vt 0.000000 -0.263574 0.000000
vt 0.150000 -0.275289 0.000000
vt 0.000000 -0.275289 0.000000
vt 0.150000 -0.287003 0.000000
vt -0.000000 -0.287003 0.000000
vt 0.150000 -0.298718 0.000000
vt -0.000000 -0.298718 0.000000
vt 0.150000 -0.310432 0.000000
vt 0.000000 -0.310432 0.000000
vt 0.150000 -0.322146 0.000000
vt -0.000000 -0.322146 0.000000
vt -0.150000 0.612412 0.000000
vt -0.000000 0.612412 0.000000
vt -0.150000 0.628319 0.000000
vt -0.000000 0.628319 0.000000
vt -0.150000 -0.628319 0.000000
vt -0.000000 -0.628319 0.000000
vt -0.150000 -0.612412 0.000000
vt -0.000000 -0.612412 0.000000
vt -0.150000 -0.596505 0.000000
vt -0.000000 -0.596505 0.000000
vt -0.150000 -0.580598 0.000000
vt -0.000000 -0.580598 0.000000
vt -0.150000 -0.564691 0.000000
vt -0.000000 -0.564691 0.000000
vt -0.150000 -0.548785 0.000000
vt -0.000000 -0.548785 0.000000
vt -0.150000 -0.532878 0.000000
vt -0.000000 -0.532878 0.000000
vt -0.150000 -0.516971 0.000000
vt -0.000000 -0.516971 0.000000
vt -0.150000 -0.501064 0.000000
vt -0.000000 -0.501064 0.000000
vt -0.150000 -0.485157 0.000000
vt -0.000000 -0.485157 0.000000
vt -0.150000 -0.469251 0.000000
vt -0.000000 -0.469251 0.000000
vt -0.150000 -0.453344 0.000000
vt -0.000000 -0.453344 0.000000
vt -0.150000 -0.437437 0.000000
vt -0.000000 -0.437437 0.000000
vt -0.150000 -0.421530 0.000000
vt -0.000000 -0.421530 0.000000
vt -0.150000 -0.405623 0.000000
vt -0.000000 -0.405623 0.000000
vt -0.150000 -0.389717 0.000000
vt -0.000000 -0.389717 0.000000
vt -0.150000 -0.373810 0.000000
vt -0.000000 -0.373810 0.000000
vt -0.150000 -0.357903 0.000000
vt -0.000000 -0.357903 0.000000
vt -0.150000 -0.341996 0.000000
vt -0.000000 -0.341996 0.000000
vt -0.150000 -0.326089 0.000000
vt -0.000000 -0.326089 0.000000
vt -0.150000 -0.310183 0.000000
vt -0.000000 -0.310183 0.000000
vt -0.150000 -0.294276 0.000000
vt -0.000000 -0.294276 0.000000
vt -0.150000 -0.278369 0.000000
vt -0.000000 -0.278369 0.000000
vt -0.150000 -0.262462 0.000000
vt -0.000000 -0.262462 0.000000
vt -0.150000 -0.246555 0.000000
vt -0.000000 -0.246555 0.000000
vt -0.150000 -0.230649 0.000000
vt -0.000000 -0.230649 0.000000
vt -0.150000 -0.214742 0.000000
vt -0.000000 -0.214742 0.000000
vt -0.150000 -0.198835 0.000000
vt -0.000000 -0.198835 0.000000
vt -0.150000 -0.182928 0.000000
vt -0.000000 -0.182928 0.000000
vt -0.150000 -0.167021 0.000000
vt -0.000000 -0.167021 0.000000
vt -0.150000 -0.151115 0.000000
vt -0.000000 -0.151115 0.000000
vt -0.150000 -0.135208 0.000000
vt -0.000000 -0.135208 0.000000
vt -0.150000 -0.119301 0.000000
vt -0.000000 -0.119301 0.000000
vt -0.150000 -0.103394 0.000000
vt -0.000000 -0.103394 0.000000
vt -0.150000 -0.087487 0.000000
vt -0.000000 -0.087487 0.000000
vt -0.150000 -0.071581 0.000000
vt -0.000000 -0.071581 0.000000
vt -0.150000 -0.055674 0.000000
vt -0.000000 -0.055674 0.000000
vt -0.150000 -0.039767 0.000000
vt -0.000000 -0.039767 0.000000
vt -0.150000 -0.023860 0.000000
vt -0.000000 -0.023860 0.000000
vt -0.150000 -0.007953 0.000000
vt -0.000000 -0.007953 0.000000
vt -0.150000 0.007953 0.000000
vt -0.000000 0.007953 0.000000
vt -0.150000 0.023860 0.000000
vt -0.000000 0.023860 0.000000
vt -0.150000 0.039767 0.000000
vt -0.000000 0.039767 0.000000
vt -0.150000 0.055674 0.000000
vt -0.000000 0.055674 0.000000
vt -0.150000 0.071581 0.000000
vt -0.000000 0.071581 0.000000
vt -0.150000 0.087487 0.000000
vt -0.000000 0.087487 0.000000
vt -0.150000 0.103394 0.000000
vt -0.000000 0.103394 0.000000
vt -0.150000 0.119301 0.000000
vt -0.000000 0.119301 0.000000
vt -0.150000 0.135208 0.000000
vt -0.000000 0.135208 0.000000
vt -0.150000 0.151115 0.000000
vt -0.000000 0.151115 0.000000
vt -0.150000 0.167021 0.000000
vt -0.000000 0.167021 0.000000
vt -0.150000 0.182928 0.000000
vt -0.000000 0.182928 0.000000
vt -0.150000 0.198835 0.000000
vt -0.000000 0.198835 0.000000
vt -0.150000 0.214742 0.000000
vt -0.000000 0.214742 0.000000
vt -0.150000 0.230649 0.000000
vt -0.000000 0.230649 0.000000
vt -0.150000 0.246555 0.000000
vt -0.000000 0.246555 0.000000
vt -0.150000 0.262462 0.000000
vt -0.000000 0.262462 0.000000
vt -0.150000 0.278369 0.000000
vt -0.000000 0.278369 0.000000
vt -0.150000 0.294276 0.000000
vt -0.000000 0.294276 0.000000
vt -0.150000 0.310183 0.000000
vt -0.000000 0.310183 0.000000
vt -0.150000 0.326089 0.000000
vt -0.000000 0.326089 0.000000
vt -0.150000 0.341996 0.000000
vt -0.000000 0.341996 0.000000
vt -0.150000 0.357903 0.000000
vt -0.000000 0.357903 0.000000
vt -0.150000 0.373810 0.000000
vt -0.000000 0.373810 0.000000
vt -0.150000 0.389717 0.000000
vt -0.000000 0.389717 0.000000
vt -0.150000 0.405623 0.000000
vt -0.000000 0.405623 0.000000
vt -0.150000 0.421530 0.000000
vt -0.000000 0.421530 0.000000
vt -0.150000 0.437437 0.000000
vt -0.000000 0.437437 0.000000
vt -0.150000 0.453344 0.000000
vt -0.000000 0.453344 0.000000
vt -0.150000 0.469251 0.000000
vt -0.000000 0.469251 0.000000
vt -0.150000 0.485157 0.000000
vt -0.000000 0.485157 0.000000
vt -0.150000 0.501064 0.000000
vt -0.000000 0.501064 0.000000
vt -0.150000 0.516971 0.000000
vt -0.000000 0.516971 0.000000
vt -0.150000 0.532878 0.000000
vt -0.000000 0.532878 0.000000
vt -0.150000 0.548785 0.000000
vt -0.000000 0.548785 0.000000
vt -0.150000 0.564691 0.000000
vt -0.000000 0.564691 0.000000
vt -0.150000 0.580598 0.000000
vt -0.000000 0.580598 0.000000
vt -0.150000 0.596505 0.000000
vt -0.000000 0.596505 0.000000
vt -0.109377 0.011692 0.000000
vt -0.199368 0.015890 0.000000
vt -0.110000 -0.000000 0.000000
vt -0.200000 -0.000000 0.000000
vt -0.199368 -0.015890 0.000000
vt -0.197475 0.031680 0.000000
vt -0.107514 0.023252 0.000000
vt -0.194334 0.047269 0.000000
vt -0.104434 0.034548 0.000000
vt -0.189964 0.062559 0.000000
vt -0.184393 0.077454 0.000000
vt -0.100170 0.045453 0.000000
vt -0.177657 0.091859 0.000000
vt -0.094771 0.055843 0.000000
vt -0.169797 0.105684 0.000000
vt -0.088298 0.065600 0.000000
vt -0.160863 0.118840 0.000000
vt -0.150913 0.131245 0.000000
vt -0.080825 0.074614 0.000000
vt -0.140008 0.142820 0.000000
vt -0.072436 0.082783 0.000000
vt -0.128219 0.153493 0.000000
vt -0.063227 0.090013 0.000000
vt -0.115618 0.163194 0.000000
vt -0.102287 0.171864 0.000000
vt -0.053301 0.096224 0.000000
vt -0.088309 0.179448 0.000000
vt -0.042771 0.101344 0.000000
vt -0.073773 0.185897 0.000000
vt -0.031756 0.105316 0.000000
vt -0.058770 0.191170 0.000000
vt -0.043396 0.195235 0.000000
vt -0.020382 0.108095 0.000000
vt -0.027747 0.198066 0.000000
vt -0.008776 0.109649 0.000000
vt -0.011923 0.199644 0.000000
vt 0.002928 0.109961 0.000000
vt 0.003976 0.199960 0.000000
vt 0.019851 0.199012 0.000000
vt 0.014600 0.109027 0.000000
vt 0.035600 0.196806 0.000000
vt 0.026106 0.106857 0.000000
vt 0.051123 0.193356 0.000000
vt 0.037316 0.103477 0.000000
vt 0.066324 0.188683 0.000000
vt 0.081105 0.182817 0.000000
vt 0.048104 0.098924 0.000000
vt 0.095374 0.175795 0.000000
vt 0.058346 0.093251 0.000000
vt 0.109039 0.167662 0.000000
vt 0.067928 0.086521 0.000000
vt 0.122015 0.158469 0.000000
vt 0.134220 0.148274 0.000000
vt 0.076739 0.078810 0.000000
vt 0.145576 0.137141 0.000000
vt 0.084682 0.070207 0.000000
vt 0.156011 0.125142 0.000000
vt 0.091665 0.060808 0.000000
vt 0.165461 0.112351 0.000000
vt 0.173864 0.098850 0.000000
vt 0.097609 0.050720 0.000000
vt 0.181168 0.084724 0.000000
vt 0.102447 0.040058 0.000000
vt 0.187327 0.070062 0.000000
vt 0.106124 0.028941 0.000000
vt 0.192301 0.054958 0.000000
vt 0.196059 0.039505 0.000000
vt 0.108600 0.017497 0.000000
vt 0.198578 0.023804 0.000000
vt 0.109844 0.005854 0.000000
vt 0.199842 0.007951 0.000000
vt 0.199842 -0.007951 0.000000
vt 0.109844 -0.005854 0.000000
vt 0.198578 -0.023804 0.000000
vt 0.108600 -0.017497 0.000000
vt 0.196059 -0.039505 0.000000
vt 0.106124 -0.028941 0.000000
vt 0.192301 -0.054958 0.000000
vt 0.187327 -0.070062 0.000000
vt 0.102447 -0.040058 0.000000
vt 0.181168 -0.084724 0.000000
vt 0.097609 -0.050720 0.000000
vt 0.173864 -0.098850 0.000000
vt 0.091665 -0.060808 0.000000
vt 0.165461 -0.112351 0.000000
vt 0.156011 -0.125142 0.000000
vt 0.084682 -0.070207 0.000000
vt 0.145576 -0.137141 0.000000
vt 0.076739 -0.078810 0.000000
vt 0.134220 -0.148274 0.000000
vt 0.067928 -0.086521 0.000000
vt 0.122015 -0.158469 0.000000
vt 0.058346 -0.093251 0.000000
vt 0.109039 -0.167662 0.000000
vt 0.048104 -0.098924 0.000000
vt 0.095374 -0.175795 0.000000
vt 0.081105 -0.182817 0.000000
vt 0.037316 -0.103477 0.000000
vt 0.066324 -0.188683 0.000000
vt 0.051123 -0.193356 0.000000
vt 0.026106 -0.106857 0.000000
vt 0.035600 -0.196806 0.000000
vt 0.014600 -0.109027 0.000000
vt 0.019851 -0.199012 0.000000
vt 0.002928 -0.109961 0.000000
vt 0.003976 -0.199960 0.000000
vt -0.011923 -0.199644 0.000000
vt -0.008776 -0.109649 0.000000
vt -0.027747 -0.198066 0.000000
vt -0.020382 -0.108095 0.000000
vt -0.043396 -0.195235 0.000000
vt -0.031756 -0.105316 0.000000
vt -0.058770 -0.191170 0.000000
vt -0.073773 -0.185897 0.000000
vt -0.042771 -0.101344 0.000000
vt -0.088309 -0.179448 0.000000
vt -0.053301 -0.096224 0.000000
vt -0.102287 -0.171864 0.000000
vt -0.063227 -0.090013 0.000000
vt -0.115618 -0.163194 0.000000
vt -0.128219 -0.153493 0.000000
vt -0.072436 -0.082783 0.000000
vt -0.140008 -0.142820 0.000000
vt -0.080825 -0.074614 0.000000
vt -0.150913 -0.131245 0.000000
vt -0.088298 -0.065600 0.000000
vt -0.160863 -0.118840 0.000000
vt -0.169797 -0.105684 0.000000
vt -0.094771 -0.055843 0.000000
vt -0.177657 -0.091859 0.000000
vt -0.100170 -0.045453 0.000000
vt -0.184393 -0.077454 0.000000
vt -0.104434 -0.034548 0.000000
vt -0.189964 -0.062559 0.000000
vt -0.194334 -0.047269 0.000000
vt -0.107514 -0.023252 0.000000
vt -0.197475 -0.031680 0.000000
vt -0.109377 -0.011692 0.000000
vt 0.109377 -0.011692 0.000000
vt 0.199368 -0.015890 0.000000
vt 0.110000 -0.000000 0.000000
vt 0.200000 -0.000000 0.000000
vt 0.199368 0.015890 0.000000
vt 0.197475 -0.031680 0.000000
vt 0.107514 -0.023252 0.000000
vt 0.194334 -0.047269 0.000000
vt 0.104434 -0.034548 0.000000
vt 0.189964 -0.062559 0.000000
vt 0.184393 -0.077454 0.000000
vt 0.100170 -0.045453 0.000000
vt 0.177657 -0.091859 0.000000
vt 0.094771 -0.055843 0.000000
vt 0.169797 -0.105684 0.000000
vt 0.088298 -0.065600 0.000000
vt 0.160863 -0.118840 0.000000
vt 0.150913 -0.131245 0.000000
vt 0.080825 -0.074614 0.000000
vt 0.140008 -0.142820 0.000000
vt 0.072436 -0.082783 0.000000
vt 0.128219 -0.153493 0.000000
vt 0.063227 -0.090013 0.000000
vt 0.115618 -0.163194 0.000000
vt 0.102287 -0.171864 0.000000
vt 0.053301 -0.096224 0.000000
vt 0.088309 -0.179448 0.000000
vt 0.042771 -0.101344 0.000000
vt 0.073773 -0.185897 0.000000
vt 0.031756 -0.105316 0.000000
vt 0.058770 -0.191170 0.000000
vt 0.043396 -0.195235 0.000000
vt 0.020382 -0.108095 0.000000
vt 0.027747 -0.198066 0.000000
vt 0.008776 -0.109649 0.000000
vt 0.011923 -0.199644 0.000000
vt -0.002928 -0.109961 0.000000
vt -0.003976 -0.199960 0.000000
vt -0.019851 -0.199012 0.000000
vt -0.014600 -0.109027 0.000000
vt -0.035600 -0.196806 0.000000
vt -0.026106 -0.106857 0.000000
vt -0.051123 -0.193356 0.000000
vt -0.037316 -0.103477 0.000000
vt -0.066324 -0.188683 0.000000
vt -0.081105 -0.182817 0.000000
vt -0.048104 -0.098924 0.000000
vt -0.095374 -0.175795 0.000000
vt -0.109039 -0.167662 0.000000
vt -0.058346 -0.093251 0.000000
vt -0.067928 -0.086521 0.000000
vt -0.076739 -0.078810 0.000000
vt -0.134220 -0.148274 0.000000
vt -0.122015 -0.158469 0.000000
vt -0.145576 -0.137141 0.000000
vt -0.084682 -0.070207 0.000000
vt -0.156011 -0.125142 0.000000
vt -0.091665 -0.060808 0.000000
vt -0.165461 -0.112351 0.000000
vt -0.173864 -0.098850 0.000000
vt -0.097609 -0.050720 0.000000
vt -0.181168 -0.084724 0.000000
vt -0.102447 -0.040058 0.000000
vt -0.187327 -0.070062 0.000000
vt -0.106124 -0.028941 0.000000
vt -0.192301 -0.054958 0.000000
vt -0.196059 -0.039505 0.000000
vt -0.108600 -0.017497 0.000000
vt -0.198578 -0.023804 0.000000
vt -0.109844 -0.005854 0.000000
vt -0.199842 -0.007951 0.000000
vt -0.109844 0.005854 0.000000
vt -0.199842 0.007951 0.000000
vt -0.198578 0.023804 0.000000
vt -0.108600 0.017497 0.000000
vt -0.196059 0.039505 0.000000
vt -0.106124 0.028941 0.000000
vt -0.192301 0.054958 0.000000
vt -0.187327 0.070062 0.000000
vt -0.102447 0.040058 0.000000
vt -0.181168 0.084724 0.000000
vt -0.097609 0.050720 0.000000
vt -0.173864 0.098850 0.000000
vt -0.091665 0.060808 0.000000
vt -0.165461 0.112351 0.000000
vt -0.156011 0.125142 0.000000
vt -0.084682 0.070207 0.000000
vt -0.145576 0.137141 0.000000
vt -0.076739 0.078810 0.000000
vt -0.134220 0.148274 0.000000
vt -0.067928 0.086521 0.000000
vt -0.122015 0.158469 0.000000
vt -0.109039 0.167662 0.000000
vt -0.058346 0.093251 0.000000
vt -0.095374 0.175795 0.000000
vt -0.048104 0.098924 0.000000
vt -0.081105 0.182817 0.000000
vt -0.037316 0.103477 0.000000
vt -0.066324 0.188683 0.000000
vt -0.051123 0.193356 0.000000
vt -0.026106 0.106857 0.000000
vt -0.035600 0.196806 0.000000
vt -0.014600 0.109027 0.000000
vt -0.019851 0.199012 0.000000
vt -0.002928 0.109961 0.000000
vt -0.003976 0.199960 0.000000
vt 0.011923 0.199644 0.000000
vt 0.008776 0.109649 0.000000
vt 0.027747 0.198066 0.000000
vt 0.020382 0.108095 0.000000
vt 0.043396 0.195235 0.000000
vt 0.031756 0.105316 0.000000
vt 0.058770 0.191170 0.000000
vt 0.073773 0.185897 0.000000
vt 0.042771 0.101344 0.000000
vt 0.088309 0.179448 0.000000
vt 0.053301 0.096224 0.000000
vt 0.102287 0.171864 0.000000
vt 0.063227 0.090013 0.000000
vt 0.115618 0.163194 0.000000
vt 0.128219 0.153493 0.000000
vt 0.072436 0.082783 0.000000
vt 0.140008 0.142820 0.000000
vt 0.080825 0.074614 0.000000
vt 0.150913 0.131245 0.000000
vt 0.088298 0.065600 0.000000
vt 0.160863 0.118840 0.000000
vt 0.169797 0.105684 0.000000
vt 0.094771 0.055843 0.000000
vt 0.177657 0.091859 0.000000
vt 0.100170 0.045453 0.000000
vt 0.184393 0.077454 0.000000
vt 0.104434 0.034548 0.000000
vt 0.189964 0.062559 0.000000
vt 0.194334 0.047269 0.000000
vt 0.107514 0.023252 0.000000
vt 0.197475 0.031680 0.000000
vt 0.109377 0.011692 0.000000
vn 0.099433 0.000000 -0.010629
vn 0.099433 0.000000 -0.010629
vn 0.100000 0.000000 -0.000000
vn 0.100000 0.000000 -0.000000
vn 0.099433 -0.000000 0.010629
vn 0.099433 -0.000000 0.010629
vn 0.097740 -0.000000 0.021138
vn 0.097740 -0.000000 0.021138
vn 0.094940 -0.000000 0.031408
vn 0.094940 -0.000000 0.031408
vn 0.091063 -0.000000 0.041321
vn 0.091063 -0.000000 0.041321
vn 0.086155 -0.000000 0.050767
vn 0.086155 -0.000000 0.050767
vn 0.080271 -0.000000 0.059637
vn 0.080271 -0.000000 0.059637
vn 0.073477 -0.000000 0.067831
vn 0.073477 -0.000000 0.067831
vn 0.065851 -0.000000 0.075257
vn 0.065851 -0.000000 0.075257
vn 0.057479 -0.000000 0.081830
vn 0.057479 -0.000000 0.081830
vn 0.048455 -0.000000 0.087476
vn 0.048455 -0.000000 0.087476
vn 0.038882 -0.000000 0.092131
vn 0.038882 -0.000000 0.092131
vn 0.028869 -0.000000 0.095742
vn 0.028869 -0.000000 0.095742
vn 0.018529 -0.000000 0.098268
vn 0.018529 -0.000000 0.098268
vn 0.007979 -0.000000 0.099681
vn 0.007979 -0.000000 0.099681
vn -0.002662 0.000000 0.099965
vn -0.002662 0.000000 0.099965
vn -0.013273 0.000000 0.099115
vn -0.013273 0.000000 0.099115
vn -0.023733 0.000000 0.097143
vn -0.023733 0.000000 0.097143
vn -0.033924 0.000000 0.094070
vn -0.033924 0.000000 0.094070
vn -0.043731 0.000000 0.089931
vn -0.043731 0.000000 0.089931
vn -0.053042 0.000000 0.084773
vn -0.053042 0.000000 0.084773
vn -0.061752 0.000000 0.078655
vn -0.061752 0.000000 0.078655
vn -0.069763 0.000000 0.071646
vn -0.069763 0.000000 0.071646
vn -0.076983 0.000000 0.063824
vn -0.076983 0.000000 0.063824
vn -0.083331 0.000000 0.055280
vn -0.083331 0.000000 0.055280
vn -0.088735 0.000000 0.046109
vn -0.088735 0.000000 0.046109
vn -0.093134 0.000000 0.036416
vn -0.093134 0.000000 0.036416
vn -0.096477 0.000000 0.026310
vn -0.096477 0.000000 0.026310
vn -0.098727 0.000000 0.015906
vn -0.098727 0.000000 0.015906
vn -0.099858 0.000000 0.005322
vn -0.099858 0.000000 0.005322
vn -0.099858 0.000000 -0.005322
vn -0.099858 0.000000 -0.005322
vn -0.098727 0.000000 -0.015906
vn -0.098727 0.000000 -0.015906
vn -0.096477 0.000000 -0.026310
vn -0.096477 0.000000 -0.026310
vn -0.093134 0.000000 -0.036416
vn -0.093134 0.000000 -0.036416
vn -0.088735 0.000000 -0.046109
vn -0.088735 0.000000 -0.046109
vn -0.083331 0.000000 -0.055280
vn -0.083331 0.000000 -0.055280
vn -0.076983 0.000000 -0.063824
vn -0.076983 0.000000 -0.063824
vn -0.069763 0.000000 -0.071646
vn -0.069763 0.000000 -0.071646
vn -0.061752 0.000000 -0.078655
vn -0.061752 0.000000 -0.078655
vn -0.053042 0.000000 -0.084773
vn -0.053042 0.000000 -0.084773
vn -0.043731 0.000000 -0.089931
vn -0.043731 0.000000 -0.089931
vn -0.033924 0.000000 -0.094070
vn -0.033924 0.000000 -0.094070
vn -0.023733 0.000000 -0.097143
vn -0.023733 0.000000 -0.097143
vn -0.013273 0.000000 -0.099115
vn -0.013273 0.000000 -0.099115
vn -0.002662 0.000000 -0.099965
vn -0.002662 0.000000 -0.099965
vn 0.007979 0.000000 -0.099681
vn 0.007979 0.000000 -0.099681
vn 0.018529 0.000000 -0.098268
vn 0.018529 0.000000 -0.098268
vn 0.028869 0.000000 -0.095742
vn 0.028869 0.000000 -0.095742
vn 0.038882 0.000000 -0.092131
vn 0.038882 0.000000 -0.092131
vn 0.048455 0.000000 -0.087476
vn 0.048455 0.000000 -0.087476
vn 0.057479 0.000000 -0.081830
vn 0.057479 0.000000 -0.081830
vn 0.065851 0.000000 -0.075257
vn 0.065851 0.000000 -0.075257
vn 0.073477 0.000000 -0.067831
vn 0.073477 0.000000 -0.067831
vn 0.080271 0.000000 -0.059637
vn 0.080271 0.000000 -0.059637
vn 0.086155 0.000000 -0.050767
vn 0.086155 0.000000 -0.050767
vn 0.091063 0.000000 -0.041321
vn 0.091063 0.000000 -0.041321
vn 0.094940 0.000000 -0.031408
vn 0.094940 0.000000 -0.031408
vn 0.097740 0.000000 -0.021138
vn 0.097740 0.000000 -0.021138
vn -0.099684 0.000000 -0.007945
vn -0.099684 0.000000 -0.007945
vn -0.100000 0.000000 -0.000000
vn -0.100000 0.000000 -0.000000
vn -0.099684 0.000000 0.007945
vn -0.099684 0.000000 0.007945
vn -0.098738 0.000000 0.015840
vn -0.098738 0.000000 0.015840
vn -0.097167 0.000000 0.023634
vn -0.097167 0.000000 0.023634
vn -0.094982 0.000000 0.031280
vn -0.094982 0.000000 0.031280
vn -0.092197 0.000000 0.038727
vn -0.092197 0.000000 0.038727
vn -0.088828 0.000000 0.045930
vn -0.088828 0.000000 0.045930
vn -0.084898 0.000000 0.052842
vn -0.084898 0.000000 0.052842
vn -0.080432 0.000000 0.059420
vn -0.080432 0.000000 0.059420
vn -0.075456 0.000000 0.065623
vn -0.075456 0.000000 0.065623
vn -0.070004 0.000000 0.071410
vn -0.070004 0.000000 0.071410
vn -0.064109 0.000000 0.076746
vn -0.064109 0.000000 0.076746
vn -0.057809 0.000000 0.081597
vn -0.057809 0.000000 0.081597
vn -0.051144 0.000000 0.085932
vn -0.051144 0.000000 0.085932
vn -0.044155 0.000000 0.089724
vn -0.044155 0.000000 0.089724
vn -0.036886 0.000000 0.092948
vn -0.036886 0.000000 0.092948
vn -0.029385 0.000000 0.095585
vn -0.029385 0.000000 0.095585
vn -0.021698 0.000000 0.097618
vn -0.021698 0.000000 0.097618
vn -0.013874 0.000000 0.099033
vn -0.013874 0.000000 0.099033
vn -0.005962 0.000000 0.099822
vn -0.005962 0.000000 0.099822
vn 0.001988 -0.000000 0.099980
vn 0.001988 -0.000000 0.099980
vn 0.009925 -0.000000 0.099506
vn 0.009925 -0.000000 0.099506
vn 0.017800 -0.000000 0.098403
vn 0.017800 -0.000000 0.098403
vn 0.025562 -0.000000 0.096678
vn 0.025562 -0.000000 0.096678
vn 0.033162 -0.000000 0.094341
vn 0.033162 -0.000000 0.094341
vn 0.040553 -0.000000 0.091408
vn 0.040553 -0.000000 0.091408
vn 0.047687 -0.000000 0.087898
vn 0.047687 -0.000000 0.087898
vn 0.054519 -0.000000 0.083831
vn 0.054519 -0.000000 0.083831
vn 0.061008 -0.000000 0.079234
vn 0.061008 -0.000000 0.079234
vn 0.067110 -0.000000 0.074137
vn 0.067110 -0.000000 0.074137
vn 0.072788 -0.000000 0.068571
vn 0.072788 -0.000000 0.068571
vn 0.078006 -0.000000 0.062571
vn 0.078006 -0.000000 0.062571
vn 0.082730 -0.000000 0.056175
vn 0.082730 -0.000000 0.056175
vn 0.086932 -0.000000 0.049425
vn 0.086932 -0.000000 0.049425
vn 0.090584 -0.000000 0.042362
vn 0.090584 -0.000000 0.042362
vn 0.093663 -0.000000 0.035031
vn 0.093663 -0.000000 0.035031
vn 0.096150 -0.000000 0.027479
vn 0.096150 -0.000000 0.027479
vn 0.098030 -0.000000 0.019753
vn 0.098030 -0.000000 0.019753
vn 0.099289 -0.000000 0.011902
vn 0.099289 -0.000000 0.011902
vn 0.099921 -0.000000 0.003976
vn 0.099921 -0.000000 0.003976
vn 0.099921 0.000000 -0.003976
vn 0.099921 0.000000 -0.003976
vn 0.099289 0.000000 -0.011902
vn 0.099289 0.000000 -0.011902
vn 0.098030 0.000000 -0.019753
vn 0.098030 0.000000 -0.019753
vn 0.096150 0.000000 -0.027479
vn 0.096150 0.000000 -0.027479
vn 0.093663 0.000000 -0.035031
vn 0.093663 0.000000 -0.035031
vn 0.090584 0.000000 -0.042362
vn 0.090584 0.000000 -0.042362
vn 0.086932 0.000000 -0.049425
vn 0.086932 0.000000 -0.049425
vn 0.082730 0.000000 -0.056175
vn 0.082730 0.000000 -0.056175
vn 0.078006 0.000000 -0.062571
vn 0.078006 0.000000 -0.062571
vn 0.072788 0.000000 -0.068571
vn 0.072788 0.000000 -0.068571
vn 0.067110 0.000000 -0.074137
vn 0.067110 0.000000 -0.074137
vn 0.061008 0.000000 -0.079234
vn 0.061008 0.000000 -0.079234
vn 0.054519 0.000000 -0.083831
vn 0.054519 0.000000 -0.083831
vn 0.047687 0.000000 -0.087898
vn 0.047687 0.000000 -0.087898
vn 0.040553 0.000000 -0.091408
vn 0.040553 0.000000 -0.091408
vn 0.033162 0.000000 -0.094341
vn 0.033162 0.000000 -0.094341
vn 0.025562 0.000000 -0.096678
vn 0.025562 0.000000 -0.096678
vn 0.017800 0.000000 -0.098403
vn 0.017800 0.000000 -0.098403
vn 0.009925 0.000000 -0.099506
vn 0.009925 0.000000 -0.099506
vn 0.001988 0.000000 -0.099980
vn 0.001988 0.000000 -0.099980
vn -0.005962 0.000000 -0.099822
vn -0.005962 0.000000 -0.099822
vn -0.013874 0.000000 -0.099033
vn -0.013874 0.000000 -0.099033
vn -0.021698 0.000000 -0.097618
vn -0.021698 0.000000 -0.097618
vn -0.029385 0.000000 -0.095585
vn -0.029385 0.000000 -0.095585
vn -0.036886 0.000000 -0.092948
vn -0.036886 0.000000 -0.092948
vn -0.044155 0.000000 -0.089724
vn -0.044155 0.000000 -0.089724
vn -0.051144 0.000000 -0.085932
vn -0.051144 0.000000 -0.085932
vn -0.057809 0.000000 -0.081597
vn -0.057809 0.000000 -0.081597
vn -0.064109 0.000000 -0.076746
vn -0.064109 0.000000 -0.076746
vn -0.070004 0.000000 -0.071410
vn -0.070004 0.000000 -0.071410
vn -0.075456 0.000000 -0.065623
vn -0.075456 0.000000 -0.065623
vn -0.080432 0.000000 -0.059420
vn -0.080432 0.000000 -0.059420
vn -0.084898 0.000000 -0.052842
vn -0.084898 0.000000 -0.052842
vn -0.088828 0.000000 -0.045930
vn -0.088828 0.000000 -0.045930
vn -0.092197 0.000000 -0.038727
vn -0.092197 0.000000 -0.038727
vn -0.094982 0.000000 -0.031280
vn -0.094982 0.000000 -0.031280
vn -0.097167 0.000000 -0.023634
vn -0.097167 0.000000 -0.023634
vn -0.098738 0.000000 -0.015840
vn -0.098738 0.000000 -0.015840
vn 0.000000 0.100000 0.000000
vn 0.000000 0.100000 0.000000
vn 0.000000 0.100000 0.000000
vn 0.000000 0.100000 0.000000
vn 0.000000 0.100000 0.000000
vn 0.000000 0.100000 0.000000
vn 0.000000 0.100000 0.000000
vn 0.000000 0.100000 0.000000
vn 0.000000 0.100000 0.000000
vn 0.000000 0.100000 0.000000
vn 0.000000 0.100000 0.000000
vn 0.000000 0.100000 0.000000
vn 0.000000 0.100000 0.000000
vn 0.000000 0.100000 0.000000
vn 0.000000 0.100000 0.000000
vn 0.000000 0.100000 0.000000
vn 0.000000 0.100000 0.000000
vn 0.000000 0.100000 0.000000
vn 0.000000 0.100000 0.000000
vn 0.000000 0.100000 0.000000
vn 0.000000 0.100000 0.000000
vn 0.000000 0.100000 0.000000
vn 0.000000 0.100000 0.000000
vn 0.000000 0.100000 0.000000
vn 0.000000 0.100000 0.000000
vn 0.000000 0.100000 0.000000
vn 0.000000 0.100000 0.000000
vn 0.000000 0.100000 0.000000
vn 0.000000 0.100000 0.000000
vn 0.000000 0.100000 0.000000
vn 0.000000 0.100000 0.000000
vn 0.000000 0.100000 0.000000
vn 0.000000 0.100000 0.000000
vn 0.000000 0.100000 0.000000
vn 0.000000 0.100000 0.000000
vn 0.000000 0.100000 0.000000
vn 0.000000 0.100000 0.000000
vn 0.000000 0.100000 0.000000
vn 0.000000 0.100000 0.000000
vn 0.000000 0.100000 0.000000
vn 0.000000 0.100000 0.000000
vn 0.000000 0.100000 0.000000
vn 0.000000 0.100000 0.000000
vn 0.000000 0.100000 0.000000
vn 0.000000 0.100000 0.000000
vn 0.000000 0.100000 0.000000
vn 0.000000 0.100000 0.000000
vn 0.000000 0.100000 0.000000
vn 0.000000 0.100000 0.000000
vn 0.000000 0.100000 0.000000
vn 0.000000 0.100000 0.000000
vn 0.000000 0.100000 0.000000
vn 0.000000 0.100000 0.000000
vn 0.000000 0.100000 0.000000
vn 0.000000 0.100000 0.000000
vn 0.000000 0.100000 0.000000
vn 0.000000 0.100000 0.000000
vn 0.000000 0.100000 0.000000
vn 0.000000 0.100000 0.000000
vn 0.000000 0.100000 0.000000
vn 0.000000 0.100000 0.000000
vn 0.000000 0.100000 0.000000
vn 0.000000 0.100000 0.000000
vn 0.000000 0.100000 0.000000
vn 0.000000 0.100000 0.000000
vn 0.000000 0.100000 0.000000
vn 0.000000 0.100000 0.000000
vn 0.000000 0.100000 0.000000
vn 0.000000 0.100000 0.000000
vn 0.000000 0.100000 0.000000
vn 0.000000 0.100000 0.000000
vn 0.000000 0.100000 0.000000
vn 0.000000 0.100000 0.000000
vn 0.000000 0.100000 0.000000
vn 0.000000 0.100000 0.000000
vn 0.000000 0.100000 0.000000
vn 0.000000 0.100000 0.000000
vn 0.000000 0.100000 0.000000
vn 0.000000 0.100000 0.000000
vn 0.000000 0.100000 0.000000
vn 0.000000 0.100000 0.000000
vn 0.000000 0.100000 0.000000
vn 0.000000 0.100000 0.000000
vn 0.000000 0.100000 0.000000
vn 0.000000 0.100000 0.000000
vn 0.000000 0.100000 0.000000
vn 0.000000 0.100000 0.000000
vn 0.000000 0.100000 0.000000
vn 0.000000 0.100000 0.000000
vn 0.000000 0.100000 0.000000
vn 0.000000 0.100000 0.000000
vn 0.000000 0.100000 0.000000
vn 0.000000 0.100000 0.000000
vn 0.000000 0.100000 0.000000
vn 0.000000 0.100000 0.000000
vn 0.000000 0.100000 0.000000
vn 0.000000 0.100000 0.000000
vn 0.000000 0.100000 0.000000
vn 0.000000 0.100000 0.000000
vn 0.000000 0.100000 0.000000
vn 0.000000 0.100000 0.000000
vn 0.000000 0.100000 0.000000
vn 0.000000 0.100000 0.000000
vn 0.000000 0.100000 0.000000
vn 0.000000 0.100000 0.000000
vn 0.000000 0.100000 0.000000
vn 0.000000 0.100000 0.000000
vn 0.000000 0.100000 0.000000
vn 0.000000 0.100000 0.000000
vn 0.000000 0.100000 0.000000
vn 0.000000 0.100000 0.000000
vn 0.000000 0.100000 0.000000
vn 0.000000 0.100000 0.000000
vn 0.000000 0.100000 0.000000
vn 0.000000 0.100000 0.000000
vn 0.000000 0.100000 0.000000
vn 0.000000 0.100000 0.000000
vn 0.000000 0.100000 0.000000
vn 0.000000 0.100000 0.000000
vn 0.000000 0.100000 0.000000
vn 0.000000 0.100000 0.000000
vn 0.000000 0.100000 0.000000
vn 0.000000 0.100000 0.000000
vn 0.000000 0.100000 0.000000
vn 0.000000 0.100000 0.000000
vn 0.000000 0.100000 0.000000
vn 0.000000 0.100000 0.000000
vn 0.000000 0.100000 0.000000
vn 0.000000 0.100000 0.000000
vn 0.000000 0.100000 0.000000
vn 0.000000 0.100000 0.000000
vn 0.000000 0.100000 0.000000
vn 0.000000 0.100000 0.000000
vn 0.000000 0.100000 0.000000
vn 0.000000 0.100000 0.000000
vn 0.000000 0.100000 0.000000
vn 0.000000 0.100000 0.000000
vn 0.000000 0.100000 0.000000
vn 0.000000 -0.100000 0.000000
vn 0.000000 -0.100000 0.000000
vn 0.000000 -0.100000 0.000000
vn 0.000000 -0.100000 0.000000
vn 0.000000 -0.100000 0.000000
vn 0.000000 -0.100000 0.000000
vn 0.000000 -0.100000 0.000000
vn 0.000000 -0.100000 0.000000
vn 0.000000 -0.100000 0.000000
vn 0.000000 -0.100000 0.000000
vn 0.000000 -0.100000 0.000000
vn 0.000000 -0.100000 0.000000
vn 0.000000 -0.100000 0.000000
vn 0.000000 -0.100000 0.000000
vn 0.000000 -0.100000 0.000000
vn 0.000000 -0.100000 0.000000
vn 0.000000 -0.100000 0.000000
vn 0.000000 -0.100000 0.000000
vn 0.000000 -0.100000 0.000000
vn 0.000000 -0.100000 0.000000
vn 0.000000 -0.100000 0.000000
vn 0.000000 -0.100000 0.000000
vn 0.000000 -0.100000 0.000000
vn 0.000000 -0.100000 0.000000
vn 0.000000 -0.100000 0.000000
vn 0.000000 -0.100000 0.000000
vn 0.000000 -0.100000 0.000000
vn 0.000000 -0.100000 0.000000
vn 0.000000 -0.100000 0.000000
vn 0.000000 -0.100000 0.000000
vn 0.000000 -0.100000 0.000000
vn 0.000000 -0.100000 0.000000
vn 0.000000 -0.100000 0.000000
vn 0.000000 -0.100000 0.000000
vn 0.000000 -0.100000 0.000000
vn 0.000000 -0.100000 0.000000
vn 0.000000 -0.100000 0.000000
vn 0.000000 -0.100000 0.000000
vn 0.000000 -0.100000 0.000000
vn 0.000000 -0.100000 0.000000
vn 0.000000 -0.100000 0.000000
vn 0.000000 -0.100000 0.000000
vn 0.000000 -0.100000 0.000000
vn 0.000000 -0.100000 0.000000
vn 0.000000 -0.100000 0.000000
vn 0.000000 -0.100000 0.000000
vn 0.000000 -0.100000 0.000000
vn 0.000000 -0.100000 0.000000
vn 0.000000 -0.100000 0.000000
vn 0.000000 -0.100000 0.000000
vn 0.000000 -0.100000 0.000000
vn 0.000000 -0.100000 0.000000
vn 0.000000 -0.100000 0.000000
vn 0.000000 -0.100000 0.000000
vn 0.000000 -0.100000 0.000000
vn 0.000000 -0.100000 0.000000
vn 0.000000 -0.100000 0.000000
vn 0.000000 -0.100000 0.000000
vn 0.000000 -0.100000 0.000000
vn 0.000000 -0.100000 0.000000
vn 0.000000 -0.100000 0.000000
vn 0.000000 -0.100000 0.000000
vn 0.000000 -0.100000 0.000000
vn 0.000000 -0.100000 0.000000
vn 0.000000 -0.100000 0.000000
vn 0.000000 -0.100000 0.000000
vn 0.000000 -0.100000 0.000000
vn 0.000000 -0.100000 0.000000
vn 0.000000 -0.100000 0.000000
vn 0.000000 -0.100000 0.000000
vn 0.000000 -0.100000 0.000000
vn 0.000000 -0.100000 0.000000
vn 0.000000 -0.100000 0.000000
vn 0.000000 -0.100000 0.000000
vn 0.000000 -0.100000 0.000000
vn 0.000000 -0.100000 0.000000
vn 0.000000 -0.100000 0.000000
vn 0.000000 -0.100000 0.000000
vn 0.000000 -0.100000 0.000000
vn 0.000000 -0.100000 0.000000
vn 0.000000 -0.100000 0.000000
vn 0.000000 -0.100000 0.000000
vn 0.000000 -0.100000 0.000000
vn 0.000000 -0.100000 0.000000
vn 0.000000 -0.100000 0.000000
vn 0.000000 -0.100000 0.000000
vn 0.000000 -0.100000 0.000000
vn 0.000000 -0.100000 0.000000
vn 0.000000 -0.100000 0.000000
vn 0.000000 -0.100000 0.000000
vn 0.000000 -0.100000 0.000000
vn 0.000000 -0.100000 0.000000
vn 0.000000 -0.100000 0.000000
vn 0.000000 -0.100000 0.000000
vn 0.000000 -0.100000 0.000000
vn 0.000000 -0.100000 0.000000
vn 0.000000 -0.100000 0.000000
vn 0.000000 -0.100000 0.000000
vn 0.000000 -0.100000 0.000000
vn 0.000000 -0.100000 0.000000
vn 0.000000 -0.100000 0.000000
vn 0.000000 -0.100000 0.000000
vn 0.000000 -0.100000 0.000000
vn 0.000000 -0.100000 0.000000
vn 0.000000 -0.100000 0.000000
vn 0.000000 -0.100000 0.000000
vn 0.000000 -0.100000 0.000000
vn 0.000000 -0.100000 0.000000
vn 0.000000 -0.100000 0.000000
vn 0.000000 -0.100000 0.000000
vn 0.000000 -0.100000 0.000000
vn 0.000000 -0.100000 0.000000
vn 0.000000 -0.100000 0.000000
vn 0.000000 -0.100000 0.000000
vn 0.000000 -0.100000 0.000000
vn 0.000000 -0.100000 0.000000
vn 0.000000 -0.100000 0.000000
vn 0.000000 -0.100000 0.000000
vn 0.000000 -0.100000 0.000000
vn 0.000000 -0.100000 0.000000
vn 0.000000 -0.100000 0.000000
vn 0.000000 -0.100000 0.000000
vn 0.000000 -0.100000 0.000000
vn 0.000000 -0.100000 0.000000
vn 0.000000 -0.100000 0.000000
vn 0.000000 -0.100000 0.000000
vn 0.000000 -0.100000 0.000000
vn 0.000000 -0.100000 0.000000
vn 0.000000 -0.100000 0.000000
vn 0.000000 -0.100000 0.000000
vn 0.000000 -0.100000 0.000000
vn 0.000000 -0.100000 0.000000
vn 0.000000 -0.100000 0.000000
vn 0.000000 -0.100000 0.000000
vn 0.000000 -0.100000 0.000000
vn 0.000000 -0.100000 0.000000
vn 0.000000 -0.100000 0.000000
vn 0.000000 -0.100000 0.000000
f 278/557/553 394/558/554 277/559/555
f 277/559/555 394/558/554 336/560/556
f 277/561/555 336/562/556 335/563/557
f 335/563/557 336/562/556 337/564/558
f 335/563/557 337/564/558 334/565/559
f 334/565/559 337/564/558 338/566/560
f 334/565/559 338/566/560 333/567/561
f 333/567/561 338/566/560 339/568/562
f 333/567/561 339/568/562 332/569/563
f 332/569/563 339/568/562 340/570/564
f 332/569/563 340/570/564 331/571/565
f 331/571/565 340/570/564 341/572/566
f 331/571/565 341/572/566 330/573/567
f 330/573/567 341/572/566 342/574/568
f 330/573/567 342/574/568 329/575/569
f 329/575/569 342/574/568 343/576/570
f 329/575/569 343/576/570 328/577/571
f 328/577/571 343/576/570 344/578/572
f 328/577/571 344/578/572 327/579/573
f 327/579/573 344/578/572 345/580/574
f 327/579/573 345/580/574 326/581/575
f 326/581/575 345/580/574 346/582/576
f 326/581/575 346/582/576 325/583/577
f 325/583/577 346/582/576 347/584/578
f 325/583/577 347/584/578 324/585/579
f 324/585/579 347/584/578 348/586/580
f 324/585/579 348/586/580 323/587/581
f 323/587/581 348/586/580 349/588/582
f 323/587/581 349/588/582 322/589/583
f 322/589/583 349/588/582 350/590/584
f 322/589/583 350/590/584 321/591/585
f 321/591/585 350/590/584 351/592/586
f 321/591/585 351/592/586 320/593/587
f 320/593/587 351/592/586 352/594/588
f 320/593/587 352/594/588 319/595/589
f 319/595/589 352/594/588 353/596/590
f 319/595/589 353/596/590 318/597/591
f 318/597/591 353/596/590 354/598/592
f 318/597/591 354/598/592 317/599/593
f 317/599/593 354/598/592 355/600/594
f 317/599/593 355/600/594 316/601/595
f 316/601/595 355/600/594 356/602/596
f 316/601/595 356/602/596 315/603/597
f 315/603/597 356/602/596 357/604/598
f 315/603/597 357/604/598 314/605/599
f 314/605/599 357/604/598 358/606/600
f 314/605/599 358/606/600 313/607/601
f 313/607/601 358/606/600 359/608/602
f 313/607/601 359/608/602 312/609/603
f 312/609/603 359/608/602 360/610/604
f 312/609/603 360/610/604 311/611/605
f 311/611/605 360/610/604 361/612/606
f 311/611/605 361/612/606 310/613/607
f 310/613/607 361/612/606 362/614/608
f 310/613/607 362/614/608 309/615/609
f 309/615/609 362/614/608 363/616/610
f 309/615/609 363/616/610 308/617/611
f 308/617/611 363/616/610 364/618/612
f 308/617/611 364/618/612 307/619/613
f 307/619/613 364/618/612 365/620/614
f 307/619/613 365/620/614 306/621/615
f 306/621/615 365/620/614 366/622/616
f 306/621/615 366/622/616 305/623/617
f 305/623/617 366/622/616 367/624/618
f 305/623/617 367/624/618 304/625/619
f 304/625/619 367/624/618 368/626/620
f 304/625/619 368/626/620 303/627/621
f 303/627/621 368/626/620 369/628/622
f 303/627/621 369/628/622 302/629/623
f 302/629/623 369/628/622 370/630/624
f 302/629/623 370/630/624 301/631/625
f 301/631/625 370/630/624 371/632/626
f 301/631/625 371/632/626 300/633/627
f 300/633/627 371/632/626 372/634/628
f 300/633/627 372/634/628 299/635/629
f 299/635/629 372/634/628 373/636/630
f 299/635/629 373/636/630 298/637/631
f 298/637/631 373/636/630 374/638/632
f 298/637/631 374/638/632 297/639/633
f 297/639/633 374/638/632 375/640/634
f 297/639/633 375/640/634 296/641/635
f 296/641/635 375/640/634 376/642/636
f 296/641/635 376/642/636 295/643/637
f 295/643/637 376/642/636 377/644/638
f 295/643/637 377/644/638 294/645/639
f 294/645/639 377/644/638 378/646/640
f 294/645/639 378/646/640 293/647/641
f 293/647/641 378/646/640 379/648/642
f 293/647/641 379/648/642 292/649/643
f 292/649/643 379/648/642 380/650/644
f 292/649/643 380/650/644 291/651/645
f 291/651/645 380/650/644 381/652/646
f 291/651/645 381/652/646 290/653/647
f 290/653/647 381/652/646 382/654/648
f 290/653/647 382/654/648 289/655/649
f 289/655/649 382/654/648 383/656/650
f 289/655/649 383/656/650 288/657/651
f 288/657/651 383/656/650 384/658/652
f 288/657/651 384/658/652 287/659/653
f 287/659/653 384/658/652 385/660/654
f 287/659/653 385/660/654 286/661/655
f 286/661/655 385/660/654 386/662/656
f 286/661/655 386/662/656 285/663/657
f 285/663/657 386/662/656 387/664/658
f 285/663/657 387/664/658 284/665/659
f 284/665/659 387/664/658 388/666/660
f 284/665/659 388/666/660 283/667/661
f 283/667/661 388/666/660 389/668/662
f 283/667/661 389/668/662 282/669/663
f 282/669/663 389/668/662 390/670/664
f 282/669/663 390/670/664 281/671/665
f 281/671/665 390/670/664 391/672/666
f 281/671/665 391/672/666 280/673/667
f 280/673/667 391/672/666 392/674/668
f 280/673/667 392/674/668 279/675/669
f 279/675/669 392/674/668 393/676/670
f 279/675/669 393/676/670 278/557/553
f 278/557/553 393/676/670 394/558/554
f 396/677/671 552/678/672 395/679/673
f 395/679/673 552/678/672 474/680/674
f 395/681/673 474/682/674 473/683/675
f 473/683/675 474/682/674 475/684/676
f 473/683/675 475/684/676 472/685/677
f 472/685/677 475/684/676 476/686/678
f 472/685/677 476/686/678 471/687/679
f 471/687/679 476/686/678 477/688/680
f 471/687/679 477/688/680 470/689/681
f 470/689/681 477/688/680 478/690/682
f 470/689/681 478/690/682 469/691/683
f 469/691/683 478/690/682 479/692/684
f 469/691/683 479/692/684 468/693/685
f 468/693/685 479/692/684 480/694/686
f 468/693/685 480/694/686 467/695/687
f 467/695/687 480/694/686 481/696/688
f 467/695/687 481/696/688 466/697/689
f 466/697/689 481/696/688 482/698/690
f 466/697/689 482/698/690 465/699/691
f 465/699/691 482/698/690 483/700/692
f 465/699/691 483/700/692 464/701/693
f 464/701/693 483/700/692 484/702/694
f 464/701/693 484/702/694 463/703/695
f 463/703/695 484/702/694 485/704/696
f 463/703/695 485/704/696 462/705/697
f 462/705/697 485/704/696 486/706/698
f 462/705/697 486/706/698 461/707/699
f 461/707/699 486/706/698 487/708/700
f 461/707/699 487/708/700 460/709/701
f 460/709/701 487/708/700 488/710/702
f 460/709/701 488/710/702 459/711/703
f 459/711/703 488/710/702 489/712/704
f 459/711/703 489/712/704 458/713/705
f 458/713/705 489/712/704 490/714/706
f 458/713/705 490/714/706 457/715/707
f 457/715/707 490/714/706 491/716/708
f 457/715/707 491/716/708 456/717/709
f 456/717/709 491/716/708 492/718/710
f 456/717/709 492/718/710 455/719/711
f 455/719/711 492/718/710 493/720/712
f 455/719/711 493/720/712 454/721/713
f 454/721/713 493/720/712 494/722/714
f 454/721/713 494/722/714 453/723/715
f 453/723/715 494/722/714 495/724/716
f 453/723/715 495/724/716 452/725/717
f 452/725/717 495/724/716 496/726/718
f 452/725/717 496/726/718 451/727/719
f 451/727/719 496/726/718 497/728/720
f 451/727/719 497/728/720 450/729/721
f 450/729/721 497/728/720 498/730/722
f 450/729/721 498/730/722 449/731/723
f 449/731/723 498/730/722 499/732/724
f 449/731/723 499/732/724 448/733/725
f 448/733/725 499/732/724 500/734/726
f 448/733/725 500/734/726 447/735/727
f 447/735/727 500/734/726 501/736/728
f 447/735/727 501/736/728 446/737/729
f 446/737/729 501/736/728 502/738/730
f 446/737/729 502/738/730 445/739/731
f 445/739/731 502/738/730 503/740/732
f 445/739/731 503/740/732 444/741/733
f 444/741/733 503/740/732 504/742/734
f 444/741/733 504/742/734 443/743/735
f 443/743/735 504/742/734 505/744/736
f 443/743/735 505/744/736 442/745/737
f 442/745/737 505/744/736 506/746/738
f 442/745/737 506/746/738 441/747/739
f 441/747/739 506/746/738 507/748/740
f 441/747/739 507/748/740 440/749/741
f 440/749/741 507/748/740 508/750/742
f 440/749/741 508/750/742 439/751/743
f 439/751/743 508/750/742 509/752/744
f 439/751/743 509/752/744 438/753/745
f 438/753/745 509/752/744 510/754/746
f 438/753/745 510/754/746 437/755/747
f 437/755/747 510/754/746 511/756/748
f 437/755/747 511/756/748 436/757/749
f 436/757/749 511/756/748 512/758/750
f 436/757/749 512/758/750 435/759/751
f 435/759/751 512/758/750 513/760/752
f 435/759/751 513/760/752 434/761/753
f 434/761/753 513/760/752 514/762/754
f 434/761/753 514/762/754 433/763/755
f 433/763/755 514/762/754 515/764/756
f 433/763/755 515/764/756 432/765/757
f 432/765/757 515/764/756 516/766/758
f 432/765/757 516/766/758 431/767/759
f 431/767/759 516/766/758 517/768/760
f 431/767/759 517/768/760 430/769/761
f 430/769/761 517/768/760 518/770/762
f 430/769/761 518/770/762 429/771/763
f 429/771/763 518/770/762 519/772/764
f 429/771/763 519/772/764 428/773/765
f 428/773/765 519/772/764 520/774/766
f 428/773/765 520/774/766 427/775/767
f 427/775/767 520/774/766 521/776/768
f 427/775/767 521/776/768 426/777/769
f 426/777/769 521/776/768 522/778/770
f 426/777/769 522/778/770 425/779/771
f 425/779/771 522/778/770 523/780/772
f 425/779/771 523/780/772 424/781/773
f 424/781/773 523/780/772 524/782/774
f 424/781/773 524/782/774 423/783/775
f 423/783/775 524/782/774 525/784/776
f 423/783/775 525/784/776 422/785/777
f 422/785/777 525/784/776 526/786/778
f 422/785/777 526/786/778 421/787/779
f 421/787/779 526/786/778 527/788/780
f 421/787/779 527/788/780 420/789/781
f 420/789/781 527/788/780 528/790/782
f 420/789/781 528/790/782 419/791/783
f 419/791/783 528/790/782 529/792/784
f 419/791/783 529/792/784 418/793/785
f 418/793/785 529/792/784 530/794/786
f 418/793/785 530/794/786 417/795/787
f 417/795/787 530/794/786 531/796/788
f 417/795/787 531/796/788 416/797/789
f 416/797/789 531/796/788 532/798/790
f 416/797/789 532/798/790 415/799/791
f 415/799/791 532/798/790 533/800/792
f 415/799/791 533/800/792 414/801/793
f 414/801/793 533/800/792 534/802/794
f 414/801/793 534/802/794 413/803/795
f 413/803/795 534/802/794 535/804/796
f 413/803/795 535/804/796 412/805/797
f 412/805/797 535/804/796 536/806/798
f 412/805/797 536/806/798 411/807/799
f 411/807/799 536/806/798 537/808/800
f 411/807/799 537/808/800 410/809/801
f 410/809/801 537/808/800 538/810/802
f 410/809/801 538/810/802 409/811/803
f 409/811/803 538/810/802 539/812/804
f 409/811/803 539/812/804 408/813/805
f 408/813/805 539/812/804 540/814/806
f 408/813/805 540/814/806 407/815/807
f 407/815/807 540/814/806 541/816/808
f 407/815/807 541/816/808 406/817/809
f 406/817/809 541/816/808 542/818/810
f 406/817/809 542/818/810 405/819/811
f 405/819/811 542/818/810 543/820/812
f 405/819/811 543/820/812 404/821/813
f 404/821/813 543/820/812 544/822/814
f 404/821/813 544/822/814 403/823/815
f 403/823/815 544/822/814 545/824/816
f 403/823/815 545/824/816 402/825/817
f 402/825/817 545/824/816 546/826/818
f 402/825/817 546/826/818 401/827/819
f 401/827/819 546/826/818 547/828/820
f 401/827/819 547/828/820 400/829/821
f 400/829/821 547/828/820 548/830/822
f 400/829/821 548/830/822 399/831/823
f 399/831/823 548/830/822 549/832/824
f 399/831/823 549/832/824 398/833/825
f 398/833/825 549/832/824 550/834/826
f 398/833/825 550/834/826 397/835/827
f 397/835/827 550/834/826 551/836/828
f 397/835/827 551/836/828 396/677/671
f 396/677/671 551/836/828 552/678/672
f 335/837/829 396/838/830 277/839/831
f 277/839/831 396/838/830 395/840/832
f 277/839/831 395/840/832 473/841/833
f 396/838/830 335/837/829 397/842/834
f 397/842/834 335/837/829 334/843/835
f 397/842/834 334/843/835 398/844/836
f 398/844/836 334/843/835 333/845/837
f 398/844/836 333/845/837 399/846/838
f 399/846/838 333/845/837 400/847/839
f 400/847/839 333/845/837 332/848/840
f 400/847/839 332/848/840 401/849/841
f 401/849/841 332/848/840 331/850/842
f 401/849/841 331/850/842 402/851/843
f 402/851/843 331/850/842 330/852/844
f 402/851/843 330/852/844 403/853/845
f 403/853/845 330/852/844 404/854/846
f 404/854/846 330/852/844 329/855/847
f 404/854/846 329/855/847 405/856/848
f 405/856/848 329/855/847 328/857/849
f 405/856/848 328/857/849 406/858/850
f 406/858/850 328/857/849 327/859/851
f 406/858/850 327/859/851 407/860/852
f 407/860/852 327/859/851 408/861/853
f 408/861/853 327/859/851 326/862/854
f 408/861/853 326/862/854 409/863/855
f 409/863/855 326/862/854 325/864/856
f 409/863/855 325/864/856 410/865/857
f 410/865/857 325/864/856 324/866/858
f 410/865/857 324/866/858 411/867/859
f 411/867/859 324/866/858 412/868/860
f 412/868/860 324/866/858 323/869/861
f 412/868/860 323/869/861 413/870/862
f 413/870/862 323/869/861 322/871/863
f 413/870/862 322/871/863 414/872/864
f 414/872/864 322/871/863 321/873/865
f 414/872/864 321/873/865 415/874/866
f 415/874/866 321/873/865 416/875/867
f 416/875/867 321/873/865 320/876/868
f 416/875/867 320/876/868 417/877/869
f 417/877/869 320/876/868 319/878/870
f 417/877/869 319/878/870 418/879/871
f 418/879/871 319/878/870 318/880/872
f 418/879/871 318/880/872 419/881/873
f 419/881/873 318/880/872 420/882/874
f 420/882/874 318/880/872 317/883/875
f 420/882/874 317/883/875 421/884/876
f 421/884/876 317/883/875 316/885/877
f 421/884/876 316/885/877 422/886/878
f 422/886/878 316/885/877 315/887/879
f 422/886/878 315/887/879 423/888/880
f 423/888/880 315/887/879 424/889/881
f 424/889/881 315/887/879 314/890/882
f 424/889/881 314/890/882 425/891/883
f 425/891/883 314/890/882 313/892/884
f 425/891/883 313/892/884 426/893/885
f 426/893/885 313/892/884 312/894/886
f 426/893/885 312/894/886 427/895/887
f 427/895/887 312/894/886 428/896/888
f 428/896/888 312/894/886 311/897/889
f 428/896/888 311/897/889 429/898/890
f 429/898/890 311/897/889 310/899/891
f 429/898/890 310/899/891 430/900/892
f 430/900/892 310/899/891 309/901/893
f 430/900/892 309/901/893 431/902/894
f 431/902/894 309/901/893 432/903/895
f 432/903/895 309/901/893 308/904/896
f 432/903/895 308/904/896 433/905/897
f 433/905/897 308/904/896 307/906/898
f 433/905/897 307/906/898 434/907/899
f 434/907/899 307/906/898 435/908/900
f 435/908/900 307/906/898 306/909/901
f 435/908/900 306/909/901 436/910/902
f 436/910/902 306/909/901 305/911/903
f 436/910/902 305/911/903 437/912/904
f 437/912/904 305/911/903 304/913/905
f 437/912/904 304/913/905 438/914/906
f 438/914/906 304/913/905 439/915/907
f 439/915/907 304/913/905 303/916/908
f 439/915/907 303/916/908 440/917/909
f 440/917/909 303/916/908 302/918/910
f 440/917/909 302/918/910 441/919/911
f 441/919/911 302/918/910 301/920/912
f 441/919/911 301/920/912 442/921/913
f 442/921/913 301/920/912 443/922/914
f 443/922/914 301/920/912 300/923/915
f 443/922/914 300/923/915 444/924/916
f 444/924/916 300/923/915 299/925/917
f 444/924/916 299/925/917 445/926/918
f 445/926/918 299/925/917 298/927/919
f 445/926/918 298/927/919 446/928/920
f 446/928/920 298/927/919 297/929/921
f 446/928/920 297/929/921 447/930/922
f 447/930/922 297/929/921 296/931/923
f 447/930/922 296/931/923 448/932/924
f 448/932/924 296/931/923 449/933/925
f 449/933/925 296/931/923 295/934/926
f 449/933/925 295/934/926 450/935/927
f 450/935/927 295/934/926 451/936/928
f 451/936/928 295/934/926 294/937/929
f 451/936/928 294/937/929 452/938/930
f 452/938/930 294/937/929 293/939/931
f 452/938/930 293/939/931 453/940/932
f 453/940/932 293/939/931 292/941/933
f 453/940/932 292/941/933 454/942/934
f 454/942/934 292/941/933 455/943/935
f 455/943/935 292/941/933 291/944/936
f 455/943/935 291/944/936 456/945/937
f 456/945/937 291/944/936 290/946/938
f 456/945/937 290/946/938 457/947/939
f 457/947/939 290/946/938 289/948/940
f 457/947/939 289/948/940 458/949/941
f 458/949/941 289/948/940 459/950/942
f 459/950/942 289/948/940 288/951/943
f 459/950/942 288/951/943 460/952/944
f 460/952/944 288/951/943 287/953/945
f 460/952/944 287/953/945 461/954/946
f 461/954/946 287/953/945 286/955/947
f 461/954/946 286/955/947 462/956/948
f 462/956/948 286/955/947 463/957/949
f 463/957/949 286/955/947 285/958/950
f 463/957/949 285/958/950 464/959/951
f 464/959/951 285/958/950 284/960/952
f 464/959/951 284/960/952 465/961/953
f 465/961/953 284/960/952 283/962/954
f 465/961/953 283/962/954 466/963/955
f 466/963/955 283/962/954 467/964/956
f 467/964/956 283/962/954 282/965/957
f 467/964/956 282/965/957 468/966/958
f 468/966/958 282/965/957 281/967/959
f 468/966/958 281/967/959 469/968/960
f 469/968/960 281/967/959 280/969/961
f 469/968/960 280/969/961 470/970/962
f 470/970/962 280/969/961 471/971/963
f 471/971/963 280/969/961 279/972/964
f 471/971/963 279/972/964 472/973/965
f 472/973/965 279/972/964 278/974/966
f 472/973/965 278/974/966 473/841/833
f 473/841/833 278/974/966 277/839/831
f 394/975/967 475/976/968 336/977/969
f 336/977/969 475/976/968 474/978/970
f 336/977/969 474/978/970 552/979/971
f 475/976/968 394/975/967 476/980/972
f 476/980/972 394/975/967 393/981/973
f 476/980/972 393/981/973 477/982/974
f 477/982/974 393/981/973 392/983/975
f 477/982/974 392/983/975 478/984/976
f 478/984/976 392/983/975 479/985/977
f 479/985/977 392/983/975 391/986/978
f 479/985/977 391/986/978 480/987/979
f 480/987/979 391/986/978 390/988/980
f 480/987/979 390/988/980 481/989/981
f 481/989/981 390/988/980 389/990/982
f 481/989/981 389/990/982 482/991/983
f 482/991/983 389/990/982 483/992/984
f 483/992/984 389/990/982 388/993/985
f 483/992/984 388/993/985 484/994/986
f 484/994/986 388/993/985 387/995/987
f 484/994/986 387/995/987 485/996/988
f 485/996/988 387/995/987 386/997/989
f 485/996/988 386/997/989 486/998/990
f 486/998/990 386/997/989 487/999/991
f 487/999/991 386/997/989 385/1000/992
f 487/999/991 385/1000/992 488/1001/993
f 488/1001/993 385/1000/992 384/1002/994
f 488/1001/993 384/1002/994 489/1003/995
f 489/1003/995 384/1002/994 383/1004/996
f 489/1003/995 383/1004/996 490/1005/997
f 490/1005/997 383/1004/996 491/1006/998
f 491/1006/998 383/1004/996 382/1007/999
f 491/1006/998 382/1007/999 492/1008/1000
f 492/1008/1000 382/1007/999 381/1009/1001
f 492/1008/1000 381/1009/1001 493/1010/1002
f 493/1010/1002 381/1009/1001 380/1011/1003
f 493/1010/1002 380/1011/1003 494/1012/1004
f 494/1012/1004 380/1011/1003 495/1013/1005
f 495/1013/1005 380/1011/1003 379/1014/1006
f 495/1013/1005 379/1014/1006 496/1015/1007
f 496/1015/1007 379/1014/1006 378/1016/1008
f 496/1015/1007 378/1016/1008 497/1017/1009
f 497/1017/1009 378/1016/1008 377/1018/1010
f 497/1017/1009 377/1018/1010 498/1019/1011
f 498/1019/1011 377/1018/1010 499/1020/1012
f 499/1020/1012 377/1018/1010 376/1021/1013
f 499/1020/1012 376/1021/1013 500/1022/1014
f 500/1022/1014 376/1021/1013 501/1023/1015
f 501/1023/1015 376/1021/1013 375/1024/1016
f 501/1023/1015 375/1024/1016 374/1025/1017
f 373/1026/1018 503/1027/1019 374/1025/1017
f 374/1025/1017 503/1027/1019 502/1028/1020
f 374/1025/1017 502/1028/1020 501/1023/1015
f 503/1027/1019 373/1026/1018 504/1029/1021
f 504/1029/1021 373/1026/1018 372/1030/1022
f 504/1029/1021 372/1030/1022 505/1031/1023
f 505/1031/1023 372/1030/1022 371/1032/1024
f 505/1031/1023 371/1032/1024 506/1033/1025
f 506/1033/1025 371/1032/1024 507/1034/1026
f 507/1034/1026 371/1032/1024 370/1035/1027
f 507/1034/1026 370/1035/1027 508/1036/1028
f 508/1036/1028 370/1035/1027 369/1037/1029
f 508/1036/1028 369/1037/1029 509/1038/1030
f 509/1038/1030 369/1037/1029 368/1039/1031
f 509/1038/1030 368/1039/1031 510/1040/1032
f 510/1040/1032 368/1039/1031 511/1041/1033
f 511/1041/1033 368/1039/1031 367/1042/1034
f 511/1041/1033 367/1042/1034 512/1043/1035
f 512/1043/1035 367/1042/1034 366/1044/1036
f 512/1043/1035 366/1044/1036 513/1045/1037
f 513/1045/1037 366/1044/1036 365/1046/1038
f 513/1045/1037 365/1046/1038 514/1047/1039
f 514/1047/1039 365/1046/1038 515/1048/1040
f 515/1048/1040 365/1046/1038 364/1049/1041
f 515/1048/1040 364/1049/1041 516/1050/1042
f 516/1050/1042 364/1049/1041 363/1051/1043
f 516/1050/1042 363/1051/1043 517/1052/1044
f 517/1052/1044 363/1051/1043 518/1053/1045
f 518/1053/1045 363/1051/1043 362/1054/1046
f 518/1053/1045 362/1054/1046 519/1055/1047
f 519/1055/1047 362/1054/1046 361/1056/1048
f 519/1055/1047 361/1056/1048 520/1057/1049
f 520/1057/1049 361/1056/1048 360/1058/1050
f 520/1057/1049 360/1058/1050 521/1059/1051
f 521/1059/1051 360/1058/1050 522/1060/1052
f 522/1060/1052 360/1058/1050 359/1061/1053
f 522/1060/1052 359/1061/1053 523/1062/1054
f 523/1062/1054 359/1061/1053 358/1063/1055
f 523/1062/1054 358/1063/1055 524/1064/1056
f 524/1064/1056 358/1063/1055 357/1065/1057
f 524/1064/1056 357/1065/1057 525/1066/1058
f 525/1066/1058 357/1065/1057 526/1067/1059
f 526/1067/1059 357/1065/1057 356/1068/1060
f 526/1067/1059 356/1068/1060 527/1069/1061
f 527/1069/1061 356/1068/1060 355/1070/1062
f 527/1069/1061 355/1070/1062 528/1071/1063
f 528/1071/1063 355/1070/1062 354/1072/1064
f 528/1071/1063 354/1072/1064 529/1073/1065
f 529/1073/1065 354/1072/1064 530/1074/1066
f 530/1074/1066 354/1072/1064 353/1075/1067
f 530/1074/1066 353/1075/1067 531/1076/1068
f 531/1076/1068 353/1075/1067 352/1077/1069
f 531/1076/1068 352/1077/1069 532/1078/1070
f 532/1078/1070 352/1077/1069 351/1079/1071
f 532/1078/1070 351/1079/1071 533/1080/1072
f 533/1080/1072 351/1079/1071 534/1081/1073
f 534/1081/1073 351/1079/1071 350/1082/1074
f 534/1081/1073 350/1082/1074 535/1083/1075
f 535/1083/1075 350/1082/1074 349/1084/1076
f 535/1083/1075 349/1084/1076 536/1085/1077
f 536/1085/1077 349/1084/1076 348/1086/1078
f 536/1085/1077 348/1086/1078 537/1087/1079
f 537/1087/1079 348/1086/1078 538/1088/1080
f 538/1088/1080 348/1086/1078 347/1089/1081
f 538/1088/1080 347/1089/1081 539/1090/1082
f 539/1090/1082 347/1089/1081 346/1091/1083
f 539/1090/1082 346/1091/1083 540/1092/1084
f 540/1092/1084 346/1091/1083 345/1093/1085
f 540/1092/1084 345/1093/1085 541/1094/1086
f 541/1094/1086 345/1093/1085 542/1095/1087
f 542/1095/1087 345/1093/1085 344/1096/1088
f 542/1095/1087 344/1096/1088 543/1097/1089
f 543/1097/1089 344/1096/1088 343/1098/1090
f 543/1097/1089 343/1098/1090 544/1099/1091
f 544/1099/1091 343/1098/1090 342/1100/1092
f 544/1099/1091 342/1100/1092 545/1101/1093
f 545/1101/1093 342/1100/1092 546/1102/1094
f 546/1102/1094 342/1100/1092 341/1103/1095
f 546/1102/1094 341/1103/1095 547/1104/1096
f 547/1104/1096 341/1103/1095 340/1105/1097
f 547/1104/1096 340/1105/1097 548/1106/1098
f 548/1106/1098 340/1105/1097 339/1107/1099
f 548/1106/1098 339/1107/1099 549/1108/1100
f 549/1108/1100 339/1107/1099 550/1109/1101
f 550/1109/1101 339/1107/1099 338/1110/1102
f 550/1109/1101 338/1110/1102 551/1111/1103
f 551/1111/1103 338/1110/1102 337/1112/1104
f 551/1111/1103 337/1112/1104 552/979/971
f 552/979/971 337/1112/1104 336/977/969
g Standoff 3

v -1.100000 3.000000 18.031223
v -1.093768 3.000000 18.148146
v -1.075144 3.000000 18.263744
v -1.044337 3.000000 18.376707
v -1.001698 3.000000 18.485756
v -0.947709 3.000000 18.589655
v -0.882983 3.000000 18.687227
v -0.808252 3.000000 18.777366
v -0.724363 3.000000 18.859051
v -0.632266 3.000000 18.931356
v -0.533006 3.000000 18.993462
v -0.427707 3.000000 19.044666
v -0.317561 3.000000 19.084387
v -0.203818 3.000000 19.112175
v -0.087765 3.000000 19.127716
v 0.029283 3.000000 19.130833
v 0.145998 3.000000 19.121491
v 0.261059 3.000000 19.099796
v 0.373163 3.000000 19.065993
v 0.481038 3.000000 19.020466
v 0.583463 3.000000 18.963731
v 0.679277 3.000000 18.896430
v 0.767395 3.000000 18.819325
v 0.846817 3.000000 18.733292
v 0.916645 3.000000 18.639303
v 0.976087 3.000000 18.538425
v 1.024470 3.000000 18.431800
v 1.061245 3.000000 18.320636
v 1.085995 3.000000 18.206193
v 1.098441 3.000000 18.089767
v 1.098441 3.000000 17.972679
v 1.085995 3.000000 17.856253
v 1.061245 3.000000 17.741810
v 1.024470 3.000000 17.630646
v 0.976087 3.000000 17.524021
v 0.916645 3.000000 17.423143
v 0.846817 3.000000 17.329154
v 0.767395 3.000000 17.243121
v 0.679277 3.000000 17.166016
v 0.583463 3.000000 17.098715
v 0.481038 3.000000 17.041980
v 0.373163 3.000000 16.996453
v 0.261059 3.000000 16.962650
v 0.145998 3.000000 16.940955
v 0.029283 3.000000 16.931613
v -0.087765 3.000000 16.934730
v -0.203818 3.000000 16.950270
v -0.317561 3.000000 16.978059
v -0.427707 3.000000 17.017780
v -0.533006 3.000000 17.068984
v -0.632266 3.000000 17.131090
v -0.724363 3.000000 17.203395
v -0.808252 3.000000 17.285080
v -0.882983 3.000000 17.375219
v -0.947709 3.000000 17.472791
v -1.001698 3.000000 17.576690
v -1.044337 3.000000 17.685739
v -1.075144 3.000000 17.798702
v -1.093768 3.000000 17.914300
v -1.100000 1.500000 18.031223
v -1.093768 1.500000 17.914300
v -1.075144 1.500000 17.798702
v -1.044337 1.500000 17.685739
v -1.001698 1.500000 17.576690
v -0.947709 1.500000 17.472791
v -0.882983 1.500000 17.375219
v -0.808252 1.500000 17.285080
v -0.724363 1.500000 17.203395
v -0.632266 1.500000 17.131090
v -0.533006 1.500000 17.068984
v -0.427707 1.500000 17.017780
v -0.317561 1.500000 16.978059
v -0.203818 1.500000 16.950270
v -0.087765 1.500000 16.934730
v 0.029283 1.500000 16.931613
v 0.145998 1.500000 16.940955
v 0.261059 1.500000 16.962650
v 0.373163 1.500000 16.996453
v 0.481038 1.500000 17.041980
v 0.583463 1.500000 17.098715
v 0.679277 1.500000 17.166016
v 0.767395 1.500000 17.243121
v 0.846817 1.500000 17.329154
v 0.916645 1.500000 17.423143
v 0.976087 1.500000 17.524021
v 1.024470 1.500000 17.630646
v 1.061245 1.500000 17.741810
v 1.085995 1.500000 17.856253
v 1.098441 1.500000 17.972679
v 1.098441 1.500000 18.089767
v 1.085995 1.500000 18.206193
v 1.061245 1.500000 18.320636
v 1.024470 1.500000 18.431800
v 0.976087 1.500000 18.538425
v 0.916645 1.500000 18.639303
v 0.846817 1.500000 18.733292
v 0.767395 1.500000 18.819325
v 0.679277 1.500000 18.896430
v 0.583463 1.500000 18.963731
v 0.481038 1.500000 19.020466
v 0.373163 1.500000 19.065993
v 0.261059 1.500000 19.099796
v 0.145998 1.500000 19.121491
v 0.029283 1.500000 19.130833
v -0.087765 1.500000 19.127716
v -0.203818 1.500000 19.112175
v -0.317561 1.500000 19.084387
v -0.427707 1.500000 19.044666
v -0.533006 1.500000 18.993462
v -0.632266 1.500000 18.931356
v -0.724363 1.500000 18.859051
v -0.808252 1.500000 18.777366
v -0.882983 1.500000 18.687227
v -0.947709 1.500000 18.589655
v -1.001698 1.500000 18.485756
v -1.044337 1.500000 18.376707
v -1.075144 1.500000 18.263744
v -1.093768 1.500000 18.148146
v -2.000000 3.000000 18.031223
v -1.993678 3.000000 17.872323
v -1.974751 3.000000 17.714427
v -1.943339 3.000000 17.558534
v -1.899640 3.000000 17.405630
v -1.843932 3.000000 17.256681
v -1.776565 3.000000 17.112628
v -1.697967 3.000000 16.974384
v -1.608633 3.000000 16.842821
v -1.509129 3.000000 16.718771
v -1.400084 3.000000 16.603020
v -1.282187 3.000000 16.496298
v -1.156184 3.000000 16.399280
v -1.022871 3.000000 16.312580
v -0.883091 3.000000 16.236745
v -0.737728 3.000000 16.172256
v -0.587701 3.000000 16.119520
v -0.433958 3.000000 16.078870
v -0.277471 3.000000 16.050564
v -0.119230 3.000000 16.034780
v 0.039764 3.000000 16.031618
v 0.198508 3.000000 16.041099
v 0.355996 3.000000 16.063161
v 0.511233 3.000000 16.097666
v 0.663239 3.000000 16.144396
v 0.811051 3.000000 16.203055
v 0.953735 3.000000 16.273273
v 1.090390 3.000000 16.354604
v 1.220150 3.000000 16.446536
v 1.342197 3.000000 16.548486
v 1.455758 3.000000 16.659811
v 1.560115 3.000000 16.779807
v 1.654608 3.000000 16.907714
v 1.738641 3.000000 17.042725
v 1.811681 3.000000 17.183985
v 1.873267 3.000000 17.330601
v 1.923010 3.000000 17.481647
v 1.960595 3.000000 17.636168
v 1.985784 3.000000 17.793187
v 1.998419 3.000000 17.951710
v 1.998419 3.000000 18.110736
v 1.985784 3.000000 18.269259
v 1.960595 3.000000 18.426278
v 1.923010 3.000000 18.580798
v 1.873267 3.000000 18.731845
v 1.811681 3.000000 18.878461
v 1.738641 3.000000 19.019721
v 1.654608 3.000000 19.154732
v 1.560115 3.000000 19.282639
v 1.455758 3.000000 19.402635
v 1.342197 3.000000 19.513959
v 1.220150 3.000000 19.615910
v 1.090390 3.000000 19.707842
v 0.953735 3.000000 19.789173
v 0.811051 3.000000 19.859391
v 0.663239 3.000000 19.918050
v 0.511233 3.000000 19.964779
v 0.355996 3.000000 19.999285
v 0.198508 3.000000 20.021347
v 0.039764 3.000000 20.030828
v -0.119230 3.000000 20.027666
v -0.277471 3.000000 20.011882
v -0.433958 3.000000 19.983576
v -0.587701 3.000000 19.942926
v -0.737728 3.000000 19.890190
v -0.883091 3.000000 19.825701
v -1.022871 3.000000 19.749866
v -1.156184 3.000000 19.663166
v -1.282187 3.000000 19.566148
v -1.400084 3.000000 19.459426
v -1.509129 3.000000 19.343674
v -1.608633 3.000000 19.219625
v -1.697967 3.000000 19.088062
v -1.776565 3.000000 18.949817
v -1.843932 3.000000 18.805765
v -1.899640 3.000000 18.656816
v -1.943339 3.000000 18.503912
v -1.974751 3.000000 18.348019
v -1.993678 3.000000 18.190123
v -2.000000 1.500000 18.031223
v -1.993678 1.500000 18.190123
v -1.974751 1.500000 18.348019
v -1.943339 1.500000 18.503912
v -1.899640 1.500000 18.656816
v -1.843932 1.500000 18.805765
v -1.776565 1.500000 18.949817
v -1.697967 1.500000 19.088062
v -1.608633 1.500000 19.219625
v -1.509129 1.500000 19.343674
v -1.400084 1.500000 19.459426
v -1.282187 1.500000 19.566148
v -1.156184 1.500000 19.663166
v -1.022871 1.500000 19.749866
v -0.883091 1.500000 19.825701
v -0.737728 1.500000 19.890190
v -0.587701 1.500000 19.942926
v -0.433958 1.500000 19.983576
v -0.277471 1.500000 20.011882
v -0.119230 1.500000 20.027666
v 0.039764 1.500000 20.030828
v 0.198508 1.500000 20.021347
v 0.355996 1.500000 19.999285
v 0.511233 1.500000 19.964779
v 0.663239 1.500000 19.918050
v 0.811051 1.500000 19.859391
v 0.953735 1.500000 19.789173
v 1.090390 1.500000 19.707842
v 1.220150 1.500000 19.615910
v 1.342197 1.500000 19.513959
v 1.455758 1.500000 19.402635
v 1.560115 1.500000 19.282639
v 1.654608 1.500000 19.154732
v 1.738641 1.500000 19.019721
v 1.811681 1.500000 18.878461
v 1.873267 1.500000 18.731845
v 1.923010 1.500000 18.580798
v 1.960595 1.500000 18.426278
v 1.985784 1.500000 18.269259
v 1.998419 1.500000 18.110736
v 1.998419 1.500000 17.951710
v 1.985784 1.500000 17.793187
v 1.960595 1.500000 17.636168
v 1.923010 1.500000 17.481647
v 1.873267 1.500000 17.330601
v 1.811681 1.500000 17.183985
v 1.738641 1.500000 17.042725
v 1.654608 1.500000 16.907714
v 1.560115 1.500000 16.779807
v 1.455758 1.500000 16.659811
v 1.342197 1.500000 16.548486
v 1.220150 1.500000 16.446536
v 1.090390 1.500000 16.354604
v 0.953735 1.500000 16.273273
v 0.811051 1.500000 16.203055
v 0.663239 1.500000 16.144396
v 0.511233 1.500000 16.097666
v 0.355996 1.500000 16.063161
v 0.198508 1.500000 16.041099
v 0.039764 1.500000 16.031618
v -0.119230 1.500000 16.034780
v -0.277471 1.500000 16.050564
v -0.433958 1.500000 16.078870
v -0.587701 1.500000 16.119520
v -0.737728 1.500000 16.172256
v -0.883091 1.500000 16.236745
v -1.022871 1.500000 16.312580
v -1.156184 1.500000 16.399280
v -1.282187 1.500000 16.496298
v -1.400084 1.500000 16.603020
v -1.509129 1.500000 16.718771
v -1.608633 1.500000 16.842821
v -1.697967 1.500000 16.974384
v -1.776565 1.500000 17.112628
v -1.843932 1.500000 17.256681
v -1.899640 1.500000 17.405630
v -1.943339 1.500000 17.558534
v -1.974751 1.500000 17.714427
v -1.993678 1.500000 17.872323
vt 0.150000 -0.333861 0.000000
vt 0.000000 -0.333861 0.000000
vt 0.150000 -0.345575 0.000000
vt 0.000000 -0.345575 0.000000
vt 0.150000 0.345575 0.000000
vt 0.000000 0.345575 0.000000
vt 0.150000 0.333861 0.000000
vt 0.000000 0.333861 0.000000
vt 0.150000 0.322146 0.000000
vt 0.000000 0.322146 0.000000
vt 0.150000 0.310432 0.000000
vt 0.000000 0.310432 0.000000
vt 0.150000 0.298718 0.000000
vt -0.000000 0.298718 0.000000
vt 0.150000 0.287003 0.000000
vt -0.000000 0.287003 0.000000
vt 0.150000 0.275289 0.000000
vt 0.000000 0.275289 0.000000
vt 0.150000 0.263574 0.000000
vt 0.000000 0.263574 0.000000
vt 0.150000 0.251860 0.000000
vt -0.000000 0.251860 0.000000
vt 0.150000 0.240145 0.000000
vt 0.000000 0.240145 0.000000
vt 0.150000 0.228431 0.000000
vt -0.000000 0.228431 0.000000
vt 0.150000 0.216717 0.000000
vt 0.000000 0.216717 0.000000
vt 0.150000 0.205002 0.000000
vt 0.000000 0.205002 0.000000
vt 0.150000 0.193288 0.000000
vt -0.000000 0.193288 0.000000
vt 0.150000 0.181573 0.000000
vt -0.000000 0.181573 0.000000
vt 0.150000 0.169859 0.000000
vt -0.000000 0.169859 0.000000
vt 0.150000 0.158145 0.000000
vt -0.000000 0.158145 0.000000
vt 0.150000 0.146430 0.000000
vt 0.000000 0.146430 0.000000
vt 0.150000 0.134716 0.000000
vt 0.000000 0.134716 0.000000
vt 0.150000 0.123001 0.000000
vt -0.000000 0.123001 0.000000
vt 0.150000 0.111287 0.000000
vt -0.000000 0.111287 0.000000
vt 0.150000 0.099573 0.000000
vt 0.000000 0.099573 0.000000
vt 0.150000 0.087858 0.000000
vt 0.000000 0.087858 0.000000
vt 0.150000 0.076144 0.000000
vt -0.000000 0.076144 0.000000
vt 0.150000 0.064429 0.000000
vt 0.000000 0.064429 0.000000
vt 0.150000 0.052715 0.000000
vt -0.000000 0.052715 0.000000
vt 0.150000 0.041000 0.000000
vt 0.000000 0.041000 0.000000
vt 0.150000 0.029286 0.000000
vt -0.000000 0.029286 0.000000
vt 0.150000 0.017572 0.000000
vt -0.000000 0.017572 0.000000
vt 0.150000 0.005857 0.000000
vt 0.000000 0.005857 0.000000
vt 0.150000 -0.005857 0.000000
vt 0.000000 -0.005857 0.000000
vt 0.150000 -0.017572 0.000000
vt -0.000000 -0.017572 0.000000
vt 0.150000 -0.029286 0.000000
vt -0.000000 -0.029286 0.000000
vt 0.150000 -0.041000 0.000000
vt -0.000000 -0.041000 0.000000
vt 0.150000 -0.052715 0.000000
vt 0.000000 -0.052715 0.000000
vt 0.150000 -0.064429 0.000000
vt 0.000000 -0.064429 0.000000
vt 0.150000 -0.076144 0.000000
vt -0.000000 -0.076144 0.000000
vt 0.150000 -0.087858 0.000000
vt -0.000000 -0.087858 0.000000
vt 0.150000 -0.099573 0.000000
vt 0.000000 -0.099573 0.000000
vt 0.150000 -0.111287 0.000000
vt -0.000000 -0.111287 0.000000
vt 0.150000 -0.123001 0.000000
vt -0.000000 -0.123001 0.000000
vt 0.150000 -0.134716 0.000000
vt 0.000000 -0.134716 0.000000
vt 0.150000 -0.146430 0.000000
vt -0.000000 -0.146430 0.000000
vt 0.150000 -0.158145 0.000000
vt 0.000000 -0.158145 0.000000
vt 0.150000 -0.169859 0.000000
vt -0.000000 -0.169859 0.000000
vt 0.150000 -0.181573 0.000000
vt -0.000000 -0.181573 0.000000
vt 0.150000 -0.193288 0.000000
vt -0.000000 -0.193288 0.000000
vt 0.150000 -0.205002 0.000000
vt 0.000000 -0.205002 0.000000
vt 0.150000 -0.216717 0.000000
vt 0.000000 -0.216717 0.000000
vt 0.150000 -0.228431 0.000000
vt -0.000000 -0.228431 0.000000
vt 0.150000 -0.240145 0.000000
vt 0.000000 -0.240145 0.000000
vt 0.150000 -0.251860 0.000000
vt -0.000000 -0.251860 0.000000
vt 0.150000 -0.263574 0.000000
vt -0.000000 -0.263574 0.000000
vt 0.150000 -0.275289 0.000000
vt -0.000000 -0.275289 0.000000
vt 0.150000 -0.287003 0.000000
vt -0.000000 -0.287003 0.000000
vt 0.150000 -0.298718 0.000000
vt -0.000000 -0.298718 0.000000
vt 0.150000 -0.310432 0.000000
vt 0.000000 -0.310432 0.000000
vt 0.150000 -0.322146 0.000000
vt 0.000000 -0.322146 0.000000
vt -0.150000 0.612412 0.000000
vt -0.000000 0.612412 0.000000
vt -0.150000 0.628319 0.000000
vt -0.000000 0.628319 0.000000
vt -0.150000 -0.628319 0.000000
vt -0.000000 -0.628319 0.000000
vt -0.150000 -0.612412 0.000000
vt -0.000000 -0.612412 0.000000
vt -0.150000 -0.596505 0.000000
vt -0.000000 -0.596505 0.000000
vt -0.150000 -0.580598 0.000000
vt -0.000000 -0.580598 0.000000
vt -0.150000 -0.564691 0.000000
vt -0.000000 -0.564691 0.000000
vt -0.150000 -0.548785 0.000000
vt -0.000000 -0.548785 0.000000
vt -0.150000 -0.532878 0.000000
vt -0.000000 -0.532878 0.000000
vt -0.150000 -0.516971 0.000000
vt -0.000000 -0.516971 0.000000
vt -0.150000 -0.501064 0.000000
vt -0.000000 -0.501064 0.000000
vt -0.150000 -0.485157 0.000000
vt -0.000000 -0.485157 0.000000
vt -0.150000 -0.469251 0.000000
vt -0.000000 -0.469251 0.000000
vt -0.150000 -0.453344 0.000000
vt -0.000000 -0.453344 0.000000
vt -0.150000 -0.437437 0.000000
vt -0.000000 -0.437437 0.000000
vt -0.150000 -0.421530 0.000000
vt -0.000000 -0.421530 0.000000
vt -0.150000 -0.405623 0.000000
vt -0.000000 -0.405623 0.000000
vt -0.150000 -0.389717 0.000000
vt -0.000000 -0.389717 0.000000
vt -0.150000 -0.373810 0.000000
vt -0.000000 -0.373810 0.000000
vt -0.150000 -0.357903 0.000000
vt -0.000000 -0.357903 0.000000
vt -0.150000 -0.341996 0.000000
vt -0.000000 -0.341996 0.000000
vt -0.150000 -0.326089 0.000000
vt -0.000000 -0.326089 0.000000
vt -0.150000 -0.310183 0.000000
vt -0.000000 -0.310183 0.000000
vt -0.150000 -0.294276 0.000000
vt -0.000000 -0.294276 0.000000
vt -0.150000 -0.278369 0.000000
vt -0.000000 -0.278369 0.000000
vt -0.150000 -0.262462 0.000000
vt -0.000000 -0.262462 0.000000
vt -0.150000 -0.246555 0.000000
vt -0.000000 -0.246555 0.000000
vt -0.150000 -0.230649 0.000000
vt -0.000000 -0.230649 0.000000
vt -0.150000 -0.214742 0.000000
vt -0.000000 -0.214742 0.000000
vt -0.150000 -0.198835 0.000000
vt -0.000000 -0.198835 0.000000
vt -0.150000 -0.182928 0.000000
vt -0.000000 -0.182928 0.000000
vt -0.150000 -0.167021 0.000000
vt -0.000000 -0.167021 0.000000
vt -0.150000 -0.151115 0.000000
vt -0.000000 -0.151115 0.000000
vt -0.150000 -0.135208 0.000000
vt -0.000000 -0.135208 0.000000
vt -0.150000 -0.119301 0.000000
vt -0.000000 -0.119301 0.000000
vt -0.150000 -0.103394 0.000000
vt -0.000000 -0.103394 0.000000
vt -0.150000 -0.087487 0.000000
vt -0.000000 -0.087487 0.000000
vt -0.150000 -0.071581 0.000000
vt -0.000000 -0.071581 0.000000
vt -0.150000 -0.055674 0.000000
vt -0.000000 -0.055674 0.000000
vt -0.150000 -0.039767 0.000000
vt -0.000000 -0.039767 0.000000
vt -0.150000 -0.023860 0.000000
vt -0.000000 -0.023860 0.000000
vt -0.150000 -0.007953 0.000000
vt -0.000000 -0.007953 0.000000
vt -0.150000 0.007953 0.000000
vt -0.000000 0.007953 0.000000
vt -0.150000 0.023860 0.000000
vt -0.000000 0.023860 0.000000
vt -0.150000 0.039767 0.000000
vt -0.000000 0.039767 0.000000
vt -0.150000 0.055674 0.000000
vt -0.000000 0.055674 0.000000
vt -0.150000 0.071581 0.000000
vt -0.000000 0.071581 0.000000
vt -0.150000 0.087487 0.000000
vt -0.000000 0.087487 0.000000
vt -0.150000 0.103394 0.000000
vt -0.000000 0.103394 0.000000
vt -0.150000 0.119301 0.000000
vt -0.000000 0.119301 0.000000
vt -0.150000 0.135208 0.000000
vt -0.000000 0.135208 0.000000
vt -0.150000 0.151115 0.000000
vt -0.000000 0.151115 0.000000
vt -0.150000 0.167021 0.000000
vt -0.000000 0.167021 0.000000
vt -0.150000 0.182928 0.000000
vt -0.000000 0.182928 0.000000
vt -0.150000 0.198835 0.000000
vt -0.000000 0.198835 0.000000
vt -0.150000 0.214742 0.000000
vt -0.000000 0.214742 0.000000
vt -0.150000 0.230649 0.000000
vt -0.000000 0.230649 0.000000
vt -0.150000 0.246555 0.000000
vt -0.000000 0.246555 0.000000
vt -0.150000 0.262462 0.000000
vt -0.000000 0.262462 0.000000
vt -0.150000 0.278369 0.000000
vt -0.000000 0.278369 0.000000
vt -0.150000 0.294276 0.000000
vt -0.000000 0.294276 0.000000
vt -0.150000 0.310183 0.000000
vt -0.000000 0.310183 0.000000
vt -0.150000 0.326089 0.000000
vt -0.000000 0.326089 0.000000
vt -0.150000 0.341996 0.000000
vt -0.000000 0.341996 0.000000
vt -0.150000 0.357903 0.000000
vt -0.000000 0.357903 0.000000
vt -0.150000 0.373810 0.000000
vt -0.000000 0.373810 0.000000
vt -0.150000 0.389717 0.000000
vt -0.000000 0.389717 0.000000
vt -0.150000 0.405623 0.000000
vt -0.000000 0.405623 0.000000
vt -0.150000 0.421530 0.000000
vt -0.000000 0.421530 0.000000
vt -0.150000 0.437437 0.000000
vt -0.000000 0.437437 0.000000
vt -0.150000 0.453344 0.000000
vt -0.000000 0.453344 0.000000
vt -0.150000 0.469251 0.000000
vt -0.000000 0.469251 0.000000
vt -0.150000 0.485157 0.000000
vt -0.000000 0.485157 0.000000
vt -0.150000 0.501064 0.000000
vt -0.000000 0.501064 0.000000
vt -0.150000 0.516971 0.000000
vt -0.000000 0.516971 0.000000
vt -0.150000 0.532878 0.000000
vt -0.000000 0.532878 0.000000
vt -0.150000 0.548785 0.000000
vt -0.000000 0.548785 0.000000
vt -0.150000 0.564691 0.000000
vt -0.000000 0.564691 0.000000
vt -0.150000 0.580598 0.000000
vt -0.000000 0.580598 0.000000
vt -0.150000 0.596505 0.000000
vt -0.000000 0.596505 0.000000
vt -0.109377 0.011692 0.000000
vt -0.199368 0.015890 0.000000
vt -0.110000 0.000000 0.000000
vt -0.200000 0.000000 0.000000
vt -0.199368 -0.015890 0.000000
vt -0.197475 0.031680 0.000000
vt -0.107514 0.023252 0.000000
vt -0.194334 0.047269 0.000000
vt -0.104434 0.034548 0.000000
vt -0.189964 0.062559 0.000000
vt -0.184393 0.077454 0.000000
vt -0.100170 0.045453 0.000000
vt -0.177657 0.091859 0.000000
vt -0.094771 0.055843 0.000000
vt -0.169797 0.105684 0.000000
vt -0.088298 0.065600 0.000000
vt -0.160863 0.118840 0.000000
vt -0.150913 0.131245 0.000000
vt -0.080825 0.074614 0.000000
vt -0.140008 0.142820 0.000000
vt -0.072436 0.082783 0.000000
vt -0.128219 0.153493 0.000000
vt -0.063227 0.090013 0.000000
vt -0.115618 0.163194 0.000000
vt -0.102287 0.171864 0.000000
vt -0.053301 0.096224 0.000000
vt -0.088309 0.179448 0.000000
vt -0.042771 0.101344 0.000000
vt -0.073773 0.185897 0.000000
vt -0.031756 0.105316 0.000000
vt -0.058770 0.191170 0.000000
vt -0.043396 0.195235 0.000000
vt -0.020382 0.108095 0.000000
vt -0.027747 0.198066 0.000000
vt -0.008776 0.109649 0.000000
vt -0.011923 0.199644 0.000000
vt 0.002928 0.109961 0.000000
vt 0.003976 0.199960 0.000000
vt 0.019851 0.199012 0.000000
vt 0.014600 0.109027 0.000000
vt 0.035600 0.196806 0.000000
vt 0.026106 0.106857 0.000000
vt 0.051123 0.193356 0.000000
vt 0.037316 0.103477 0.000000
vt 0.066324 0.188683 0.000000
vt 0.081105 0.182817 0.000000
vt 0.048104 0.098924 0.000000
vt 0.095374 0.175795 0.000000
vt 0.058346 0.093251 0.000000
vt 0.109039 0.167662 0.000000
vt 0.067928 0.086521 0.000000
vt 0.122015 0.158469 0.000000
vt 0.134220 0.148274 0.000000
vt 0.076739 0.078810 0.000000
vt 0.145576 0.137141 0.000000
vt 0.084682 0.070207 0.000000
vt 0.156011 0.125142 0.000000
vt 0.091665 0.060808 0.000000
vt 0.165461 0.112351 0.000000
vt 0.173864 0.098850 0.000000
vt 0.097609 0.050720 0.000000
vt 0.181168 0.084724 0.000000
vt 0.102447 0.040058 0.000000
vt 0.187327 0.070062 0.000000
vt 0.106124 0.028941 0.000000
vt 0.192301 0.054958 0.000000
vt 0.196059 0.039505 0.000000
vt 0.108600 0.017497 0.000000
vt 0.198578 0.023804 0.000000
vt 0.109844 0.005854 0.000000
vt 0.199842 0.007951 0.000000
vt 0.199842 -0.007951 0.000000
vt 0.109844 -0.005854 0.000000
vt 0.198578 -0.023804 0.000000
vt 0.108600 -0.017497 0.000000
vt 0.196059 -0.039505 0.000000
vt 0.106124 -0.028941 0.000000
vt 0.192301 -0.054958 0.000000
vt 0.187327 -0.070062 0.000000
vt 0.102447 -0.040058 0.000000
vt 0.181168 -0.084724 0.000000
vt 0.097609 -0.050720 0.000000
vt 0.173864 -0.098850 0.000000
vt 0.091665 -0.060808 0.000000
vt 0.165461 -0.112351 0.000000
vt 0.156011 -0.125142 0.000000
vt 0.084682 -0.070207 0.000000
vt 0.145576 -0.137141 0.000000
vt 0.076739 -0.078810 0.000000
vt 0.134220 -0.148274 0.000000
vt 0.067928 -0.086521 0.000000
vt 0.122015 -0.158469 0.000000
vt 0.058346 -0.093251 0.000000
vt 0.109039 -0.167662 0.000000
vt 0.048104 -0.098924 0.000000
vt 0.095374 -0.175795 0.000000
vt 0.081105 -0.182817 0.000000
vt 0.037316 -0.103477 0.000000
vt 0.066324 -0.188683 0.000000
vt 0.051123 -0.193356 0.000000
vt 0.026106 -0.106857 0.000000
vt 0.035600 -0.196806 0.000000
vt 0.014600 -0.109027 0.000000
vt 0.019851 -0.199012 0.000000
vt 0.002928 -0.109961 0.000000
vt 0.003976 -0.199960 0.000000
vt -0.011923 -0.199644 0.000000
vt -0.008776 -0.109649 0.000000
vt -0.027747 -0.198066 0.000000
vt -0.020382 -0.108095 0.000000
vt -0.043396 -0.195235 0.000000
vt -0.031756 -0.105316 0.000000
vt -0.058770 -0.191170 0.000000
vt -0.073773 -0.185897 0.000000
vt -0.042771 -0.101344 0.000000
vt -0.088309 -0.179448 0.000000
vt -0.053301 -0.096224 0.000000
vt -0.102287 -0.171864 0.000000
vt -0.063227 -0.090013 0.000000
vt -0.115618 -0.163194 0.000000
vt -0.128219 -0.153493 0.000000
vt -0.072436 -0.082783 0.000000
vt -0.140008 -0.142820 0.000000
vt -0.080825 -0.074614 0.000000
vt -0.150913 -0.131245 0.000000
vt -0.088298 -0.065600 0.000000
vt -0.160863 -0.118840 0.000000
vt -0.169797 -0.105684 0.000000
vt -0.094771 -0.055843 0.000000
vt -0.177657 -0.091859 0.000000
vt -0.100170 -0.045453 0.000000
vt -0.184393 -0.077454 0.000000
vt -0.104434 -0.034548 0.000000
vt -0.189964 -0.062559 0.000000
vt -0.194334 -0.047269 0.000000
vt -0.107514 -0.023252 0.000000
vt -0.197475 -0.031680 0.000000
vt -0.109377 -0.011692 0.000000
vt 0.109377 -0.011692 0.000000
vt 0.199368 -0.015890 0.000000
vt 0.110000 0.000000 0.000000
vt 0.200000 0.000000 0.000000
vt 0.199368 0.015890 0.000000
vt 0.197475 -0.031680 0.000000
vt 0.107514 -0.023252 0.000000
vt 0.194334 -0.047269 0.000000
vt 0.104434 -0.034548 0.000000
vt 0.189964 -0.062559 0.000000
vt 0.184393 -0.077454 0.000000
vt 0.100170 -0.045453 0.000000
vt 0.177657 -0.091859 0.000000
vt 0.094771 -0.055843 0.000000
vt 0.169797 -0.105684 0.000000
vt 0.088298 -0.065600 0.000000
vt 0.160863 -0.118840 0.000000
vt 0.150913 -0.131245 0.000000
vt 0.080825 -0.074614 0.000000
vt 0.140008 -0.142820 0.000000
vt 0.072436 -0.082783 0.000000
vt 0.128219 -0.153493 0.000000
vt 0.063227 -0.090013 0.000000
vt 0.115618 -0.163194 0.000000
vt 0.102287 -0.171864 0.000000
vt 0.053301 -0.096224 0.000000
vt 0.088309 -0.179448 0.000000
vt 0.042771 -0.101344 0.000000
vt 0.073773 -0.185897 0.000000
vt 0.031756 -0.105316 0.000000
vt 0.058770 -0.191170 0.000000
vt 0.043396 -0.195235 0.000000
vt 0.020382 -0.108095 0.000000
vt 0.027747 -0.198066 0.000000
vt 0.008776 -0.109649 0.000000
vt 0.011923 -0.199644 0.000000
vt -0.002928 -0.109961 0.000000
vt -0.003976 -0.199960 0.000000
vt -0.019851 -0.199012 0.000000
vt -0.014600 -0.109027 0.000000
vt -0.035600 -0.196806 0.000000
vt -0.026106 -0.106857 0.000000
vt -0.051123 -0.193356 0.000000
vt -0.037316 -0.103477 0.000000
vt -0.066324 -0.188683 0.000000
vt -0.081105 -0.182817 0.000000
vt -0.048104 -0.098924 0.000000
vt -0.095374 -0.175795 0.000000
vt -0.109039 -0.167662 0.000000
vt -0.058346 -0.093251 0.000000
vt -0.067928 -0.086521 0.000000
vt -0.076739 -0.078810 0.000000
vt -0.134220 -0.148274 0.000000
vt -0.122015 -0.158469 0.000000
vt -0.145576 -0.137141 0.000000
vt -0.084682 -0.070207 0.000000
vt -0.156011 -0.125142 0.000000
vt -0.091665 -0.060808 0.000000
vt -0.165461 -0.112351 0.000000
vt -0.173864 -0.098850 0.000000
vt -0.097609 -0.050720 0.000000
vt -0.181168 -0.084724 0.000000
vt -0.102447 -0.040058 0.000000
vt -0.187327 -0.070062 0.000000
vt -0.106124 -0.028941 0.000000
vt -0.192301 -0.054958 0.000000
vt -0.196059 -0.039505 0.000000
vt -0.108600 -0.017497 0.000000
vt -0.198578 -0.023804 0.000000
vt -0.109844 -0.005854 0.000000
vt -0.199842 -0.007951 0.000000
vt -0.109844 0.005854 0.000000
vt -0.199842 0.007951 0.000000
vt -0.198578 0.023804 0.000000
vt -0.108600 0.017497 0.000000
vt -0.196059 0.039505 0.000000
vt -0.106124 0.028941 0.000000
vt -0.192301 0.054958 0.000000
vt -0.187327 0.070062 0.000000
vt -0.102447 0.040058 0.000000
vt -0.181168 0.084724 0.000000
vt -0.097609 0.050720 0.000000
vt -0.173864 0.098850 0.000000
vt -0.091665 0.060808 0.000000
vt -0.165461 0.112351 0.000000
vt -0.156011 0.125142 0.000000
vt -0.084682 0.070207 0.000000
vt -0.145576 0.137141 0.000000
vt -0.076739 0.078810 0.000000
vt -0.134220 0.148274 0.000000
vt -0.067928 0.086521 0.000000
vt -0.122015 0.158469 0.000000
vt -0.109039 0.167662 0.000000
vt -0.058346 0.093251 0.000000
vt -0.095374 0.175795 0.000000
vt -0.048104 0.098924 0.000000
vt -0.081105 0.182817 0.000000
vt -0.037316 0.103477 0.000000
vt -0.066324 0.188683 0.000000
vt -0.051123 0.193356 0.000000
vt -0.026106 0.106857 0.000000
vt -0.035600 0.196806 0.000000
vt -0.014600 0.109027 0.000000
vt -0.019851 0.199012 0.000000
vt -0.002928 0.109961 0.000000
vt -0.003976 0.199960 0.000000
vt 0.011923 0.199644 0.000000
vt 0.008776 0.109649 0.000000
vt 0.027747 0.198066 0.000000
vt 0.020382 0.108095 0.000000
vt 0.043396 0.195235 0.000000
vt 0.031756 0.105316 0.000000
vt 0.058770 0.191170 0.000000
vt 0.073773 0.185897 0.000000
vt 0.042771 0.101344 0.000000
vt 0.088309 0.179448 0.000000
vt 0.053301 0.096224 0.000000
vt 0.102287 0.171864 0.000000
vt 0.063227 0.090013 0.000000
vt 0.115618 0.163194 0.000000
vt 0.128219 0.153493 0.000000
vt 0.072436 0.082783 0.000000
vt 0.140008 0.142820 0.000000
vt 0.080825 0.074614 0.000000
vt 0.150913 0.131245 0.000000
vt 0.088298 0.065600 0.000000
vt 0.160863 0.118840 0.000000
vt 0.169797 0.105684 0.000000
vt 0.094771 0.055843 0.000000
vt 0.177657 0.091859 0.000000
vt 0.100170 0.045453 0.000000
vt 0.184393 0.077454 0.000000
vt 0.104434 0.034548 0.000000
vt 0.189964 0.062559 0.000000
vt 0.194334 0.047269 0.000000
vt 0.107514 0.023252 0.000000
vt 0.197475 0.031680 0.000000
vt 0.109377 0.011692 0.000000
vn 0.099433 0.000000 -0.010629
vn 0.099433 0.000000 -0.010629
vn 0.100000 0.000000 -0.000000
vn 0.100000 0.000000 -0.000000
vn 0.099433 -0.000000 0.010629
vn 0.099433 -0.000000 0.010629
vn 0.097740 -0.000000 0.021138
vn 0.097740 -0.000000 0.021138
vn 0.094940 -0.000000 0.031408
vn 0.094940 -0.000000 0.031408
vn 0.091063 -0.000000 0.041321
vn 0.091063 -0.000000 0.041321
vn 0.086155 -0.000000 0.050767
vn 0.086155 -0.000000 0.050767
vn 0.080271 -0.000000 0.059637
vn 0.080271 -0.000000 0.059637
vn 0.073477 -0.000000 0.067831
vn 0.073477 -0.000000 0.067831
vn 0.065851 -0.000000 0.075257
vn 0.065851 -0.000000 0.075257
vn 0.057479 -0.000000 0.081830
vn 0.057479 -0.000000 0.081830
vn 0.048455 -0.000000 0.087476
vn 0.048455 -0.000000 0.087476
vn 0.038882 -0.000000 0.092131
vn 0.038882 -0.000000 0.092131
vn 0.028869 -0.000000 0.095742
vn 0.028869 -0.000000 0.095742
vn 0.018529 -0.000000 0.098268
vn 0.018529 -0.000000 0.098268
vn 0.007979 -0.000000 0.099681
vn 0.007979 -0.000000 0.099681
vn -0.002662 0.000000 0.099965
vn -0.002662 0.000000 0.099965
vn -0.013273 0.000000 0.099115
vn -0.013273 0.000000 0.099115
vn -0.023733 0.000000 0.097143
vn -0.023733 0.000000 0.097143
vn -0.033924 0.000000 0.094070
vn -0.033924 0.000000 0.094070
vn -0.043731 0.000000 0.089931
vn -0.043731 0.000000 0.089931
vn -0.053042 0.000000 0.084773
vn -0.053042 0.000000 0.084773
vn -0.061752 0.000000 0.078655
vn -0.061752 0.000000 0.078655
vn -0.069763 0.000000 0.071646
vn -0.069763 0.000000 0.071646
vn -0.076983 0.000000 0.063824
vn -0.076983 0.000000 0.063824
vn -0.083331 0.000000 0.055280
vn -0.083331 0.000000 0.055280
vn -0.088735 0.000000 0.046109
vn -0.088735 0.000000 0.046109
vn -0.093134 0.000000 0.036416
vn -0.093134 0.000000 0.036416
vn -0.096477 0.000000 0.026310
vn -0.096477 0.000000 0.026310
vn -0.098727 0.000000 0.015906
vn -0.098727 0.000000 0.015906
vn -0.099858 0.000000 0.005322
vn -0.099858 0.000000 0.005322
vn -0.099858 0.000000 -0.005322
vn -0.099858 0.000000 -0.005322
vn -0.098727 0.000000 -0.015906
vn -0.098727 0.000000 -0.015906
vn -0.096477 0.000000 -0.026310
vn -0.096477 0.000000 -0.026310
vn -0.093134 0.000000 -0.036416
vn -0.093134 0.000000 -0.036416
vn -0.088735 0.000000 -0.046109
vn -0.088735 0.000000 -0.046109
vn -0.083331 0.000000 -0.055280
vn -0.083331 0.000000 -0.055280
vn -0.076983 0.000000 -0.063824
vn -0.076983 0.000000 -0.063824
vn -0.069763 0.000000 -0.071646
vn -0.069763 0.000000 -0.071646
vn -0.061752 0.000000 -0.078655
vn -0.061752 0.000000 -0.078655
vn -0.053042 0.000000 -0.084773
vn -0.053042 0.000000 -0.084773
vn -0.043731 0.000000 -0.089931
vn -0.043731 0.000000 -0.089931
vn -0.033924 0.000000 -0.094070
vn -0.033924 0.000000 -0.094070
vn -0.023733 0.000000 -0.097143
vn -0.023733 0.000000 -0.097143
vn -0.013273 0.000000 -0.099115
vn -0.013273 0.000000 -0.099115
vn -0.002662 0.000000 -0.099965
vn -0.002662 0.000000 -0.099965
vn 0.007979 0.000000 -0.099681
vn 0.007979 0.000000 -0.099681
vn 0.018529 0.000000 -0.098268
vn 0.018529 0.000000 -0.098268
vn 0.028869 0.000000 -0.095742
vn 0.028869 0.000000 -0.095742
vn 0.038882 0.000000 -0.092131
vn 0.038882 0.000000 -0.092131
vn 0.048455 0.000000 -0.087476
vn 0.048455 0.000000 -0.087476
vn 0.057479 0.000000 -0.081830
vn 0.057479 0.000000 -0.081830
vn 0.065851 0.000000 -0.075257
vn 0.065851 0.000000 -0.075257
vn 0.073477 0.000000 -0.067831
vn 0.073477 0.000000 -0.067831
vn 0.080271 0.000000 -0.059637
vn 0.080271 0.000000 -0.059637
vn 0.086155 0.000000 -0.050767
vn 0.086155 0.000000 -0.050767
vn 0.091063 0.000000 -0.041321
vn 0.091063 0.000000 -0.041321
vn 0.094940 0.000000 -0.031408
vn 0.094940 0.000000 -0.031408
vn 0.097740 0.000000 -0.021138
vn 0.097740 0.000000 -0.021138
vn -0.099684 0.000000 -0.007945
vn -0.099684 0.000000 -0.007945
vn -0.100000 0.000000 -0.000000
vn -0.100000 0.000000 -0.000000
vn -0.099684 0.000000 0.007945
vn -0.099684 0.000000 0.007945
vn -0.098738 0.000000 0.015840
vn -0.098738 0.000000 0.015840
vn -0.097167 0.000000 0.023634
vn -0.097167 0.000000 0.023634
vn -0.094982 0.000000 0.031280
vn -0.094982 0.000000 0.031280
vn -0.092197 0.000000 0.038727
vn -0.092197 0.000000 0.038727
vn -0.088828 0.000000 0.045930
vn -0.088828 0.000000 0.045930
vn -0.084898 0.000000 0.052842
vn -0.084898 0.000000 0.052842
vn -0.080432 0.000000 0.059420
vn -0.080432 0.000000 0.059420
vn -0.075456 0.000000 0.065623
vn -0.075456 0.000000 0.065623
vn -0.070004 0.000000 0.071410
vn -0.070004 0.000000 0.071410
vn -0.064109 0.000000 0.076746
vn -0.064109 0.000000 0.076746
vn -0.057809 0.000000 0.081597
vn -0.057809 0.000000 0.081597
vn -0.051144 0.000000 0.085932
vn -0.051144 0.000000 0.085932
vn -0.044155 0.000000 0.089724
vn -0.044155 0.000000 0.089724
vn -0.036886 0.000000 0.092948
vn -0.036886 0.000000 0.092948
vn -0.029385 0.000000 0.095585
vn -0.029385 0.000000 0.095585
vn -0.021698 0.000000 0.097618
vn -0.021698 0.000000 0.097618
vn -0.013874 0.000000 0.099033
vn -0.013874 0.000000 0.099033
vn -0.005962 0.000000 0.099822
vn -0.005962 0.000000 0.099822
vn 0.001988 -0.000000 0.099980
vn 0.001988 -0.000000 0.099980
vn 0.009925 -0.000000 0.099506
vn 0.009925 -0.000000 0.099506
vn 0.017800 -0.000000 0.098403
vn 0.017800 -0.000000 0.098403
vn 0.025562 -0.000000 0.096678
vn 0.025562 -0.000000 0.096678
vn 0.033162 -0.000000 0.094341
vn 0.033162 -0.000000 0.094341
vn 0.040553 -0.000000 0.091408
vn 0.040553 -0.000000 0.091408
vn 0.047687 -0.000000 0.087898
vn 0.047687 -0.000000 0.087898
vn 0.054519 -0.000000 0.083831
vn 0.054519 -0.000000 0.083831
vn 0.061008 -0.000000 0.079234
vn 0.061008 -0.000000 0.079234
vn 0.067110 -0.000000 0.074137
vn 0.067110 -0.000000 0.074137
vn 0.072788 -0.000000 0.068571
vn 0.072788 -0.000000 0.068571
vn 0.078006 -0.000000 0.062571
vn 0.078006 -0.000000 0.062571
vn 0.082730 -0.000000 0.056175
vn 0.082730 -0.000000 0.056175
vn 0.086932 -0.000000 0.049425
vn 0.086932 -0.000000 0.049425
vn 0.090584 -0.000000 0.042362
vn 0.090584 -0.000000 0.042362
vn 0.093663 -0.000000 0.035031
vn 0.093663 -0.000000 0.035031
vn 0.096150 -0.000000 0.027479
vn 0.096150 -0.000000 0.027479
vn 0.098030 -0.000000 0.019753
vn 0.098030 -0.000000 0.019753
vn 0.099289 -0.000000 0.011902
vn 0.099289 -0.000000 0.011902
vn 0.099921 -0.000000 0.003976
vn 0.099921 -0.000000 0.003976
vn 0.099921 0.000000 -0.003976
vn 0.099921 0.000000 -0.003976
vn 0.099289 0.000000 -0.011902
vn 0.099289 0.000000 -0.011902
vn 0.098030 0.000000 -0.019753
vn 0.098030 0.000000 -0.019753
vn 0.096150 0.000000 -0.027479
vn 0.096150 0.000000 -0.027479
vn 0.093663 0.000000 -0.035031
vn 0.093663 0.000000 -0.035031
vn 0.090584 0.000000 -0.042362
vn 0.090584 0.000000 -0.042362
vn 0.086932 0.000000 -0.049425
vn 0.086932 0.000000 -0.049425
vn 0.082730 0.000000 -0.056175
vn 0.082730 0.000000 -0.056175
vn 0.078006 0.000000 -0.062571
vn 0.078006 0.000000 -0.062571
vn 0.072788 0.000000 -0.068571
vn 0.072788 0.000000 -0.068571
vn 0.067110 0.000000 -0.074137
vn 0.067110 0.000000 -0.074137
vn 0.061008 0.000000 -0.079234
vn 0.061008 0.000000 -0.079234
vn 0.054519 0.000000 -0.083831
vn 0.054519 0.000000 -0.083831
vn 0.047687 0.000000 -0.087898
vn 0.047687 0.000000 -0.087898
vn 0.040553 0.000000 -0.091408
vn 0.040553 0.000000 -0.091408
vn 0.033162 0.000000 -0.094341
vn 0.033162 0.000000 -0.094341
vn 0.025562 0.000000 -0.096678
vn 0.025562 0.000000 -0.096678
vn 0.017800 0.000000 -0.098403
vn 0.017800 0.000000 -0.098403
vn 0.009925 0.000000 -0.099506
vn 0.009925 0.000000 -0.099506
vn 0.001988 0.000000 -0.099980
vn 0.001988 0.000000 -0.099980
vn -0.005962 0.000000 -0.099822
vn -0.005962 0.000000 -0.099822
vn -0.013874 0.000000 -0.099033
vn -0.013874 0.000000 -0.099033
vn -0.021698 0.000000 -0.097618
vn -0.021698 0.000000 -0.097618
vn -0.029385 0.000000 -0.095585
vn -0.029385 0.000000 -0.095585
vn -0.036886 0.000000 -0.092948
vn -0.036886 0.000000 -0.092948
vn -0.044155 0.000000 -0.089724
vn -0.044155 0.000000 -0.089724
vn -0.051144 0.000000 -0.085932
vn -0.051144 0.000000 -0.085932
vn -0.057809 0.000000 -0.081597
vn -0.057809 0.000000 -0.081597
vn -0.064109 0.000000 -0.076746
vn -0.064109 0.000000 -0.076746
vn -0.070004 0.000000 -0.071410
vn -0.070004 0.000000 -0.071410
vn -0.075456 0.000000 -0.065623
vn -0.075456 0.000000 -0.065623
vn -0.080432 0.000000 -0.059420
vn -0.080432 0.000000 -0.059420
vn -0.084898 0.000000 -0.052842
vn -0.084898 0.000000 -0.052842
vn -0.088828 0.000000 -0.045930
vn -0.088828 0.000000 -0.045930
vn -0.092197 0.000000 -0.038727
vn -0.092197 0.000000 -0.038727
vn -0.094982 0.000000 -0.031280
vn -0.094982 0.000000 -0.031280
vn -0.097167 0.000000 -0.023634
vn -0.097167 0.000000 -0.023634
vn -0.098738 0.000000 -0.015840
vn -0.098738 0.000000 -0.015840
vn 0.000000 0.100000 0.000000
vn 0.000000 0.100000 0.000000
vn 0.000000 0.100000 0.000000
vn 0.000000 0.100000 0.000000
vn 0.000000 0.100000 0.000000
vn 0.000000 0.100000 0.000000
vn 0.000000 0.100000 0.000000
vn 0.000000 0.100000 0.000000
vn 0.000000 0.100000 0.000000
vn 0.000000 0.100000 0.000000
vn 0.000000 0.100000 0.000000
vn 0.000000 0.100000 0.000000
vn 0.000000 0.100000 0.000000
vn 0.000000 0.100000 0.000000
vn 0.000000 0.100000 0.000000
vn 0.000000 0.100000 0.000000
vn 0.000000 0.100000 0.000000
vn 0.000000 0.100000 0.000000
vn 0.000000 0.100000 0.000000
vn 0.000000 0.100000 0.000000
vn 0.000000 0.100000 0.000000
vn 0.000000 0.100000 0.000000
vn 0.000000 0.100000 0.000000
vn 0.000000 0.100000 0.000000
vn 0.000000 0.100000 0.000000
vn 0.000000 0.100000 0.000000
vn 0.000000 0.100000 0.000000
vn 0.000000 0.100000 0.000000
vn 0.000000 0.100000 0.000000
vn 0.000000 0.100000 0.000000
vn 0.000000 0.100000 0.000000
vn 0.000000 0.100000 0.000000
vn 0.000000 0.100000 0.000000
vn 0.000000 0.100000 0.000000
vn 0.000000 0.100000 0.000000
vn 0.000000 0.100000 0.000000
vn 0.000000 0.100000 0.000000
vn 0.000000 0.100000 0.000000
vn 0.000000 0.100000 0.000000
vn 0.000000 0.100000 0.000000
vn 0.000000 0.100000 0.000000
vn 0.000000 0.100000 0.000000
vn 0.000000 0.100000 0.000000
vn 0.000000 0.100000 0.000000
vn 0.000000 0.100000 0.000000
vn 0.000000 0.100000 0.000000
vn 0.000000 0.100000 0.000000
vn 0.000000 0.100000 0.000000
vn 0.000000 0.100000 0.000000
vn 0.000000 0.100000 0.000000
vn 0.000000 0.100000 0.000000
vn 0.000000 0.100000 0.000000
vn 0.000000 0.100000 0.000000
vn 0.000000 0.100000 0.000000
vn 0.000000 0.100000 0.000000
vn 0.000000 0.100000 0.000000
vn 0.000000 0.100000 0.000000
vn 0.000000 0.100000 0.000000
vn 0.000000 0.100000 0.000000
vn 0.000000 0.100000 0.000000
vn 0.000000 0.100000 0.000000
vn 0.000000 0.100000 0.000000
vn 0.000000 0.100000 0.000000
vn 0.000000 0.100000 0.000000
vn 0.000000 0.100000 0.000000
vn 0.000000 0.100000 0.000000
vn 0.000000 0.100000 0.000000
vn 0.000000 0.100000 0.000000
vn 0.000000 0.100000 0.000000
vn 0.000000 0.100000 0.000000
vn 0.000000 0.100000 0.000000
vn 0.000000 0.100000 0.000000
vn 0.000000 0.100000 0.000000
vn 0.000000 0.100000 0.000000
vn 0.000000 0.100000 0.000000
vn 0.000000 0.100000 0.000000
vn 0.000000 0.100000 0.000000
vn 0.000000 0.100000 0.000000
vn 0.000000 0.100000 0.000000
vn 0.000000 0.100000 0.000000
vn 0.000000 0.100000 0.000000
vn 0.000000 0.100000 0.000000
vn 0.000000 0.100000 0.000000
vn 0.000000 0.100000 0.000000
vn 0.000000 0.100000 0.000000
vn 0.000000 0.100000 0.000000
vn 0.000000 0.100000 0.000000
vn 0.000000 0.100000 0.000000
vn 0.000000 0.100000 0.000000
vn 0.000000 0.100000 0.000000
vn 0.000000 0.100000 0.000000
vn 0.000000 0.100000 0.000000
vn 0.000000 0.100000 0.000000
vn 0.000000 0.100000 0.000000
vn 0.000000 0.100000 0.000000
vn 0.000000 0.100000 0.000000
vn 0.000000 0.100000 0.000000
vn 0.000000 0.100000 0.000000
vn 0.000000 0.100000 0.000000
vn 0.000000 0.100000 0.000000
vn 0.000000 0.100000 0.000000
vn 0.000000 0.100000 0.000000
vn 0.000000 0.100000 0.000000
vn 0.000000 0.100000 0.000000
vn 0.000000 0.100000 0.000000
vn 0.000000 0.100000 0.000000
vn 0.000000 0.100000 0.000000
vn 0.000000 0.100000 0.000000
vn 0.000000 0.100000 0.000000
vn 0.000000 0.100000 0.000000
vn 0.000000 0.100000 0.000000
vn 0.000000 0.100000 0.000000
vn 0.000000 0.100000 0.000000
vn 0.000000 0.100000 0.000000
vn 0.000000 0.100000 0.000000
vn 0.000000 0.100000 0.000000
vn 0.000000 0.100000 0.000000
vn 0.000000 0.100000 0.000000
vn 0.000000 0.100000 0.000000
vn 0.000000 0.100000 0.000000
vn 0.000000 0.100000 0.000000
vn 0.000000 0.100000 0.000000
vn 0.000000 0.100000 0.000000
vn 0.000000 0.100000 0.000000
vn 0.000000 0.100000 0.000000
vn 0.000000 0.100000 0.000000
vn 0.000000 0.100000 0.000000
vn 0.000000 0.100000 0.000000
vn 0.000000 0.100000 0.000000
vn 0.000000 0.100000 0.000000
vn 0.000000 0.100000 0.000000
vn 0.000000 0.100000 0.000000
vn 0.000000 0.100000 0.000000
vn 0.000000 0.100000 0.000000
vn 0.000000 0.100000 0.000000
vn 0.000000 0.100000 0.000000
vn 0.000000 0.100000 0.000000
vn 0.000000 0.100000 0.000000
vn 0.000000 -0.100000 0.000000
vn 0.000000 -0.100000 0.000000
vn 0.000000 -0.100000 0.000000
vn 0.000000 -0.100000 0.000000
vn 0.000000 -0.100000 0.000000
vn 0.000000 -0.100000 0.000000
vn 0.000000 -0.100000 0.000000
vn 0.000000 -0.100000 0.000000
vn 0.000000 -0.100000 0.000000
vn 0.000000 -0.100000 0.000000
vn 0.000000 -0.100000 0.000000
vn 0.000000 -0.100000 0.000000
vn 0.000000 -0.100000 0.000000
vn 0.000000 -0.100000 0.000000
vn 0.000000 -0.100000 0.000000
vn 0.000000 -0.100000 0.000000
vn 0.000000 -0.100000 0.000000
vn 0.000000 -0.100000 0.000000
vn 0.000000 -0.100000 0.000000
vn 0.000000 -0.100000 0.000000
vn 0.000000 -0.100000 0.000000
vn 0.000000 -0.100000 0.000000
vn 0.000000 -0.100000 0.000000
vn 0.000000 -0.100000 0.000000
vn 0.000000 -0.100000 0.000000
vn 0.000000 -0.100000 0.000000
vn 0.000000 -0.100000 0.000000
vn 0.000000 -0.100000 0.000000
vn 0.000000 -0.100000 0.000000
vn 0.000000 -0.100000 0.000000
vn 0.000000 -0.100000 0.000000
vn 0.000000 -0.100000 0.000000
vn 0.000000 -0.100000 0.000000
vn 0.000000 -0.100000 0.000000
vn 0.000000 -0.100000 0.000000
vn 0.000000 -0.100000 0.000000
vn 0.000000 -0.100000 0.000000
vn 0.000000 -0.100000 0.000000
vn 0.000000 -0.100000 0.000000
vn 0.000000 -0.100000 0.000000
vn 0.000000 -0.100000 0.000000
vn 0.000000 -0.100000 0.000000
vn 0.000000 -0.100000 0.000000
vn 0.000000 -0.100000 0.000000
vn 0.000000 -0.100000 0.000000
vn 0.000000 -0.100000 0.000000
vn 0.000000 -0.100000 0.000000
vn 0.000000 -0.100000 0.000000
vn 0.000000 -0.100000 0.000000
vn 0.000000 -0.100000 0.000000
vn 0.000000 -0.100000 0.000000
vn 0.000000 -0.100000 0.000000
vn 0.000000 -0.100000 0.000000
vn 0.000000 -0.100000 0.000000
vn 0.000000 -0.100000 0.000000
vn 0.000000 -0.100000 0.000000
vn 0.000000 -0.100000 0.000000
vn 0.000000 -0.100000 0.000000
vn 0.000000 -0.100000 0.000000
vn 0.000000 -0.100000 0.000000
vn 0.000000 -0.100000 0.000000
vn 0.000000 -0.100000 0.000000
vn 0.000000 -0.100000 0.000000
vn 0.000000 -0.100000 0.000000
vn 0.000000 -0.100000 0.000000
vn 0.000000 -0.100000 0.000000
vn 0.000000 -0.100000 0.000000
vn 0.000000 -0.100000 0.000000
vn 0.000000 -0.100000 0.000000
vn 0.000000 -0.100000 0.000000
vn 0.000000 -0.100000 0.000000
vn 0.000000 -0.100000 0.000000
vn 0.000000 -0.100000 0.000000
vn 0.000000 -0.100000 0.000000
vn 0.000000 -0.100000 0.000000
vn 0.000000 -0.100000 0.000000
vn 0.000000 -0.100000 0.000000
vn 0.000000 -0.100000 0.000000
vn 0.000000 -0.100000 0.000000
vn 0.000000 -0.100000 0.000000
vn 0.000000 -0.100000 0.000000
vn 0.000000 -0.100000 0.000000
vn 0.000000 -0.100000 0.000000
vn 0.000000 -0.100000 0.000000
vn 0.000000 -0.100000 0.000000
vn 0.000000 -0.100000 0.000000
vn 0.000000 -0.100000 0.000000
vn 0.000000 -0.100000 0.000000
vn 0.000000 -0.100000 0.000000
vn 0.000000 -0.100000 0.000000
vn 0.000000 -0.100000 0.000000
vn 0.000000 -0.100000 0.000000
vn 0.000000 -0.100000 0.000000
vn 0.000000 -0.100000 0.000000
vn 0.000000 -0.100000 0.000000
vn 0.000000 -0.100000 0.000000
vn 0.000000 -0.100000 0.000000
vn 0.000000 -0.100000 0.000000
vn 0.000000 -0.100000 0.000000
vn 0.000000 -0.100000 0.000000
vn 0.000000 -0.100000 0.000000
vn 0.000000 -0.100000 0.000000
vn 0.000000 -0.100000 0.000000
vn 0.000000 -0.100000 0.000000
vn 0.000000 -0.100000 0.000000
vn 0.000000 -0.100000 0.000000
vn 0.000000 -0.100000 0.000000
vn 0.000000 -0.100000 0.000000
vn 0.000000 -0.100000 0.000000
vn 0.000000 -0.100000 0.000000
vn 0.000000 -0.100000 0.000000
vn 0.000000 -0.100000 0.000000
vn 0.000000 -0.100000 0.000000
vn 0.000000 -0.100000 0.000000
vn 0.000000 -0.100000 0.000000
vn 0.000000 -0.100000 0.000000
vn 0.000000 -0.100000 0.000000
vn 0.000000 -0.100000 0.000000
vn 0.000000 -0.100000 0.000000
vn 0.000000 -0.100000 0.000000
vn 0.000000 -0.100000 0.000000
vn 0.000000 -0.100000 0.000000
vn 0.000000 -0.100000 0.000000
vn 0.000000 -0.100000 0.000000
vn 0.000000 -0.100000 0.000000
vn 0.000000 -0.100000 0.000000
vn 0.000000 -0.100000 0.000000
vn 0.000000 -0.100000 0.000000
vn 0.000000 -0.100000 0.000000
vn 0.000000 -0.100000 0.000000
vn 0.000000 -0.100000 0.000000
vn 0.000000 -0.100000 0.000000
vn 0.000000 -0.100000 0.000000
vn 0.000000 -0.100000 0.000000
vn 0.000000 -0.100000 0.000000
vn 0.000000 -0.100000 0.000000
vn 0.000000 -0.100000 0.000000
vn 0.000000 -0.100000 0.000000
f 554/1113/1105 670/1114/1106 553/1115/1107
f 553/1115/1107 670/1114/1106 612/1116/1108
f 553/1117/1107 612/1118/1108 611/1119/1109
f 611/1119/1109 612/1118/1108 613/1120/1110
f 611/1119/1109 613/1120/1110 610/1121/1111
f 610/1121/1111 613/1120/1110 614/1122/1112
f 610/1121/1111 614/1122/1112 609/1123/1113
f 609/1123/1113 614/1122/1112 615/1124/1114
f 609/1123/1113 615/1124/1114 608/1125/1115
f 608/1125/1115 615/1124/1114 616/1126/1116
f 608/1125/1115 616/1126/1116 607/1127/1117
f 607/1127/1117 616/1126/1116 617/1128/1118
f 607/1127/1117 617/1128/1118 606/1129/1119
f 606/1129/1119 617/1128/1118 618/1130/1120
f 606/1129/1119 618/1130/1120 605/1131/1121
f 605/1131/1121 618/1130/1120 619/1132/1122
f 605/1131/1121 619/1132/1122 604/1133/1123
f 604/1133/1123 619/1132/1122 620/1134/1124
f 604/1133/1123 620/1134/1124 603/1135/1125
f 603/1135/1125 620/1134/1124 621/1136/1126
f 603/1135/1125 621/1136/1126 602/1137/1127
f 602/1137/1127 621/1136/1126 622/1138/1128
f 602/1137/1127 622/1138/1128 601/1139/1129
f 601/1139/1129 622/1138/1128 623/1140/1130
f 601/1139/1129 623/1140/1130 600/1141/1131
f 600/1141/1131 623/1140/1130 624/1142/1132
f 600/1141/1131 624/1142/1132 599/1143/1133
f 599/1143/1133 624/1142/1132 625/1144/1134
f 599/1143/1133 625/1144/1134 598/1145/1135
f 598/1145/1135 625/1144/1134 626/1146/1136
f 598/1145/1135 626/1146/1136 597/1147/1137
f 597/1147/1137 626/1146/1136 627/1148/1138
f 597/1147/1137 627/1148/1138 596/1149/1139
f 596/1149/1139 627/1148/1138 628/1150/1140
f 596/1149/1139 628/1150/1140 595/1151/1141
f 595/1151/1141 628/1150/1140 629/1152/1142
f 595/1151/1141 629/1152/1142 594/1153/1143
f 594/1153/1143 629/1152/1142 630/1154/1144
f 594/1153/1143 630/1154/1144 593/1155/1145
f 593/1155/1145 630/1154/1144 631/1156/1146
f 593/1155/1145 631/1156/1146 592/1157/1147
f 592/1157/1147 631/1156/1146 632/1158/1148
f 592/1157/1147 632/1158/1148 591/1159/1149
f 591/1159/1149 632/1158/1148 633/1160/1150
f 591/1159/1149 633/1160/1150 590/1161/1151
f 590/1161/1151 633/1160/1150 634/1162/1152
f 590/1161/1151 634/1162/1152 589/1163/1153
f 589/1163/1153 634/1162/1152 635/1164/1154
f 589/1163/1153 635/1164/1154 588/1165/1155
f 588/1165/1155 635/1164/1154 636/1166/1156
f 588/1165/1155 636/1166/1156 587/1167/1157
f 587/1167/1157 636/1166/1156 637/1168/1158
f 587/1167/1157 637/1168/1158 586/1169/1159
f 586/1169/1159 637/1168/1158 638/1170/1160
f 586/1169/1159 638/1170/1160 585/1171/1161
f 585/1171/1161 638/1170/1160 639/1172/1162
f 585/1171/1161 639/1172/1162 584/1173/1163
f 584/1173/1163 639/1172/1162 640/1174/1164
f 584/1173/1163 640/1174/1164 583/1175/1165
f 583/1175/1165 640/1174/1164 641/1176/1166
f 583/1175/1165 641/1176/1166 582/1177/1167
f 582/1177/1167 641/1176/1166 642/1178/1168
f 582/1177/1167 642/1178/1168 581/1179/1169
f 581/1179/1169 642/1178/1168 643/1180/1170
f 581/1179/1169 643/1180/1170 580/1181/1171
f 580/1181/1171 643/1180/1170 644/1182/1172
f 580/1181/1171 644/1182/1172 579/1183/1173
f 579/1183/1173 644/1182/1172 645/1184/1174
f 579/1183/1173 645/1184/1174 578/1185/1175
f 578/1185/1175 645/1184/1174 646/1186/1176
f 578/1185/1175 646/1186/1176 577/1187/1177
f 577/1187/1177 646/1186/1176 647/1188/1178
f 577/1187/1177 647/1188/1178 576/1189/1179
f 576/1189/1179 647/1188/1178 648/1190/1180
f 576/1189/1179 648/1190/1180 575/1191/1181
f 575/1191/1181 648/1190/1180 649/1192/1182
f 575/1191/1181 649/1192/1182 574/1193/1183
f 574/1193/1183 649/1192/1182 650/1194/1184
f 574/1193/1183 650/1194/1184 573/1195/1185
f 573/1195/1185 650/1194/1184 651/1196/1186
f 573/1195/1185 651/1196/1186 572/1197/1187
f 572/1197/1187 651/1196/1186 652/1198/1188
f 572/1197/1187 652/1198/1188 571/1199/1189
f 571/1199/1189 652/1198/1188 653/1200/1190
f 571/1199/1189 653/1200/1190 570/1201/1191
f 570/1201/1191 653/1200/1190 654/1202/1192
f 570/1201/1191 654/1202/1192 569/1203/1193
f 569/1203/1193 654/1202/1192 655/1204/1194
f 569/1203/1193 655/1204/1194 568/1205/1195
f 568/1205/1195 655/1204/1194 656/1206/1196
f 568/1205/1195 656/1206/1196 567/1207/1197
f 567/1207/1197 656/1206/1196 657/1208/1198
f 567/1207/1197 657/1208/1198 566/1209/1199
f 566/1209/1199 657/1208/1198 658/1210/1200
f 566/1209/1199 658/1210/1200 565/1211/1201
f 565/1211/1201 658/1210/1200 659/1212/1202
f 565/1211/1201 659/1212/1202 564/1213/1203
f 564/1213/1203 659/1212/1202 660/1214/1204
f 564/1213/1203 660/1214/1204 563/1215/1205
f 563/1215/1205 660/1214/1204 661/1216/1206
f 563/1215/1205 661/1216/1206 562/1217/1207
f 562/1217/1207 661/1216/1206 662/1218/1208
f 562/1217/1207 662/1218/1208 561/1219/1209
f 561/1219/1209 662/1218/1208 663/1220/1210
f 561/1219/1209 663/1220/1210 560/1221/1211
f 560/1221/1211 663/1220/1210 664/1222/1212
f 560/1221/1211 664/1222/1212 559/1223/1213
f 559/1223/1213 664/1222/1212 665/1224/1214
f 559/1223/1213 665/1224/1214 558/1225/1215
f 558/1225/1215 665/1224/1214 666/1226/1216
f 558/1225/1215 666/1226/1216 557/1227/1217
f 557/1227/1217 666/1226/1216 667/1228/1218
f 557/1227/1217 667/1228/1218 556/1229/1219
f 556/1229/1219 667/1228/1218 668/1230/1220
f 556/1229/1219 668/1230/1220 555/1231/1221
f 555/1231/1221 668/1230/1220 669/1232/1222
f 555/1231/1221 669/1232/1222 554/1113/1105
f 554/1113/1105 669/1232/1222 670/1114/1106
f 672/1233/1223 828/1234/1224 671/1235/1225
f 671/1235/1225 828/1234/1224 750/1236/1226
f 671/1237/1225 750/1238/1226 749/1239/1227
f 749/1239/1227 750/1238/1226 751/1240/1228
f 749/1239/1227 751/1240/1228 748/1241/1229
f 748/1241/1229 751/1240/1228 752/1242/1230
f 748/1241/1229 752/1242/1230 747/1243/1231
f 747/1243/1231 752/1242/1230 753/1244/1232
f 747/1243/1231 753/1244/1232 746/1245/1233
f 746/1245/1233 753/1244/1232 754/1246/1234
f 746/1245/1233 754/1246/1234 745/1247/1235
f 745/1247/1235 754/1246/1234 755/1248/1236
f 745/1247/1235 755/1248/1236 744/1249/1237
f 744/1249/1237 755/1248/1236 756/1250/1238
f 744/1249/1237 756/1250/1238 743/1251/1239
f 743/1251/1239 756/1250/1238 757/1252/1240
f 743/1251/1239 757/1252/1240 742/1253/1241
f 742/1253/1241 757/1252/1240 758/1254/1242
f 742/1253/1241 758/1254/1242 741/1255/1243
f 741/1255/1243 758/1254/1242 759/1256/1244
f 741/1255/1243 759/1256/1244 740/1257/1245
f 740/1257/1245 759/1256/1244 760/1258/1246
f 740/1257/1245 760/1258/1246 739/1259/1247
f 739/1259/1247 760/1258/1246 761/1260/1248
f 739/1259/1247 761/1260/1248 738/1261/1249
f 738/1261/1249 761/1260/1248 762/1262/1250
f 738/1261/1249 762/1262/1250 737/1263/1251
f 737/1263/1251 762/1262/1250 763/1264/1252
f 737/1263/1251 763/1264/1252 736/1265/1253
f 736/1265/1253 763/1264/1252 764/1266/1254
f 736/1265/1253 764/1266/1254 735/1267/1255
f 735/1267/1255 764/1266/1254 765/1268/1256
f 735/1267/1255 765/1268/1256 734/1269/1257
f 734/1269/1257 765/1268/1256 766/1270/1258
f 734/1269/1257 766/1270/1258 733/1271/1259
f 733/1271/1259 766/1270/1258 767/1272/1260
f 733/1271/1259 767/1272/1260 732/1273/1261
f 732/1273/1261 767/1272/1260 768/1274/1262
f 732/1273/1261 768/1274/1262 731/1275/1263
f 731/1275/1263 768/1274/1262 769/1276/1264
f 731/1275/1263 769/1276/1264 730/1277/1265
f 730/1277/1265 769/1276/1264 770/1278/1266
f 730/1277/1265 770/1278/1266 729/1279/1267
f 729/1279/1267 770/1278/1266 771/1280/1268
f 729/1279/1267 771/1280/1268 728/1281/1269
f 728/1281/1269 771/1280/1268 772/1282/1270
f 728/1281/1269 772/1282/1270 727/1283/1271
f 727/1283/1271 772/1282/1270 773/1284/1272
f 727/1283/1271 773/1284/1272 726/1285/1273
f 726/1285/1273 773/1284/1272 774/1286/1274
f 726/1285/1273 774/1286/1274 725/1287/1275
f 725/1287/1275 774/1286/1274 775/1288/1276
f 725/1287/1275 775/1288/1276 724/1289/1277
f 724/1289/1277 775/1288/1276 776/1290/1278
f 724/1289/1277 776/1290/1278 723/1291/1279
f 723/1291/1279 776/1290/1278 777/1292/1280
f 723/1291/1279 777/1292/1280 722/1293/1281
f 722/1293/1281 777/1292/1280 778/1294/1282
f 722/1293/1281 778/1294/1282 721/1295/1283
f 721/1295/1283 778/1294/1282 779/1296/1284
f 721/1295/1283 779/1296/1284 720/1297/1285
f 720/1297/1285 779/1296/1284 780/1298/1286
f 720/1297/1285 780/1298/1286 719/1299/1287
f 719/1299/1287 780/1298/1286 781/1300/1288
f 719/1299/1287 781/1300/1288 718/1301/1289
f 718/1301/1289 781/1300/1288 782/1302/1290
f 718/1301/1289 782/1302/1290 717/1303/1291
f 717/1303/1291 782/1302/1290 783/1304/1292
f 717/1303/1291 783/1304/1292 716/1305/1293
f 716/1305/1293 783/1304/1292 784/1306/1294
f 716/1305/1293 784/1306/1294 715/1307/1295
f 715/1307/1295 784/1306/1294 785/1308/1296
f 715/1307/1295 785/1308/1296 714/1309/1297
f 714/1309/1297 785/1308/1296 786/1310/1298
f 714/1309/1297 786/1310/1298 713/1311/1299
f 713/1311/1299 786/1310/1298 787/1312/1300
f 713/1311/1299 787/1312/1300 712/1313/1301
f 712/1313/1301 787/1312/1300 788/1314/1302
f 712/1313/1301 788/1314/1302 711/1315/1303
f 711/1315/1303 788/1314/1302 789/1316/1304
f 711/1315/1303 789/1316/1304 710/1317/1305
f 710/1317/1305 789/1316/1304 790/1318/1306
f 710/1317/1305 790/1318/1306 709/1319/1307
f 709/1319/1307 790/1318/1306 791/1320/1308
f 709/1319/1307 791/1320/1308 708/1321/1309
f 708/1321/1309 791/1320/1308 792/1322/1310
f 708/1321/1309 792/1322/1310 707/1323/1311
f 707/1323/1311 792/1322/1310 793/1324/1312
f 707/1323/1311 793/1324/1312 706/1325/1313
f 706/1325/1313 793/1324/1312 794/1326/1314
f 706/1325/1313 794/1326/1314 705/1327/1315
f 705/1327/1315 794/1326/1314 795/1328/1316
f 705/1327/1315 795/1328/1316 704/1329/1317
f 704/1329/1317 795/1328/1316 796/1330/1318
f 704/1329/1317 796/1330/1318 703/1331/1319
f 703/1331/1319 796/1330/1318 797/1332/1320
f 703/1331/1319 797/1332/1320 702/1333/1321
f 702/1333/1321 797/1332/1320 798/1334/1322
f 702/1333/1321 798/1334/1322 701/1335/1323
f 701/1335/1323 798/1334/1322 799/1336/1324
f 701/1335/1323 799/1336/1324 700/1337/1325
f 700/1337/1325 799/1336/1324 800/1338/1326
f 700/1337/1325 800/1338/1326 699/1339/1327
f 699/1339/1327 800/1338/1326 801/1340/1328
f 699/1339/1327 801/1340/1328 698/1341/1329
f 698/1341/1329 801/1340/1328 802/1342/1330
f 698/1341/1329 802/1342/1330 697/1343/1331
f 697/1343/1331 802/1342/1330 803/1344/1332
f 697/1343/1331 803/1344/1332 696/1345/1333
f 696/1345/1333 803/1344/1332 804/1346/1334
f 696/1345/1333 804/1346/1334 695/1347/1335
f 695/1347/1335 804/1346/1334 805/1348/1336
f 695/1347/1335 805/1348/1336 694/1349/1337
f 694/1349/1337 805/1348/1336 806/1350/1338
f 694/1349/1337 806/1350/1338 693/1351/1339
f 693/1351/1339 806/1350/1338 807/1352/1340
f 693/1351/1339 807/1352/1340 692/1353/1341
f 692/1353/1341 807/1352/1340 808/1354/1342
f 692/1353/1341 808/1354/1342 691/1355/1343
f 691/1355/1343 808/1354/1342 809/1356/1344
f 691/1355/1343 809/1356/1344 690/1357/1345
f 690/1357/1345 809/1356/1344 810/1358/1346
f 690/1357/1345 810/1358/1346 689/1359/1347
f 689/1359/1347 810/1358/1346 811/1360/1348
f 689/1359/1347 811/1360/1348 688/1361/1349
f 688/1361/1349 811/1360/1348 812/1362/1350
f 688/1361/1349 812/1362/1350 687/1363/1351
f 687/1363/1351 812/1362/1350 813/1364/1352
f 687/1363/1351 813/1364/1352 686/1365/1353
f 686/1365/1353 813/1364/1352 814/1366/1354
f 686/1365/1353 814/1366/1354 685/1367/1355
f 685/1367/1355 814/1366/1354 815/1368/1356
f 685/1367/1355 815/1368/1356 684/1369/1357
f 684/1369/1357 815/1368/1356 816/1370/1358
f 684/1369/1357 816/1370/1358 683/1371/1359
f 683/1371/1359 816/1370/1358 817/1372/1360
f 683/1371/1359 817/1372/1360 682/1373/1361
f 682/1373/1361 817/1372/1360 818/1374/1362
f 682/1373/1361 818/1374/1362 681/1375/1363
f 681/1375/1363 818/1374/1362 819/1376/1364
f 681/1375/1363 819/1376/1364 680/1377/1365
f 680/1377/1365 819/1376/1364 820/1378/1366
f 680/1377/1365 820/1378/1366 679/1379/1367
f 679/1379/1367 820/1378/1366 821/1380/1368
f 679/1379/1367 821/1380/1368 678/1381/1369
f 678/1381/1369 821/1380/1368 822/1382/1370
f 678/1381/1369 822/1382/1370 677/1383/1371
f 677/1383/1371 822/1382/1370 823/1384/1372
f 677/1383/1371 823/1384/1372 676/1385/1373
f 676/1385/1373 823/1384/1372 824/1386/1374
f 676/1385/1373 824/1386/1374 675/1387/1375
f 675/1387/1375 824/1386/1374 825/1388/1376
f 675/1387/1375 825/1388/1376 674/1389/1377
f 674/1389/1377 825/1388/1376 826/1390/1378
f 674/1389/1377 826/1390/1378 673/1391/1379
f 673/1391/1379 826/1390/1378 827/1392/1380
f 673/1391/1379 827/1392/1380 672/1233/1223
f 672/1233/1223 827/1392/1380 828/1234/1224
f 611/1393/1381 672/1394/1382 553/1395/1383
f 553/1395/1383 672/1394/1382 671/1396/1384
f 553/1395/1383 671/1396/1384 749/1397/1385
f 672/1394/1382 611/1393/1381 673/1398/1386
f 673/1398/1386 611/1393/1381 610/1399/1387
f 673/1398/1386 610/1399/1387 674/1400/1388
f 674/1400/1388 610/1399/1387 609/1401/1389
f 674/1400/1388 609/1401/1389 675/1402/1390
f 675/1402/1390 609/1401/1389 676/1403/1391
f 676/1403/1391 609/1401/1389 608/1404/1392
f 676/1403/1391 608/1404/1392 677/1405/1393
f 677/1405/1393 608/1404/1392 607/1406/1394
f 677/1405/1393 607/1406/1394 678/1407/1395
f 678/1407/1395 607/1406/1394 606/1408/1396
f 678/1407/1395 606/1408/1396 679/1409/1397
f 679/1409/1397 606/1408/1396 680/1410/1398
f 680/1410/1398 606/1408/1396 605/1411/1399
f 680/1410/1398 605/1411/1399 681/1412/1400
f 681/1412/1400 605/1411/1399 604/1413/1401
f 681/1412/1400 604/1413/1401 682/1414/1402
f 682/1414/1402 604/1413/1401 603/1415/1403
f 682/1414/1402 603/1415/1403 683/1416/1404
f 683/1416/1404 603/1415/1403 684/1417/1405
f 684/1417/1405 603/1415/1403 602/1418/1406
f 684/1417/1405 602/1418/1406 685/1419/1407
f 685/1419/1407 602/1418/1406 601/1420/1408
f 685/1419/1407 601/1420/1408 686/1421/1409
f 686/1421/1409 601/1420/1408 600/1422/1410
f 686/1421/1409 600/1422/1410 687/1423/1411
f 687/1423/1411 600/1422/1410 688/1424/1412
f 688/1424/1412 600/1422/1410 599/1425/1413
f 688/1424/1412 599/1425/1413 689/1426/1414
f 689/1426/1414 599/1425/1413 598/1427/1415
f 689/1426/1414 598/1427/1415 690/1428/1416
f 690/1428/1416 598/1427/1415 597/1429/1417
f 690/1428/1416 597/1429/1417 691/1430/1418
f 691/1430/1418 597/1429/1417 692/1431/1419
f 692/1431/1419 597/1429/1417 596/1432/1420
f 692/1431/1419 596/1432/1420 693/1433/1421
f 693/1433/1421 596/1432/1420 595/1434/1422
f 693/1433/1421 595/1434/1422 694/1435/1423
f 694/1435/1423 595/1434/1422 594/1436/1424
f 694/1435/1423 594/1436/1424 695/1437/1425
f 695/1437/1425 594/1436/1424 696/1438/1426
f 696/1438/1426 594/1436/1424 593/1439/1427
f 696/1438/1426 593/1439/1427 697/1440/1428
f 697/1440/1428 593/1439/1427 592/1441/1429
f 697/1440/1428 592/1441/1429 698/1442/1430
f 698/1442/1430 592/1441/1429 591/1443/1431
f 698/1442/1430 591/1443/1431 699/1444/1432
f 699/1444/1432 591/1443/1431 700/1445/1433
f 700/1445/1433 591/1443/1431 590/1446/1434
f 700/1445/1433 590/1446/1434 701/1447/1435
f 701/1447/1435 590/1446/1434 589/1448/1436
f 701/1447/1435 589/1448/1436 702/1449/1437
f 702/1449/1437 589/1448/1436 588/1450/1438
f 702/1449/1437 588/1450/1438 703/1451/1439
f 703/1451/1439 588/1450/1438 704/1452/1440
f 704/1452/1440 588/1450/1438 587/1453/1441
f 704/1452/1440 587/1453/1441 705/1454/1442
f 705/1454/1442 587/1453/1441 586/1455/1443
f 705/1454/1442 586/1455/1443 706/1456/1444
f 706/1456/1444 586/1455/1443 585/1457/1445
f 706/1456/1444 585/1457/1445 707/1458/1446
f 707/1458/1446 585/1457/1445 708/1459/1447
f 708/1459/1447 585/1457/1445 584/1460/1448
f 708/1459/1447 584/1460/1448 709/1461/1449
f 709/1461/1449 584/1460/1448 583/1462/1450
f 709/1461/1449 583/1462/1450 710/1463/1451
f 710/1463/1451 583/1462/1450 711/1464/1452
f 711/1464/1452 583/1462/1450 582/1465/1453
f 711/1464/1452 582/1465/1453 712/1466/1454
f 712/1466/1454 582/1465/1453 581/1467/1455
f 712/1466/1454 581/1467/1455 713/1468/1456
f 713/1468/1456 581/1467/1455 580/1469/1457
f 713/1468/1456 580/1469/1457 714/1470/1458
f 714/1470/1458 580/1469/1457 715/1471/1459
f 715/1471/1459 580/1469/1457 579/1472/1460
f 715/1471/1459 579/1472/1460 716/1473/1461
f 716/1473/1461 579/1472/1460 578/1474/1462
f 716/1473/1461 578/1474/1462 717/1475/1463
f 717/1475/1463 578/1474/1462 577/1476/1464
f 717/1475/1463 577/1476/1464 718/1477/1465
f 718/1477/1465 577/1476/1464 719/1478/1466
f 719/1478/1466 577/1476/1464 576/1479/1467
f 719/1478/1466 576/1479/1467 720/1480/1468
f 720/1480/1468 576/1479/1467 575/1481/1469
f 720/1480/1468 575/1481/1469 721/1482/1470
f 721/1482/1470 575/1481/1469 574/1483/1471
f 721/1482/1470 574/1483/1471 722/1484/1472
f 722/1484/1472 574/1483/1471 573/1485/1473
f 722/1484/1472 573/1485/1473 723/1486/1474
f 723/1486/1474 573/1485/1473 572/1487/1475
f 723/1486/1474 572/1487/1475 724/1488/1476
f 724/1488/1476 572/1487/1475 725/1489/1477
f 725/1489/1477 572/1487/1475 571/1490/1478
f 725/1489/1477 571/1490/1478 726/1491/1479
f 726/1491/1479 571/1490/1478 727/1492/1480
f 727/1492/1480 571/1490/1478 570/1493/1481
f 727/1492/1480 570/1493/1481 728/1494/1482
f 728/1494/1482 570/1493/1481 569/1495/1483
f 728/1494/1482 569/1495/1483 729/1496/1484
f 729/1496/1484 569/1495/1483 568/1497/1485
f 729/1496/1484 568/1497/1485 730/1498/1486
f 730/1498/1486 568/1497/1485 731/1499/1487
f 731/1499/1487 568/1497/1485 567/1500/1488
f 731/1499/1487 567/1500/1488 732/1501/1489
f 732/1501/1489 567/1500/1488 566/1502/1490
f 732/1501/1489 566/1502/1490 733/1503/1491
f 733/1503/1491 566/1502/1490 565/1504/1492
f 733/1503/1491 565/1504/1492 734/1505/1493
f 734/1505/1493 565/1504/1492 735/1506/1494
f 735/1506/1494 565/1504/1492 564/1507/1495
f 735/1506/1494 564/1507/1495 736/1508/1496
f 736/1508/1496 564/1507/1495 563/1509/1497
f 736/1508/1496 563/1509/1497 737/1510/1498
f 737/1510/1498 563/1509/1497 562/1511/1499
f 737/1510/1498 562/1511/1499 738/1512/1500
f 738/1512/1500 562/1511/1499 739/1513/1501
f 739/1513/1501 562/1511/1499 561/1514/1502
f 739/1513/1501 561/1514/1502 740/1515/1503
f 740/1515/1503 561/1514/1502 560/1516/1504
f 740/1515/1503 560/1516/1504 741/1517/1505
f 741/1517/1505 560/1516/1504 559/1518/1506
f 741/1517/1505 559/1518/1506 742/1519/1507
f 742/1519/1507 559/1518/1506 743/1520/1508
f 743/1520/1508 559/1518/1506 558/1521/1509
f 743/1520/1508 558/1521/1509 744/1522/1510
f 744/1522/1510 558/1521/1509 557/1523/1511
f 744/1522/1510 557/1523/1511 745/1524/1512
f 745/1524/1512 557/1523/1511 556/1525/1513
f 745/1524/1512 556/1525/1513 746/1526/1514
f 746/1526/1514 556/1525/1513 747/1527/1515
f 747/1527/1515 556/1525/1513 555/1528/1516
f 747/1527/1515 555/1528/1516 748/1529/1517
f 748/1529/1517 555/1528/1516 554/1530/1518
f 748/1529/1517 554/1530/1518 749/1397/1385
f 749/1397/1385 554/1530/1518 553/1395/1383
f 670/1531/1519 751/1532/1520 612/1533/1521
f 612/1533/1521 751/1532/1520 750/1534/1522
f 612/1533/1521 750/1534/1522 828/1535/1523
f 751/1532/1520 670/1531/1519 752/1536/1524
f 752/1536/1524 670/1531/1519 669/1537/1525
f 752/1536/1524 669/1537/1525 753/1538/1526
f 753/1538/1526 669/1537/1525 668/1539/1527
f 753/1538/1526 668/1539/1527 754/1540/1528
f 754/1540/1528 668/1539/1527 755/1541/1529
f 755/1541/1529 668/1539/1527 667/1542/1530
f 755/1541/1529 667/1542/1530 756/1543/1531
f 756/1543/1531 667/1542/1530 666/1544/1532
f 756/1543/1531 666/1544/1532 757/1545/1533
f 757/1545/1533 666/1544/1532 665/1546/1534
f 757/1545/1533 665/1546/1534 758/1547/1535
f 758/1547/1535 665/1546/1534 759/1548/1536
f 759/1548/1536 665/1546/1534 664/1549/1537
f 759/1548/1536 664/1549/1537 760/1550/1538
f 760/1550/1538 664/1549/1537 663/1551/1539
f 760/1550/1538 663/1551/1539 761/1552/1540
f 761/1552/1540 663/1551/1539 662/1553/1541
f 761/1552/1540 662/1553/1541 762/1554/1542
f 762/1554/1542 662/1553/1541 763/1555/1543
f 763/1555/1543 662/1553/1541 661/1556/1544
f 763/1555/1543 661/1556/1544 764/1557/1545
f 764/1557/1545 661/1556/1544 660/1558/1546
f 764/1557/1545 660/1558/1546 765/1559/1547
f 765/1559/1547 660/1558/1546 659/1560/1548
f 765/1559/1547 659/1560/1548 766/1561/1549
f 766/1561/1549 659/1560/1548 767/1562/1550
f 767/1562/1550 659/1560/1548 658/1563/1551
f 767/1562/1550 658/1563/1551 768/1564/1552
f 768/1564/1552 658/1563/1551 657/1565/1553
f 768/1564/1552 657/1565/1553 769/1566/1554
f 769/1566/1554 657/1565/1553 656/1567/1555
f 769/1566/1554 656/1567/1555 770/1568/1556
f 770/1568/1556 656/1567/1555 771/1569/1557
f 771/1569/1557 656/1567/1555 655/1570/1558
f 771/1569/1557 655/1570/1558 772/1571/1559
f 772/1571/1559 655/1570/1558 654/1572/1560
f 772/1571/1559 654/1572/1560 773/1573/1561
f 773/1573/1561 654/1572/1560 653/1574/1562
f 773/1573/1561 653/1574/1562 774/1575/1563
f 774/1575/1563 653/1574/1562 775/1576/1564
f 775/1576/1564 653/1574/1562 652/1577/1565
f 775/1576/1564 652/1577/1565 776/1578/1566
f 776/1578/1566 652/1577/1565 777/1579/1567
f 777/1579/1567 652/1577/1565 651/1580/1568
f 777/1579/1567 651/1580/1568 650/1581/1569
f 649/1582/1570 779/1583/1571 650/1581/1569
f 650/1581/1569 779/1583/1571 778/1584/1572
f 650/1581/1569 778/1584/1572 777/1579/1567
f 779/1583/1571 649/1582/1570 780/1585/1573
f 780/1585/1573 649/1582/1570 648/1586/1574
f 780/1585/1573 648/1586/1574 781/1587/1575
f 781/1587/1575 648/1586/1574 647/1588/1576
f 781/1587/1575 647/1588/1576 782/1589/1577
f 782/1589/1577 647/1588/1576 783/1590/1578
f 783/1590/1578 647/1588/1576 646/1591/1579
f 783/1590/1578 646/1591/1579 784/1592/1580
f 784/1592/1580 646/1591/1579 645/1593/1581
f 784/1592/1580 645/1593/1581 785/1594/1582
f 785/1594/1582 645/1593/1581 644/1595/1583
f 785/1594/1582 644/1595/1583 786/1596/1584
f 786/1596/1584 644/1595/1583 787/1597/1585
f 787/1597/1585 644/1595/1583 643/1598/1586
f 787/1597/1585 643/1598/1586 788/1599/1587
f 788/1599/1587 643/1598/1586 642/1600/1588
f 788/1599/1587 642/1600/1588 789/1601/1589
f 789/1601/1589 642/1600/1588 641/1602/1590
f 789/1601/1589 641/1602/1590 790/1603/1591
f 790/1603/1591 641/1602/1590 791/1604/1592
f 791/1604/1592 641/1602/1590 640/1605/1593
f 791/1604/1592 640/1605/1593 792/1606/1594
f 792/1606/1594 640/1605/1593 639/1607/1595
f 792/1606/1594 639/1607/1595 793/1608/1596
f 793/1608/1596 639/1607/1595 794/1609/1597
f 794/1609/1597 639/1607/1595 638/1610/1598
f 794/1609/1597 638/1610/1598 795/1611/1599
f 795/1611/1599 638/1610/1598 637/1612/1600
f 795/1611/1599 637/1612/1600 796/1613/1601
f 796/1613/1601 637/1612/1600 636/1614/1602
f 796/1613/1601 636/1614/1602 797/1615/1603
f 797/1615/1603 636/1614/1602 798/1616/1604
f 798/1616/1604 636/1614/1602 635/1617/1605
f 798/1616/1604 635/1617/1605 799/1618/1606
f 799/1618/1606 635/1617/1605 634/1619/1607
f 799/1618/1606 634/1619/1607 800/1620/1608
f 800/1620/1608 634/1619/1607 633/1621/1609
f 800/1620/1608 633/1621/1609 801/1622/1610
f 801/1622/1610 633/1621/1609 802/1623/1611
f 802/1623/1611 633/1621/1609 632/1624/1612
f 802/1623/1611 632/1624/1612 803/1625/1613
f 803/1625/1613 632/1624/1612 631/1626/1614
f 803/1625/1613 631/1626/1614 804/1627/1615
f 804/1627/1615 631/1626/1614 630/1628/1616
f 804/1627/1615 630/1628/1616 805/1629/1617
f 805/1629/1617 630/1628/1616 806/1630/1618
f 806/1630/1618 630/1628/1616 629/1631/1619
f 806/1630/1618 629/1631/1619 807/1632/1620
f 807/1632/1620 629/1631/1619 628/1633/1621
f 807/1632/1620 628/1633/1621 808/1634/1622
f 808/1634/1622 628/1633/1621 627/1635/1623
f 808/1634/1622 627/1635/1623 809/1636/1624
f 809/1636/1624 627/1635/1623 810/1637/1625
f 810/1637/1625 627/1635/1623 626/1638/1626
f 810/1637/1625 626/1638/1626 811/1639/1627
f 811/1639/1627 626/1638/1626 625/1640/1628
f 811/1639/1627 625/1640/1628 812/1641/1629
f 812/1641/1629 625/1640/1628 624/1642/1630
f 812/1641/1629 624/1642/1630 813/1643/1631
f 813/1643/1631 624/1642/1630 814/1644/1632
f 814/1644/1632 624/1642/1630 623/1645/1633
f 814/1644/1632 623/1645/1633 815/1646/1634
f 815/1646/1634 623/1645/1633 622/1647/1635
f 815/1646/1634 622/1647/1635 816/1648/1636
f 816/1648/1636 622/1647/1635 621/1649/1637
f 816/1648/1636 621/1649/1637 817/1650/1638
f 817/1650/1638 621/1649/1637 818/1651/1639
f 818/1651/1639 621/1649/1637 620/1652/1640
f 818/1651/1639 620/1652/1640 819/1653/1641
f 819/1653/1641 620/1652/1640 619/1654/1642
f 819/1653/1641 619/1654/1642 820/1655/1643
f 820/1655/1643 619/1654/1642 618/1656/1644
f 820/1655/1643 618/1656/1644 821/1657/1645
f 821/1657/1645 618/1656/1644 822/1658/1646
f 822/1658/1646 618/1656/1644 617/1659/1647
f 822/1658/1646 617/1659/1647 823/1660/1648
f 823/1660/1648 617/1659/1647 616/1661/1649
f 823/1660/1648 616/1661/1649 824/1662/1650
f 824/1662/1650 616/1661/1649 615/1663/1651
f 824/1662/1650 615/1663/1651 825/1664/1652
f 825/1664/1652 615/1663/1651 826/1665/1653
f 826/1665/1653 615/1663/1651 614/1666/1654
f 826/1665/1653 614/1666/1654 827/1667/1655
f 827/1667/1655 614/1666/1654 613/1668/1656
f 827/1667/1655 613/1668/1656 828/1535/1523
f 828/1535/1523 613/1668/1656 612/1533/1521
g Standoff 4

v 16.931223 3.000000 0.000000
v 16.937455 3.000000 0.116923
v 16.956079 3.000000 0.232521
v 16.986886 3.000000 0.345484
v 17.029525 3.000000 0.454533
v 17.083513 3.000000 0.558432
v 17.148240 3.000000 0.656004
v 17.222971 3.000000 0.746143
v 17.306860 3.000000 0.827828
v 17.398957 3.000000 0.900133
v 17.498217 3.000000 0.962239
v 17.603516 3.000000 1.013443
v 17.713662 3.000000 1.053164
v 17.827405 3.000000 1.080953
v 17.943458 3.000000 1.096493
v 18.060505 3.000000 1.099610
v 18.177221 3.000000 1.090268
v 18.292282 3.000000 1.068573
v 18.404386 3.000000 1.034770
v 18.512261 3.000000 0.989243
v 18.614686 3.000000 0.932508
v 18.710500 3.000000 0.865207
v 18.798618 3.000000 0.788102
v 18.878040 3.000000 0.702069
v 18.947868 3.000000 0.608080
v 19.007310 3.000000 0.507202
v 19.055693 3.000000 0.400577
v 19.092468 3.000000 0.289413
v 19.117218 3.000000 0.174970
v 19.129664 3.000000 0.058544
v 19.129664 3.000000 -0.058544
v 19.117218 3.000000 -0.174970
v 19.092468 3.000000 -0.289413
v 19.055693 3.000000 -0.400577
v 19.007310 3.000000 -0.507202
v 18.947868 3.000000 -0.608080
v 18.878040 3.000000 -0.702069
v 18.798618 3.000000 -0.788102
v 18.710500 3.000000 -0.865207
v 18.614686 3.000000 -0.932508
v 18.512261 3.000000 -0.989243
v 18.404386 3.000000 -1.034770
v 18.292282 3.000000 -1.068573
v 18.177221 3.000000 -1.090268
v 18.060505 3.000000 -1.099610
v 17.943458 3.000000 -1.096493
v 17.827405 3.000000 -1.080953
v 17.713662 3.000000 -1.053164
v 17.603516 3.000000 -1.013443
v 17.498217 3.000000 -0.962239
v 17.398957 3.000000 -0.900133
v 17.306860 3.000000 -0.827828
v 17.222971 3.000000 -0.746143
v 17.148240 3.000000 -0.656004
v 17.083513 3.000000 -0.558432
v 17.029525 3.000000 -0.454533
v 16.986886 3.000000 -0.345484
v 16.956079 3.000000 -0.232521
v 16.937455 3.000000 -0.116923
v 16.931223 1.500000 0.000000
v 16.937455 1.500000 -0.116923
v 16.956079 1.500000 -0.232521
v 16.986886 1.500000 -0.345484
v 17.029525 1.500000 -0.454533
v 17.083513 1.500000 -0.558432
v 17.148240 1.500000 -0.656004
v 17.222971 1.500000 -0.746143
v 17.306860 1.500000 -0.827828
v 17.398957 1.500000 -0.900133
v 17.498217 1.500000 -0.962239
v 17.603516 1.500000 -1.013443
v 17.713662 1.500000 -1.053164
v 17.827405 1.500000 -1.080953
v 17.943458 1.500000 -1.096493
v 18.060505 1.500000 -1.099610
v 18.177221 1.500000 -1.090268
v 18.292282 1.500000 -1.068573
v 18.404386 1.500000 -1.034770
v 18.512261 1.500000 -0.989243
v 18.614686 1.500000 -0.932508
v 18.710500 1.500000 -0.865207
v 18.798618 1.500000 -0.788102
v 18.878040 1.500000 -0.702069
v 18.947868 1.500000 -0.608080
v 19.007310 1.500000 -0.507202
v 19.055693 1.500000 -0.400577
v 19.092468 1.500000 -0.289413
v 19.117218 1.500000 -0.174970
v 19.129664 1.500000 -0.058544
v 19.129664 1.500000 0.058544
v 19.117218 1.500000 0.174970
v 19.092468 1.500000 0.289413
v 19.055693 1.500000 0.400577
v 19.007310 1.500000 0.507202
v 18.947868 1.500000 0.608080
v 18.878040 1.500000 0.702069
v 18.798618 1.500000 0.788102
v 18.710500 1.500000 0.865207
v 18.614686 1.500000 0.932508
v 18.512261 1.500000 0.989243
v 18.404386 1.500000 1.034770
v 18.292282 1.500000 1.068573
v 18.177221 1.500000 1.090268
v 18.060505 1.500000 1.099610
v 17.943458 1.500000 1.096493
v 17.827405 1.500000 1.080953
v 17.713662 1.500000 1.053164
v 17.603516 1.500000 1.013443
v 17.498217 1.500000 0.962239
v 17.398957 1.500000 0.900133
v 17.306860 1.500000 0.827828
v 17.222971 1.500000 0.746143
v 17.148240 1.500000 0.656004
v 17.083513 1.500000 0.558432
v 17.029525 1.500000 0.454533
v 16.986886 1.500000 0.345484
v 16.956079 1.500000 0.232521
v 16.937455 1.500000 0.116923
v 16.031223 3.000000 0.000000
v 16.037545 3.000000 -0.158900
v 16.056472 3.000000 -0.316796
v 16.087884 3.000000 -0.472689
v 16.131583 3.000000 -0.625593
v 16.187291 3.000000 -0.774542
v 16.254658 3.000000 -0.918595
v 16.333256 3.000000 -1.056839
v 16.422590 3.000000 -1.188402
v 16.522094 3.000000 -1.312451
v 16.631139 3.000000 -1.428203
v 16.749036 3.000000 -1.534925
v 16.875039 3.000000 -1.631943
v 17.008352 3.000000 -1.718643
v 17.148132 3.000000 -1.794478
v 17.293495 3.000000 -1.858967
v 17.443522 3.000000 -1.911703
v 17.597265 3.000000 -1.952353
v 17.753752 3.000000 -1.980659
v 17.911993 3.000000 -1.996443
v 18.070987 3.000000 -1.999605
v 18.229731 3.000000 -1.990124
v 18.387219 3.000000 -1.968062
v 18.542456 3.000000 -1.933556
v 18.694461 3.000000 -1.886827
v 18.842274 3.000000 -1.828168
v 18.984958 3.000000 -1.757950
v 19.121612 3.000000 -1.676619
v 19.251373 3.000000 -1.584687
v 19.373420 3.000000 -1.482737
v 19.486981 3.000000 -1.371412
v 19.591338 3.000000 -1.251416
v 19.685831 3.000000 -1.123509
v 19.769863 3.000000 -0.988498
v 19.842904 3.000000 -0.847238
v 19.904490 3.000000 -0.700622
v 19.954233 3.000000 -0.549576
v 19.991818 3.000000 -0.395055
v 20.017007 3.000000 -0.238036
v 20.029642 3.000000 -0.079513
v 20.029642 3.000000 0.079513
v 20.017007 3.000000 0.238036
v 19.991818 3.000000 0.395055
v 19.954233 3.000000 0.549576
v 19.904490 3.000000 0.700622
v 19.842904 3.000000 0.847238
v 19.769863 3.000000 0.988498
v 19.685831 3.000000 1.123509
v 19.591338 3.000000 1.251416
v 19.486981 3.000000 1.371412
v 19.373420 3.000000 1.482737
v 19.251373 3.000000 1.584687
v 19.121612 3.000000 1.676619
v 18.984958 3.000000 1.757950
v 18.842274 3.000000 1.828168
v 18.694461 3.000000 1.886827
v 18.542456 3.000000 1.933556
v 18.387219 3.000000 1.968062
v 18.229731 3.000000 1.990124
v 18.070987 3.000000 1.999605
v 17.911993 3.000000 1.996443
v 17.753752 3.000000 1.980659
v 17.597265 3.000000 1.952353
v 17.443522 3.000000 1.911703
v 17.293495 3.000000 1.858967
v 17.148132 3.000000 1.794478
v 17.008352 3.000000 1.718643
v 16.875039 3.000000 1.631943
v 16.749036 3.000000 1.534925
v 16.631139 3.000000 1.428203
v 16.522094 3.000000 1.312451
v 16.422590 3.000000 1.188402
v 16.333256 3.000000 1.056839
v 16.254658 3.000000 0.918595
v 16.187291 3.000000 0.774542
v 16.131583 3.000000 0.625593
v 16.087884 3.000000 0.472689
v 16.056472 3.000000 0.316796
v 16.037545 3.000000 0.158900
v 16.031223 1.500000 0.000000
v 16.037545 1.500000 0.158900
v 16.056472 1.500000 0.316796
v 16.087884 1.500000 0.472689
v 16.131583 1.500000 0.625593
v 16.187291 1.500000 0.774542
v 16.254658 1.500000 0.918595
v 16.333256 1.500000 1.056839
v 16.422590 1.500000 1.188402
v 16.522094 1.500000 1.312451
v 16.631139 1.500000 1.428203
v 16.749036 1.500000 1.534925
v 16.875039 1.500000 1.631943
v 17.008352 1.500000 1.718643
v 17.148132 1.500000 1.794478
v 17.293495 1.500000 1.858967
v 17.443522 1.500000 1.911703
v 17.597265 1.500000 1.952353
v 17.753752 1.500000 1.980659
v 17.911993 1.500000 1.996443
v 18.070987 1.500000 1.999605
v 18.229731 1.500000 1.990124
v 18.387219 1.500000 1.968062
v 18.542456 1.500000 1.933556
v 18.694461 1.500000 1.886827
v 18.842274 1.500000 1.828168
v 18.984958 1.500000 1.757950
v 19.121612 1.500000 1.676619
v 19.251373 1.500000 1.584687
v 19.373420 1.500000 1.482737
v 19.486981 1.500000 1.371412
v 19.591338 1.500000 1.251416
v 19.685831 1.500000 1.123509
v 19.769863 1.500000 0.988498
v 19.842904 1.500000 0.847238
v 19.904490 1.500000 0.700622
v 19.954233 1.500000 0.549576
v 19.991818 1.500000 0.395055
v 20.017007 1.500000 0.238036
v 20.029642 1.500000 0.079513
v 20.029642 1.500000 -0.079513
v 20.017007 1.500000 -0.238036
v 19.991818 1.500000 -0.395055
v 19.954233 1.500000 -0.549576
v 19.904490 1.500000 -0.700622
v 19.842904 1.500000 -0.847238
v 19.769863 1.500000 -0.988498
v 19.685831 1.500000 -1.123509
v 19.591338 1.500000 -1.251416
v 19.486981 1.500000 -1.371412
v 19.373420 1.500000 -1.482737
v 19.251373 1.500000 -1.584687
v 19.121612 1.500000 -1.676619
v 18.984958 1.500000 -1.757950
v 18.842274 1.500000 -1.828168
v 18.694461 1.500000 -1.886827
v 18.542456 1.500000 -1.933556
v 18.387219 1.500000 -1.968062
v 18.229731 1.500000 -1.990124
v 18.070987 1.500000 -1.999605
v 17.911993 1.500000 -1.996443
v 17.753752 1.500000 -1.980659
v 17.597265 1.500000 -1.952353
v 17.443522 1.500000 -1.911703
v 17.293495 1.500000 -1.858967
v 17.148132 1.500000 -1.794478
v 17.008352 1.500000 -1.718643
v 16.875039 1.500000 -1.631943
v 16.749036 1.500000 -1.534925
v 16.631139 1.500000 -1.428203
v 16.522094 1.500000 -1.312451
v 16.422590 1.500000 -1.188402
v 16.333256 1.500000 -1.056839
v 16.254658 1.500000 -0.918595
v 16.187291 1.500000 -0.774542
v 16.131583 1.500000 -0.625593
v 16.087884 1.500000 -0.472689
v 16.056472 1.500000 -0.316796
v 16.037545 1.500000 -0.158900
vt 0.150000 -0.333861 0.000000
vt 0.000000 -0.333861 0.000000
vt 0.150000 -0.345575 0.000000
vt 0.000000 -0.345575 0.000000
vt 0.150000 0.345575 0.000000
vt 0.000000 0.345575 0.000000
vt 0.150000 0.333861 0.000000
vt 0.000000 0.333861 0.000000
vt 0.150000 0.322146 0.000000
vt -0.000000 0.322146 0.000000
vt 0.150000 0.310432 0.000000
vt 0.000000 0.310432 0.000000
vt 0.150000 0.298718 0.000000
vt -0.000000 0.298718 0.000000
vt 0.150000 0.287003 0.000000
vt -0.000000 0.287003 0.000000
vt 0.150000 0.275289 0.000000
vt -0.000000 0.275289 0.000000
vt 0.150000 0.263574 0.000000
vt 0.000000 0.263574 0.000000
vt 0.150000 0.251860 0.000000
vt -0.000000 0.251860 0.000000
vt 0.150000 0.240145 0.000000
vt 0.000000 0.240145 0.000000
vt 0.150000 0.228431 0.000000
vt 0.000000 0.228431 0.000000
vt 0.150000 0.216717 0.000000
vt -0.000000 0.216717 0.000000
vt 0.150000 0.205002 0.000000
vt 0.000000 0.205002 0.000000
vt 0.150000 0.193288 0.000000
vt 0.000000 0.193288 0.000000
vt 0.150000 0.181573 0.000000
vt 0.000000 0.181573 0.000000
vt 0.150000 0.169859 0.000000
vt 0.000000 0.169859 0.000000
vt 0.150000 0.158145 0.000000
vt -0.000000 0.158145 0.000000
vt 0.150000 0.146430 0.000000
vt -0.000000 0.146430 0.000000
vt 0.150000 0.134716 0.000000
vt -0.000000 0.134716 0.000000
vt 0.150000 0.123001 0.000000
vt 0.000000 0.123001 0.000000
vt 0.150000 0.111287 0.000000
vt 0.000000 0.111287 0.000000
vt 0.150000 0.099573 0.000000
vt 0.000000 0.099573 0.000000
vt 0.150000 0.087858 0.000000
vt -0.000000 0.087858 0.000000
vt 0.150000 0.076144 0.000000
vt 0.000000 0.076144 0.000000
vt 0.150000 0.064429 0.000000
vt 0.000000 0.064429 0.000000
vt 0.150000 0.052715 0.000000
vt -0.000000 0.052715 0.000000
vt 0.150000 0.041000 0.000000
vt -0.000000 0.041000 0.000000
vt 0.150000 0.029286 0.000000
vt 0.000000 0.029286 0.000000
vt 0.150000 0.017572 0.000000
vt -0.000000 0.017572 0.000000
vt 0.150000 0.005857 0.000000
vt 0.000000 0.005857 0.000000
vt 0.150000 -0.005857 0.000000
vt 0.000000 -0.005857 0.000000
vt 0.150000 -0.017572 0.000000
vt -0.000000 -0.017572 0.000000
vt 0.150000 -0.029286 0.000000
vt 0.000000 -0.029286 0.000000
vt 0.150000 -0.041000 0.000000
vt -0.000000 -0.041000 0.000000
vt 0.150000 -0.052715 0.000000
vt -0.000000 -0.052715 0.000000
vt 0.150000 -0.064429 0.000000
vt 0.000000 -0.064429 0.000000
vt 0.150000 -0.076144 0.000000
vt 0.000000 -0.076144 0.000000
vt 0.150000 -0.087858 0.000000
vt -0.000000 -0.087858 0.000000
vt 0.150000 -0.099573 0.000000
vt 0.000000 -0.099573 0.000000
vt 0.150000 -0.111287 0.000000
vt 0.000000 -0.111287 0.000000
vt 0.150000 -0.123001 0.000000
vt 0.000000 -0.123001 0.000000
vt 0.150000 -0.134716 0.000000
vt -0.000000 -0.134716 0.000000
vt 0.150000 -0.146430 0.000000
vt -0.000000 -0.146430 0.000000
vt 0.150000 -0.158145 0.000000
vt 0.000000 -0.158145 0.000000
vt 0.150000 -0.169859 0.000000
vt 0.000000 -0.169859 0.000000
vt 0.150000 -0.181573 0.000000
vt 0.000000 -0.181573 0.000000
vt 0.150000 -0.193288 0.000000
vt 0.000000 -0.193288 0.000000
vt 0.150000 -0.205002 0.000000
vt -0.000000 -0.205002 0.000000
vt 0.150000 -0.216717 0.000000
vt -0.000000 -0.216717 0.000000
vt 0.150000 -0.228431 0.000000
vt 0.000000 -0.228431 0.000000
vt 0.150000 -0.240145 0.000000
vt 0.000000 -0.240145 0.000000
vt 0.150000 -0.251860 0.000000
vt 0.000000 -0.251860 0.000000
vt 0.150000 -0.263574 0.000000
vt 0.000000 -0.263574 0.000000
vt 0.150000 -0.275289 0.000000
vt 0.000000 -0.275289 0.000000
vt 0.150000 -0.287003 0.000000
vt -0.000000 -0.287003 0.000000
vt 0.150000 -0.298718 0.000000
vt -0.000000 -0.298718 0.000000
vt 0.150000 -0.310432 0.000000
vt 0.000000 -0.310432 0.000000
vt 0.150000 -0.322146 0.000000
vt -0.000000 -0.322146 0.000000
vt -0.150000 0.612412 0.000000
vt -0.000000 0.612412 0.000000
vt -0.150000 0.628319 0.000000
vt -0.000000 0.628319 0.000000
vt -0.150000 -0.628319 0.000000
vt -0.000000 -0.628319 0.000000
vt -0.150000 -0.612412 0.000000
vt -0.000000 -0.612412 0.000000
vt -0.150000 -0.596505 0.000000
vt -0.000000 -0.596505 0.000000
vt -0.150000 -0.580598 0.000000
vt -0.000000 -0.580598 0.000000
vt -0.150000 -0.564691 0.000000
vt -0.000000 -0.564691 0.000000
vt -0.150000 -0.548785 0.000000
vt -0.000000 -0.548785 0.000000
vt -0.150000 -0.532878 0.000000
vt -0.000000 -0.532878 0.000000
vt -0.150000 -0.516971 0.000000
vt -0.000000 -0.516971 0.000000
vt -0.150000 -0.501064 0.000000
vt -0.000000 -0.501064 0.000000
vt -0.150000 -0.485157 0.000000
vt -0.000000 -0.485157 0.000000
vt -0.150000 -0.469251 0.000000
vt -0.000000 -0.469251 0.000000
vt -0.150000 -0.453344 0.000000
vt -0.000000 -0.453344 0.000000
vt -0.150000 -0.437437 0.000000
vt -0.000000 -0.437437 0.000000
vt -0.150000 -0.421530 0.000000
vt -0.000000 -0.421530 0.000000
vt -0.150000 -0.405623 0.000000
vt -0.000000 -0.405623 0.000000
vt -0.150000 -0.389717 0.000000
vt -0.000000 -0.389717 0.000000
vt -0.150000 -0.373810 0.000000
vt -0.000000 -0.373810 0.000000
vt -0.150000 -0.357903 0.000000
vt -0.000000 -0.357903 0.000000
vt -0.150000 -0.341996 0.000000
vt -0.000000 -0.341996 0.000000
vt -0.150000 -0.326089 0.000000
vt -0.000000 -0.326089 0.000000
vt -0.150000 -0.310183 0.000000
vt -0.000000 -0.310183 0.000000
vt -0.150000 -0.294276 0.000000
vt -0.000000 -0.294276 0.000000
vt -0.150000 -0.278369 0.000000
vt -0.000000 -0.278369 0.000000
vt -0.150000 -0.262462 0.000000
vt -0.000000 -0.262462 0.000000
vt -0.150000 -0.246555 0.000000
vt -0.000000 -0.246555 0.000000
vt -0.150000 -0.230649 0.000000
vt -0.000000 -0.230649 0.000000
vt -0.150000 -0.214742 0.000000
vt -0.000000 -0.214742 0.000000
vt -0.150000 -0.198835 0.000000
vt -0.000000 -0.198835 0.000000
vt -0.150000 -0.182928 0.000000
vt -0.000000 -0.182928 0.000000
vt -0.150000 -0.167021 0.000000
vt -0.000000 -0.167021 0.000000
vt -0.150000 -0.151115 0.000000
vt -0.000000 -0.151115 0.000000
vt -0.150000 -0.135208 0.000000
vt -0.000000 -0.135208 0.000000
vt -0.150000 -0.119301 0.000000
vt -0.000000 -0.119301 0.000000
vt -0.150000 -0.103394 0.000000
vt -0.000000 -0.103394 0.000000
vt -0.150000 -0.087487 0.000000
vt -0.000000 -0.087487 0.000000
vt -0.150000 -0.071581 0.000000
vt -0.000000 -0.071581 0.000000
vt -0.150000 -0.055674 0.000000
vt -0.000000 -0.055674 0.000000
vt -0.150000 -0.039767 0.000000
vt -0.000000 -0.039767 0.000000
vt -0.150000 -0.023860 0.000000
vt -0.000000 -0.023860 0.000000
vt -0.150000 -0.007953 0.000000
vt -0.000000 -0.007953 0.000000
vt -0.150000 0.007953 0.000000
vt -0.000000 0.007953 0.000000
vt -0.150000 0.023860 0.000000
vt -0.000000 0.023860 0.000000
vt -0.150000 0.039767 0.000000
vt -0.000000 0.039767 0.000000
vt -0.150000 0.055674 0.000000
vt -0.000000 0.055674 0.000000
vt -0.150000 0.071581 0.000000
vt -0.000000 0.071581 0.000000
vt -0.150000 0.087487 0.000000
vt -0.000000 0.087487 0.000000
vt -0.150000 0.103394 0.000000
vt -0.000000 0.103394 0.000000
vt -0.150000 0.119301 0.000000
vt -0.000000 0.119301 0.000000
vt -0.150000 0.135208 0.000000
vt -0.000000 0.135208 0.000000
vt -0.150000 0.151115 0.000000
vt -0.000000 0.151115 0.000000
vt -0.150000 0.167021 0.000000
vt -0.000000 0.167021 0.000000
vt -0.150000 0.182928 0.000000
vt -0.000000 0.182928 0.000000
vt -0.150000 0.198835 0.000000
vt -0.000000 0.198835 0.000000
vt -0.150000 0.214742 0.000000
vt -0.000000 0.214742 0.000000
vt -0.150000 0.230649 0.000000
vt -0.000000 0.230649 0.000000
vt -0.150000 0.246555 0.000000
vt -0.000000 0.246555 0.000000
vt -0.150000 0.262462 0.000000
vt -0.000000 0.262462 0.000000
vt -0.150000 0.278369 0.000000
vt -0.000000 0.278369 0.000000
vt -0.150000 0.294276 0.000000
vt -0.000000 0.294276 0.000000
vt -0.150000 0.310183 0.000000
vt -0.000000 0.310183 0.000000
vt -0.150000 0.326089 0.000000
vt -0.000000 0.326089 0.000000
vt -0.150000 0.341996 0.000000
vt -0.000000 0.341996 0.000000
vt -0.150000 0.357903 0.000000
vt -0.000000 0.357903 0.000000
vt -0.150000 0.373810 0.000000
vt -0.000000 0.373810 0.000000
vt -0.150000 0.389717 0.000000
vt -0.000000 0.389717 0.000000
vt -0.150000 0.405623 0.000000
vt -0.000000 0.405623 0.000000
vt -0.150000 0.421530 0.000000
vt -0.000000 0.421530 0.000000
vt -0.150000 0.437437 0.000000
vt -0.000000 0.437437 0.000000
vt -0.150000 0.453344 0.000000
vt -0.000000 0.453344 0.000000
vt -0.150000 0.469251 0.000000
vt -0.000000 0.469251 0.000000
vt -0.150000 0.485157 0.000000
vt -0.000000 0.485157 0.000000
vt -0.150000 0.501064 0.000000
vt -0.000000 0.501064 0.000000
vt -0.150000 0.516971 0.000000
vt -0.000000 0.516971 0.000000
vt -0.150000 0.532878 0.000000
vt -0.000000 0.532878 0.000000
vt -0.150000 0.548785 0.000000
vt -0.000000 0.548785 0.000000
vt -0.150000 0.564691 0.000000
vt -0.000000 0.564691 0.000000
vt -0.150000 0.580598 0.000000
vt -0.000000 0.580598 0.000000
vt -0.150000 0.596505 0.000000
vt -0.000000 0.596505 0.000000
vt -0.109377 0.011692 0.000000
vt -0.199368 0.015890 0.000000
vt -0.110000 -0.000000 0.000000
vt -0.200000 -0.000000 0.000000
vt -0.199368 -0.015890 0.000000
vt -0.197475 0.031680 0.000000
vt -0.107514 0.023252 0.000000
vt -0.194334 0.047269 0.000000
vt -0.104434 0.034548 0.000000
vt -0.189964 0.062559 0.000000
vt -0.184393 0.077454 0.000000
vt -0.100170 0.045453 0.000000
vt -0.177657 0.091859 0.000000
vt -0.094771 0.055843 0.000000
vt -0.169797 0.105684 0.000000
vt -0.088298 0.065600 0.000000
vt -0.160863 0.118840 0.000000
vt -0.150913 0.131245 0.000000
vt -0.080825 0.074614 0.000000
vt -0.140008 0.142820 0.000000
vt -0.072436 0.082783 0.000000
vt -0.128219 0.153493 0.000000
vt -0.063227 0.090013 0.000000
vt -0.115618 0.163194 0.000000
vt -0.102287 0.171864 0.000000
vt -0.053301 0.096224 0.000000
vt -0.088309 0.179448 0.000000
vt -0.042771 0.101344 0.000000
vt -0.073773 0.185897 0.000000
vt -0.031756 0.105316 0.000000
vt -0.058770 0.191170 0.000000
vt -0.043396 0.195235 0.000000
vt -0.020382 0.108095 0.000000
vt -0.027747 0.198066 0.000000
vt -0.008776 0.109649 0.000000
vt -0.011923 0.199644 0.000000
vt 0.002928 0.109961 0.000000
vt 0.003976 0.199960 0.000000
vt 0.019851 0.199012 0.000000
vt 0.014600 0.109027 0.000000
vt 0.035600 0.196806 0.000000
vt 0.026106 0.106857 0.000000
vt 0.051123 0.193356 0.000000
vt 0.037316 0.103477 0.000000
vt 0.066324 0.188683 0.000000
vt 0.081105 0.182817 0.000000
vt 0.048104 0.098924 0.000000
vt 0.095374 0.175795 0.000000
vt 0.058346 0.093251 0.000000
vt 0.109039 0.167662 0.000000
vt 0.067928 0.086521 0.000000
vt 0.122015 0.158469 0.000000
vt 0.134220 0.148274 0.000000
vt 0.076739 0.078810 0.000000
vt 0.145576 0.137141 0.000000
vt 0.084682 0.070207 0.000000
vt 0.156011 0.125142 0.000000
vt 0.091665 0.060808 0.000000
vt 0.165461 0.112351 0.000000
vt 0.173864 0.098850 0.000000
vt 0.097609 0.050720 0.000000
vt 0.181168 0.084724 0.000000
vt 0.102447 0.040058 0.000000
vt 0.187327 0.070062 0.000000
vt 0.106124 0.028941 0.000000
vt 0.192301 0.054958 0.000000
vt 0.196059 0.039505 0.000000
vt 0.108600 0.017497 0.000000
vt 0.198578 0.023804 0.000000
vt 0.109844 0.005854 0.000000
vt 0.199842 0.007951 0.000000
vt 0.199842 -0.007951 0.000000
vt 0.109844 -0.005854 0.000000
vt 0.198578 -0.023804 0.000000
vt 0.108600 -0.017497 0.000000
vt 0.196059 -0.039505 0.000000
vt 0.106124 -0.028941 0.000000
vt 0.192301 -0.054958 0.000000
vt 0.187327 -0.070062 0.000000
vt 0.102447 -0.040058 0.000000
vt 0.181168 -0.084724 0.000000
vt 0.097609 -0.050720 0.000000
vt 0.173864 -0.098850 0.000000
vt 0.091665 -0.060808 0.000000
vt 0.165461 -0.112351 0.000000
vt 0.156011 -0.125142 0.000000
vt 0.084682 -0.070207 0.000000
vt 0.145576 -0.137141 0.000000
vt 0.076739 -0.078810 0.000000
vt 0.134220 -0.148274 0.000000
vt 0.067928 -0.086521 0.000000
vt 0.122015 -0.158469 0.000000
vt 0.058346 -0.093251 0.000000
vt 0.109039 -0.167662 0.000000
vt 0.048104 -0.098924 0.000000
vt 0.095374 -0.175795 0.000000
vt 0.081105 -0.182817 0.000000
vt 0.037316 -0.103477 0.000000
vt 0.066324 -0.188683 0.000000
vt 0.051123 -0.193356 0.000000
vt 0.026106 -0.106857 0.000000
vt 0.035600 -0.196806 0.000000
vt 0.014600 -0.109027 0.000000
vt 0.019851 -0.199012 0.000000
vt 0.002928 -0.109961 0.000000
vt 0.003976 -0.199960 0.000000
vt -0.011923 -0.199644 0.000000
vt -0.008776 -0.109649 0.000000
vt -0.027747 -0.198066 0.000000
vt -0.020382 -0.108095 0.000000
vt -0.043396 -0.195235 0.000000
vt -0.031756 -0.105316 0.000000
vt -0.058770 -0.191170 0.000000
vt -0.073773 -0.185897 0.000000
vt -0.042771 -0.101344 0.000000
vt -0.088309 -0.179448 0.000000
vt -0.053301 -0.096224 0.000000
vt -0.102287 -0.171864 0.000000
vt -0.063227 -0.090013 0.000000
vt -0.115618 -0.163194 0.000000
vt -0.128219 -0.153493 0.000000
vt -0.072436 -0.082783 0.000000
vt -0.140008 -0.142820 0.000000
vt -0.080825 -0.074614 0.000000
vt -0.150913 -0.131245 0.000000
vt -0.088298 -0.065600 0.000000
vt -0.160863 -0.118840 0.000000
vt -0.169797 -0.105684 0.000000
vt -0.094771 -0.055843 0.000000
vt -0.177657 -0.091859 0.000000
vt -0.100170 -0.045453 0.000000
vt -0.184393 -0.077454 0.000000
vt -0.104434 -0.034548 0.000000
vt -0.189964 -0.062559 0.000000
vt -0.194334 -0.047269 0.000000
vt -0.107514 -0.023252 0.000000
vt -0.197475 -0.031680 0.000000
vt -0.109377 -0.011692 0.000000
vt 0.109377 -0.011692 0.000000
vt 0.199368 -0.015890 0.000000
vt 0.110000 -0.000000 0.000000
vt 0.200000 -0.000000 0.000000
vt 0.199368 0.015890 0.000000
vt 0.197475 -0.031680 0.000000
vt 0.107514 -0.023252 0.000000
vt 0.194334 -0.047269 0.000000
vt 0.104434 -0.034548 0.000000
vt 0.189964 -0.062559 0.000000
vt 0.184393 -0.077454 0.000000
vt 0.100170 -0.045453 0.000000
vt 0.177657 -0.091859 0.000000
vt 0.094771 -0.055843 0.000000
vt 0.169797 -0.105684 0.000000
vt 0.088298 -0.065600 0.000000
vt 0.160863 -0.118840 0.000000
vt 0.150913 -0.131245 0.000000
vt 0.080825 -0.074614 0.000000
vt 0.140008 -0.142820 0.000000
vt 0.072436 -0.082783 0.000000
vt 0.128219 -0.153493 0.000000
vt 0.063227 -0.090013 0.000000
vt 0.115618 -0.163194 0.000000
vt 0.102287 -0.171864 0.000000
vt 0.053301 -0.096224 0.000000
vt 0.088309 -0.179448 0.000000
vt 0.042771 -0.101344 0.000000
vt 0.073773 -0.185897 0.000000
vt 0.031756 -0.105316 0.000000
vt 0.058770 -0.191170 0.000000
vt 0.043396 -0.195235 0.000000
vt 0.020382 -0.108095 0.000000
vt 0.027747 -0.198066 0.000000
vt 0.008776 -0.109649 0.000000
vt 0.011923 -0.199644 0.000000
vt -0.002928 -0.109961 0.000000
vt -0.003976 -0.199960 0.000000
vt -0.019851 -0.199012 0.000000
vt -0.014600 -0.109027 0.000000
vt -0.035600 -0.196806 0.000000
vt -0.026106 -0.106857 0.000000
vt -0.051123 -0.193356 0.000000
vt -0.037316 -0.103477 0.000000
vt -0.066324 -0.188683 0.000000
vt -0.081105 -0.182817 0.000000
vt -0.048104 -0.098924 0.000000
vt -0.095374 -0.175795 0.000000
vt -0.109039 -0.167662 0.000000
vt -0.058346 -0.093251 0.000000
vt -0.067928 -0.086521 0.000000
vt -0.076739 -0.078810 0.000000
vt -0.134220 -0.148274 0.000000
vt -0.122015 -0.158469 0.000000
vt -0.145576 -0.137141 0.000000
vt -0.084682 -0.070207 0.000000
vt -0.156011 -0.125142 0.000000
vt -0.091665 -0.060808 0.000000
vt -0.165461 -0.112351 0.000000
vt -0.173864 -0.098850 0.000000
vt -0.097609 -0.050720 0.000000
vt -0.181168 -0.084724 0.000000
vt -0.102447 -0.040058 0.000000
vt -0.187327 -0.070062 0.000000
vt -0.106124 -0.028941 0.000000
vt -0.192301 -0.054958 0.000000
vt -0.196059 -0.039505 0.000000
vt -0.108600 -0.017497 0.000000
vt -0.198578 -0.023804 0.000000
vt -0.109844 -0.005854 0.000000
vt -0.199842 -0.007951 0.000000
vt -0.109844 0.005854 0.000000
vt -0.199842 0.007951 0.000000
vt -0.198578 0.023804 0.000000
vt -0.108600 0.017497 0.000000
vt -0.196059 0.039505 0.000000
vt -0.106124 0.028941 0.000000
vt -0.192301 0.054958 0.000000
vt -0.187327 0.070062 0.000000
vt -0.102447 0.040058 0.000000
vt -0.181168 0.084724 0.000000
vt -0.097609 0.050720 0.000000
vt -0.173864 0.098850 0.000000
vt -0.091665 0.060808 0.000000
vt -0.165461 0.112351 0.000000
vt -0.156011 0.125142 0.000000
vt -0.084682 0.070207 0.000000
vt -0.145576 0.137141 0.000000
vt -0.076739 0.078810 0.000000
vt -0.134220 0.148274 0.000000
vt -0.067928 0.086521 0.000000
vt -0.122015 0.158469 0.000000
vt -0.109039 0.167662 0.000000
vt -0.058346 0.093251 0.000000
vt -0.095374 0.175795 0.000000
vt -0.048104 0.098924 0.000000
vt -0.081105 0.182817 0.000000
vt -0.037316 0.103477 0.000000
vt -0.066324 0.188683 0.000000
vt -0.051123 0.193356 0.000000
vt -0.026106 0.106857 0.000000
vt -0.035600 0.196806 0.000000
vt -0.014600 0.109027 0.000000
vt -0.019851 0.199012 0.000000
vt -0.002928 0.109961 0.000000
vt -0.003976 0.199960 0.000000
vt 0.011923 0.199644 0.000000
vt 0.008776 0.109649 0.000000
vt 0.027747 0.198066 0.000000
vt 0.020382 0.108095 0.000000
vt 0.043396 0.195235 0.000000
vt 0.031756 0.105316 0.000000
vt 0.058770 0.191170 0.000000
vt 0.073773 0.185897 0.000000
vt 0.042771 0.101344 0.000000
vt 0.088309 0.179448 0.000000
vt 0.053301 0.096224 0.000000
vt 0.102287 0.171864 0.000000
vt 0.063227 0.090013 0.000000
vt 0.115618 0.163194 0.000000
vt 0.128219 0.153493 0.000000
vt 0.072436 0.082783 0.000000
vt 0.140008 0.142820 0.000000
vt 0.080825 0.074614 0.000000
vt 0.150913 0.131245 0.000000
vt 0.088298 0.065600 0.000000
vt 0.160863 0.118840 0.000000
vt 0.169797 0.105684 0.000000
vt 0.094771 0.055843 0.000000
vt 0.177657 0.091859 0.000000
vt 0.100170 0.045453 0.000000
vt 0.184393 0.077454 0.000000
vt 0.104434 0.034548 0.000000
vt 0.189964 0.062559 0.000000
vt 0.194334 0.047269 0.000000
vt 0.107514 0.023252 0.000000
vt 0.197475 0.031680 0.000000
vt 0.109377 0.011692 0.000000
vn 0.099433 0.000000 -0.010629
vn 0.099433 0.000000 -0.010629
vn 0.100000 0.000000 -0.000000
vn 0.100000 0.000000 -0.000000
vn 0.099433 -0.000000 0.010629
vn 0.099433 -0.000000 0.010629
vn 0.097740 -0.000000 0.021138
vn 0.097740 -0.000000 0.021138
vn 0.094940 -0.000000 0.031408
vn 0.094940 -0.000000 0.031408
vn 0.091063 -0.000000 0.041321
vn 0.091063 -0.000000 0.041321
vn 0.086155 -0.000000 0.050767
vn 0.086155 -0.000000 0.050767
vn 0.080271 -0.000000 0.059637
vn 0.080271 -0.000000 0.059637
vn 0.073477 -0.000000 0.067831
vn 0.073477 -0.000000 0.067831
vn 0.065851 -0.000000 0.075257
vn 0.065851 -0.000000 0.075257
vn 0.057479 -0.000000 0.081830
vn 0.057479 -0.000000 0.081830
vn 0.048455 -0.000000 0.087476
vn 0.048455 -0.000000 0.087476
vn 0.038882 -0.000000 0.092131
vn 0.038882 -0.000000 0.092131
vn 0.028869 -0.000000 0.095742
vn 0.028869 -0.000000 0.095742
vn 0.018529 -0.000000 0.098268
vn 0.018529 -0.000000 0.098268
vn 0.007979 -0.000000 0.099681
vn 0.007979 -0.000000 0.099681
vn -0.002662 0.000000 0.099965
vn -0.002662 0.000000 0.099965
vn -0.013273 0.000000 0.099115
vn -0.013273 0.000000 0.099115
vn -0.023733 0.000000 0.097143
vn -0.023733 0.000000 0.097143
vn -0.033924 0.000000 0.094070
vn -0.033924 0.000000 0.094070
vn -0.043731 0.000000 0.089931
vn -0.043731 0.000000 0.089931
vn -0.053042 0.000000 0.084773
vn -0.053042 0.000000 0.084773
vn -0.061752 0.000000 0.078655
vn -0.061752 0.000000 0.078655
vn -0.069763 0.000000 0.071646
vn -0.069763 0.000000 0.071646
vn -0.076983 0.000000 0.063824
vn -0.076983 0.000000 0.063824
vn -0.083331 0.000000 0.055280
vn -0.083331 0.000000 0.055280
vn -0.088735 0.000000 0.046109
vn -0.088735 0.000000 0.046109
vn -0.093134 0.000000 0.036416
vn -0.093134 0.000000 0.036416
vn -0.096477 0.000000 0.026310
vn -0.096477 0.000000 0.026310
vn -0.098727 0.000000 0.015906
vn -0.098727 0.000000 0.015906
vn -0.099858 0.000000 0.005322
vn -0.099858 0.000000 0.005322
vn -0.099858 0.000000 -0.005322
vn -0.099858 0.000000 -0.005322
vn -0.098727 0.000000 -0.015906
vn -0.098727 0.000000 -0.015906
vn -0.096477 0.000000 -0.026310
vn -0.096477 0.000000 -0.026310
vn -0.093134 0.000000 -0.036416
vn -0.093134 0.000000 -0.036416
vn -0.088735 0.000000 -0.046109
vn -0.088735 0.000000 -0.046109
vn -0.083331 0.000000 -0.055280
vn -0.083331 0.000000 -0.055280
vn -0.076983 0.000000 -0.063824
vn -0.076983 0.000000 -0.063824
vn -0.069763 0.000000 -0.071646
vn -0.069763 0.000000 -0.071646
vn -0.061752 0.000000 -0.078655
vn -0.061752 0.000000 -0.078655
vn -0.053042 0.000000 -0.084773
vn -0.053042 0.000000 -0.084773
vn -0.043731 0.000000 -0.089931
vn -0.043731 0.000000 -0.089931
vn -0.033924 0.000000 -0.094070
vn -0.033924 0.000000 -0.094070
vn -0.023733 0.000000 -0.097143
vn -0.023733 0.000000 -0.097143
vn -0.013273 0.000000 -0.099115
vn -0.013273 0.000000 -0.099115
vn -0.002662 0.000000 -0.099965
vn -0.002662 0.000000 -0.099965
vn 0.007979 0.000000 -0.099681
vn 0.007979 0.000000 -0.099681
vn 0.018529 0.000000 -0.098268
vn 0.018529 0.000000 -0.098268
vn 0.028869 0.000000 -0.095742
vn 0.028869 0.000000 -0.095742
vn 0.038882 0.000000 -0.092131
vn 0.038882 0.000000 -0.092131
vn 0.048455 0.000000 -0.087476
vn 0.048455 0.000000 -0.087476
vn 0.057479 0.000000 -0.081830
vn 0.057479 0.000000 -0.081830
vn 0.065851 0.000000 -0.075257
vn 0.065851 0.000000 -0.075257
vn 0.073477 0.000000 -0.067831
vn 0.073477 0.000000 -0.067831
vn 0.080271 0.000000 -0.059637
vn 0.080271 0.000000 -0.059637
vn 0.086155 0.000000 -0.050767
vn 0.086155 0.000000 -0.050767
vn 0.091063 0.000000 -0.041321
vn 0.091063 0.000000 -0.041321
vn 0.094940 0.000000 -0.031408
vn 0.094940 0.000000 -0.031408
vn 0.097740 0.000000 -0.021138
vn 0.097740 0.000000 -0.021138
vn -0.099684 0.000000 -0.007945
vn -0.099684 0.000000 -0.007945
vn -0.100000 0.000000 -0.000000
vn -0.100000 0.000000 -0.000000
vn -0.099684 0.000000 0.007945
vn -0.099684 0.000000 0.007945
vn -0.098738 0.000000 0.015840
vn -0.098738 0.000000 0.015840
vn -0.097167 0.000000 0.023634
vn -0.097167 0.000000 0.023634
vn -0.094982 0.000000 0.031280
vn -0.094982 0.000000 0.031280
vn -0.092197 0.000000 0.038727
vn -0.092197 0.000000 0.038727
vn -0.088828 0.000000 0.045930
vn -0.088828 0.000000 0.045930
vn -0.084898 0.000000 0.052842
vn -0.084898 0.000000 0.052842
vn -0.080432 0.000000 0.059420
vn -0.080432 0.000000 0.059420
vn -0.075456 0.000000 0.065623
vn -0.075456 0.000000 0.065623
vn -0.070004 0.000000 0.071410
vn -0.070004 0.000000 0.071410
vn -0.064109 0.000000 0.076746
vn -0.064109 0.000000 0.076746
vn -0.057809 0.000000 0.081597
vn -0.057809 0.000000 0.081597
vn -0.051144 0.000000 0.085932
vn -0.051144 0.000000 0.085932
vn -0.044155 0.000000 0.089724
vn -0.044155 0.000000 0.089724
vn -0.036886 0.000000 0.092948
vn -0.036886 0.000000 0.092948
vn -0.029385 0.000000 0.095585
vn -0.029385 0.000000 0.095585
vn -0.021698 0.000000 0.097618
vn -0.021698 0.000000 0.097618
vn -0.013874 0.000000 0.099033
vn -0.013874 0.000000 0.099033
vn -0.005962 0.000000 0.099822
vn -0.005962 0.000000 0.099822
vn 0.001988 -0.000000 0.099980
vn 0.001988 -0.000000 0.099980
vn 0.009925 -0.000000 0.099506
vn 0.009925 -0.000000 0.099506
vn 0.017800 -0.000000 0.098403
vn 0.017800 -0.000000 0.098403
vn 0.025562 -0.000000 0.096678
vn 0.025562 -0.000000 0.096678
vn 0.033162 -0.000000 0.094341
vn 0.033162 -0.000000 0.094341
vn 0.040553 -0.000000 0.091408
vn 0.040553 -0.000000 0.091408
vn 0.047687 -0.000000 0.087898
vn 0.047687 -0.000000 0.087898
vn 0.054519 -0.000000 0.083831
vn 0.054519 -0.000000 0.083831
vn 0.061008 -0.000000 0.079234
vn 0.061008 -0.000000 0.079234
vn 0.067110 -0.000000 0.074137
vn 0.067110 -0.000000 0.074137
vn 0.072788 -0.000000 0.068571
vn 0.072788 -0.000000 0.068571
vn 0.078006 -0.000000 0.062571
vn 0.078006 -0.000000 0.062571
vn 0.082730 -0.000000 0.056175
vn 0.082730 -0.000000 0.056175
vn 0.086932 -0.000000 0.049425
vn 0.086932 -0.000000 0.049425
vn 0.090584 -0.000000 0.042362
vn 0.090584 -0.000000 0.042362
vn 0.093663 -0.000000 0.035031
vn 0.093663 -0.000000 0.035031
vn 0.096150 -0.000000 0.027479
vn 0.096150 -0.000000 0.027479
vn 0.098030 -0.000000 0.019753
vn 0.098030 -0.000000 0.019753
vn 0.099289 -0.000000 0.011902
vn 0.099289 -0.000000 0.011902
vn 0.099921 -0.000000 0.003976
vn 0.099921 -0.000000 0.003976
vn 0.099921 0.000000 -0.003976
vn 0.099921 0.000000 -0.003976
vn 0.099289 0.000000 -0.011902
vn 0.099289 0.000000 -0.011902
vn 0.098030 0.000000 -0.019753
vn 0.098030 0.000000 -0.019753
vn 0.096150 0.000000 -0.027479
vn 0.096150 0.000000 -0.027479
vn 0.093663 0.000000 -0.035031
vn 0.093663 0.000000 -0.035031
vn 0.090584 0.000000 -0.042362
vn 0.090584 0.000000 -0.042362
vn 0.086932 0.000000 -0.049425
vn 0.086932 0.000000 -0.049425
vn 0.082730 0.000000 -0.056175
vn 0.082730 0.000000 -0.056175
vn 0.078006 0.000000 -0.062571
vn 0.078006 0.000000 -0.062571
vn 0.072788 0.000000 -0.068571
vn 0.072788 0.000000 -0.068571
vn 0.067110 0.000000 -0.074137
vn 0.067110 0.000000 -0.074137
vn 0.061008 0.000000 -0.079234
vn 0.061008 0.000000 -0.079234
vn 0.054519 0.000000 -0.083831
vn 0.054519 0.000000 -0.083831
vn 0.047687 0.000000 -0.087898
vn 0.047687 0.000000 -0.087898
vn 0.040553 0.000000 -0.091408
vn 0.040553 0.000000 -0.091408
vn 0.033162 0.000000 -0.094341
vn 0.033162 0.000000 -0.094341
vn 0.025562 0.000000 -0.096678
vn 0.025562 0.000000 -0.096678
vn 0.017800 0.000000 -0.098403
vn 0.017800 0.000000 -0.098403
vn 0.009925 0.000000 -0.099506
vn 0.009925 0.000000 -0.099506
vn 0.001988 0.000000 -0.099980
vn 0.001988 0.000000 -0.099980
vn -0.005962 0.000000 -0.099822
vn -0.005962 0.000000 -0.099822
vn -0.013874 0.000000 -0.099033
vn -0.013874 0.000000 -0.099033
vn -0.021698 0.000000 -0.097618
vn -0.021698 0.000000 -0.097618
vn -0.029385 0.000000 -0.095585
vn -0.029385 0.000000 -0.095585
vn -0.036886 0.000000 -0.092948
vn -0.036886 0.000000 -0.092948
vn -0.044155 0.000000 -0.089724
vn -0.044155 0.000000 -0.089724
vn -0.051144 0.000000 -0.085932
vn -0.051144 0.000000 -0.085932
vn -0.057809 0.000000 -0.081597
vn -0.057809 0.000000 -0.081597
vn -0.064109 0.000000 -0.076746
vn -0.064109 0.000000 -0.076746
vn -0.070004 0.000000 -0.071410
vn -0.070004 0.000000 -0.071410
vn -0.075456 0.000000 -0.065623
vn -0.075456 0.000000 -0.065623
vn -0.080432 0.000000 -0.059420
vn -0.080432 0.000000 -0.059420
vn -0.084898 0.000000 -0.052842
vn -0.084898 0.000000 -0.052842
vn -0.088828 0.000000 -0.045930
vn -0.088828 0.000000 -0.045930
vn -0.092197 0.000000 -0.038727
vn -0.092197 0.000000 -0.038727
vn -0.094982 0.000000 -0.031280
vn -0.094982 0.000000 -0.031280
vn -0.097167 0.000000 -0.023634
vn -0.097167 0.000000 -0.023634
vn -0.098738 0.000000 -0.015840
vn -0.098738 0.000000 -0.015840
vn 0.000000 0.100000 0.000000
vn 0.000000 0.100000 0.000000
vn 0.000000 0.100000 0.000000
vn 0.000000 0.100000 0.000000
vn 0.000000 0.100000 0.000000
vn 0.000000 0.100000 0.000000
vn 0.000000 0.100000 0.000000
vn 0.000000 0.100000 0.000000
vn 0.000000 0.100000 0.000000
vn 0.000000 0.100000 0.000000
vn 0.000000 0.100000 0.000000
vn 0.000000 0.100000 0.000000
vn 0.000000 0.100000 0.000000
vn 0.000000 0.100000 0.000000
vn 0.000000 0.100000 0.000000
vn 0.000000 0.100000 0.000000
vn 0.000000 0.100000 0.000000
vn 0.000000 0.100000 0.000000
vn 0.000000 0.100000 0.000000
vn 0.000000 0.100000 0.000000
vn 0.000000 0.100000 0.000000
vn 0.000000 0.100000 0.000000
vn 0.000000 0.100000 0.000000
vn 0.000000 0.100000 0.000000
vn 0.000000 0.100000 0.000000
vn 0.000000 0.100000 0.000000
vn 0.000000 0.100000 0.000000
vn 0.000000 0.100000 0.000000
vn 0.000000 0.100000 0.000000
vn 0.000000 0.100000 0.000000
vn 0.000000 0.100000 0.000000
vn 0.000000 0.100000 0.000000
vn 0.000000 0.100000 0.000000
vn 0.000000 0.100000 0.000000
vn 0.000000 0.100000 0.000000
vn 0.000000 0.100000 0.000000
vn 0.000000 0.100000 0.000000
vn 0.000000 0.100000 0.000000
vn 0.000000 0.100000 0.000000
vn 0.000000 0.100000 0.000000
vn 0.000000 0.100000 0.000000
vn 0.000000 0.100000 0.000000
vn 0.000000 0.100000 0.000000
vn 0.000000 0.100000 0.000000
vn 0.000000 0.100000 0.000000
vn 0.000000 0.100000 0.000000
vn 0.000000 0.100000 0.000000
vn 0.000000 0.100000 0.000000
vn 0.000000 0.100000 0.000000
vn 0.000000 0.100000 0.000000
vn 0.000000 0.100000 0.000000
vn 0.000000 0.100000 0.000000
vn 0.000000 0.100000 0.000000
vn 0.000000 0.100000 0.000000
vn 0.000000 0.100000 0.000000
vn 0.000000 0.100000 0.000000
vn 0.000000 0.100000 0.000000
vn 0.000000 0.100000 0.000000
vn 0.000000 0.100000 0.000000
vn 0.000000 0.100000 0.000000
vn 0.000000 0.100000 0.000000
vn 0.000000 0.100000 0.000000
vn 0.000000 0.100000 0.000000
vn 0.000000 0.100000 0.000000
vn 0.000000 0.100000 0.000000
vn 0.000000 0.100000 0.000000
vn 0.000000 0.100000 0.000000
vn 0.000000 0.100000 0.000000
vn 0.000000 0.100000 0.000000
vn 0.000000 0.100000 0.000000
vn 0.000000 0.100000 0.000000
vn 0.000000 0.100000 0.000000
vn 0.000000 0.100000 0.000000
vn 0.000000 0.100000 0.000000
vn 0.000000 0.100000 0.000000
vn 0.000000 0.100000 0.000000
vn 0.000000 0.100000 0.000000
vn 0.000000 0.100000 0.000000
vn 0.000000 0.100000 0.000000
vn 0.000000 0.100000 0.000000
vn 0.000000 0.100000 0.000000
vn 0.000000 0.100000 0.000000
vn 0.000000 0.100000 0.000000
vn 0.000000 0.100000 0.000000
vn 0.000000 0.100000 0.000000
vn 0.000000 0.100000 0.000000
vn 0.000000 0.100000 0.000000
vn 0.000000 0.100000 0.000000
vn 0.000000 0.100000 0.000000
vn 0.000000 0.100000 0.000000
vn 0.000000 0.100000 0.000000
vn 0.000000 0.100000 0.000000
vn 0.000000 0.100000 0.000000
vn 0.000000 0.100000 0.000000
vn 0.000000 0.100000 0.000000
vn 0.000000 0.100000 0.000000
vn 0.000000 0.100000 0.000000
vn 0.000000 0.100000 0.000000
vn 0.000000 0.100000 0.000000
vn 0.000000 0.100000 0.000000
vn 0.000000 0.100000 0.000000
vn 0.000000 0.100000 0.000000
vn 0.000000 0.100000 0.000000
vn 0.000000 0.100000 0.000000
vn 0.000000 0.100000 0.000000
vn 0.000000 0.100000 0.000000
vn 0.000000 0.100000 0.000000
vn 0.000000 0.100000 0.000000
vn 0.000000 0.100000 0.000000
vn 0.000000 0.100000 0.000000
vn 0.000000 0.100000 0.000000
vn 0.000000 0.100000 0.000000
vn 0.000000 0.100000 0.000000
vn 0.000000 0.100000 0.000000
vn 0.000000 0.100000 0.000000
vn 0.000000 0.100000 0.000000
vn 0.000000 0.100000 0.000000
vn 0.000000 0.100000 0.000000
vn 0.000000 0.100000 0.000000
vn 0.000000 0.100000 0.000000
vn 0.000000 0.100000 0.000000
vn 0.000000 0.100000 0.000000
vn 0.000000 0.100000 0.000000
vn 0.000000 0.100000 0.000000
vn 0.000000 0.100000 0.000000
vn 0.000000 0.100000 0.000000
vn 0.000000 0.100000 0.000000
vn 0.000000 0.100000 0.000000
vn 0.000000 0.100000 0.000000
vn 0.000000 0.100000 0.000000
vn 0.000000 0.100000 0.000000
vn 0.000000 0.100000 0.000000
vn 0.000000 0.100000 0.000000
vn 0.000000 0.100000 0.000000
vn 0.000000 0.100000 0.000000
vn 0.000000 0.100000 0.000000
vn 0.000000 0.100000 0.000000
vn 0.000000 0.100000 0.000000
vn 0.000000 -0.100000 0.000000
vn 0.000000 -0.100000 0.000000
vn 0.000000 -0.100000 0.000000
vn 0.000000 -0.100000 0.000000
vn 0.000000 -0.100000 0.000000
vn 0.000000 -0.100000 0.000000
vn 0.000000 -0.100000 0.000000
vn 0.000000 -0.100000 0.000000
vn 0.000000 -0.100000 0.000000
vn 0.000000 -0.100000 0.000000
vn 0.000000 -0.100000 0.000000
vn 0.000000 -0.100000 0.000000
vn 0.000000 -0.100000 0.000000
vn 0.000000 -0.100000 0.000000
vn 0.000000 -0.100000 0.000000
vn 0.000000 -0.100000 0.000000
vn 0.000000 -0.100000 0.000000
vn 0.000000 -0.100000 0.000000
vn 0.000000 -0.100000 0.000000
vn 0.000000 -0.100000 0.000000
vn 0.000000 -0.100000 0.000000
vn 0.000000 -0.100000 0.000000
vn 0.000000 -0.100000 0.000000
vn 0.000000 -0.100000 0.000000
vn 0.000000 -0.100000 0.000000
vn 0.000000 -0.100000 0.000000
vn 0.000000 -0.100000 0.000000
vn 0.000000 -0.100000 0.000000
vn 0.000000 -0.100000 0.000000
vn 0.000000 -0.100000 0.000000
vn 0.000000 -0.100000 0.000000
vn 0.000000 -0.100000 0.000000
vn 0.000000 -0.100000 0.000000
vn 0.000000 -0.100000 0.000000
vn 0.000000 -0.100000 0.000000
vn 0.000000 -0.100000 0.000000
vn 0.000000 -0.100000 0.000000
vn 0.000000 -0.100000 0.000000
vn 0.000000 -0.100000 0.000000
vn 0.000000 -0.100000 0.000000
vn 0.000000 -0.100000 0.000000
vn 0.000000 -0.100000 0.000000
vn 0.000000 -0.100000 0.000000
vn 0.000000 -0.100000 0.000000
vn 0.000000 -0.100000 0.000000
vn 0.000000 -0.100000 0.000000
vn 0.000000 -0.100000 0.000000
vn 0.000000 -0.100000 0.000000
vn 0.000000 -0.100000 0.000000
vn 0.000000 -0.100000 0.000000
vn 0.000000 -0.100000 0.000000
vn 0.000000 -0.100000 0.000000
vn 0.000000 -0.100000 0.000000
vn 0.000000 -0.100000 0.000000
vn 0.000000 -0.100000 0.000000
vn 0.000000 -0.100000 0.000000
vn 0.000000 -0.100000 0.000000
vn 0.000000 -0.100000 0.000000
vn 0.000000 -0.100000 0.000000
vn 0.000000 -0.100000 0.000000
vn 0.000000 -0.100000 0.000000
vn 0.000000 -0.100000 0.000000
vn 0.000000 -0.100000 0.000000
vn 0.000000 -0.100000 0.000000
vn 0.000000 -0.100000 0.000000
vn 0.000000 -0.100000 0.000000
vn 0.000000 -0.100000 0.000000
vn 0.000000 -0.100000 0.000000
vn 0.000000 -0.100000 0.000000
vn 0.000000 -0.100000 0.000000
vn 0.000000 -0.100000 0.000000
vn 0.000000 -0.100000 0.000000
vn 0.000000 -0.100000 0.000000
vn 0.000000 -0.100000 0.000000
vn 0.000000 -0.100000 0.000000
vn 0.000000 -0.100000 0.000000
vn 0.000000 -0.100000 0.000000
vn 0.000000 -0.100000 0.000000
vn 0.000000 -0.100000 0.000000
vn 0.000000 -0.100000 0.000000
vn 0.000000 -0.100000 0.000000
vn 0.000000 -0.100000 0.000000
vn 0.000000 -0.100000 0.000000
vn 0.000000 -0.100000 0.000000
vn 0.000000 -0.100000 0.000000
vn 0.000000 -0.100000 0.000000
vn 0.000000 -0.100000 0.000000
vn 0.000000 -0.100000 0.000000
vn 0.000000 -0.100000 0.000000
vn 0.000000 -0.100000 0.000000
vn 0.000000 -0.100000 0.000000
vn 0.000000 -0.100000 0.000000
vn 0.000000 -0.100000 0.000000
vn 0.000000 -0.100000 0.000000
vn 0.000000 -0.100000 0.000000
vn 0.000000 -0.100000 0.000000
vn 0.000000 -0.100000 0.000000
vn 0.000000 -0.100000 0.000000
vn 0.000000 -0.100000 0.000000
vn 0.000000 -0.100000 0.000000
vn 0.000000 -0.100000 0.000000
vn 0.000000 -0.100000 0.000000
vn 0.000000 -0.100000 0.000000
vn 0.000000 -0.100000 0.000000
vn 0.000000 -0.100000 0.000000
vn 0.000000 -0.100000 0.000000
vn 0.000000 -0.100000 0.000000
vn 0.000000 -0.100000 0.000000
vn 0.000000 -0.100000 0.000000
vn 0.000000 -0.100000 0.000000
vn 0.000000 -0.100000 0.000000
vn 0.000000 -0.100000 0.000000
vn 0.000000 -0.100000 0.000000
vn 0.000000 -0.100000 0.000000
vn 0.000000 -0.100000 0.000000
vn 0.000000 -0.100000 0.000000
vn 0.000000 -0.100000 0.000000
vn 0.000000 -0.100000 0.000000
vn 0.000000 -0.100000 0.000000
vn 0.000000 -0.100000 0.000000
vn 0.000000 -0.100000 0.000000
vn 0.000000 -0.100000 0.000000
vn 0.000000 -0.100000 0.000000
vn 0.000000 -0.100000 0.000000
vn 0.000000 -0.100000 0.000000
vn 0.000000 -0.100000 0.000000
vn 0.000000 -0.100000 0.000000
vn 0.000000 -0.100000 0.000000
vn 0.000000 -0.100000 0.000000
vn 0.000000 -0.100000 0.000000
vn 0.000000 -0.100000 0.000000
vn 0.000000 -0.100000 0.000000
vn 0.000000 -0.100000 0.000000
vn 0.000000 -0.100000 0.000000
vn 0.000000 -0.100000 0.000000
vn 0.000000 -0.100000 0.000000
vn 0.000000 -0.100000 0.000000
vn 0.000000 -0.100000 0.000000
f 830/1669/1657 946/1670/1658 829/1671/1659
f 829/1671/1659 946/1670/1658 888/1672/1660
f 829/1673/1659 888/1674/1660 887/1675/1661
f 887/1675/1661 888/1674/1660 889/1676/1662
f 887/1675/1661 889/1676/1662 886/1677/1663
f 886/1677/1663 889/1676/1662 890/1678/1664
f 886/1677/1663 890/1678/1664 885/1679/1665
f 885/1679/1665 890/1678/1664 891/1680/1666
f 885/1679/1665 891/1680/1666 884/1681/1667
f 884/1681/1667 891/1680/1666 892/1682/1668
f 884/1681/1667 892/1682/1668 883/1683/1669
f 883/1683/1669 892/1682/1668 893/1684/1670
f 883/1683/1669 893/1684/1670 882/1685/1671
f 882/1685/1671 893/1684/1670 894/1686/1672
f 882/1685/1671 894/1686/1672 881/1687/1673
f 881/1687/1673 894/1686/1672 895/1688/1674
f 881/1687/1673 895/1688/1674 880/1689/1675
f 880/1689/1675 895/1688/1674 896/1690/1676
f 880/1689/1675 896/1690/1676 879/1691/1677
f 879/1691/1677 896/1690/1676 897/1692/1678
f 879/1691/1677 897/1692/1678 878/1693/1679
f 878/1693/1679 897/1692/1678 898/1694/1680
f 878/1693/1679 898/1694/1680 877/1695/1681
f 877/1695/1681 898/1694/1680 899/1696/1682
f 877/1695/1681 899/1696/1682 876/1697/1683
f 876/1697/1683 899/1696/1682 900/1698/1684
f 876/1697/1683 900/1698/1684 875/1699/1685
f 875/1699/1685 900/1698/1684 901/1700/1686
f 875/1699/1685 901/1700/1686 874/1701/1687
f 874/1701/1687 901/1700/1686 902/1702/1688
f 874/1701/1687 902/1702/1688 873/1703/1689
f 873/1703/1689 902/1702/1688 903/1704/1690
f 873/1703/1689 903/1704/1690 872/1705/1691
f 872/1705/1691 903/1704/1690 904/1706/1692
f 872/1705/1691 904/1706/1692 871/1707/1693
f 871/1707/1693 904/1706/1692 905/1708/1694
f 871/1707/1693 905/1708/1694 870/1709/1695
f 870/1709/1695 905/1708/1694 906/1710/1696
f 870/1709/1695 906/1710/1696 869/1711/1697
f 869/1711/1697 906/1710/1696 907/1712/1698
f 869/1711/1697 907/1712/1698 868/1713/1699
f 868/1713/1699 907/1712/1698 908/1714/1700
f 868/1713/1699 908/1714/1700 867/1715/1701
f 867/1715/1701 908/1714/1700 909/1716/1702
f 867/1715/1701 909/1716/1702 866/1717/1703
f 866/1717/1703 909/1716/1702 910/1718/1704
f 866/1717/1703 910/1718/1704 865/1719/1705
f 865/1719/1705 910/1718/1704 911/1720/1706
f 865/1719/1705 911/1720/1706 864/1721/1707
f 864/1721/1707 911/1720/1706 912/1722/1708
f 864/1721/1707 912/1722/1708 863/1723/1709
f 863/1723/1709 912/1722/1708 913/1724/1710
f 863/1723/1709 913/1724/1710 862/1725/1711
f 862/1725/1711 913/1724/1710 914/1726/1712
f 862/1725/1711 914/1726/1712 861/1727/1713
f 861/1727/1713 914/1726/1712 915/1728/1714
f 861/1727/1713 915/1728/1714 860/1729/1715
f 860/1729/1715 915/1728/1714 916/1730/1716
f 860/1729/1715 916/1730/1716 859/1731/1717
f 859/1731/1717 916/1730/1716 917/1732/1718
f 859/1731/1717 917/1732/1718 858/1733/1719
f 858/1733/1719 917/1732/1718 918/1734/1720
f 858/1733/1719 918/1734/1720 857/1735/1721
f 857/1735/1721 918/1734/1720 919/1736/1722
f 857/1735/1721 919/1736/1722 856/1737/1723
f 856/1737/1723 919/1736/1722 920/1738/1724
f 856/1737/1723 920/1738/1724 855/1739/1725
f 855/1739/1725 920/1738/1724 921/1740/1726
f 855/1739/1725 921/1740/1726 854/1741/1727
f 854/1741/1727 921/1740/1726 922/1742/1728
f 854/1741/1727 922/1742/1728 853/1743/1729
f 853/1743/1729 922/1742/1728 923/1744/1730
f 853/1743/1729 923/1744/1730 852/1745/1731
f 852/1745/1731 923/1744/1730 924/1746/1732
f 852/1745/1731 924/1746/1732 851/1747/1733
f 851/1747/1733 924/1746/1732 925/1748/1734
f 851/1747/1733 925/1748/1734 850/1749/1735
f 850/1749/1735 925/1748/1734 926/1750/1736
f 850/1749/1735 926/1750/1736 849/1751/1737
f 849/1751/1737 926/1750/1736 927/1752/1738
f 849/1751/1737 927/1752/1738 848/1753/1739
f 848/1753/1739 927/1752/1738 928/1754/1740
f 848/1753/1739 928/1754/1740 847/1755/1741
f 847/1755/1741 928/1754/1740 929/1756/1742
f 847/1755/1741 929/1756/1742 846/1757/1743
f 846/1757/1743 929/1756/1742 930/1758/1744
f 846/1757/1743 930/1758/1744 845/1759/1745
f 845/1759/1745 930/1758/1744 931/1760/1746
f 845/1759/1745 931/1760/1746 844/1761/1747
f 844/1761/1747 931/1760/1746 932/1762/1748
f 844/1761/1747 932/1762/1748 843/1763/1749
f 843/1763/1749 932/1762/1748 933/1764/1750
f 843/1763/1749 933/1764/1750 842/1765/1751
f 842/1765/1751 933/1764/1750 934/1766/1752
f 842/1765/1751 934/1766/1752 841/1767/1753
f 841/1767/1753 934/1766/1752 935/1768/1754
f 841/1767/1753 935/1768/1754 840/1769/1755
f 840/1769/1755 935/1768/1754 936/1770/1756
f 840/1769/1755 936/1770/1756 839/1771/1757
f 839/1771/1757 936/1770/1756 937/1772/1758
f 839/1771/1757 937/1772/1758 838/1773/1759
f 838/1773/1759 937/1772/1758 938/1774/1760
f 838/1773/1759 938/1774/1760 837/1775/1761
f 837/1775/1761 938/1774/1760 939/1776/1762
f 837/1775/1761 939/1776/1762 836/1777/1763
f 836/1777/1763 939/1776/1762 940/1778/1764
f 836/1777/1763 940/1778/1764 835/1779/1765
f 835/1779/1765 940/1778/1764 941/1780/1766
f 835/1779/1765 941/1780/1766 834/1781/1767
f 834/1781/1767 941/1780/1766 942/1782/1768
f 834/1781/1767 942/1782/1768 833/1783/1769
f 833/1783/1769 942/1782/1768 943/1784/1770
f 833/1783/1769 943/1784/1770 832/1785/1771
f 832/1785/1771 943/1784/1770 944/1786/1772
f 832/1785/1771 944/1786/1772 831/1787/1773
f 831/1787/1773 944/1786/1772 945/1788/1774
f 831/1787/1773 945/1788/1774 830/1669/1657
f 830/1669/1657 945/1788/1774 946/1670/1658
f 948/1789/1775 1104/1790/1776 947/1791/1777
f 947/1791/1777 1104/1790/1776 1026/1792/1778
f 947/1793/1777 1026/1794/1778 1025/1795/1779
f 1025/1795/1779 1026/1794/1778 1027/1796/1780
f 1025/1795/1779 1027/1796/1780 1024/1797/1781
f 1024/1797/1781 1027/1796/1780 1028/1798/1782
f 1024/1797/1781 1028/1798/1782 1023/1799/1783
f 1023/1799/1783 1028/1798/1782 1029/1800/1784
f 1023/1799/1783 1029/1800/1784 1022/1801/1785
f 1022/1801/1785 1029/1800/1784 1030/1802/1786
f 1022/1801/1785 1030/1802/1786 1021/1803/1787
f 1021/1803/1787 1030/1802/1786 1031/1804/1788
f 1021/1803/1787 1031/1804/1788 1020/1805/1789
f 1020/1805/1789 1031/1804/1788 1032/1806/1790
f 1020/1805/1789 1032/1806/1790 1019/1807/1791
f 1019/1807/1791 1032/1806/1790 1033/1808/1792
f 1019/1807/1791 1033/1808/1792 1018/1809/1793
f 1018/1809/1793 1033/1808/1792 1034/1810/1794
f 1018/1809/1793 1034/1810/1794 1017/1811/1795
f 1017/1811/1795 1034/1810/1794 1035/1812/1796
f 1017/1811/1795 1035/1812/1796 1016/1813/1797
f 1016/1813/1797 1035/1812/1796 1036/1814/1798
f 1016/1813/1797 1036/1814/1798 1015/1815/1799
f 1015/1815/1799 1036/1814/1798 1037/1816/1800
f 1015/1815/1799 1037/1816/1800 1014/1817/1801
f 1014/1817/1801 1037/1816/1800 1038/1818/1802
f 1014/1817/1801 1038/1818/1802 1013/1819/1803
f 1013/1819/1803 1038/1818/1802 1039/1820/1804
f 1013/1819/1803 1039/1820/1804 1012/1821/1805
f 1012/1821/1805 1039/1820/1804 1040/1822/1806
f 1012/1821/1805 1040/1822/1806 1011/1823/1807
f 1011/1823/1807 1040/1822/1806 1041/1824/1808
f 1011/1823/1807 1041/1824/1808 1010/1825/1809
f 1010/1825/1809 1041/1824/1808 1042/1826/1810
f 1010/1825/1809 1042/1826/1810 1009/1827/1811
f 1009/1827/1811 1042/1826/1810 1043/1828/1812
f 1009/1827/1811 1043/1828/1812 1008/1829/1813
f 1008/1829/1813 1043/1828/1812 1044/1830/1814
f 1008/1829/1813 1044/1830/1814 1007/1831/1815
f 1007/1831/1815 1044/1830/1814 1045/1832/1816
f 1007/1831/1815 1045/1832/1816 1006/1833/1817
f 1006/1833/1817 1045/1832/1816 1046/1834/1818
f 1006/1833/1817 1046/1834/1818 1005/1835/1819
f 1005/1835/1819 1046/1834/1818 1047/1836/1820
f 1005/1835/1819 1047/1836/1820 1004/1837/1821
f 1004/1837/1821 1047/1836/1820 1048/1838/1822
f 1004/1837/1821 1048/1838/1822 1003/1839/1823
f 1003/1839/1823 1048/1838/1822 1049/1840/1824
f 1003/1839/1823 1049/1840/1824 1002/1841/1825
f 1002/1841/1825 1049/1840/1824 1050/1842/1826
f 1002/1841/1825 1050/1842/1826 1001/1843/1827
f 1001/1843/1827 1050/1842/1826 1051/1844/1828
f 1001/1843/1827 1051/1844/1828 1000/1845/1829
f 1000/1845/1829 1051/1844/1828 1052/1846/1830
f 1000/1845/1829 1052/1846/1830 999/1847/1831
f 999/1847/1831 1052/1846/1830 1053/1848/1832
f 999/1847/1831 1053/1848/1832 998/1849/1833
f 998/1849/1833 1053/1848/1832 1054/1850/1834
f 998/1849/1833 1054/1850/1834 997/1851/1835
f 997/1851/1835 1054/1850/1834 1055/1852/1836
f 997/1851/1835 1055/1852/1836 996/1853/1837
f 996/1853/1837 1055/1852/1836 1056/1854/1838
f 996/1853/1837 1056/1854/1838 995/1855/1839
f 995/1855/1839 1056/1854/1838 1057/1856/1840
f 995/1855/1839 1057/1856/1840 994/1857/1841
f 994/1857/1841 1057/1856/1840 1058/1858/1842
f 994/1857/1841 1058/1858/1842 993/1859/1843
f 993/1859/1843 1058/1858/1842 1059/1860/1844
f 993/1859/1843 1059/1860/1844 992/1861/1845
f 992/1861/1845 1059/1860/1844 1060/1862/1846
f 992/1861/1845 1060/1862/1846 991/1863/1847
f 991/1863/1847 1060/1862/1846 1061/1864/1848
f 991/1863/1847 1061/1864/1848 990/1865/1849
f 990/1865/1849 1061/1864/1848 1062/1866/1850
f 990/1865/1849 1062/1866/1850 989/1867/1851
f 989/1867/1851 1062/1866/1850 1063/1868/1852
f 989/1867/1851 1063/1868/1852 988/1869/1853
f 988/1869/1853 1063/1868/1852 1064/1870/1854
f 988/1869/1853 1064/1870/1854 987/1871/1855
f 987/1871/1855 1064/1870/1854 1065/1872/1856
f 987/1871/1855 1065/1872/1856 986/1873/1857
f 986/1873/1857 1065/1872/1856 1066/1874/1858
f 986/1873/1857 1066/1874/1858 985/1875/1859
f 985/1875/1859 1066/1874/1858 1067/1876/1860
f 985/1875/1859 1067/1876/1860 984/1877/1861
f 984/1877/1861 1067/1876/1860 1068/1878/1862
f 984/1877/1861 1068/1878/1862 983/1879/1863
f 983/1879/1863 1068/1878/1862 1069/1880/1864
f 983/1879/1863 1069/1880/1864 982/1881/1865
f 982/1881/1865 1069/1880/1864 1070/1882/1866
f 982/1881/1865 1070/1882/1866 981/1883/1867
f 981/1883/1867 1070/1882/1866 1071/1884/1868
f 981/1883/1867 1071/1884/1868 980/1885/1869
f 980/1885/1869 1071/1884/1868 1072/1886/1870
f 980/1885/1869 1072/1886/1870 979/1887/1871
f 979/1887/1871 1072/1886/1870 1073/1888/1872
f 979/1887/1871 1073/1888/1872 978/1889/1873
f 978/1889/1873 1073/1888/1872 1074/1890/1874
f 978/1889/1873 1074/1890/1874 977/1891/1875
f 977/1891/1875 1074/1890/1874 1075/1892/1876
f 977/1891/1875 1075/1892/1876 976/1893/1877
f 976/1893/1877 1075/1892/1876 1076/1894/1878
f 976/1893/1877 1076/1894/1878 975/1895/1879
f 975/1895/1879 1076/1894/1878 1077/1896/1880
f 975/1895/1879 1077/1896/1880 974/1897/1881
f 974/1897/1881 1077/1896/1880 1078/1898/1882
f 974/1897/1881 1078/1898/1882 973/1899/1883
f 973/1899/1883 1078/1898/1882 1079/1900/1884
f 973/1899/1883 1079/1900/1884 972/1901/1885
f 972/1901/1885 1079/1900/1884 1080/1902/1886
f 972/1901/1885 1080/1902/1886 971/1903/1887
f 971/1903/1887 1080/1902/1886 1081/1904/1888
f 971/1903/1887 1081/1904/1888 970/1905/1889
f 970/1905/1889 1081/1904/1888 1082/1906/1890
f 970/1905/1889 1082/1906/1890 969/1907/1891
f 969/1907/1891 1082/1906/1890 1083/1908/1892
f 969/1907/1891 1083/1908/1892 968/1909/1893
f 968/1909/1893 1083/1908/1892 1084/1910/1894
f 968/1909/1893 1084/1910/1894 967/1911/1895
f 967/1911/1895 1084/1910/1894 1085/1912/1896
f 967/1911/1895 1085/1912/1896 966/1913/1897
f 966/1913/1897 1085/1912/1896 1086/1914/1898
f 966/1913/1897 1086/1914/1898 965/1915/1899
f 965/1915/1899 1086/1914/1898 1087/1916/1900
f 965/1915/1899 1087/1916/1900 964/1917/1901
f 964/1917/1901 1087/1916/1900 1088/1918/1902
f 964/1917/1901 1088/1918/1902 963/1919/1903
f 963/1919/1903 1088/1918/1902 1089/1920/1904
f 963/1919/1903 1089/1920/1904 962/1921/1905
f 962/1921/1905 1089/1920/1904 1090/1922/1906
f 962/1921/1905 1090/1922/1906 961/1923/1907
f 961/1923/1907 1090/1922/1906 1091/1924/1908
f 961/1923/1907 1091/1924/1908 960/1925/1909
f 960/1925/1909 1091/1924/1908 1092/1926/1910
f 960/1925/1909 1092/1926/1910 959/1927/1911
f 959/1927/1911 1092/1926/1910 1093/1928/1912
f 959/1927/1911 1093/1928/1912 958/1929/1913
f 958/1929/1913 1093/1928/1912 1094/1930/1914
f 958/1929/1913 1094/1930/1914 957/1931/1915
f 957/1931/1915 1094/1930/1914 1095/1932/1916
f 957/1931/1915 1095/1932/1916 956/1933/1917
f 956/1933/1917 1095/1932/1916 1096/1934/1918
f 956/1933/1917 1096/1934/1918 955/1935/1919
f 955/1935/1919 1096/1934/1918 1097/1936/1920
f 955/1935/1919 1097/1936/1920 954/1937/1921
f 954/1937/1921 1097/1936/1920 1098/1938/1922
f 954/1937/1921 1098/1938/1922 953/1939/1923
f 953/1939/1923 1098/1938/1922 1099/1940/1924
f 953/1939/1923 1099/1940/1924 952/1941/1925
f 952/1941/1925 1099/1940/1924 1100/1942/1926
f 952/1941/1925 1100/1942/1926 951/1943/1927
f 951/1943/1927 1100/1942/1926 1101/1944/1928
f 951/1943/1927 1101/1944/1928 950/1945/1929
f 950/1945/1929 1101/1944/1928 1102/1946/1930
f 950/1945/1929 1102/1946/1930 949/1947/1931
f 949/1947/1931 1102/1946/1930 1103/1948/1932
f 949/1947/1931 1103/1948/1932 948/1789/1775
f 948/1789/1775 1103/1948/1932 1104/1790/1776
f 887/1949/1933 948/1950/1934 829/1951/1935
f 829/1951/1935 948/1950/1934 947/1952/1936
f 829/1951/1935 947/1952/1936 1025/1953/1937
f 948/1950/1934 887/1949/1933 949/1954/1938
f 949/1954/1938 887/1949/1933 886/1955/1939
f 949/1954/1938 886/1955/1939 950/1956/1940
f 950/1956/1940 886/1955/1939 885/1957/1941
f 950/1956/1940 885/1957/1941 951/1958/1942
f 951/1958/1942 885/1957/1941 952/1959/1943
f 952/1959/1943 885/1957/1941 884/1960/1944
f 952/1959/1943 884/1960/1944 953/1961/1945
f 953/1961/1945 884/1960/1944 883/1962/1946
f 953/1961/1945 883/1962/1946 954/1963/1947
f 954/1963/1947 883/1962/1946 882/1964/1948
f 954/1963/1947 882/1964/1948 955/1965/1949
f 955/1965/1949 882/1964/1948 956/1966/1950
f 956/1966/1950 882/1964/1948 881/1967/1951
f 956/1966/1950 881/1967/1951 957/1968/1952
f 957/1968/1952 881/1967/1951 880/1969/1953
f 957/1968/1952 880/1969/1953 958/1970/1954
f 958/1970/1954 880/1969/1953 879/1971/1955
f 958/1970/1954 879/1971/1955 959/1972/1956
f 959/1972/1956 879/1971/1955 960/1973/1957
f 960/1973/1957 879/1971/1955 878/1974/1958
f 960/1973/1957 878/1974/1958 961/1975/1959
f 961/1975/1959 878/1974/1958 877/1976/1960
f 961/1975/1959 877/1976/1960 962/1977/1961
f 962/1977/1961 877/1976/1960 876/1978/1962
f 962/1977/1961 876/1978/1962 963/1979/1963
f 963/1979/1963 876/1978/1962 964/1980/1964
f 964/1980/1964 876/1978/1962 875/1981/1965
f 964/1980/1964 875/1981/1965 965/1982/1966
f 965/1982/1966 875/1981/1965 874/1983/1967
f 965/1982/1966 874/1983/1967 966/1984/1968
f 966/1984/1968 874/1983/1967 873/1985/1969
f 966/1984/1968 873/1985/1969 967/1986/1970
f 967/1986/1970 873/1985/1969 968/1987/1971
f 968/1987/1971 873/1985/1969 872/1988/1972
f 968/1987/1971 872/1988/1972 969/1989/1973
f 969/1989/1973 872/1988/1972 871/1990/1974
f 969/1989/1973 871/1990/1974 970/1991/1975
f 970/1991/1975 871/1990/1974 870/1992/1976
f 970/1991/1975 870/1992/1976 971/1993/1977
f 971/1993/1977 870/1992/1976 972/1994/1978
f 972/1994/1978 870/1992/1976 869/1995/1979
f 972/1994/1978 869/1995/1979 973/1996/1980
f 973/1996/1980 869/1995/1979 868/1997/1981
f 973/1996/1980 868/1997/1981 974/1998/1982
f 974/1998/1982 868/1997/1981 867/1999/1983
f 974/1998/1982 867/1999/1983 975/2000/1984
f 975/2000/1984 867/1999/1983 976/2001/1985
f 976/2001/1985 867/1999/1983 866/2002/1986
f 976/2001/1985 866/2002/1986 977/2003/1987
f 977/2003/1987 866/2002/1986 865/2004/1988
f 977/2003/1987 865/2004/1988 978/2005/1989
f 978/2005/1989 865/2004/1988 864/2006/1990
f 978/2005/1989 864/2006/1990 979/2007/1991
f 979/2007/1991 864/2006/1990 980/2008/1992
f 980/2008/1992 864/2006/1990 863/2009/1993
f 980/2008/1992 863/2009/1993 981/2010/1994
f 981/2010/1994 863/2009/1993 862/2011/1995
f 981/2010/1994 862/2011/1995 982/2012/1996
f 982/2012/1996 862/2011/1995 861/2013/1997
f 982/2012/1996 861/2013/1997 983/2014/1998
f 983/2014/1998 861/2013/1997 984/2015/1999
f 984/2015/1999 861/2013/1997 860/2016/2000
f 984/2015/1999 860/2016/2000 985/2017/2001
f 985/2017/2001 860/2016/2000 859/2018/2002
f 985/2017/2001 859/2018/2002 986/2019/2003
f 986/2019/2003 859/2018/2002 987/2020/2004
f 987/2020/2004 859/2018/2002 858/2021/2005
f 987/2020/2004 858/2021/2005 988/2022/2006
f 988/2022/2006 858/2021/2005 857/2023/2007
f 988/2022/2006 857/2023/2007 989/2024/2008
f 989/2024/2008 857/2023/2007 856/2025/2009
f 989/2024/2008 856/2025/2009 990/2026/2010
f 990/2026/2010 856/2025/2009 991/2027/2011
f 991/2027/2011 856/2025/2009 855/2028/2012
f 991/2027/2011 855/2028/2012 992/2029/2013
f 992/2029/2013 855/2028/2012 854/2030/2014
f 992/2029/2013 854/2030/2014 993/2031/2015
f 993/2031/2015 854/2030/2014 853/2032/2016
f 993/2031/2015 853/2032/2016 994/2033/2017
f 994/2033/2017 853/2032/2016 995/2034/2018
f 995/2034/2018 853/2032/2016 852/2035/2019
f 995/2034/2018 852/2035/2019 996/2036/2020
f 996/2036/2020 852/2035/2019 851/2037/2021
f 996/2036/2020 851/2037/2021 997/2038/2022
f 997/2038/2022 851/2037/2021 850/2039/2023
f 997/2038/2022 850/2039/2023 998/2040/2024
f 998/2040/2024 850/2039/2023 849/2041/2025
f 998/2040/2024 849/2041/2025 999/2042/2026
f 999/2042/2026 849/2041/2025 848/2043/2027
f 999/2042/2026 848/2043/2027 1000/2044/2028
f 1000/2044/2028 848/2043/2027 1001/2045/2029
f 1001/2045/2029 848/2043/2027 847/2046/2030
f 1001/2045/2029 847/2046/2030 1002/2047/2031
f 1002/2047/2031 847/2046/2030 1003/2048/2032
f 1003/2048/2032 847/2046/2030 846/2049/2033
f 1003/2048/2032 846/2049/2033 1004/2050/2034
f 1004/2050/2034 846/2049/2033 845/2051/2035
f 1004/2050/2034 845/2051/2035 1005/2052/2036
f 1005/2052/2036 845/2051/2035 844/2053/2037
f 1005/2052/2036 844/2053/2037 1006/2054/2038
f 1006/2054/2038 844/2053/2037 1007/2055/2039
f 1007/2055/2039 844/2053/2037 843/2056/2040
f 1007/2055/2039 843/2056/2040 1008/2057/2041
f 1008/2057/2041 843/2056/2040 842/2058/2042
f 1008/2057/2041 842/2058/2042 1009/2059/2043
f 1009/2059/2043 842/2058/2042 841/2060/2044
f 1009/2059/2043 841/2060/2044 1010/2061/2045
f 1010/2061/2045 841/2060/2044 1011/2062/2046
f 1011/2062/2046 841/2060/2044 840/2063/2047
f 1011/2062/2046 840/2063/2047 1012/2064/2048
f 1012/2064/2048 840/2063/2047 839/2065/2049
f 1012/2064/2048 839/2065/2049 1013/2066/2050
f 1013/2066/2050 839/2065/2049 838/2067/2051
f 1013/2066/2050 838/2067/2051 1014/2068/2052
f 1014/2068/2052 838/2067/2051 1015/2069/2053
f 1015/2069/2053 838/2067/2051 837/2070/2054
f 1015/2069/2053 837/2070/2054 1016/2071/2055
f 1016/2071/2055 837/2070/2054 836/2072/2056
f 1016/2071/2055 836/2072/2056 1017/2073/2057
f 1017/2073/2057 836/2072/2056 835/2074/2058
f 1017/2073/2057 835/2074/2058 1018/2075/2059
f 1018/2075/2059 835/2074/2058 1019/2076/2060
f 1019/2076/2060 835/2074/2058 834/2077/2061
f 1019/2076/2060 834/2077/2061 1020/2078/2062
f 1020/2078/2062 834/2077/2061 833/2079/2063
f 1020/2078/2062 833/2079/2063 1021/2080/2064
f 1021/2080/2064 833/2079/2063 832/2081/2065
f 1021/2080/2064 832/2081/2065 1022/2082/2066
f 1022/2082/2066 832/2081/2065 1023/2083/2067
f 1023/2083/2067 832/2081/2065 831/2084/2068
f 1023/2083/2067 831/2084/2068 1024/2085/2069
f 1024/2085/2069 831/2084/2068 830/2086/2070
f 1024/2085/2069 830/2086/2070 1025/1953/1937
f 1025/1953/1937 830/2086/2070 829/1951/1935
f 946/2087/2071 1027/2088/2072 888/2089/2073
f 888/2089/2073 1027/2088/2072 1026/2090/2074
f 888/2089/2073 1026/2090/2074 1104/2091/2075
f 1027/2088/2072 946/2087/2071 1028/2092/2076
f 1028/2092/2076 946/2087/2071 945/2093/2077
f 1028/2092/2076 945/2093/2077 1029/2094/2078
f 1029/2094/2078 945/2093/2077 944/2095/2079
f 1029/2094/2078 944/2095/2079 1030/2096/2080
f 1030/2096/2080 944/2095/2079 1031/2097/2081
f 1031/2097/2081 944/2095/2079 943/2098/2082
f 1031/2097/2081 943/2098/2082 1032/2099/2083
f 1032/2099/2083 943/2098/2082 942/2100/2084
f 1032/2099/2083 942/2100/2084 1033/2101/2085
f 1033/2101/2085 942/2100/2084 941/2102/2086
f 1033/2101/2085 941/2102/2086 1034/2103/2087
f 1034/2103/2087 941/2102/2086 1035/2104/2088
f 1035/2104/2088 941/2102/2086 940/2105/2089
f 1035/2104/2088 940/2105/2089 1036/2106/2090
f 1036/2106/2090 940/2105/2089 939/2107/2091
f 1036/2106/2090 939/2107/2091 1037/2108/2092
f 1037/2108/2092 939/2107/2091 938/2109/2093
f 1037/2108/2092 938/2109/2093 1038/2110/2094
f 1038/2110/2094 938/2109/2093 1039/2111/2095
f 1039/2111/2095 938/2109/2093 937/2112/2096
f 1039/2111/2095 937/2112/2096 1040/2113/2097
f 1040/2113/2097 937/2112/2096 936/2114/2098
f 1040/2113/2097 936/2114/2098 1041/2115/2099
f 1041/2115/2099 936/2114/2098 935/2116/2100
f 1041/2115/2099 935/2116/2100 1042/2117/2101
f 1042/2117/2101 935/2116/2100 1043/2118/2102
f 1043/2118/2102 935/2116/2100 934/2119/2103
f 1043/2118/2102 934/2119/2103 1044/2120/2104
f 1044/2120/2104 934/2119/2103 933/2121/2105
f 1044/2120/2104 933/2121/2105 1045/2122/2106
f 1045/2122/2106 933/2121/2105 932/2123/2107
f 1045/2122/2106 932/2123/2107 1046/2124/2108
f 1046/2124/2108 932/2123/2107 1047/2125/2109
f 1047/2125/2109 932/2123/2107 931/2126/2110
f 1047/2125/2109 931/2126/2110 1048/2127/2111
f 1048/2127/2111 931/2126/2110 930/2128/2112
f 1048/2127/2111 930/2128/2112 1049/2129/2113
f 1049/2129/2113 930/2128/2112 929/2130/2114
f 1049/2129/2113 929/2130/2114 1050/2131/2115
f 1050/2131/2115 929/2130/2114 1051/2132/2116
f 1051/2132/2116 929/2130/2114 928/2133/2117
f 1051/2132/2116 928/2133/2117 1052/2134/2118
f 1052/2134/2118 928/2133/2117 1053/2135/2119
f 1053/2135/2119 928/2133/2117 927/2136/2120
f 1053/2135/2119 927/2136/2120 926/2137/2121
f 925/2138/2122 1055/2139/2123 926/2137/2121
f 926/2137/2121 1055/2139/2123 1054/2140/2124
f 926/2137/2121 1054/2140/2124 1053/2135/2119
f 1055/2139/2123 925/2138/2122 1056/2141/2125
f 1056/2141/2125 925/2138/2122 924/2142/2126
f 1056/2141/2125 924/2142/2126 1057/2143/2127
f 1057/2143/2127 924/2142/2126 923/2144/2128
f 1057/2143/2127 923/2144/2128 1058/2145/2129
f 1058/2145/2129 923/2144/2128 1059/2146/2130
f 1059/2146/2130 923/2144/2128 922/2147/2131
f 1059/2146/2130 922/2147/2131 1060/2148/2132
f 1060/2148/2132 922/2147/2131 921/2149/2133
f 1060/2148/2132 921/2149/2133 1061/2150/2134
f 1061/2150/2134 921/2149/2133 920/2151/2135
f 1061/2150/2134 920/2151/2135 1062/2152/2136
f 1062/2152/2136 920/2151/2135 1063/2153/2137
f 1063/2153/2137 920/2151/2135 919/2154/2138
f 1063/2153/2137 919/2154/2138 1064/2155/2139
f 1064/2155/2139 919/2154/2138 918/2156/2140
f 1064/2155/2139 918/2156/2140 1065/2157/2141
f 1065/2157/2141 918/2156/2140 917/2158/2142
f 1065/2157/2141 917/2158/2142 1066/2159/2143
f 1066/2159/2143 917/2158/2142 1067/2160/2144
f 1067/2160/2144 917/2158/2142 916/2161/2145
f 1067/2160/2144 916/2161/2145 1068/2162/2146
f 1068/2162/2146 916/2161/2145 915/2163/2147
f 1068/2162/2146 915/2163/2147 1069/2164/2148
f 1069/2164/2148 915/2163/2147 1070/2165/2149
f 1070/2165/2149 915/2163/2147 914/2166/2150
f 1070/2165/2149 914/2166/2150 1071/2167/2151
f 1071/2167/2151 914/2166/2150 913/2168/2152
f 1071/2167/2151 913/2168/2152 1072/2169/2153
f 1072/2169/2153 913/2168/2152 912/2170/2154
f 1072/2169/2153 912/2170/2154 1073/2171/2155
f 1073/2171/2155 912/2170/2154 1074/2172/2156
f 1074/2172/2156 912/2170/2154 911/2173/2157
f 1074/2172/2156 911/2173/2157 1075/2174/2158
f 1075/2174/2158 911/2173/2157 910/2175/2159
f 1075/2174/2158 910/2175/2159 1076/2176/2160
f 1076/2176/2160 910/2175/2159 909/2177/2161
f 1076/2176/2160 909/2177/2161 1077/2178/2162
f 1077/2178/2162 909/2177/2161 1078/2179/2163
f 1078/2179/2163 909/2177/2161 908/2180/2164
f 1078/2179/2163 908/2180/2164 1079/2181/2165
f 1079/2181/2165 908/2180/2164 907/2182/2166
f 1079/2181/2165 907/2182/2166 1080/2183/2167
f 1080/2183/2167 907/2182/2166 906/2184/2168
f 1080/2183/2167 906/2184/2168 1081/2185/2169
f 1081/2185/2169 906/2184/2168 1082/2186/2170
f 1082/2186/2170 906/2184/2168 905/2187/2171
f 1082/2186/2170 905/2187/2171 1083/2188/2172
f 1083/2188/2172 905/2187/2171 904/2189/2173
f 1083/2188/2172 904/2189/2173 1084/2190/2174
f 1084/2190/2174 904/2189/2173 903/2191/2175
f 1084/2190/2174 903/2191/2175 1085/2192/2176
f 1085/2192/2176 903/2191/2175 1086/2193/2177
f 1086/2193/2177 903/2191/2175 902/2194/2178
f 1086/2193/2177 902/2194/2178 1087/2195/2179
f 1087/2195/2179 902/2194/2178 901/2196/2180
f 1087/2195/2179 901/2196/2180 1088/2197/2181
f 1088/2197/2181 901/2196/2180 900/2198/2182
f 1088/2197/2181 900/2198/2182 1089/2199/2183
f 1089/2199/2183 900/2198/2182 1090/2200/2184
f 1090/2200/2184 900/2198/2182 899/2201/2185
f 1090/2200/2184 899/2201/2185 1091/2202/2186
f 1091/2202/2186 899/2201/2185 898/2203/2187
f 1091/2202/2186 898/2203/2187 1092/2204/2188
f 1092/2204/2188 898/2203/2187 897/2205/2189
f 1092/2204/2188 897/2205/2189 1093/2206/2190
f 1093/2206/2190 897/2205/2189 1094/2207/2191
f 1094/2207/2191 897/2205/2189 896/2208/2192
f 1094/2207/2191 896/2208/2192 1095/2209/2193
f 1095/2209/2193 896/2208/2192 895/2210/2194
f 1095/2209/2193 895/2210/2194 1096/2211/2195
f 1096/2211/2195 895/2210/2194 894/2212/2196
f 1096/2211/2195 894/2212/2196 1097/2213/2197
f 1097/2213/2197 894/2212/2196 1098/2214/2198
f 1098/2214/2198 894/2212/2196 893/2215/2199
f 1098/2214/2198 893/2215/2199 1099/2216/2200
f 1099/2216/2200 893/2215/2199 892/2217/2201
f 1099/2216/2200 892/2217/2201 1100/2218/2202
f 1100/2218/2202 892/2217/2201 891/2219/2203
f 1100/2218/2202 891/2219/2203 1101/2220/2204
f 1101/2220/2204 891/2219/2203 1102/2221/2205
f 1102/2221/2205 891/2219/2203 890/2222/2206
f 1102/2221/2205 890/2222/2206 1103/2223/2207
f 1103/2223/2207 890/2222/2206 889/2224/2208
f 1103/2223/2207 889/2224/2208 1104/2091/2075
f 1104/2091/2075 889/2224/2208 888/2089/2073
# 1104 vertices
# 2224 texture params
# 2208 normals
# 2208 facets

# 4 groups
