# WaveFront *.obj file (generated by Autodesk ATF)

mtllib Standoffs TOP O4-Lucid 4.7mm x4 (TPU).mtl

g Standoff 1

v -1.100000 8.700000 -18.031223
v -1.093768 8.700000 -17.914300
v -1.075144 8.700000 -17.798702
v -1.044337 8.700000 -17.685739
v -1.001698 8.700000 -17.576690
v -0.947709 8.700000 -17.472791
v -0.882983 8.700000 -17.375219
v -0.808252 8.700000 -17.285080
v -0.724363 8.700000 -17.203395
v -0.632266 8.700000 -17.131090
v -0.533006 8.700000 -17.068984
v -0.427707 8.700000 -17.017780
v -0.317561 8.700000 -16.978059
v -0.203818 8.700000 -16.950270
v -0.087765 8.700000 -16.934730
v 0.029283 8.700000 -16.931613
v 0.145998 8.700000 -16.940955
v 0.261059 8.700000 -16.962650
v 0.373163 8.700000 -16.996453
v 0.481038 8.700000 -17.041980
v 0.583463 8.700000 -17.098715
v 0.679277 8.700000 -17.166016
v 0.767395 8.700000 -17.243121
v 0.846817 8.700000 -17.329154
v 0.916645 8.700000 -17.423143
v 0.976087 8.700000 -17.524021
v 1.024470 8.700000 -17.630646
v 1.061245 8.700000 -17.741810
v 1.085995 8.700000 -17.856253
v 1.098441 8.700000 -17.972679
v 1.098441 8.700000 -18.089767
v 1.085995 8.700000 -18.206193
v 1.061245 8.700000 -18.320636
v 1.024470 8.700000 -18.431800
v 0.976087 8.700000 -18.538425
v 0.916645 8.700000 -18.639303
v 0.846817 8.700000 -18.733292
v 0.767395 8.700000 -18.819325
v 0.679277 8.700000 -18.896430
v 0.583463 8.700000 -18.963731
v 0.481038 8.700000 -19.020466
v 0.373163 8.700000 -19.065993
v 0.261059 8.700000 -19.099796
v 0.145998 8.700000 -19.121491
v 0.029283 8.700000 -19.130833
v -0.087765 8.700000 -19.127716
v -0.203818 8.700000 -19.112175
v -0.317561 8.700000 -19.084387
v -0.427707 8.700000 -19.044666
v -0.533006 8.700000 -18.993462
v -0.632266 8.700000 -18.931356
v -0.724363 8.700000 -18.859051
v -0.808252 8.700000 -18.777366
v -0.882983 8.700000 -18.687227
v -0.947709 8.700000 -18.589655
v -1.001698 8.700000 -18.485756
v -1.044337 8.700000 -18.376707
v -1.075144 8.700000 -18.263744
v -1.093768 8.700000 -18.148146
v -1.100000 4.000000 -18.031223
v -1.093768 4.000000 -18.148146
v -1.075144 4.000000 -18.263744
v -1.044337 4.000000 -18.376707
v -1.001698 4.000000 -18.485756
v -0.947709 4.000000 -18.589655
v -0.882983 4.000000 -18.687227
v -0.808252 4.000000 -18.777366
v -0.724363 4.000000 -18.859051
v -0.632266 4.000000 -18.931356
v -0.533006 4.000000 -18.993462
v -0.427707 4.000000 -19.044666
v -0.317561 4.000000 -19.084387
v -0.203818 4.000000 -19.112175
v -0.087765 4.000000 -19.127716
v 0.029283 4.000000 -19.130833
v 0.145998 4.000000 -19.121491
v 0.261059 4.000000 -19.099796
v 0.373163 4.000000 -19.065993
v 0.481038 4.000000 -19.020466
v 0.583463 4.000000 -18.963731
v 0.679277 4.000000 -18.896430
v 0.767395 4.000000 -18.819325
v 0.846817 4.000000 -18.733292
v 0.916645 4.000000 -18.639303
v 0.976087 4.000000 -18.538425
v 1.024470 4.000000 -18.431800
v 1.061245 4.000000 -18.320636
v 1.085995 4.000000 -18.206193
v 1.098441 4.000000 -18.089767
v 1.098441 4.000000 -17.972679
v 1.085995 4.000000 -17.856253
v 1.061245 4.000000 -17.741810
v 1.024470 4.000000 -17.630646
v 0.976087 4.000000 -17.524021
v 0.916645 4.000000 -17.423143
v 0.846817 4.000000 -17.329154
v 0.767395 4.000000 -17.243121
v 0.679277 4.000000 -17.166016
v 0.583463 4.000000 -17.098715
v 0.481038 4.000000 -17.041980
v 0.373163 4.000000 -16.996453
v 0.261059 4.000000 -16.962650
v 0.145998 4.000000 -16.940955
v 0.029283 4.000000 -16.931613
v -0.087765 4.000000 -16.934730
v -0.203818 4.000000 -16.950270
v -0.317561 4.000000 -16.978059
v -0.427707 4.000000 -17.017780
v -0.533006 4.000000 -17.068984
v -0.632266 4.000000 -17.131090
v -0.724363 4.000000 -17.203395
v -0.808252 4.000000 -17.285080
v -0.882983 4.000000 -17.375219
v -0.947709 4.000000 -17.472791
v -1.001698 4.000000 -17.576690
v -1.044337 4.000000 -17.685739
v -1.075144 4.000000 -17.798702
v -1.093768 4.000000 -17.914300
v -1.100000 6.350000 -18.031223
v -1.093768 6.350000 -17.914300
v -1.075144 6.350000 -17.798702
v -1.044337 6.350000 -17.685739
v -1.001698 6.350000 -17.576690
v -0.947709 6.350000 -17.472791
v -0.882983 6.350000 -17.375219
v -0.808252 6.350000 -17.285080
v -0.724363 6.350000 -17.203395
v -0.632266 6.350000 -17.131090
v -0.533006 6.350000 -17.068984
v -0.427707 6.350000 -17.017780
v -0.317561 6.350000 -16.978059
v -0.203818 6.350000 -16.950270
v -0.087765 6.350000 -16.934730
v 0.029283 6.350000 -16.931613
v 0.145998 6.350000 -16.940955
v 0.261059 6.350000 -16.962650
v 0.373163 6.350000 -16.996453
v 0.481038 6.350000 -17.041980
v 0.583463 6.350000 -17.098715
v 0.679277 6.350000 -17.166016
v 0.767395 6.350000 -17.243121
v 0.846817 6.350000 -17.329154
v 0.916645 6.350000 -17.423143
v 0.976087 6.350000 -17.524021
v 1.024470 6.350000 -17.630646
v 1.061245 6.350000 -17.741810
v 1.085995 6.350000 -17.856253
v 1.098441 6.350000 -17.972679
v 1.098441 6.350000 -18.089767
v 1.085995 6.350000 -18.206193
v 1.061245 6.350000 -18.320636
v 1.024470 6.350000 -18.431800
v 0.976087 6.350000 -18.538425
v 0.916645 6.350000 -18.639303
v 0.846817 6.350000 -18.733292
v 0.767395 6.350000 -18.819325
v 0.679277 6.350000 -18.896430
v 0.583463 6.350000 -18.963731
v 0.481038 6.350000 -19.020466
v 0.373163 6.350000 -19.065993
v 0.261059 6.350000 -19.099796
v 0.145998 6.350000 -19.121491
v 0.029283 6.350000 -19.130833
v -0.087765 6.350000 -19.127716
v -0.203818 6.350000 -19.112175
v -0.317561 6.350000 -19.084387
v -0.427707 6.350000 -19.044666
v -0.533006 6.350000 -18.993462
v -0.632266 6.350000 -18.931356
v -0.724363 6.350000 -18.859051
v -0.808252 6.350000 -18.777366
v -0.882983 6.350000 -18.687227
v -0.947709 6.350000 -18.589655
v -1.001698 6.350000 -18.485756
v -1.044337 6.350000 -18.376707
v -1.075144 6.350000 -18.263744
v -1.093768 6.350000 -18.148146
v -2.000000 8.700000 -18.031223
v -1.993678 8.700000 -18.190123
v -1.974751 8.700000 -18.348019
v -1.943339 8.700000 -18.503912
v -1.899640 8.700000 -18.656816
v -1.843932 8.700000 -18.805765
v -1.776565 8.700000 -18.949817
v -1.697967 8.700000 -19.088062
v -1.608633 8.700000 -19.219625
v -1.509129 8.700000 -19.343674
v -1.400084 8.700000 -19.459426
v -1.282187 8.700000 -19.566148
v -1.156184 8.700000 -19.663166
v -1.022871 8.700000 -19.749866
v -0.883091 8.700000 -19.825701
v -0.737728 8.700000 -19.890190
v -0.587701 8.700000 -19.942926
v -0.433958 8.700000 -19.983576
v -0.277471 8.700000 -20.011882
v -0.119230 8.700000 -20.027666
v 0.039764 8.700000 -20.030828
v 0.198508 8.700000 -20.021347
v 0.355996 8.700000 -19.999285
v 0.511233 8.700000 -19.964779
v 0.663239 8.700000 -19.918050
v 0.811051 8.700000 -19.859391
v 0.953735 8.700000 -19.789173
v 1.090390 8.700000 -19.707842
v 1.220150 8.700000 -19.615910
v 1.342197 8.700000 -19.513959
v 1.455758 8.700000 -19.402635
v 1.560115 8.700000 -19.282639
v 1.654608 8.700000 -19.154732
v 1.738641 8.700000 -19.019721
v 1.811681 8.700000 -18.878461
v 1.873267 8.700000 -18.731845
v 1.923010 8.700000 -18.580798
v 1.960595 8.700000 -18.426278
v 1.985784 8.700000 -18.269259
v 1.998419 8.700000 -18.110736
v 1.998419 8.700000 -17.951710
v 1.985784 8.700000 -17.793187
v 1.960595 8.700000 -17.636168
v 1.923010 8.700000 -17.481647
v 1.873267 8.700000 -17.330601
v 1.811681 8.700000 -17.183985
v 1.738641 8.700000 -17.042725
v 1.654608 8.700000 -16.907714
v 1.560115 8.700000 -16.779807
v 1.455758 8.700000 -16.659811
v 1.342197 8.700000 -16.548486
v 1.220150 8.700000 -16.446536
v 1.090390 8.700000 -16.354604
v 0.953735 8.700000 -16.273273
v 0.811051 8.700000 -16.203055
v 0.663239 8.700000 -16.144396
v 0.511233 8.700000 -16.097666
v 0.355996 8.700000 -16.063161
v 0.198508 8.700000 -16.041099
v 0.039764 8.700000 -16.031618
v -0.119230 8.700000 -16.034780
v -0.277471 8.700000 -16.050564
v -0.433958 8.700000 -16.078870
v -0.587701 8.700000 -16.119520
v -0.737728 8.700000 -16.172256
v -0.883091 8.700000 -16.236745
v -1.022871 8.700000 -16.312580
v -1.156184 8.700000 -16.399280
v -1.282187 8.700000 -16.496298
v -1.400084 8.700000 -16.603020
v -1.509129 8.700000 -16.718771
v -1.608633 8.700000 -16.842821
v -1.697967 8.700000 -16.974384
v -1.776565 8.700000 -17.112628
v -1.843932 8.700000 -17.256681
v -1.899640 8.700000 -17.405630
v -1.943339 8.700000 -17.558534
v -1.974751 8.700000 -17.714427
v -1.993678 8.700000 -17.872323
v -2.000000 4.000000 -18.031223
v -1.993678 4.000000 -17.872323
v -1.974751 4.000000 -17.714427
v -1.943339 4.000000 -17.558534
v -1.899640 4.000000 -17.405630
v -1.843932 4.000000 -17.256681
v -1.776565 4.000000 -17.112628
v -1.697967 4.000000 -16.974384
v -1.608633 4.000000 -16.842821
v -1.509129 4.000000 -16.718771
v -1.400084 4.000000 -16.603020
v -1.282187 4.000000 -16.496298
v -1.156184 4.000000 -16.399280
v -1.022871 4.000000 -16.312580
v -0.883091 4.000000 -16.236745
v -0.737728 4.000000 -16.172256
v -0.587701 4.000000 -16.119520
v -0.433958 4.000000 -16.078870
v -0.277471 4.000000 -16.050564
v -0.119230 4.000000 -16.034780
v 0.039764 4.000000 -16.031618
v 0.198508 4.000000 -16.041099
v 0.355996 4.000000 -16.063161
v 0.511233 4.000000 -16.097666
v 0.663239 4.000000 -16.144396
v 0.811051 4.000000 -16.203055
v 0.953735 4.000000 -16.273273
v 1.090390 4.000000 -16.354604
v 1.220150 4.000000 -16.446536
v 1.342197 4.000000 -16.548486
v 1.455758 4.000000 -16.659811
v 1.560115 4.000000 -16.779807
v 1.654608 4.000000 -16.907714
v 1.738641 4.000000 -17.042725
v 1.811681 4.000000 -17.183985
v 1.873267 4.000000 -17.330601
v 1.923010 4.000000 -17.481647
v 1.960595 4.000000 -17.636168
v 1.985784 4.000000 -17.793187
v 1.998419 4.000000 -17.951710
v 1.998419 4.000000 -18.110736
v 1.985784 4.000000 -18.269259
v 1.960595 4.000000 -18.426278
v 1.923010 4.000000 -18.580798
v 1.873267 4.000000 -18.731845
v 1.811681 4.000000 -18.878461
v 1.738641 4.000000 -19.019721
v 1.654608 4.000000 -19.154732
v 1.560115 4.000000 -19.282639
v 1.455758 4.000000 -19.402635
v 1.342197 4.000000 -19.513959
v 1.220150 4.000000 -19.615910
v 1.090390 4.000000 -19.707842
v 0.953735 4.000000 -19.789173
v 0.811051 4.000000 -19.859391
v 0.663239 4.000000 -19.918050
v 0.511233 4.000000 -19.964779
v 0.355996 4.000000 -19.999285
v 0.198508 4.000000 -20.021347
v 0.039764 4.000000 -20.030828
v -0.119230 4.000000 -20.027666
v -0.277471 4.000000 -20.011882
v -0.433958 4.000000 -19.983576
v -0.587701 4.000000 -19.942926
v -0.737728 4.000000 -19.890190
v -0.883091 4.000000 -19.825701
v -1.022871 4.000000 -19.749866
v -1.156184 4.000000 -19.663166
v -1.282187 4.000000 -19.566148
v -1.400084 4.000000 -19.459426
v -1.509129 4.000000 -19.343674
v -1.608633 4.000000 -19.219625
v -1.697967 4.000000 -19.088062
v -1.776565 4.000000 -18.949817
v -1.843932 4.000000 -18.805765
v -1.899640 4.000000 -18.656816
v -1.943339 4.000000 -18.503912
v -1.974751 4.000000 -18.348019
v -1.993678 4.000000 -18.190123
v -2.000000 6.350000 -18.031223
v -1.993678 6.350000 -18.190123
v -1.974751 6.350000 -18.348019
v -1.943339 6.350000 -18.503912
v -1.899640 6.350000 -18.656816
v -1.843932 6.350000 -18.805765
v -1.776565 6.350000 -18.949817
v -1.697967 6.350000 -19.088062
v -1.608633 6.350000 -19.219625
v -1.509129 6.350000 -19.343674
v -1.400084 6.350000 -19.459426
v -1.282187 6.350000 -19.566148
v -1.156184 6.350000 -19.663166
v -1.022871 6.350000 -19.749866
v -0.883091 6.350000 -19.825701
v -0.737728 6.350000 -19.890190
v -0.587701 6.350000 -19.942926
v -0.433958 6.350000 -19.983576
v -0.277471 6.350000 -20.011882
v -0.119230 6.350000 -20.027666
v 0.039764 6.350000 -20.030828
v 0.198508 6.350000 -20.021347
v 0.355996 6.350000 -19.999285
v 0.511233 6.350000 -19.964779
v 0.663239 6.350000 -19.918050
v 0.811051 6.350000 -19.859391
v 0.953735 6.350000 -19.789173
v 1.090390 6.350000 -19.707842
v 1.220150 6.350000 -19.615910
v 1.342197 6.350000 -19.513959
v 1.455758 6.350000 -19.402635
v 1.560115 6.350000 -19.282639
v 1.654608 6.350000 -19.154732
v 1.738641 6.350000 -19.019721
v 1.811681 6.350000 -18.878461
v 1.873267 6.350000 -18.731845
v 1.923010 6.350000 -18.580798
v 1.960595 6.350000 -18.426278
v 1.985784 6.350000 -18.269259
v 1.998419 6.350000 -18.110736
v 1.998419 6.350000 -17.951710
v 1.985784 6.350000 -17.793187
v 1.960595 6.350000 -17.636168
v 1.923010 6.350000 -17.481647
v 1.873267 6.350000 -17.330601
v 1.811681 6.350000 -17.183985
v 1.738641 6.350000 -17.042725
v 1.654608 6.350000 -16.907714
v 1.560115 6.350000 -16.779807
v 1.455758 6.350000 -16.659811
v 1.342197 6.350000 -16.548486
v 1.220150 6.350000 -16.446536
v 1.090390 6.350000 -16.354604
v 0.953735 6.350000 -16.273273
v 0.811051 6.350000 -16.203055
v 0.663239 6.350000 -16.144396
v 0.511233 6.350000 -16.097666
v 0.355996 6.350000 -16.063161
v 0.198508 6.350000 -16.041099
v 0.039764 6.350000 -16.031618
v -0.119230 6.350000 -16.034780
v -0.277471 6.350000 -16.050564
v -0.433958 6.350000 -16.078870
v -0.587701 6.350000 -16.119520
v -0.737728 6.350000 -16.172256
v -0.883091 6.350000 -16.236745
v -1.022871 6.350000 -16.312580
v -1.156184 6.350000 -16.399280
v -1.282187 6.350000 -16.496298
v -1.400084 6.350000 -16.603020
v -1.509129 6.350000 -16.718771
v -1.608633 6.350000 -16.842821
v -1.697967 6.350000 -16.974384
v -1.776565 6.350000 -17.112628
v -1.843932 6.350000 -17.256681
v -1.899640 6.350000 -17.405630
v -1.943339 6.350000 -17.558534
v -1.974751 6.350000 -17.714427
v -1.993678 6.350000 -17.872323
vt 0.470000 -0.333861 0.000000
vt 0.235000 -0.333861 0.000000
vt 0.470000 -0.345575 0.000000
vt 0.235000 -0.345575 0.000000
vt 0.470000 0.345575 0.000000
vt 0.235000 0.345575 0.000000
vt 0.470000 0.333861 0.000000
vt 0.235000 0.333861 0.000000
vt 0.470000 0.322146 0.000000
vt 0.235000 0.322146 0.000000
vt 0.470000 0.310432 0.000000
vt 0.235000 0.310432 0.000000
vt 0.470000 0.298718 0.000000
vt 0.235000 0.298718 0.000000
vt 0.470000 0.287003 0.000000
vt 0.235000 0.287003 0.000000
vt 0.470000 0.275289 0.000000
vt 0.235000 0.275289 0.000000
vt 0.470000 0.263574 0.000000
vt 0.235000 0.263574 0.000000
vt 0.470000 0.251860 0.000000
vt 0.235000 0.251860 0.000000
vt 0.470000 0.240145 0.000000
vt 0.235000 0.240145 0.000000
vt 0.470000 0.228431 0.000000
vt 0.235000 0.228431 0.000000
vt 0.470000 0.216717 0.000000
vt 0.235000 0.216717 0.000000
vt 0.470000 0.205002 0.000000
vt 0.235000 0.205002 0.000000
vt 0.470000 0.193288 0.000000
vt 0.235000 0.193288 0.000000
vt 0.470000 0.181573 0.000000
vt 0.235000 0.181573 0.000000
vt 0.470000 0.169859 0.000000
vt 0.235000 0.169859 0.000000
vt 0.470000 0.158145 0.000000
vt 0.235000 0.158145 0.000000
vt 0.470000 0.146430 0.000000
vt 0.235000 0.146430 0.000000
vt 0.470000 0.134716 0.000000
vt 0.235000 0.134716 0.000000
vt 0.470000 0.123001 0.000000
vt 0.235000 0.123001 0.000000
vt 0.470000 0.111287 0.000000
vt 0.235000 0.111287 0.000000
vt 0.470000 0.099573 0.000000
vt 0.235000 0.099573 0.000000
vt 0.470000 0.087858 0.000000
vt 0.235000 0.087858 0.000000
vt 0.470000 0.076144 0.000000
vt 0.235000 0.076144 0.000000
vt 0.470000 0.064429 0.000000
vt 0.235000 0.064429 0.000000
vt 0.470000 0.052715 0.000000
vt 0.235000 0.052715 0.000000
vt 0.470000 0.041000 0.000000
vt 0.235000 0.041000 0.000000
vt 0.470000 0.029286 0.000000
vt 0.235000 0.029286 0.000000
vt 0.470000 0.017572 0.000000
vt 0.235000 0.017572 0.000000
vt 0.470000 0.005857 0.000000
vt 0.235000 0.005857 0.000000
vt 0.470000 -0.005857 0.000000
vt 0.235000 -0.005857 0.000000
vt 0.470000 -0.017572 0.000000
vt 0.235000 -0.017572 0.000000
vt 0.470000 -0.029286 0.000000
vt 0.235000 -0.029286 0.000000
vt 0.470000 -0.041000 0.000000
vt 0.235000 -0.041000 0.000000
vt 0.470000 -0.052715 0.000000
vt 0.235000 -0.052715 0.000000
vt 0.470000 -0.064429 0.000000
vt 0.235000 -0.064429 0.000000
vt 0.470000 -0.076144 0.000000
vt 0.235000 -0.076144 0.000000
vt 0.470000 -0.087858 0.000000
vt 0.235000 -0.087858 0.000000
vt 0.470000 -0.099573 0.000000
vt 0.235000 -0.099573 0.000000
vt 0.470000 -0.111287 0.000000
vt 0.235000 -0.111287 0.000000
vt 0.470000 -0.123001 0.000000
vt 0.235000 -0.123001 0.000000
vt 0.470000 -0.134716 0.000000
vt 0.235000 -0.134716 0.000000
vt 0.470000 -0.146430 0.000000
vt 0.235000 -0.146430 0.000000
vt 0.470000 -0.158145 0.000000
vt 0.235000 -0.158145 0.000000
vt 0.470000 -0.169859 0.000000
vt 0.235000 -0.169859 0.000000
vt 0.470000 -0.181573 0.000000
vt 0.235000 -0.181573 0.000000
vt 0.470000 -0.193288 0.000000
vt 0.235000 -0.193288 0.000000
vt 0.470000 -0.205002 0.000000
vt 0.235000 -0.205002 0.000000
vt 0.470000 -0.216717 0.000000
vt 0.235000 -0.216717 0.000000
vt 0.470000 -0.228431 0.000000
vt 0.235000 -0.228431 0.000000
vt 0.470000 -0.240145 0.000000
vt 0.235000 -0.240145 0.000000
vt 0.470000 -0.251860 0.000000
vt 0.235000 -0.251860 0.000000
vt 0.470000 -0.263574 0.000000
vt 0.235000 -0.263574 0.000000
vt 0.470000 -0.275289 0.000000
vt 0.235000 -0.275289 0.000000
vt 0.470000 -0.287003 0.000000
vt 0.235000 -0.287003 0.000000
vt 0.470000 -0.298718 0.000000
vt 0.235000 -0.298718 0.000000
vt 0.470000 -0.310432 0.000000
vt 0.235000 -0.310432 0.000000
vt 0.470000 -0.322146 0.000000
vt 0.235000 -0.322146 0.000000
vt 0.000000 0.333861 0.000000
vt 0.000000 0.345575 0.000000
vt 0.000000 -0.345575 0.000000
vt 0.000000 -0.333861 0.000000
vt 0.000000 -0.322146 0.000000
vt 0.000000 -0.310432 0.000000
vt -0.000000 -0.298718 0.000000
vt -0.000000 -0.287003 0.000000
vt -0.000000 -0.275289 0.000000
vt -0.000000 -0.263574 0.000000
vt -0.000000 -0.251860 0.000000
vt 0.000000 -0.240145 0.000000
vt -0.000000 -0.228431 0.000000
vt 0.000000 -0.216717 0.000000
vt 0.000000 -0.205002 0.000000
vt -0.000000 -0.193288 0.000000
vt -0.000000 -0.181573 0.000000
vt -0.000000 -0.169859 0.000000
vt 0.000000 -0.158145 0.000000
vt -0.000000 -0.146430 0.000000
vt 0.000000 -0.134716 0.000000
vt -0.000000 -0.123001 0.000000
vt -0.000000 -0.111287 0.000000
vt 0.000000 -0.099573 0.000000
vt -0.000000 -0.087858 0.000000
vt -0.000000 -0.076144 0.000000
vt 0.000000 -0.064429 0.000000
vt 0.000000 -0.052715 0.000000
vt -0.000000 -0.041000 0.000000
vt -0.000000 -0.029286 0.000000
vt -0.000000 -0.017572 0.000000
vt 0.000000 -0.005857 0.000000
vt 0.000000 0.005857 0.000000
vt -0.000000 0.017572 0.000000
vt -0.000000 0.029286 0.000000
vt 0.000000 0.041000 0.000000
vt -0.000000 0.052715 0.000000
vt 0.000000 0.064429 0.000000
vt -0.000000 0.076144 0.000000
vt 0.000000 0.087858 0.000000
vt 0.000000 0.099573 0.000000
vt -0.000000 0.111287 0.000000
vt -0.000000 0.123001 0.000000
vt 0.000000 0.134716 0.000000
vt 0.000000 0.146430 0.000000
vt -0.000000 0.158145 0.000000
vt -0.000000 0.169859 0.000000
vt -0.000000 0.181573 0.000000
vt -0.000000 0.193288 0.000000
vt 0.000000 0.205002 0.000000
vt 0.000000 0.216717 0.000000
vt -0.000000 0.228431 0.000000
vt 0.000000 0.240145 0.000000
vt -0.000000 0.251860 0.000000
vt 0.000000 0.263574 0.000000
vt 0.000000 0.275289 0.000000
vt -0.000000 0.287003 0.000000
vt -0.000000 0.298718 0.000000
vt 0.000000 0.310432 0.000000
vt 0.000000 0.322146 0.000000
vt -0.470000 0.612412 0.000000
vt -0.235000 0.612412 0.000000
vt -0.470000 0.628319 0.000000
vt -0.235000 0.628319 0.000000
vt -0.470000 -0.628319 0.000000
vt -0.235000 -0.628319 0.000000
vt -0.470000 -0.612412 0.000000
vt -0.235000 -0.612412 0.000000
vt -0.470000 -0.596505 0.000000
vt -0.235000 -0.596505 0.000000
vt -0.470000 -0.580598 0.000000
vt -0.235000 -0.580598 0.000000
vt -0.470000 -0.564691 0.000000
vt -0.235000 -0.564691 0.000000
vt -0.470000 -0.548785 0.000000
vt -0.235000 -0.548785 0.000000
vt -0.470000 -0.532878 0.000000
vt -0.235000 -0.532878 0.000000
vt -0.470000 -0.516971 0.000000
vt -0.235000 -0.516971 0.000000
vt -0.470000 -0.501064 0.000000
vt -0.235000 -0.501064 0.000000
vt -0.470000 -0.485157 0.000000
vt -0.235000 -0.485157 0.000000
vt -0.470000 -0.469251 0.000000
vt -0.235000 -0.469251 0.000000
vt -0.470000 -0.453344 0.000000
vt -0.235000 -0.453344 0.000000
vt -0.470000 -0.437437 0.000000
vt -0.235000 -0.437437 0.000000
vt -0.470000 -0.421530 0.000000
vt -0.235000 -0.421530 0.000000
vt -0.470000 -0.405623 0.000000
vt -0.235000 -0.405623 0.000000
vt -0.470000 -0.389717 0.000000
vt -0.235000 -0.389717 0.000000
vt -0.470000 -0.373810 0.000000
vt -0.235000 -0.373810 0.000000
vt -0.470000 -0.357903 0.000000
vt -0.235000 -0.357903 0.000000
vt -0.470000 -0.341996 0.000000
vt -0.235000 -0.341996 0.000000
vt -0.470000 -0.326089 0.000000
vt -0.235000 -0.326089 0.000000
vt -0.470000 -0.310183 0.000000
vt -0.235000 -0.310183 0.000000
vt -0.470000 -0.294276 0.000000
vt -0.235000 -0.294276 0.000000
vt -0.470000 -0.278369 0.000000
vt -0.235000 -0.278369 0.000000
vt -0.470000 -0.262462 0.000000
vt -0.235000 -0.262462 0.000000
vt -0.470000 -0.246555 0.000000
vt -0.235000 -0.246555 0.000000
vt -0.470000 -0.230649 0.000000
vt -0.235000 -0.230649 0.000000
vt -0.470000 -0.214742 0.000000
vt -0.235000 -0.214742 0.000000
vt -0.470000 -0.198835 0.000000
vt -0.235000 -0.198835 0.000000
vt -0.470000 -0.182928 0.000000
vt -0.235000 -0.182928 0.000000
vt -0.470000 -0.167021 0.000000
vt -0.235000 -0.167021 0.000000
vt -0.470000 -0.151115 0.000000
vt -0.235000 -0.151115 0.000000
vt -0.470000 -0.135208 0.000000
vt -0.235000 -0.135208 0.000000
vt -0.470000 -0.119301 0.000000
vt -0.235000 -0.119301 0.000000
vt -0.470000 -0.103394 0.000000
vt -0.235000 -0.103394 0.000000
vt -0.470000 -0.087487 0.000000
vt -0.235000 -0.087487 0.000000
vt -0.470000 -0.071581 0.000000
vt -0.235000 -0.071581 0.000000
vt -0.470000 -0.055674 0.000000
vt -0.235000 -0.055674 0.000000
vt -0.470000 -0.039767 0.000000
vt -0.235000 -0.039767 0.000000
vt -0.470000 -0.023860 0.000000
vt -0.235000 -0.023860 0.000000
vt -0.470000 -0.007953 0.000000
vt -0.235000 -0.007953 0.000000
vt -0.470000 0.007953 0.000000
vt -0.235000 0.007953 0.000000
vt -0.470000 0.023860 0.000000
vt -0.235000 0.023860 0.000000
vt -0.470000 0.039767 0.000000
vt -0.235000 0.039767 0.000000
vt -0.470000 0.055674 0.000000
vt -0.235000 0.055674 0.000000
vt -0.470000 0.071581 0.000000
vt -0.235000 0.071581 0.000000
vt -0.470000 0.087487 0.000000
vt -0.235000 0.087487 0.000000
vt -0.470000 0.103394 0.000000
vt -0.235000 0.103394 0.000000
vt -0.470000 0.119301 0.000000
vt -0.235000 0.119301 0.000000
vt -0.470000 0.135208 0.000000
vt -0.235000 0.135208 0.000000
vt -0.470000 0.151115 0.000000
vt -0.235000 0.151115 0.000000
vt -0.470000 0.167021 0.000000
vt -0.235000 0.167021 0.000000
vt -0.470000 0.182928 0.000000
vt -0.235000 0.182928 0.000000
vt -0.470000 0.198835 0.000000
vt -0.235000 0.198835 0.000000
vt -0.470000 0.214742 0.000000
vt -0.235000 0.214742 0.000000
vt -0.470000 0.230649 0.000000
vt -0.235000 0.230649 0.000000
vt -0.470000 0.246555 0.000000
vt -0.235000 0.246555 0.000000
vt -0.470000 0.262462 0.000000
vt -0.235000 0.262462 0.000000
vt -0.470000 0.278369 0.000000
vt -0.235000 0.278369 0.000000
vt -0.470000 0.294276 0.000000
vt -0.235000 0.294276 0.000000
vt -0.470000 0.310183 0.000000
vt -0.235000 0.310183 0.000000
vt -0.470000 0.326089 0.000000
vt -0.235000 0.326089 0.000000
vt -0.470000 0.341996 0.000000
vt -0.235000 0.341996 0.000000
vt -0.470000 0.357903 0.000000
vt -0.235000 0.357903 0.000000
vt -0.470000 0.373810 0.000000
vt -0.235000 0.373810 0.000000
vt -0.470000 0.389717 0.000000
vt -0.235000 0.389717 0.000000
vt -0.470000 0.405623 0.000000
vt -0.235000 0.405623 0.000000
vt -0.470000 0.421530 0.000000
vt -0.235000 0.421530 0.000000
vt -0.470000 0.437437 0.000000
vt -0.235000 0.437437 0.000000
vt -0.470000 0.453344 0.000000
vt -0.235000 0.453344 0.000000
vt -0.470000 0.469251 0.000000
vt -0.235000 0.469251 0.000000
vt -0.470000 0.485157 0.000000
vt -0.235000 0.485157 0.000000
vt -0.470000 0.501064 0.000000
vt -0.235000 0.501064 0.000000
vt -0.470000 0.516971 0.000000
vt -0.235000 0.516971 0.000000
vt -0.470000 0.532878 0.000000
vt -0.235000 0.532878 0.000000
vt -0.470000 0.548785 0.000000
vt -0.235000 0.548785 0.000000
vt -0.470000 0.564691 0.000000
vt -0.235000 0.564691 0.000000
vt -0.470000 0.580598 0.000000
vt -0.235000 0.580598 0.000000
vt -0.470000 0.596505 0.000000
vt -0.235000 0.596505 0.000000
vt -0.000000 -0.612412 0.000000
vt -0.000000 -0.628319 0.000000
vt -0.000000 0.628319 0.000000
vt -0.000000 0.612412 0.000000
vt -0.000000 0.596505 0.000000
vt -0.000000 0.580598 0.000000
vt -0.000000 0.564691 0.000000
vt -0.000000 0.548785 0.000000
vt -0.000000 0.532878 0.000000
vt -0.000000 0.516971 0.000000
vt -0.000000 0.501064 0.000000
vt -0.000000 0.485157 0.000000
vt -0.000000 0.469251 0.000000
vt -0.000000 0.453344 0.000000
vt -0.000000 0.437437 0.000000
vt -0.000000 0.421530 0.000000
vt -0.000000 0.405623 0.000000
vt -0.000000 0.389717 0.000000
vt -0.000000 0.373810 0.000000
vt -0.000000 0.357903 0.000000
vt -0.000000 0.341996 0.000000
vt -0.000000 0.326089 0.000000
vt -0.000000 0.310183 0.000000
vt -0.000000 0.294276 0.000000
vt -0.000000 0.278369 0.000000
vt -0.000000 0.262462 0.000000
vt -0.000000 0.246555 0.000000
vt -0.000000 0.230649 0.000000
vt -0.000000 0.214742 0.000000
vt -0.000000 0.198835 0.000000
vt -0.000000 0.182928 0.000000
vt -0.000000 0.167021 0.000000
vt -0.000000 0.151115 0.000000
vt -0.000000 0.135208 0.000000
vt -0.000000 0.119301 0.000000
vt -0.000000 0.103394 0.000000
vt -0.000000 0.087487 0.000000
vt -0.000000 0.071581 0.000000
vt -0.000000 0.055674 0.000000
vt -0.000000 0.039767 0.000000
vt -0.000000 0.023860 0.000000
vt -0.000000 0.007953 0.000000
vt -0.000000 -0.007953 0.000000
vt -0.000000 -0.023860 0.000000
vt -0.000000 -0.039767 0.000000
vt -0.000000 -0.055674 0.000000
vt -0.000000 -0.071581 0.000000
vt -0.000000 -0.087487 0.000000
vt -0.000000 -0.103394 0.000000
vt -0.000000 -0.119301 0.000000
vt -0.000000 -0.135208 0.000000
vt -0.000000 -0.151115 0.000000
vt -0.000000 -0.167021 0.000000
vt -0.000000 -0.182928 0.000000
vt -0.000000 -0.198835 0.000000
vt -0.000000 -0.214742 0.000000
vt -0.000000 -0.230649 0.000000
vt -0.000000 -0.246555 0.000000
vt -0.000000 -0.262462 0.000000
vt -0.000000 -0.278369 0.000000
vt -0.000000 -0.294276 0.000000
vt -0.000000 -0.310183 0.000000
vt -0.000000 -0.326089 0.000000
vt -0.000000 -0.341996 0.000000
vt -0.000000 -0.357903 0.000000
vt -0.000000 -0.373810 0.000000
vt -0.000000 -0.389717 0.000000
vt -0.000000 -0.405623 0.000000
vt -0.000000 -0.421530 0.000000
vt -0.000000 -0.437437 0.000000
vt -0.000000 -0.453344 0.000000
vt -0.000000 -0.469251 0.000000
vt -0.000000 -0.485157 0.000000
vt -0.000000 -0.501064 0.000000
vt -0.000000 -0.516971 0.000000
vt -0.000000 -0.532878 0.000000
vt -0.000000 -0.548785 0.000000
vt -0.000000 -0.564691 0.000000
vt -0.000000 -0.580598 0.000000
vt -0.000000 -0.596505 0.000000
vt -0.109377 0.011692 0.000000
vt -0.199368 0.015890 0.000000
vt -0.110000 0.000000 0.000000
vt -0.200000 0.000000 0.000000
vt -0.199368 -0.015890 0.000000
vt -0.197475 0.031680 0.000000
vt -0.107514 0.023252 0.000000
vt -0.194334 0.047269 0.000000
vt -0.104434 0.034548 0.000000
vt -0.189964 0.062559 0.000000
vt -0.184393 0.077454 0.000000
vt -0.100170 0.045453 0.000000
vt -0.177657 0.091859 0.000000
vt -0.094771 0.055843 0.000000
vt -0.169797 0.105684 0.000000
vt -0.088298 0.065600 0.000000
vt -0.160863 0.118840 0.000000
vt -0.150913 0.131245 0.000000
vt -0.080825 0.074614 0.000000
vt -0.140008 0.142820 0.000000
vt -0.072436 0.082783 0.000000
vt -0.128219 0.153493 0.000000
vt -0.063227 0.090013 0.000000
vt -0.115618 0.163194 0.000000
vt -0.102287 0.171864 0.000000
vt -0.053301 0.096224 0.000000
vt -0.088309 0.179448 0.000000
vt -0.042771 0.101344 0.000000
vt -0.073773 0.185897 0.000000
vt -0.031756 0.105316 0.000000
vt -0.058770 0.191170 0.000000
vt -0.043396 0.195235 0.000000
vt -0.020382 0.108095 0.000000
vt -0.027747 0.198066 0.000000
vt -0.008776 0.109649 0.000000
vt -0.011923 0.199644 0.000000
vt 0.002928 0.109961 0.000000
vt 0.003976 0.199960 0.000000
vt 0.019851 0.199012 0.000000
vt 0.014600 0.109027 0.000000
vt 0.035600 0.196806 0.000000
vt 0.026106 0.106857 0.000000
vt 0.051123 0.193356 0.000000
vt 0.037316 0.103477 0.000000
vt 0.066324 0.188683 0.000000
vt 0.081105 0.182817 0.000000
vt 0.048104 0.098924 0.000000
vt 0.095374 0.175795 0.000000
vt 0.058346 0.093251 0.000000
vt 0.109039 0.167662 0.000000
vt 0.067928 0.086521 0.000000
vt 0.122015 0.158469 0.000000
vt 0.134220 0.148274 0.000000
vt 0.076739 0.078810 0.000000
vt 0.145576 0.137141 0.000000
vt 0.084682 0.070207 0.000000
vt 0.156011 0.125142 0.000000
vt 0.091665 0.060808 0.000000
vt 0.165461 0.112351 0.000000
vt 0.173864 0.098850 0.000000
vt 0.097609 0.050720 0.000000
vt 0.181168 0.084724 0.000000
vt 0.102447 0.040058 0.000000
vt 0.187327 0.070062 0.000000
vt 0.106124 0.028941 0.000000
vt 0.192301 0.054958 0.000000
vt 0.196059 0.039505 0.000000
vt 0.108600 0.017497 0.000000
vt 0.198578 0.023804 0.000000
vt 0.109844 0.005854 0.000000
vt 0.199842 0.007951 0.000000
vt 0.199842 -0.007951 0.000000
vt 0.109844 -0.005854 0.000000
vt 0.198578 -0.023804 0.000000
vt 0.108600 -0.017497 0.000000
vt 0.196059 -0.039505 0.000000
vt 0.106124 -0.028941 0.000000
vt 0.192301 -0.054958 0.000000
vt 0.187327 -0.070062 0.000000
vt 0.102447 -0.040058 0.000000
vt 0.181168 -0.084724 0.000000
vt 0.097609 -0.050720 0.000000
vt 0.173864 -0.098850 0.000000
vt 0.091665 -0.060808 0.000000
vt 0.165461 -0.112351 0.000000
vt 0.156011 -0.125142 0.000000
vt 0.084682 -0.070207 0.000000
vt 0.145576 -0.137141 0.000000
vt 0.076739 -0.078810 0.000000
vt 0.134220 -0.148274 0.000000
vt 0.067928 -0.086521 0.000000
vt 0.122015 -0.158469 0.000000
vt 0.058346 -0.093251 0.000000
vt 0.109039 -0.167662 0.000000
vt 0.048104 -0.098924 0.000000
vt 0.095374 -0.175795 0.000000
vt 0.081105 -0.182817 0.000000
vt 0.037316 -0.103477 0.000000
vt 0.066324 -0.188683 0.000000
vt 0.051123 -0.193356 0.000000
vt 0.026106 -0.106857 0.000000
vt 0.035600 -0.196806 0.000000
vt 0.014600 -0.109027 0.000000
vt 0.019851 -0.199012 0.000000
vt 0.002928 -0.109961 0.000000
vt 0.003976 -0.199960 0.000000
vt -0.011923 -0.199644 0.000000
vt -0.008776 -0.109649 0.000000
vt -0.027747 -0.198066 0.000000
vt -0.020382 -0.108095 0.000000
vt -0.043396 -0.195235 0.000000
vt -0.031756 -0.105316 0.000000
vt -0.058770 -0.191170 0.000000
vt -0.073773 -0.185897 0.000000
vt -0.042771 -0.101344 0.000000
vt -0.088309 -0.179448 0.000000
vt -0.053301 -0.096224 0.000000
vt -0.102287 -0.171864 0.000000
vt -0.063227 -0.090013 0.000000
vt -0.115618 -0.163194 0.000000
vt -0.128219 -0.153493 0.000000
vt -0.072436 -0.082783 0.000000
vt -0.140008 -0.142820 0.000000
vt -0.080825 -0.074614 0.000000
vt -0.150913 -0.131245 0.000000
vt -0.088298 -0.065600 0.000000
vt -0.160863 -0.118840 0.000000
vt -0.169797 -0.105684 0.000000
vt -0.094771 -0.055843 0.000000
vt -0.177657 -0.091859 0.000000
vt -0.100170 -0.045453 0.000000
vt -0.184393 -0.077454 0.000000
vt -0.104434 -0.034548 0.000000
vt -0.189964 -0.062559 0.000000
vt -0.194334 -0.047269 0.000000
vt -0.107514 -0.023252 0.000000
vt -0.197475 -0.031680 0.000000
vt -0.109377 -0.011692 0.000000
vt 0.109377 -0.011692 0.000000
vt 0.199368 -0.015890 0.000000
vt 0.110000 0.000000 0.000000
vt 0.200000 0.000000 0.000000
vt 0.199368 0.015890 0.000000
vt 0.197475 -0.031680 0.000000
vt 0.107514 -0.023252 0.000000
vt 0.194334 -0.047269 0.000000
vt 0.104434 -0.034548 0.000000
vt 0.189964 -0.062559 0.000000
vt 0.184393 -0.077454 0.000000
vt 0.100170 -0.045453 0.000000
vt 0.177657 -0.091859 0.000000
vt 0.094771 -0.055843 0.000000
vt 0.169797 -0.105684 0.000000
vt 0.088298 -0.065600 0.000000
vt 0.160863 -0.118840 0.000000
vt 0.150913 -0.131245 0.000000
vt 0.080825 -0.074614 0.000000
vt 0.140008 -0.142820 0.000000
vt 0.072436 -0.082783 0.000000
vt 0.128219 -0.153493 0.000000
vt 0.063227 -0.090013 0.000000
vt 0.115618 -0.163194 0.000000
vt 0.102287 -0.171864 0.000000
vt 0.053301 -0.096224 0.000000
vt 0.088309 -0.179448 0.000000
vt 0.042771 -0.101344 0.000000
vt 0.073773 -0.185897 0.000000
vt 0.031756 -0.105316 0.000000
vt 0.058770 -0.191170 0.000000
vt 0.043396 -0.195235 0.000000
vt 0.020382 -0.108095 0.000000
vt 0.027747 -0.198066 0.000000
vt 0.008776 -0.109649 0.000000
vt 0.011923 -0.199644 0.000000
vt -0.002928 -0.109961 0.000000
vt -0.003976 -0.199960 0.000000
vt -0.019851 -0.199012 0.000000
vt -0.014600 -0.109027 0.000000
vt -0.035600 -0.196806 0.000000
vt -0.026106 -0.106857 0.000000
vt -0.051123 -0.193356 0.000000
vt -0.037316 -0.103477 0.000000
vt -0.066324 -0.188683 0.000000
vt -0.081105 -0.182817 0.000000
vt -0.048104 -0.098924 0.000000
vt -0.095374 -0.175795 0.000000
vt -0.109039 -0.167662 0.000000
vt -0.058346 -0.093251 0.000000
vt -0.067928 -0.086521 0.000000
vt -0.076739 -0.078810 0.000000
vt -0.134220 -0.148274 0.000000
vt -0.122015 -0.158469 0.000000
vt -0.145576 -0.137141 0.000000
vt -0.084682 -0.070207 0.000000
vt -0.156011 -0.125142 0.000000
vt -0.091665 -0.060808 0.000000
vt -0.165461 -0.112351 0.000000
vt -0.173864 -0.098850 0.000000
vt -0.097609 -0.050720 0.000000
vt -0.181168 -0.084724 0.000000
vt -0.102447 -0.040058 0.000000
vt -0.187327 -0.070062 0.000000
vt -0.106124 -0.028941 0.000000
vt -0.192301 -0.054958 0.000000
vt -0.196059 -0.039505 0.000000
vt -0.108600 -0.017497 0.000000
vt -0.198578 -0.023804 0.000000
vt -0.109844 -0.005854 0.000000
vt -0.199842 -0.007951 0.000000
vt -0.109844 0.005854 0.000000
vt -0.199842 0.007951 0.000000
vt -0.198578 0.023804 0.000000
vt -0.108600 0.017497 0.000000
vt -0.196059 0.039505 0.000000
vt -0.106124 0.028941 0.000000
vt -0.192301 0.054958 0.000000
vt -0.187327 0.070062 0.000000
vt -0.102447 0.040058 0.000000
vt -0.181168 0.084724 0.000000
vt -0.097609 0.050720 0.000000
vt -0.173864 0.098850 0.000000
vt -0.091665 0.060808 0.000000
vt -0.165461 0.112351 0.000000
vt -0.156011 0.125142 0.000000
vt -0.084682 0.070207 0.000000
vt -0.145576 0.137141 0.000000
vt -0.076739 0.078810 0.000000
vt -0.134220 0.148274 0.000000
vt -0.067928 0.086521 0.000000
vt -0.122015 0.158469 0.000000
vt -0.109039 0.167662 0.000000
vt -0.058346 0.093251 0.000000
vt -0.095374 0.175795 0.000000
vt -0.048104 0.098924 0.000000
vt -0.081105 0.182817 0.000000
vt -0.037316 0.103477 0.000000
vt -0.066324 0.188683 0.000000
vt -0.051123 0.193356 0.000000
vt -0.026106 0.106857 0.000000
vt -0.035600 0.196806 0.000000
vt -0.014600 0.109027 0.000000
vt -0.019851 0.199012 0.000000
vt -0.002928 0.109961 0.000000
vt -0.003976 0.199960 0.000000
vt 0.011923 0.199644 0.000000
vt 0.008776 0.109649 0.000000
vt 0.027747 0.198066 0.000000
vt 0.020382 0.108095 0.000000
vt 0.043396 0.195235 0.000000
vt 0.031756 0.105316 0.000000
vt 0.058770 0.191170 0.000000
vt 0.073773 0.185897 0.000000
vt 0.042771 0.101344 0.000000
vt 0.088309 0.179448 0.000000
vt 0.053301 0.096224 0.000000
vt 0.102287 0.171864 0.000000
vt 0.063227 0.090013 0.000000
vt 0.115618 0.163194 0.000000
vt 0.128219 0.153493 0.000000
vt 0.072436 0.082783 0.000000
vt 0.140008 0.142820 0.000000
vt 0.080825 0.074614 0.000000
vt 0.150913 0.131245 0.000000
vt 0.088298 0.065600 0.000000
vt 0.160863 0.118840 0.000000
vt 0.169797 0.105684 0.000000
vt 0.094771 0.055843 0.000000
vt 0.177657 0.091859 0.000000
vt 0.100170 0.045453 0.000000
vt 0.184393 0.077454 0.000000
vt 0.104434 0.034548 0.000000
vt 0.189964 0.062559 0.000000
vt 0.194334 0.047269 0.000000
vt 0.107514 0.023252 0.000000
vt 0.197475 0.031680 0.000000
vt 0.109377 0.011692 0.000000
vn 0.099433 0.000000 -0.010629
vn 0.099433 0.000000 -0.010629
vn 0.100000 0.000000 -0.000000
vn 0.100000 0.000000 -0.000000
vn 0.099433 -0.000000 0.010629
vn 0.099433 -0.000000 0.010629
vn 0.097740 -0.000000 0.021138
vn 0.097740 -0.000000 0.021138
vn 0.094940 -0.000000 0.031408
vn 0.094940 -0.000000 0.031408
vn 0.091063 -0.000000 0.041321
vn 0.091063 -0.000000 0.041321
vn 0.086155 -0.000000 0.050767
vn 0.086155 -0.000000 0.050767
vn 0.080271 -0.000000 0.059637
vn 0.080271 -0.000000 0.059637
vn 0.073477 -0.000000 0.067831
vn 0.073477 -0.000000 0.067831
vn 0.065851 -0.000000 0.075257
vn 0.065851 -0.000000 0.075257
vn 0.057479 -0.000000 0.081830
vn 0.057479 -0.000000 0.081830
vn 0.048455 -0.000000 0.087476
vn 0.048455 -0.000000 0.087476
vn 0.038882 -0.000000 0.092131
vn 0.038882 -0.000000 0.092131
vn 0.028869 -0.000000 0.095742
vn 0.028869 -0.000000 0.095742
vn 0.018529 -0.000000 0.098268
vn 0.018529 -0.000000 0.098268
vn 0.007979 -0.000000 0.099681
vn 0.007979 -0.000000 0.099681
vn -0.002662 0.000000 0.099965
vn -0.002662 0.000000 0.099965
vn -0.013273 0.000000 0.099115
vn -0.013273 0.000000 0.099115
vn -0.023733 0.000000 0.097143
vn -0.023733 0.000000 0.097143
vn -0.033924 0.000000 0.094070
vn -0.033924 0.000000 0.094070
vn -0.043731 0.000000 0.089931
vn -0.043731 0.000000 0.089931
vn -0.053042 0.000000 0.084773
vn -0.053042 0.000000 0.084773
vn -0.061752 0.000000 0.078655
vn -0.061752 0.000000 0.078655
vn -0.069763 0.000000 0.071646
vn -0.069763 0.000000 0.071646
vn -0.076983 0.000000 0.063824
vn -0.076983 0.000000 0.063824
vn -0.083331 0.000000 0.055280
vn -0.083331 0.000000 0.055280
vn -0.088735 0.000000 0.046109
vn -0.088735 0.000000 0.046109
vn -0.093134 0.000000 0.036416
vn -0.093134 0.000000 0.036416
vn -0.096477 0.000000 0.026310
vn -0.096477 0.000000 0.026310
vn -0.098727 0.000000 0.015906
vn -0.098727 0.000000 0.015906
vn -0.099858 0.000000 0.005322
vn -0.099858 0.000000 0.005322
vn -0.099858 0.000000 -0.005322
vn -0.099858 0.000000 -0.005322
vn -0.098727 0.000000 -0.015906
vn -0.098727 0.000000 -0.015906
vn -0.096477 0.000000 -0.026310
vn -0.096477 0.000000 -0.026310
vn -0.093134 0.000000 -0.036416
vn -0.093134 0.000000 -0.036416
vn -0.088735 0.000000 -0.046109
vn -0.088735 0.000000 -0.046109
vn -0.083331 0.000000 -0.055280
vn -0.083331 0.000000 -0.055280
vn -0.076983 0.000000 -0.063824
vn -0.076983 0.000000 -0.063824
vn -0.069763 0.000000 -0.071646
vn -0.069763 0.000000 -0.071646
vn -0.061752 0.000000 -0.078655
vn -0.061752 0.000000 -0.078655
vn -0.053042 0.000000 -0.084773
vn -0.053042 0.000000 -0.084773
vn -0.043731 0.000000 -0.089931
vn -0.043731 0.000000 -0.089931
vn -0.033924 0.000000 -0.094070
vn -0.033924 0.000000 -0.094070
vn -0.023733 0.000000 -0.097143
vn -0.023733 0.000000 -0.097143
vn -0.013273 0.000000 -0.099115
vn -0.013273 0.000000 -0.099115
vn -0.002662 0.000000 -0.099965
vn -0.002662 0.000000 -0.099965
vn 0.007979 0.000000 -0.099681
vn 0.007979 0.000000 -0.099681
vn 0.018529 0.000000 -0.098268
vn 0.018529 0.000000 -0.098268
vn 0.028869 0.000000 -0.095742
vn 0.028869 0.000000 -0.095742
vn 0.038882 0.000000 -0.092131
vn 0.038882 0.000000 -0.092131
vn 0.048455 0.000000 -0.087476
vn 0.048455 0.000000 -0.087476
vn 0.057479 0.000000 -0.081830
vn 0.057479 0.000000 -0.081830
vn 0.065851 0.000000 -0.075257
vn 0.065851 0.000000 -0.075257
vn 0.073477 0.000000 -0.067831
vn 0.073477 0.000000 -0.067831
vn 0.080271 0.000000 -0.059637
vn 0.080271 0.000000 -0.059637
vn 0.086155 0.000000 -0.050767
vn 0.086155 0.000000 -0.050767
vn 0.091063 0.000000 -0.041321
vn 0.091063 0.000000 -0.041321
vn 0.094940 0.000000 -0.031408
vn 0.094940 0.000000 -0.031408
vn 0.097740 0.000000 -0.021138
vn 0.097740 0.000000 -0.021138
vn 0.099433 -0.000000 0.010629
vn 0.100000 -0.000000 0.000000
vn 0.099433 0.000000 -0.010629
vn 0.097740 0.000000 -0.021138
vn 0.094940 0.000000 -0.031408
vn 0.091063 0.000000 -0.041321
vn 0.086155 0.000000 -0.050767
vn 0.080271 0.000000 -0.059637
vn 0.073477 0.000000 -0.067831
vn 0.065851 0.000000 -0.075257
vn 0.057479 0.000000 -0.081830
vn 0.048455 0.000000 -0.087476
vn 0.038882 0.000000 -0.092131
vn 0.028869 0.000000 -0.095742
vn 0.018529 0.000000 -0.098268
vn 0.007979 0.000000 -0.099681
vn -0.002662 0.000000 -0.099965
vn -0.013273 0.000000 -0.099115
vn -0.023733 0.000000 -0.097143
vn -0.033924 0.000000 -0.094070
vn -0.043731 0.000000 -0.089931
vn -0.053042 0.000000 -0.084773
vn -0.061752 0.000000 -0.078655
vn -0.069763 0.000000 -0.071646
vn -0.076983 0.000000 -0.063824
vn -0.083331 0.000000 -0.055280
vn -0.088735 0.000000 -0.046109
vn -0.093134 0.000000 -0.036416
vn -0.096477 0.000000 -0.026310
vn -0.098727 0.000000 -0.015906
vn -0.099858 0.000000 -0.005322
vn -0.099858 0.000000 0.005322
vn -0.098727 0.000000 0.015906
vn -0.096477 0.000000 0.026310
vn -0.093134 0.000000 0.036416
vn -0.088735 0.000000 0.046109
vn -0.083331 0.000000 0.055280
vn -0.076983 0.000000 0.063824
vn -0.069763 0.000000 0.071646
vn -0.061752 0.000000 0.078655
vn -0.053042 0.000000 0.084773
vn -0.043731 0.000000 0.089931
vn -0.033924 0.000000 0.094070
vn -0.023733 0.000000 0.097143
vn -0.013273 0.000000 0.099115
vn -0.002662 0.000000 0.099965
vn 0.007979 -0.000000 0.099681
vn 0.018529 -0.000000 0.098268
vn 0.028869 -0.000000 0.095742
vn 0.038882 -0.000000 0.092131
vn 0.048455 -0.000000 0.087476
vn 0.057479 -0.000000 0.081830
vn 0.065851 -0.000000 0.075257
vn 0.073477 -0.000000 0.067831
vn 0.080271 -0.000000 0.059637
vn 0.086155 -0.000000 0.050767
vn 0.091063 -0.000000 0.041321
vn 0.094940 -0.000000 0.031408
vn 0.097740 -0.000000 0.021138
vn -0.099684 0.000000 -0.007945
vn -0.099684 0.000000 -0.007945
vn -0.100000 0.000000 -0.000000
vn -0.100000 0.000000 -0.000000
vn -0.099684 0.000000 0.007945
vn -0.099684 0.000000 0.007945
vn -0.098738 0.000000 0.015840
vn -0.098738 0.000000 0.015840
vn -0.097167 0.000000 0.023634
vn -0.097167 0.000000 0.023634
vn -0.094982 0.000000 0.031280
vn -0.094982 0.000000 0.031280
vn -0.092197 0.000000 0.038727
vn -0.092197 0.000000 0.038727
vn -0.088828 0.000000 0.045930
vn -0.088828 0.000000 0.045930
vn -0.084898 0.000000 0.052842
vn -0.084898 0.000000 0.052842
vn -0.080432 0.000000 0.059420
vn -0.080432 0.000000 0.059420
vn -0.075456 0.000000 0.065623
vn -0.075456 0.000000 0.065623
vn -0.070004 0.000000 0.071410
vn -0.070004 0.000000 0.071410
vn -0.064109 0.000000 0.076746
vn -0.064109 0.000000 0.076746
vn -0.057809 0.000000 0.081597
vn -0.057809 0.000000 0.081597
vn -0.051144 0.000000 0.085932
vn -0.051144 0.000000 0.085932
vn -0.044155 0.000000 0.089724
vn -0.044155 0.000000 0.089724
vn -0.036886 0.000000 0.092948
vn -0.036886 0.000000 0.092948
vn -0.029385 0.000000 0.095585
vn -0.029385 0.000000 0.095585
vn -0.021698 0.000000 0.097618
vn -0.021698 0.000000 0.097618
vn -0.013874 0.000000 0.099033
vn -0.013874 0.000000 0.099033
vn -0.005962 0.000000 0.099822
vn -0.005962 0.000000 0.099822
vn 0.001988 -0.000000 0.099980
vn 0.001988 -0.000000 0.099980
vn 0.009925 -0.000000 0.099506
vn 0.009925 -0.000000 0.099506
vn 0.017800 -0.000000 0.098403
vn 0.017800 -0.000000 0.098403
vn 0.025562 -0.000000 0.096678
vn 0.025562 -0.000000 0.096678
vn 0.033162 -0.000000 0.094341
vn 0.033162 -0.000000 0.094341
vn 0.040553 -0.000000 0.091408
vn 0.040553 -0.000000 0.091408
vn 0.047687 -0.000000 0.087898
vn 0.047687 -0.000000 0.087898
vn 0.054519 -0.000000 0.083831
vn 0.054519 -0.000000 0.083831
vn 0.061008 -0.000000 0.079234
vn 0.061008 -0.000000 0.079234
vn 0.067110 -0.000000 0.074137
vn 0.067110 -0.000000 0.074137
vn 0.072788 -0.000000 0.068571
vn 0.072788 -0.000000 0.068571
vn 0.078006 -0.000000 0.062571
vn 0.078006 -0.000000 0.062571
vn 0.082730 -0.000000 0.056175
vn 0.082730 -0.000000 0.056175
vn 0.086932 -0.000000 0.049425
vn 0.086932 -0.000000 0.049425
vn 0.090584 -0.000000 0.042362
vn 0.090584 -0.000000 0.042362
vn 0.093663 -0.000000 0.035031
vn 0.093663 -0.000000 0.035031
vn 0.096150 -0.000000 0.027479
vn 0.096150 -0.000000 0.027479
vn 0.098030 -0.000000 0.019753
vn 0.098030 -0.000000 0.019753
vn 0.099289 -0.000000 0.011902
vn 0.099289 -0.000000 0.011902
vn 0.099921 -0.000000 0.003976
vn 0.099921 -0.000000 0.003976
vn 0.099921 0.000000 -0.003976
vn 0.099921 0.000000 -0.003976
vn 0.099289 0.000000 -0.011902
vn 0.099289 0.000000 -0.011902
vn 0.098030 0.000000 -0.019753
vn 0.098030 0.000000 -0.019753
vn 0.096150 0.000000 -0.027479
vn 0.096150 0.000000 -0.027479
vn 0.093663 0.000000 -0.035031
vn 0.093663 0.000000 -0.035031
vn 0.090584 0.000000 -0.042362
vn 0.090584 0.000000 -0.042362
vn 0.086932 0.000000 -0.049425
vn 0.086932 0.000000 -0.049425
vn 0.082730 0.000000 -0.056175
vn 0.082730 0.000000 -0.056175
vn 0.078006 0.000000 -0.062571
vn 0.078006 0.000000 -0.062571
vn 0.072788 0.000000 -0.068571
vn 0.072788 0.000000 -0.068571
vn 0.067110 0.000000 -0.074137
vn 0.067110 0.000000 -0.074137
vn 0.061008 0.000000 -0.079234
vn 0.061008 0.000000 -0.079234
vn 0.054519 0.000000 -0.083831
vn 0.054519 0.000000 -0.083831
vn 0.047687 0.000000 -0.087898
vn 0.047687 0.000000 -0.087898
vn 0.040553 0.000000 -0.091408
vn 0.040553 0.000000 -0.091408
vn 0.033162 0.000000 -0.094341
vn 0.033162 0.000000 -0.094341
vn 0.025562 0.000000 -0.096678
vn 0.025562 0.000000 -0.096678
vn 0.017800 0.000000 -0.098403
vn 0.017800 0.000000 -0.098403
vn 0.009925 0.000000 -0.099506
vn 0.009925 0.000000 -0.099506
vn 0.001988 0.000000 -0.099980
vn 0.001988 0.000000 -0.099980
vn -0.005962 0.000000 -0.099822
vn -0.005962 0.000000 -0.099822
vn -0.013874 0.000000 -0.099033
vn -0.013874 0.000000 -0.099033
vn -0.021698 0.000000 -0.097618
vn -0.021698 0.000000 -0.097618
vn -0.029385 0.000000 -0.095585
vn -0.029385 0.000000 -0.095585
vn -0.036886 0.000000 -0.092948
vn -0.036886 0.000000 -0.092948
vn -0.044155 0.000000 -0.089724
vn -0.044155 0.000000 -0.089724
vn -0.051144 0.000000 -0.085932
vn -0.051144 0.000000 -0.085932
vn -0.057809 0.000000 -0.081597
vn -0.057809 0.000000 -0.081597
vn -0.064109 0.000000 -0.076746
vn -0.064109 0.000000 -0.076746
vn -0.070004 0.000000 -0.071410
vn -0.070004 0.000000 -0.071410
vn -0.075456 0.000000 -0.065623
vn -0.075456 0.000000 -0.065623
vn -0.080432 0.000000 -0.059420
vn -0.080432 0.000000 -0.059420
vn -0.084898 0.000000 -0.052842
vn -0.084898 0.000000 -0.052842
vn -0.088828 0.000000 -0.045930
vn -0.088828 0.000000 -0.045930
vn -0.092197 0.000000 -0.038727
vn -0.092197 0.000000 -0.038727
vn -0.094982 0.000000 -0.031280
vn -0.094982 0.000000 -0.031280
vn -0.097167 0.000000 -0.023634
vn -0.097167 0.000000 -0.023634
vn -0.098738 0.000000 -0.015840
vn -0.098738 0.000000 -0.015840
vn -0.099684 0.000000 0.007945
vn -0.100000 0.000000 0.000000
vn -0.099684 0.000000 -0.007945
vn -0.098738 0.000000 -0.015840
vn -0.097167 0.000000 -0.023634
vn -0.094982 0.000000 -0.031280
vn -0.092197 0.000000 -0.038727
vn -0.088828 0.000000 -0.045930
vn -0.084898 0.000000 -0.052842
vn -0.080432 0.000000 -0.059420
vn -0.075456 0.000000 -0.065623
vn -0.070004 0.000000 -0.071410
vn -0.064109 0.000000 -0.076746
vn -0.057809 0.000000 -0.081597
vn -0.051144 0.000000 -0.085932
vn -0.044155 0.000000 -0.089724
vn -0.036886 0.000000 -0.092948
vn -0.029385 0.000000 -0.095585
vn -0.021698 0.000000 -0.097618
vn -0.013874 0.000000 -0.099033
vn -0.005962 0.000000 -0.099822
vn 0.001988 0.000000 -0.099980
vn 0.009925 0.000000 -0.099506
vn 0.017800 0.000000 -0.098403
vn 0.025562 0.000000 -0.096678
vn 0.033162 0.000000 -0.094341
vn 0.040553 0.000000 -0.091408
vn 0.047687 0.000000 -0.087898
vn 0.054519 0.000000 -0.083831
vn 0.061008 0.000000 -0.079234
vn 0.067110 0.000000 -0.074137
vn 0.072788 0.000000 -0.068571
vn 0.078006 0.000000 -0.062571
vn 0.082730 0.000000 -0.056175
vn 0.086932 0.000000 -0.049425
vn 0.090584 0.000000 -0.042362
vn 0.093663 0.000000 -0.035031
vn 0.096150 0.000000 -0.027479
vn 0.098030 0.000000 -0.019753
vn 0.099289 0.000000 -0.011902
vn 0.099921 0.000000 -0.003976
vn 0.099921 -0.000000 0.003976
vn 0.099289 -0.000000 0.011902
vn 0.098030 -0.000000 0.019753
vn 0.096150 -0.000000 0.027479
vn 0.093663 -0.000000 0.035031
vn 0.090584 -0.000000 0.042362
vn 0.086932 -0.000000 0.049425
vn 0.082730 -0.000000 0.056175
vn 0.078006 -0.000000 0.062571
vn 0.072788 -0.000000 0.068571
vn 0.067110 -0.000000 0.074137
vn 0.061008 -0.000000 0.079234
vn 0.054519 -0.000000 0.083831
vn 0.047687 -0.000000 0.087898
vn 0.040553 -0.000000 0.091408
vn 0.033162 -0.000000 0.094341
vn 0.025562 -0.000000 0.096678
vn 0.017800 -0.000000 0.098403
vn 0.009925 -0.000000 0.099506
vn 0.001988 -0.000000 0.099980
vn -0.005962 0.000000 0.099822
vn -0.013874 0.000000 0.099033
vn -0.021698 0.000000 0.097618
vn -0.029385 0.000000 0.095585
vn -0.036886 0.000000 0.092948
vn -0.044155 0.000000 0.089724
vn -0.051144 0.000000 0.085932
vn -0.057809 0.000000 0.081597
vn -0.064109 0.000000 0.076746
vn -0.070004 0.000000 0.071410
vn -0.075456 0.000000 0.065623
vn -0.080432 0.000000 0.059420
vn -0.084898 0.000000 0.052842
vn -0.088828 0.000000 0.045930
vn -0.092197 0.000000 0.038727
vn -0.094982 0.000000 0.031280
vn -0.097167 0.000000 0.023634
vn -0.098738 0.000000 0.015840
vn 0.000000 0.100000 0.000000
vn 0.000000 0.100000 0.000000
vn 0.000000 0.100000 0.000000
vn 0.000000 0.100000 0.000000
vn 0.000000 0.100000 0.000000
vn 0.000000 0.100000 0.000000
vn 0.000000 0.100000 0.000000
vn 0.000000 0.100000 0.000000
vn 0.000000 0.100000 0.000000
vn 0.000000 0.100000 0.000000
vn 0.000000 0.100000 0.000000
vn 0.000000 0.100000 0.000000
vn 0.000000 0.100000 0.000000
vn 0.000000 0.100000 0.000000
vn 0.000000 0.100000 0.000000
vn 0.000000 0.100000 0.000000
vn 0.000000 0.100000 0.000000
vn 0.000000 0.100000 0.000000
vn 0.000000 0.100000 0.000000
vn 0.000000 0.100000 0.000000
vn 0.000000 0.100000 0.000000
vn 0.000000 0.100000 0.000000
vn 0.000000 0.100000 0.000000
vn 0.000000 0.100000 0.000000
vn 0.000000 0.100000 0.000000
vn 0.000000 0.100000 0.000000
vn 0.000000 0.100000 0.000000
vn 0.000000 0.100000 0.000000
vn 0.000000 0.100000 0.000000
vn 0.000000 0.100000 0.000000
vn 0.000000 0.100000 0.000000
vn 0.000000 0.100000 0.000000
vn 0.000000 0.100000 0.000000
vn 0.000000 0.100000 0.000000
vn 0.000000 0.100000 0.000000
vn 0.000000 0.100000 0.000000
vn 0.000000 0.100000 0.000000
vn 0.000000 0.100000 0.000000
vn 0.000000 0.100000 0.000000
vn 0.000000 0.100000 0.000000
vn 0.000000 0.100000 0.000000
vn 0.000000 0.100000 0.000000
vn 0.000000 0.100000 0.000000
vn 0.000000 0.100000 0.000000
vn 0.000000 0.100000 0.000000
vn 0.000000 0.100000 0.000000
vn 0.000000 0.100000 0.000000
vn 0.000000 0.100000 0.000000
vn 0.000000 0.100000 0.000000
vn 0.000000 0.100000 0.000000
vn 0.000000 0.100000 0.000000
vn 0.000000 0.100000 0.000000
vn 0.000000 0.100000 0.000000
vn 0.000000 0.100000 0.000000
vn 0.000000 0.100000 0.000000
vn 0.000000 0.100000 0.000000
vn 0.000000 0.100000 0.000000
vn 0.000000 0.100000 0.000000
vn 0.000000 0.100000 0.000000
vn 0.000000 0.100000 0.000000
vn 0.000000 0.100000 0.000000
vn 0.000000 0.100000 0.000000
vn 0.000000 0.100000 0.000000
vn 0.000000 0.100000 0.000000
vn 0.000000 0.100000 0.000000
vn 0.000000 0.100000 0.000000
vn 0.000000 0.100000 0.000000
vn 0.000000 0.100000 0.000000
vn 0.000000 0.100000 0.000000
vn 0.000000 0.100000 0.000000
vn 0.000000 0.100000 0.000000
vn 0.000000 0.100000 0.000000
vn 0.000000 0.100000 0.000000
vn 0.000000 0.100000 0.000000
vn 0.000000 0.100000 0.000000
vn 0.000000 0.100000 0.000000
vn 0.000000 0.100000 0.000000
vn 0.000000 0.100000 0.000000
vn 0.000000 0.100000 0.000000
vn 0.000000 0.100000 0.000000
vn 0.000000 0.100000 0.000000
vn 0.000000 0.100000 0.000000
vn 0.000000 0.100000 0.000000
vn 0.000000 0.100000 0.000000
vn 0.000000 0.100000 0.000000
vn 0.000000 0.100000 0.000000
vn 0.000000 0.100000 0.000000
vn 0.000000 0.100000 0.000000
vn 0.000000 0.100000 0.000000
vn 0.000000 0.100000 0.000000
vn 0.000000 0.100000 0.000000
vn 0.000000 0.100000 0.000000
vn 0.000000 0.100000 0.000000
vn 0.000000 0.100000 0.000000
vn 0.000000 0.100000 0.000000
vn 0.000000 0.100000 0.000000
vn 0.000000 0.100000 0.000000
vn 0.000000 0.100000 0.000000
vn 0.000000 0.100000 0.000000
vn 0.000000 0.100000 0.000000
vn 0.000000 0.100000 0.000000
vn 0.000000 0.100000 0.000000
vn 0.000000 0.100000 0.000000
vn 0.000000 0.100000 0.000000
vn 0.000000 0.100000 0.000000
vn 0.000000 0.100000 0.000000
vn 0.000000 0.100000 0.000000
vn 0.000000 0.100000 0.000000
vn 0.000000 0.100000 0.000000
vn 0.000000 0.100000 0.000000
vn 0.000000 0.100000 0.000000
vn 0.000000 0.100000 0.000000
vn 0.000000 0.100000 0.000000
vn 0.000000 0.100000 0.000000
vn 0.000000 0.100000 0.000000
vn 0.000000 0.100000 0.000000
vn 0.000000 0.100000 0.000000
vn 0.000000 0.100000 0.000000
vn 0.000000 0.100000 0.000000
vn 0.000000 0.100000 0.000000
vn 0.000000 0.100000 0.000000
vn 0.000000 0.100000 0.000000
vn 0.000000 0.100000 0.000000
vn 0.000000 0.100000 0.000000
vn 0.000000 0.100000 0.000000
vn 0.000000 0.100000 0.000000
vn 0.000000 0.100000 0.000000
vn 0.000000 0.100000 0.000000
vn 0.000000 0.100000 0.000000
vn 0.000000 0.100000 0.000000
vn 0.000000 0.100000 0.000000
vn 0.000000 0.100000 0.000000
vn 0.000000 0.100000 0.000000
vn 0.000000 0.100000 0.000000
vn 0.000000 0.100000 0.000000
vn 0.000000 0.100000 0.000000
vn 0.000000 0.100000 0.000000
vn 0.000000 0.100000 0.000000
vn 0.000000 -0.100000 0.000000
vn 0.000000 -0.100000 0.000000
vn 0.000000 -0.100000 0.000000
vn 0.000000 -0.100000 0.000000
vn 0.000000 -0.100000 0.000000
vn 0.000000 -0.100000 0.000000
vn 0.000000 -0.100000 0.000000
vn 0.000000 -0.100000 0.000000
vn 0.000000 -0.100000 0.000000
vn 0.000000 -0.100000 0.000000
vn 0.000000 -0.100000 0.000000
vn 0.000000 -0.100000 0.000000
vn 0.000000 -0.100000 0.000000
vn 0.000000 -0.100000 0.000000
vn 0.000000 -0.100000 0.000000
vn 0.000000 -0.100000 0.000000
vn 0.000000 -0.100000 0.000000
vn 0.000000 -0.100000 0.000000
vn 0.000000 -0.100000 0.000000
vn 0.000000 -0.100000 0.000000
vn 0.000000 -0.100000 0.000000
vn 0.000000 -0.100000 0.000000
vn 0.000000 -0.100000 0.000000
vn 0.000000 -0.100000 0.000000
vn 0.000000 -0.100000 0.000000
vn 0.000000 -0.100000 0.000000
vn 0.000000 -0.100000 0.000000
vn 0.000000 -0.100000 0.000000
vn 0.000000 -0.100000 0.000000
vn 0.000000 -0.100000 0.000000
vn 0.000000 -0.100000 0.000000
vn 0.000000 -0.100000 0.000000
vn 0.000000 -0.100000 0.000000
vn 0.000000 -0.100000 0.000000
vn 0.000000 -0.100000 0.000000
vn 0.000000 -0.100000 0.000000
vn 0.000000 -0.100000 0.000000
vn 0.000000 -0.100000 0.000000
vn 0.000000 -0.100000 0.000000
vn 0.000000 -0.100000 0.000000
vn 0.000000 -0.100000 0.000000
vn 0.000000 -0.100000 0.000000
vn 0.000000 -0.100000 0.000000
vn 0.000000 -0.100000 0.000000
vn 0.000000 -0.100000 0.000000
vn 0.000000 -0.100000 0.000000
vn 0.000000 -0.100000 0.000000
vn 0.000000 -0.100000 0.000000
vn 0.000000 -0.100000 0.000000
vn 0.000000 -0.100000 0.000000
vn 0.000000 -0.100000 0.000000
vn 0.000000 -0.100000 0.000000
vn 0.000000 -0.100000 0.000000
vn 0.000000 -0.100000 0.000000
vn 0.000000 -0.100000 0.000000
vn 0.000000 -0.100000 0.000000
vn 0.000000 -0.100000 0.000000
vn 0.000000 -0.100000 0.000000
vn 0.000000 -0.100000 0.000000
vn 0.000000 -0.100000 0.000000
vn 0.000000 -0.100000 0.000000
vn 0.000000 -0.100000 0.000000
vn 0.000000 -0.100000 0.000000
vn 0.000000 -0.100000 0.000000
vn 0.000000 -0.100000 0.000000
vn 0.000000 -0.100000 0.000000
vn 0.000000 -0.100000 0.000000
vn 0.000000 -0.100000 0.000000
vn 0.000000 -0.100000 0.000000
vn 0.000000 -0.100000 0.000000
vn 0.000000 -0.100000 0.000000
vn 0.000000 -0.100000 0.000000
vn 0.000000 -0.100000 0.000000
vn 0.000000 -0.100000 0.000000
vn 0.000000 -0.100000 0.000000
vn 0.000000 -0.100000 0.000000
vn 0.000000 -0.100000 0.000000
vn 0.000000 -0.100000 0.000000
vn 0.000000 -0.100000 0.000000
vn 0.000000 -0.100000 0.000000
vn 0.000000 -0.100000 0.000000
vn 0.000000 -0.100000 0.000000
vn 0.000000 -0.100000 0.000000
vn 0.000000 -0.100000 0.000000
vn 0.000000 -0.100000 0.000000
vn 0.000000 -0.100000 0.000000
vn 0.000000 -0.100000 0.000000
vn 0.000000 -0.100000 0.000000
vn 0.000000 -0.100000 0.000000
vn 0.000000 -0.100000 0.000000
vn 0.000000 -0.100000 0.000000
vn 0.000000 -0.100000 0.000000
vn 0.000000 -0.100000 0.000000
vn 0.000000 -0.100000 0.000000
vn 0.000000 -0.100000 0.000000
vn 0.000000 -0.100000 0.000000
vn 0.000000 -0.100000 0.000000
vn 0.000000 -0.100000 0.000000
vn 0.000000 -0.100000 0.000000
vn 0.000000 -0.100000 0.000000
vn 0.000000 -0.100000 0.000000
vn 0.000000 -0.100000 0.000000
vn 0.000000 -0.100000 0.000000
vn 0.000000 -0.100000 0.000000
vn 0.000000 -0.100000 0.000000
vn 0.000000 -0.100000 0.000000
vn 0.000000 -0.100000 0.000000
vn 0.000000 -0.100000 0.000000
vn 0.000000 -0.100000 0.000000
vn 0.000000 -0.100000 0.000000
vn 0.000000 -0.100000 0.000000
vn 0.000000 -0.100000 0.000000
vn 0.000000 -0.100000 0.000000
vn 0.000000 -0.100000 0.000000
vn 0.000000 -0.100000 0.000000
vn 0.000000 -0.100000 0.000000
vn 0.000000 -0.100000 0.000000
vn 0.000000 -0.100000 0.000000
vn 0.000000 -0.100000 0.000000
vn 0.000000 -0.100000 0.000000
vn 0.000000 -0.100000 0.000000
vn 0.000000 -0.100000 0.000000
vn 0.000000 -0.100000 0.000000
vn 0.000000 -0.100000 0.000000
vn 0.000000 -0.100000 0.000000
vn 0.000000 -0.100000 0.000000
vn 0.000000 -0.100000 0.000000
vn 0.000000 -0.100000 0.000000
vn 0.000000 -0.100000 0.000000
vn 0.000000 -0.100000 0.000000
vn 0.000000 -0.100000 0.000000
vn 0.000000 -0.100000 0.000000
vn 0.000000 -0.100000 0.000000
vn 0.000000 -0.100000 0.000000
vn 0.000000 -0.100000 0.000000
vn 0.000000 -0.100000 0.000000
vn 0.000000 -0.100000 0.000000
vn 0.000000 -0.100000 0.000000
usemtl Steel_-_Satin
f 2/1/1 120/2/2 1/3/3
f 1/3/3 120/2/2 119/4/4
f 1/5/3 119/6/4 59/7/5
f 59/7/5 119/6/4 177/8/6
f 59/7/5 177/8/6 58/9/7
f 58/9/7 177/8/6 176/10/8
f 58/9/7 176/10/8 57/11/9
f 57/11/9 176/10/8 175/12/10
f 57/11/9 175/12/10 56/13/11
f 56/13/11 175/12/10 174/14/12
f 56/13/11 174/14/12 55/15/13
f 55/15/13 174/14/12 173/16/14
f 55/15/13 173/16/14 54/17/15
f 54/17/15 173/16/14 172/18/16
f 54/17/15 172/18/16 53/19/17
f 53/19/17 172/18/16 171/20/18
f 53/19/17 171/20/18 52/21/19
f 52/21/19 171/20/18 170/22/20
f 52/21/19 170/22/20 51/23/21
f 51/23/21 170/22/20 169/24/22
f 51/23/21 169/24/22 50/25/23
f 50/25/23 169/24/22 168/26/24
f 50/25/23 168/26/24 49/27/25
f 49/27/25 168/26/24 167/28/26
f 49/27/25 167/28/26 48/29/27
f 48/29/27 167/28/26 166/30/28
f 48/29/27 166/30/28 47/31/29
f 47/31/29 166/30/28 165/32/30
f 47/31/29 165/32/30 46/33/31
f 46/33/31 165/32/30 164/34/32
f 46/33/31 164/34/32 45/35/33
f 45/35/33 164/34/32 163/36/34
f 45/35/33 163/36/34 44/37/35
f 44/37/35 163/36/34 162/38/36
f 44/37/35 162/38/36 43/39/37
f 43/39/37 162/38/36 161/40/38
f 43/39/37 161/40/38 42/41/39
f 42/41/39 161/40/38 160/42/40
f 42/41/39 160/42/40 41/43/41
f 41/43/41 160/42/40 159/44/42
f 41/43/41 159/44/42 40/45/43
f 40/45/43 159/44/42 158/46/44
f 40/45/43 158/46/44 39/47/45
f 39/47/45 158/46/44 157/48/46
f 39/47/45 157/48/46 38/49/47
f 38/49/47 157/48/46 156/50/48
f 38/49/47 156/50/48 37/51/49
f 37/51/49 156/50/48 155/52/50
f 37/51/49 155/52/50 36/53/51
f 36/53/51 155/52/50 154/54/52
f 36/53/51 154/54/52 35/55/53
f 35/55/53 154/54/52 153/56/54
f 35/55/53 153/56/54 34/57/55
f 34/57/55 153/56/54 152/58/56
f 34/57/55 152/58/56 33/59/57
f 33/59/57 152/58/56 151/60/58
f 33/59/57 151/60/58 32/61/59
f 32/61/59 151/60/58 150/62/60
f 32/61/59 150/62/60 31/63/61
f 31/63/61 150/62/60 149/64/62
f 31/63/61 149/64/62 30/65/63
f 30/65/63 149/64/62 148/66/64
f 30/65/63 148/66/64 29/67/65
f 29/67/65 148/66/64 147/68/66
f 29/67/65 147/68/66 28/69/67
f 28/69/67 147/68/66 146/70/68
f 28/69/67 146/70/68 27/71/69
f 27/71/69 146/70/68 145/72/70
f 27/71/69 145/72/70 26/73/71
f 26/73/71 145/72/70 144/74/72
f 26/73/71 144/74/72 25/75/73
f 25/75/73 144/74/72 143/76/74
f 25/75/73 143/76/74 24/77/75
f 24/77/75 143/76/74 142/78/76
f 24/77/75 142/78/76 23/79/77
f 23/79/77 142/78/76 141/80/78
f 23/79/77 141/80/78 22/81/79
f 22/81/79 141/80/78 140/82/80
f 22/81/79 140/82/80 21/83/81
f 21/83/81 140/82/80 139/84/82
f 21/83/81 139/84/82 20/85/83
f 20/85/83 139/84/82 138/86/84
f 20/85/83 138/86/84 19/87/85
f 19/87/85 138/86/84 137/88/86
f 19/87/85 137/88/86 18/89/87
f 18/89/87 137/88/86 136/90/88
f 18/89/87 136/90/88 17/91/89
f 17/91/89 136/90/88 135/92/90
f 17/91/89 135/92/90 16/93/91
f 16/93/91 135/92/90 134/94/92
f 16/93/91 134/94/92 15/95/93
f 15/95/93 134/94/92 133/96/94
f 15/95/93 133/96/94 14/97/95
f 14/97/95 133/96/94 132/98/96
f 14/97/95 132/98/96 13/99/97
f 13/99/97 132/98/96 131/100/98
f 13/99/97 131/100/98 12/101/99
f 12/101/99 131/100/98 130/102/100
f 12/101/99 130/102/100 11/103/101
f 11/103/101 130/102/100 129/104/102
f 11/103/101 129/104/102 10/105/103
f 10/105/103 129/104/102 128/106/104
f 10/105/103 128/106/104 9/107/105
f 9/107/105 128/106/104 127/108/106
f 9/107/105 127/108/106 8/109/107
f 8/109/107 127/108/106 126/110/108
f 8/109/107 126/110/108 7/111/109
f 7/111/109 126/110/108 125/112/110
f 7/111/109 125/112/110 6/113/111
f 6/113/111 125/112/110 124/114/112
f 6/113/111 124/114/112 5/115/113
f 5/115/113 124/114/112 123/116/114
f 5/115/113 123/116/114 4/117/115
f 4/117/115 123/116/114 122/118/116
f 4/117/115 122/118/116 3/119/117
f 3/119/117 122/118/116 121/120/118
f 3/119/117 121/120/118 2/1/1
f 2/1/1 121/120/118 120/2/2
f 61/121/119 177/8/6 60/122/120
f 60/122/120 177/8/6 119/6/4
f 60/123/120 119/4/4 118/124/121
f 118/124/121 119/4/4 120/2/2
f 118/124/121 120/2/2 117/125/122
f 117/125/122 120/2/2 121/120/118
f 117/125/122 121/120/118 116/126/123
f 116/126/123 121/120/118 122/118/116
f 116/126/123 122/118/116 115/127/124
f 115/127/124 122/118/116 123/116/114
f 115/127/124 123/116/114 114/128/125
f 114/128/125 123/116/114 124/114/112
f 114/128/125 124/114/112 113/129/126
f 113/129/126 124/114/112 125/112/110
f 113/129/126 125/112/110 112/130/127
f 112/130/127 125/112/110 126/110/108
f 112/130/127 126/110/108 111/131/128
f 111/131/128 126/110/108 127/108/106
f 111/131/128 127/108/106 110/132/129
f 110/132/129 127/108/106 128/106/104
f 110/132/129 128/106/104 109/133/130
f 109/133/130 128/106/104 129/104/102
f 109/133/130 129/104/102 108/134/131
f 108/134/131 129/104/102 130/102/100
f 108/134/131 130/102/100 107/135/132
f 107/135/132 130/102/100 131/100/98
f 107/135/132 131/100/98 106/136/133
f 106/136/133 131/100/98 132/98/96
f 106/136/133 132/98/96 105/137/134
f 105/137/134 132/98/96 133/96/94
f 105/137/134 133/96/94 104/138/135
f 104/138/135 133/96/94 134/94/92
f 104/138/135 134/94/92 103/139/136
f 103/139/136 134/94/92 135/92/90
f 103/139/136 135/92/90 102/140/137
f 102/140/137 135/92/90 136/90/88
f 102/140/137 136/90/88 101/141/138
f 101/141/138 136/90/88 137/88/86
f 101/141/138 137/88/86 100/142/139
f 100/142/139 137/88/86 138/86/84
f 100/142/139 138/86/84 99/143/140
f 99/143/140 138/86/84 139/84/82
f 99/143/140 139/84/82 98/144/141
f 98/144/141 139/84/82 140/82/80
f 98/144/141 140/82/80 97/145/142
f 97/145/142 140/82/80 141/80/78
f 97/145/142 141/80/78 96/146/143
f 96/146/143 141/80/78 142/78/76
f 96/146/143 142/78/76 95/147/144
f 95/147/144 142/78/76 143/76/74
f 95/147/144 143/76/74 94/148/145
f 94/148/145 143/76/74 144/74/72
f 94/148/145 144/74/72 93/149/146
f 93/149/146 144/74/72 145/72/70
f 93/149/146 145/72/70 92/150/147
f 92/150/147 145/72/70 146/70/68
f 92/150/147 146/70/68 91/151/148
f 91/151/148 146/70/68 147/68/66
f 91/151/148 147/68/66 90/152/149
f 90/152/149 147/68/66 148/66/64
f 90/152/149 148/66/64 89/153/150
f 89/153/150 148/66/64 149/64/62
f 89/153/150 149/64/62 88/154/151
f 88/154/151 149/64/62 150/62/60
f 88/154/151 150/62/60 87/155/152
f 87/155/152 150/62/60 151/60/58
f 87/155/152 151/60/58 86/156/153
f 86/156/153 151/60/58 152/58/56
f 86/156/153 152/58/56 85/157/154
f 85/157/154 152/58/56 153/56/54
f 85/157/154 153/56/54 84/158/155
f 84/158/155 153/56/54 154/54/52
f 84/158/155 154/54/52 83/159/156
f 83/159/156 154/54/52 155/52/50
f 83/159/156 155/52/50 82/160/157
f 82/160/157 155/52/50 156/50/48
f 82/160/157 156/50/48 81/161/158
f 81/161/158 156/50/48 157/48/46
f 81/161/158 157/48/46 80/162/159
f 80/162/159 157/48/46 158/46/44
f 80/162/159 158/46/44 79/163/160
f 79/163/160 158/46/44 159/44/42
f 79/163/160 159/44/42 78/164/161
f 78/164/161 159/44/42 160/42/40
f 78/164/161 160/42/40 77/165/162
f 77/165/162 160/42/40 161/40/38
f 77/165/162 161/40/38 76/166/163
f 76/166/163 161/40/38 162/38/36
f 76/166/163 162/38/36 75/167/164
f 75/167/164 162/38/36 163/36/34
f 75/167/164 163/36/34 74/168/165
f 74/168/165 163/36/34 164/34/32
f 74/168/165 164/34/32 73/169/166
f 73/169/166 164/34/32 165/32/30
f 73/169/166 165/32/30 72/170/167
f 72/170/167 165/32/30 166/30/28
f 72/170/167 166/30/28 71/171/168
f 71/171/168 166/30/28 167/28/26
f 71/171/168 167/28/26 70/172/169
f 70/172/169 167/28/26 168/26/24
f 70/172/169 168/26/24 69/173/170
f 69/173/170 168/26/24 169/24/22
f 69/173/170 169/24/22 68/174/171
f 68/174/171 169/24/22 170/22/20
f 68/174/171 170/22/20 67/175/172
f 67/175/172 170/22/20 171/20/18
f 67/175/172 171/20/18 66/176/173
f 66/176/173 171/20/18 172/18/16
f 66/176/173 172/18/16 65/177/174
f 65/177/174 172/18/16 173/16/14
f 65/177/174 173/16/14 64/178/175
f 64/178/175 173/16/14 174/14/12
f 64/178/175 174/14/12 63/179/176
f 63/179/176 174/14/12 175/12/10
f 63/179/176 175/12/10 62/180/177
f 62/180/177 175/12/10 176/10/8
f 62/180/177 176/10/8 61/121/119
f 61/121/119 176/10/8 177/8/6
f 179/181/178 337/182/179 178/183/180
f 178/183/180 337/182/179 336/184/181
f 178/185/180 336/186/181 256/187/182
f 256/187/182 336/186/181 414/188/183
f 256/187/182 414/188/183 255/189/184
f 255/189/184 414/188/183 413/190/185
f 255/189/184 413/190/185 254/191/186
f 254/191/186 413/190/185 412/192/187
f 254/191/186 412/192/187 253/193/188
f 253/193/188 412/192/187 411/194/189
f 253/193/188 411/194/189 252/195/190
f 252/195/190 411/194/189 410/196/191
f 252/195/190 410/196/191 251/197/192
f 251/197/192 410/196/191 409/198/193
f 251/197/192 409/198/193 250/199/194
f 250/199/194 409/198/193 408/200/195
f 250/199/194 408/200/195 249/201/196
f 249/201/196 408/200/195 407/202/197
f 249/201/196 407/202/197 248/203/198
f 248/203/198 407/202/197 406/204/199
f 248/203/198 406/204/199 247/205/200
f 247/205/200 406/204/199 405/206/201
f 247/205/200 405/206/201 246/207/202
f 246/207/202 405/206/201 404/208/203
f 246/207/202 404/208/203 245/209/204
f 245/209/204 404/208/203 403/210/205
f 245/209/204 403/210/205 244/211/206
f 244/211/206 403/210/205 402/212/207
f 244/211/206 402/212/207 243/213/208
f 243/213/208 402/212/207 401/214/209
f 243/213/208 401/214/209 242/215/210
f 242/215/210 401/214/209 400/216/211
f 242/215/210 400/216/211 241/217/212
f 241/217/212 400/216/211 399/218/213
f 241/217/212 399/218/213 240/219/214
f 240/219/214 399/218/213 398/220/215
f 240/219/214 398/220/215 239/221/216
f 239/221/216 398/220/215 397/222/217
f 239/221/216 397/222/217 238/223/218
f 238/223/218 397/222/217 396/224/219
f 238/223/218 396/224/219 237/225/220
f 237/225/220 396/224/219 395/226/221
f 237/225/220 395/226/221 236/227/222
f 236/227/222 395/226/221 394/228/223
f 236/227/222 394/228/223 235/229/224
f 235/229/224 394/228/223 393/230/225
f 235/229/224 393/230/225 234/231/226
f 234/231/226 393/230/225 392/232/227
f 234/231/226 392/232/227 233/233/228
f 233/233/228 392/232/227 391/234/229
f 233/233/228 391/234/229 232/235/230
f 232/235/230 391/234/229 390/236/231
f 232/235/230 390/236/231 231/237/232
f 231/237/232 390/236/231 389/238/233
f 231/237/232 389/238/233 230/239/234
f 230/239/234 389/238/233 388/240/235
f 230/239/234 388/240/235 229/241/236
f 229/241/236 388/240/235 387/242/237
f 229/241/236 387/242/237 228/243/238
f 228/243/238 387/242/237 386/244/239
f 228/243/238 386/244/239 227/245/240
f 227/245/240 386/244/239 385/246/241
f 227/245/240 385/246/241 226/247/242
f 226/247/242 385/246/241 384/248/243
f 226/247/242 384/248/243 225/249/244
f 225/249/244 384/248/243 383/250/245
f 225/249/244 383/250/245 224/251/246
f 224/251/246 383/250/245 382/252/247
f 224/251/246 382/252/247 223/253/248
f 223/253/248 382/252/247 381/254/249
f 223/253/248 381/254/249 222/255/250
f 222/255/250 381/254/249 380/256/251
f 222/255/250 380/256/251 221/257/252
f 221/257/252 380/256/251 379/258/253
f 221/257/252 379/258/253 220/259/254
f 220/259/254 379/258/253 378/260/255
f 220/259/254 378/260/255 219/261/256
f 219/261/256 378/260/255 377/262/257
f 219/261/256 377/262/257 218/263/258
f 218/263/258 377/262/257 376/264/259
f 218/263/258 376/264/259 217/265/260
f 217/265/260 376/264/259 375/266/261
f 217/265/260 375/266/261 216/267/262
f 216/267/262 375/266/261 374/268/263
f 216/267/262 374/268/263 215/269/264
f 215/269/264 374/268/263 373/270/265
f 215/269/264 373/270/265 214/271/266
f 214/271/266 373/270/265 372/272/267
f 214/271/266 372/272/267 213/273/268
f 213/273/268 372/272/267 371/274/269
f 213/273/268 371/274/269 212/275/270
f 212/275/270 371/274/269 370/276/271
f 212/275/270 370/276/271 211/277/272
f 211/277/272 370/276/271 369/278/273
f 211/277/272 369/278/273 210/279/274
f 210/279/274 369/278/273 368/280/275
f 210/279/274 368/280/275 209/281/276
f 209/281/276 368/280/275 367/282/277
f 209/281/276 367/282/277 208/283/278
f 208/283/278 367/282/277 366/284/279
f 208/283/278 366/284/279 207/285/280
f 207/285/280 366/284/279 365/286/281
f 207/285/280 365/286/281 206/287/282
f 206/287/282 365/286/281 364/288/283
f 206/287/282 364/288/283 205/289/284
f 205/289/284 364/288/283 363/290/285
f 205/289/284 363/290/285 204/291/286
f 204/291/286 363/290/285 362/292/287
f 204/291/286 362/292/287 203/293/288
f 203/293/288 362/292/287 361/294/289
f 203/293/288 361/294/289 202/295/290
f 202/295/290 361/294/289 360/296/291
f 202/295/290 360/296/291 201/297/292
f 201/297/292 360/296/291 359/298/293
f 201/297/292 359/298/293 200/299/294
f 200/299/294 359/298/293 358/300/295
f 200/299/294 358/300/295 199/301/296
f 199/301/296 358/300/295 357/302/297
f 199/301/296 357/302/297 198/303/298
f 198/303/298 357/302/297 356/304/299
f 198/303/298 356/304/299 197/305/300
f 197/305/300 356/304/299 355/306/301
f 197/305/300 355/306/301 196/307/302
f 196/307/302 355/306/301 354/308/303
f 196/307/302 354/308/303 195/309/304
f 195/309/304 354/308/303 353/310/305
f 195/309/304 353/310/305 194/311/306
f 194/311/306 353/310/305 352/312/307
f 194/311/306 352/312/307 193/313/308
f 193/313/308 352/312/307 351/314/309
f 193/313/308 351/314/309 192/315/310
f 192/315/310 351/314/309 350/316/311
f 192/315/310 350/316/311 191/317/312
f 191/317/312 350/316/311 349/318/313
f 191/317/312 349/318/313 190/319/314
f 190/319/314 349/318/313 348/320/315
f 190/319/314 348/320/315 189/321/316
f 189/321/316 348/320/315 347/322/317
f 189/321/316 347/322/317 188/323/318
f 188/323/318 347/322/317 346/324/319
f 188/323/318 346/324/319 187/325/320
f 187/325/320 346/324/319 345/326/321
f 187/325/320 345/326/321 186/327/322
f 186/327/322 345/326/321 344/328/323
f 186/327/322 344/328/323 185/329/324
f 185/329/324 344/328/323 343/330/325
f 185/329/324 343/330/325 184/331/326
f 184/331/326 343/330/325 342/332/327
f 184/331/326 342/332/327 183/333/328
f 183/333/328 342/332/327 341/334/329
f 183/333/328 341/334/329 182/335/330
f 182/335/330 341/334/329 340/336/331
f 182/335/330 340/336/331 181/337/332
f 181/337/332 340/336/331 339/338/333
f 181/337/332 339/338/333 180/339/334
f 180/339/334 339/338/333 338/340/335
f 180/339/334 338/340/335 179/181/178
f 179/181/178 338/340/335 337/182/179
f 258/341/336 414/188/183 257/342/337
f 257/342/337 414/188/183 336/186/181
f 257/343/337 336/184/181 335/344/338
f 335/344/338 336/184/181 337/182/179
f 335/344/338 337/182/179 334/345/339
f 334/345/339 337/182/179 338/340/335
f 334/345/339 338/340/335 333/346/340
f 333/346/340 338/340/335 339/338/333
f 333/346/340 339/338/333 332/347/341
f 332/347/341 339/338/333 340/336/331
f 332/347/341 340/336/331 331/348/342
f 331/348/342 340/336/331 341/334/329
f 331/348/342 341/334/329 330/349/343
f 330/349/343 341/334/329 342/332/327
f 330/349/343 342/332/327 329/350/344
f 329/350/344 342/332/327 343/330/325
f 329/350/344 343/330/325 328/351/345
f 328/351/345 343/330/325 344/328/323
f 328/351/345 344/328/323 327/352/346
f 327/352/346 344/328/323 345/326/321
f 327/352/346 345/326/321 326/353/347
f 326/353/347 345/326/321 346/324/319
f 326/353/347 346/324/319 325/354/348
f 325/354/348 346/324/319 347/322/317
f 325/354/348 347/322/317 324/355/349
f 324/355/349 347/322/317 348/320/315
f 324/355/349 348/320/315 323/356/350
f 323/356/350 348/320/315 349/318/313
f 323/356/350 349/318/313 322/357/351
f 322/357/351 349/318/313 350/316/311
f 322/357/351 350/316/311 321/358/352
f 321/358/352 350/316/311 351/314/309
f 321/358/352 351/314/309 320/359/353
f 320/359/353 351/314/309 352/312/307
f 320/359/353 352/312/307 319/360/354
f 319/360/354 352/312/307 353/310/305
f 319/360/354 353/310/305 318/361/355
f 318/361/355 353/310/305 354/308/303
f 318/361/355 354/308/303 317/362/356
f 317/362/356 354/308/303 355/306/301
f 317/362/356 355/306/301 316/363/357
f 316/363/357 355/306/301 356/304/299
f 316/363/357 356/304/299 315/364/358
f 315/364/358 356/304/299 357/302/297
f 315/364/358 357/302/297 314/365/359
f 314/365/359 357/302/297 358/300/295
f 314/365/359 358/300/295 313/366/360
f 313/366/360 358/300/295 359/298/293
f 313/366/360 359/298/293 312/367/361
f 312/367/361 359/298/293 360/296/291
f 312/367/361 360/296/291 311/368/362
f 311/368/362 360/296/291 361/294/289
f 311/368/362 361/294/289 310/369/363
f 310/369/363 361/294/289 362/292/287
f 310/369/363 362/292/287 309/370/364
f 309/370/364 362/292/287 363/290/285
f 309/370/364 363/290/285 308/371/365
f 308/371/365 363/290/285 364/288/283
f 308/371/365 364/288/283 307/372/366
f 307/372/366 364/288/283 365/286/281
f 307/372/366 365/286/281 306/373/367
f 306/373/367 365/286/281 366/284/279
f 306/373/367 366/284/279 305/374/368
f 305/374/368 366/284/279 367/282/277
f 305/374/368 367/282/277 304/375/369
f 304/375/369 367/282/277 368/280/275
f 304/375/369 368/280/275 303/376/370
f 303/376/370 368/280/275 369/278/273
f 303/376/370 369/278/273 302/377/371
f 302/377/371 369/278/273 370/276/271
f 302/377/371 370/276/271 301/378/372
f 301/378/372 370/276/271 371/274/269
f 301/378/372 371/274/269 300/379/373
f 300/379/373 371/274/269 372/272/267
f 300/379/373 372/272/267 299/380/374
f 299/380/374 372/272/267 373/270/265
f 299/380/374 373/270/265 298/381/375
f 298/381/375 373/270/265 374/268/263
f 298/381/375 374/268/263 297/382/376
f 297/382/376 374/268/263 375/266/261
f 297/382/376 375/266/261 296/383/377
f 296/383/377 375/266/261 376/264/259
f 296/383/377 376/264/259 295/384/378
f 295/384/378 376/264/259 377/262/257
f 295/384/378 377/262/257 294/385/379
f 294/385/379 377/262/257 378/260/255
f 294/385/379 378/260/255 293/386/380
f 293/386/380 378/260/255 379/258/253
f 293/386/380 379/258/253 292/387/381
f 292/387/381 379/258/253 380/256/251
f 292/387/381 380/256/251 291/388/382
f 291/388/382 380/256/251 381/254/249
f 291/388/382 381/254/249 290/389/383
f 290/389/383 381/254/249 382/252/247
f 290/389/383 382/252/247 289/390/384
f 289/390/384 382/252/247 383/250/245
f 289/390/384 383/250/245 288/391/385
f 288/391/385 383/250/245 384/248/243
f 288/391/385 384/248/243 287/392/386
f 287/392/386 384/248/243 385/246/241
f 287/392/386 385/246/241 286/393/387
f 286/393/387 385/246/241 386/244/239
f 286/393/387 386/244/239 285/394/388
f 285/394/388 386/244/239 387/242/237
f 285/394/388 387/242/237 284/395/389
f 284/395/389 387/242/237 388/240/235
f 284/395/389 388/240/235 283/396/390
f 283/396/390 388/240/235 389/238/233
f 283/396/390 389/238/233 282/397/391
f 282/397/391 389/238/233 390/236/231
f 282/397/391 390/236/231 281/398/392
f 281/398/392 390/236/231 391/234/229
f 281/398/392 391/234/229 280/399/393
f 280/399/393 391/234/229 392/232/227
f 280/399/393 392/232/227 279/400/394
f 279/400/394 392/232/227 393/230/225
f 279/400/394 393/230/225 278/401/395
f 278/401/395 393/230/225 394/228/223
f 278/401/395 394/228/223 277/402/396
f 277/402/396 394/228/223 395/226/221
f 277/402/396 395/226/221 276/403/397
f 276/403/397 395/226/221 396/224/219
f 276/403/397 396/224/219 275/404/398
f 275/404/398 396/224/219 397/222/217
f 275/404/398 397/222/217 274/405/399
f 274/405/399 397/222/217 398/220/215
f 274/405/399 398/220/215 273/406/400
f 273/406/400 398/220/215 399/218/213
f 273/406/400 399/218/213 272/407/401
f 272/407/401 399/218/213 400/216/211
f 272/407/401 400/216/211 271/408/402
f 271/408/402 400/216/211 401/214/209
f 271/408/402 401/214/209 270/409/403
f 270/409/403 401/214/209 402/212/207
f 270/409/403 402/212/207 269/410/404
f 269/410/404 402/212/207 403/210/205
f 269/410/404 403/210/205 268/411/405
f 268/411/405 403/210/205 404/208/203
f 268/411/405 404/208/203 267/412/406
f 267/412/406 404/208/203 405/206/201
f 267/412/406 405/206/201 266/413/407
f 266/413/407 405/206/201 406/204/199
f 266/413/407 406/204/199 265/414/408
f 265/414/408 406/204/199 407/202/197
f 265/414/408 407/202/197 264/415/409
f 264/415/409 407/202/197 408/200/195
f 264/415/409 408/200/195 263/416/410
f 263/416/410 408/200/195 409/198/193
f 263/416/410 409/198/193 262/417/411
f 262/417/411 409/198/193 410/196/191
f 262/417/411 410/196/191 261/418/412
f 261/418/412 410/196/191 411/194/189
f 261/418/412 411/194/189 260/419/413
f 260/419/413 411/194/189 412/192/187
f 260/419/413 412/192/187 259/420/414
f 259/420/414 412/192/187 413/190/185
f 259/420/414 413/190/185 258/341/336
f 258/341/336 413/190/185 414/188/183
f 59/421/415 179/422/416 1/423/417
f 1/423/417 179/422/416 178/424/418
f 1/423/417 178/424/418 256/425/419
f 179/422/416 59/421/415 180/426/420
f 180/426/420 59/421/415 58/427/421
f 180/426/420 58/427/421 181/428/422
f 181/428/422 58/427/421 57/429/423
f 181/428/422 57/429/423 182/430/424
f 182/430/424 57/429/423 183/431/425
f 183/431/425 57/429/423 56/432/426
f 183/431/425 56/432/426 184/433/427
f 184/433/427 56/432/426 55/434/428
f 184/433/427 55/434/428 185/435/429
f 185/435/429 55/434/428 54/436/430
f 185/435/429 54/436/430 186/437/431
f 186/437/431 54/436/430 187/438/432
f 187/438/432 54/436/430 53/439/433
f 187/438/432 53/439/433 188/440/434
f 188/440/434 53/439/433 52/441/435
f 188/440/434 52/441/435 189/442/436
f 189/442/436 52/441/435 51/443/437
f 189/442/436 51/443/437 190/444/438
f 190/444/438 51/443/437 191/445/439
f 191/445/439 51/443/437 50/446/440
f 191/445/439 50/446/440 192/447/441
f 192/447/441 50/446/440 49/448/442
f 192/447/441 49/448/442 193/449/443
f 193/449/443 49/448/442 48/450/444
f 193/449/443 48/450/444 194/451/445
f 194/451/445 48/450/444 195/452/446
f 195/452/446 48/450/444 47/453/447
f 195/452/446 47/453/447 196/454/448
f 196/454/448 47/453/447 46/455/449
f 196/454/448 46/455/449 197/456/450
f 197/456/450 46/455/449 45/457/451
f 197/456/450 45/457/451 198/458/452
f 198/458/452 45/457/451 199/459/453
f 199/459/453 45/457/451 44/460/454
f 199/459/453 44/460/454 200/461/455
f 200/461/455 44/460/454 43/462/456
f 200/461/455 43/462/456 201/463/457
f 201/463/457 43/462/456 42/464/458
f 201/463/457 42/464/458 202/465/459
f 202/465/459 42/464/458 203/466/460
f 203/466/460 42/464/458 41/467/461
f 203/466/460 41/467/461 204/468/462
f 204/468/462 41/467/461 40/469/463
f 204/468/462 40/469/463 205/470/464
f 205/470/464 40/469/463 39/471/465
f 205/470/464 39/471/465 206/472/466
f 206/472/466 39/471/465 207/473/467
f 207/473/467 39/471/465 38/474/468
f 207/473/467 38/474/468 208/475/469
f 208/475/469 38/474/468 37/476/470
f 208/475/469 37/476/470 209/477/471
f 209/477/471 37/476/470 36/478/472
f 209/477/471 36/478/472 210/479/473
f 210/479/473 36/478/472 211/480/474
f 211/480/474 36/478/472 35/481/475
f 211/480/474 35/481/475 212/482/476
f 212/482/476 35/481/475 34/483/477
f 212/482/476 34/483/477 213/484/478
f 213/484/478 34/483/477 33/485/479
f 213/484/478 33/485/479 214/486/480
f 214/486/480 33/485/479 215/487/481
f 215/487/481 33/485/479 32/488/482
f 215/487/481 32/488/482 216/489/483
f 216/489/483 32/488/482 31/490/484
f 216/489/483 31/490/484 217/491/485
f 217/491/485 31/490/484 218/492/486
f 218/492/486 31/490/484 30/493/487
f 218/492/486 30/493/487 219/494/488
f 219/494/488 30/493/487 29/495/489
f 219/494/488 29/495/489 220/496/490
f 220/496/490 29/495/489 28/497/491
f 220/496/490 28/497/491 221/498/492
f 221/498/492 28/497/491 222/499/493
f 222/499/493 28/497/491 27/500/494
f 222/499/493 27/500/494 223/501/495
f 223/501/495 27/500/494 26/502/496
f 223/501/495 26/502/496 224/503/497
f 224/503/497 26/502/496 25/504/498
f 224/503/497 25/504/498 225/505/499
f 225/505/499 25/504/498 226/506/500
f 226/506/500 25/504/498 24/507/501
f 226/506/500 24/507/501 227/508/502
f 227/508/502 24/507/501 23/509/503
f 227/508/502 23/509/503 228/510/504
f 228/510/504 23/509/503 22/511/505
f 228/510/504 22/511/505 229/512/506
f 229/512/506 22/511/505 21/513/507
f 229/512/506 21/513/507 230/514/508
f 230/514/508 21/513/507 20/515/509
f 230/514/508 20/515/509 231/516/510
f 231/516/510 20/515/509 232/517/511
f 232/517/511 20/515/509 19/518/512
f 232/517/511 19/518/512 233/519/513
f 233/519/513 19/518/512 234/520/514
f 234/520/514 19/518/512 18/521/515
f 234/520/514 18/521/515 235/522/516
f 235/522/516 18/521/515 17/523/517
f 235/522/516 17/523/517 236/524/518
f 236/524/518 17/523/517 16/525/519
f 236/524/518 16/525/519 237/526/520
f 237/526/520 16/525/519 238/527/521
f 238/527/521 16/525/519 15/528/522
f 238/527/521 15/528/522 239/529/523
f 239/529/523 15/528/522 14/530/524
f 239/529/523 14/530/524 240/531/525
f 240/531/525 14/530/524 13/532/526
f 240/531/525 13/532/526 241/533/527
f 241/533/527 13/532/526 242/534/528
f 242/534/528 13/532/526 12/535/529
f 242/534/528 12/535/529 243/536/530
f 243/536/530 12/535/529 11/537/531
f 243/536/530 11/537/531 244/538/532
f 244/538/532 11/537/531 10/539/533
f 244/538/532 10/539/533 245/540/534
f 245/540/534 10/539/533 246/541/535
f 246/541/535 10/539/533 9/542/536
f 246/541/535 9/542/536 247/543/537
f 247/543/537 9/542/536 8/544/538
f 247/543/537 8/544/538 248/545/539
f 248/545/539 8/544/538 7/546/540
f 248/545/539 7/546/540 249/547/541
f 249/547/541 7/546/540 250/548/542
f 250/548/542 7/546/540 6/549/543
f 250/548/542 6/549/543 251/550/544
f 251/550/544 6/549/543 5/551/545
f 251/550/544 5/551/545 252/552/546
f 252/552/546 5/551/545 4/553/547
f 252/552/546 4/553/547 253/554/548
f 253/554/548 4/553/547 254/555/549
f 254/555/549 4/553/547 3/556/550
f 254/555/549 3/556/550 255/557/551
f 255/557/551 3/556/550 2/558/552
f 255/557/551 2/558/552 256/425/419
f 256/425/419 2/558/552 1/423/417
f 118/559/553 258/560/554 60/561/555
f 60/561/555 258/560/554 257/562/556
f 60/561/555 257/562/556 335/563/557
f 258/560/554 118/559/553 259/564/558
f 259/564/558 118/559/553 117/565/559
f 259/564/558 117/565/559 260/566/560
f 260/566/560 117/565/559 116/567/561
f 260/566/560 116/567/561 261/568/562
f 261/568/562 116/567/561 262/569/563
f 262/569/563 116/567/561 115/570/564
f 262/569/563 115/570/564 263/571/565
f 263/571/565 115/570/564 114/572/566
f 263/571/565 114/572/566 264/573/567
f 264/573/567 114/572/566 113/574/568
f 264/573/567 113/574/568 265/575/569
f 265/575/569 113/574/568 266/576/570
f 266/576/570 113/574/568 112/577/571
f 266/576/570 112/577/571 267/578/572
f 267/578/572 112/577/571 111/579/573
f 267/578/572 111/579/573 268/580/574
f 268/580/574 111/579/573 110/581/575
f 268/580/574 110/581/575 269/582/576
f 269/582/576 110/581/575 270/583/577
f 270/583/577 110/581/575 109/584/578
f 270/583/577 109/584/578 271/585/579
f 271/585/579 109/584/578 108/586/580
f 271/585/579 108/586/580 272/587/581
f 272/587/581 108/586/580 107/588/582
f 272/587/581 107/588/582 273/589/583
f 273/589/583 107/588/582 274/590/584
f 274/590/584 107/588/582 106/591/585
f 274/590/584 106/591/585 275/592/586
f 275/592/586 106/591/585 105/593/587
f 275/592/586 105/593/587 276/594/588
f 276/594/588 105/593/587 104/595/589
f 276/594/588 104/595/589 277/596/590
f 277/596/590 104/595/589 278/597/591
f 278/597/591 104/595/589 103/598/592
f 278/597/591 103/598/592 279/599/593
f 279/599/593 103/598/592 102/600/594
f 279/599/593 102/600/594 280/601/595
f 280/601/595 102/600/594 101/602/596
f 280/601/595 101/602/596 281/603/597
f 281/603/597 101/602/596 282/604/598
f 282/604/598 101/602/596 100/605/599
f 282/604/598 100/605/599 283/606/600
f 283/606/600 100/605/599 284/607/601
f 284/607/601 100/605/599 99/608/602
f 284/607/601 99/608/602 98/609/603
f 97/610/604 286/611/605 98/609/603
f 98/609/603 286/611/605 285/612/606
f 98/609/603 285/612/606 284/607/601
f 286/611/605 97/610/604 287/613/607
f 287/613/607 97/610/604 96/614/608
f 287/613/607 96/614/608 288/615/609
f 288/615/609 96/614/608 95/616/610
f 288/615/609 95/616/610 289/617/611
f 289/617/611 95/616/610 290/618/612
f 290/618/612 95/616/610 94/619/613
f 290/618/612 94/619/613 291/620/614
f 291/620/614 94/619/613 93/621/615
f 291/620/614 93/621/615 292/622/616
f 292/622/616 93/621/615 92/623/617
f 292/622/616 92/623/617 293/624/618
f 293/624/618 92/623/617 294/625/619
f 294/625/619 92/623/617 91/626/620
f 294/625/619 91/626/620 295/627/621
f 295/627/621 91/626/620 90/628/622
f 295/627/621 90/628/622 296/629/623
f 296/629/623 90/628/622 89/630/624
f 296/629/623 89/630/624 297/631/625
f 297/631/625 89/630/624 298/632/626
f 298/632/626 89/630/624 88/633/627
f 298/632/626 88/633/627 299/634/628
f 299/634/628 88/633/627 87/635/629
f 299/634/628 87/635/629 300/636/630
f 300/636/630 87/635/629 301/637/631
f 301/637/631 87/635/629 86/638/632
f 301/637/631 86/638/632 302/639/633
f 302/639/633 86/638/632 85/640/634
f 302/639/633 85/640/634 303/641/635
f 303/641/635 85/640/634 84/642/636
f 303/641/635 84/642/636 304/643/637
f 304/643/637 84/642/636 305/644/638
f 305/644/638 84/642/636 83/645/639
f 305/644/638 83/645/639 306/646/640
f 306/646/640 83/645/639 82/647/641
f 306/646/640 82/647/641 307/648/642
f 307/648/642 82/647/641 81/649/643
f 307/648/642 81/649/643 308/650/644
f 308/650/644 81/649/643 309/651/645
f 309/651/645 81/649/643 80/652/646
f 309/651/645 80/652/646 310/653/647
f 310/653/647 80/652/646 79/654/648
f 310/653/647 79/654/648 311/655/649
f 311/655/649 79/654/648 78/656/650
f 311/655/649 78/656/650 312/657/651
f 312/657/651 78/656/650 313/658/652
f 313/658/652 78/656/650 77/659/653
f 313/658/652 77/659/653 314/660/654
f 314/660/654 77/659/653 76/661/655
f 314/660/654 76/661/655 315/662/656
f 315/662/656 76/661/655 75/663/657
f 315/662/656 75/663/657 316/664/658
f 316/664/658 75/663/657 317/665/659
f 317/665/659 75/663/657 74/666/660
f 317/665/659 74/666/660 318/667/661
f 318/667/661 74/666/660 73/668/662
f 318/667/661 73/668/662 319/669/663
f 319/669/663 73/668/662 72/670/664
f 319/669/663 72/670/664 320/671/665
f 320/671/665 72/670/664 321/672/666
f 321/672/666 72/670/664 71/673/667
f 321/672/666 71/673/667 322/674/668
f 322/674/668 71/673/667 70/675/669
f 322/674/668 70/675/669 323/676/670
f 323/676/670 70/675/669 69/677/671
f 323/676/670 69/677/671 324/678/672
f 324/678/672 69/677/671 325/679/673
f 325/679/673 69/677/671 68/680/674
f 325/679/673 68/680/674 326/681/675
f 326/681/675 68/680/674 67/682/676
f 326/681/675 67/682/676 327/683/677
f 327/683/677 67/682/676 66/684/678
f 327/683/677 66/684/678 328/685/679
f 328/685/679 66/684/678 329/686/680
f 329/686/680 66/684/678 65/687/681
f 329/686/680 65/687/681 330/688/682
f 330/688/682 65/687/681 64/689/683
f 330/688/682 64/689/683 331/690/684
f 331/690/684 64/689/683 63/691/685
f 331/690/684 63/691/685 332/692/686
f 332/692/686 63/691/685 333/693/687
f 333/693/687 63/691/685 62/694/688
f 333/693/687 62/694/688 334/695/689
f 334/695/689 62/694/688 61/696/690
f 334/695/689 61/696/690 335/563/557
f 335/563/557 61/696/690 60/561/555
g Standoff 2

v -19.131223 8.700000 0.000000
v -19.124991 8.700000 0.116923
v -19.106367 8.700000 0.232521
v -19.075560 8.700000 0.345484
v -19.032921 8.700000 0.454533
v -18.978932 8.700000 0.558432
v -18.914206 8.700000 0.656004
v -18.839474 8.700000 0.746143
v -18.755585 8.700000 0.827828
v -18.663489 8.700000 0.900133
v -18.564229 8.700000 0.962239
v -18.458930 8.700000 1.013443
v -18.348784 8.700000 1.053164
v -18.235041 8.700000 1.080953
v -18.118988 8.700000 1.096493
v -18.001940 8.700000 1.099610
v -17.885225 8.700000 1.090268
v -17.770164 8.700000 1.068573
v -17.658060 8.700000 1.034770
v -17.550185 8.700000 0.989243
v -17.447760 8.700000 0.932508
v -17.351946 8.700000 0.865207
v -17.263828 8.700000 0.788102
v -17.184406 8.700000 0.702069
v -17.114578 8.700000 0.608080
v -17.055136 8.700000 0.507202
v -17.006753 8.700000 0.400577
v -16.969978 8.700000 0.289413
v -16.945228 8.700000 0.174970
v -16.932782 8.700000 0.058544
v -16.932782 8.700000 -0.058544
v -16.945228 8.700000 -0.174970
v -16.969978 8.700000 -0.289413
v -17.006753 8.700000 -0.400577
v -17.055136 8.700000 -0.507202
v -17.114578 8.700000 -0.608080
v -17.184406 8.700000 -0.702069
v -17.263828 8.700000 -0.788102
v -17.351946 8.700000 -0.865207
v -17.447760 8.700000 -0.932508
v -17.550185 8.700000 -0.989243
v -17.658060 8.700000 -1.034770
v -17.770164 8.700000 -1.068573
v -17.885225 8.700000 -1.090268
v -18.001940 8.700000 -1.099610
v -18.118988 8.700000 -1.096493
v -18.235041 8.700000 -1.080953
v -18.348784 8.700000 -1.053164
v -18.458930 8.700000 -1.013443
v -18.564229 8.700000 -0.962239
v -18.663489 8.700000 -0.900133
v -18.755585 8.700000 -0.827828
v -18.839474 8.700000 -0.746143
v -18.914206 8.700000 -0.656004
v -18.978932 8.700000 -0.558432
v -19.032921 8.700000 -0.454533
v -19.075560 8.700000 -0.345484
v -19.106367 8.700000 -0.232521
v -19.124991 8.700000 -0.116923
v -19.131223 4.000000 0.000000
v -19.124991 4.000000 -0.116923
v -19.106367 4.000000 -0.232521
v -19.075560 4.000000 -0.345484
v -19.032921 4.000000 -0.454533
v -18.978932 4.000000 -0.558432
v -18.914206 4.000000 -0.656004
v -18.839474 4.000000 -0.746143
v -18.755585 4.000000 -0.827828
v -18.663489 4.000000 -0.900133
v -18.564229 4.000000 -0.962239
v -18.458930 4.000000 -1.013443
v -18.348784 4.000000 -1.053164
v -18.235041 4.000000 -1.080953
v -18.118988 4.000000 -1.096493
v -18.001940 4.000000 -1.099610
v -17.885225 4.000000 -1.090268
v -17.770164 4.000000 -1.068573
v -17.658060 4.000000 -1.034770
v -17.550185 4.000000 -0.989243
v -17.447760 4.000000 -0.932508
v -17.351946 4.000000 -0.865207
v -17.263828 4.000000 -0.788102
v -17.184406 4.000000 -0.702069
v -17.114578 4.000000 -0.608080
v -17.055136 4.000000 -0.507202
v -17.006753 4.000000 -0.400577
v -16.969978 4.000000 -0.289413
v -16.945228 4.000000 -0.174970
v -16.932782 4.000000 -0.058544
v -16.932782 4.000000 0.058544
v -16.945228 4.000000 0.174970
v -16.969978 4.000000 0.289413
v -17.006753 4.000000 0.400577
v -17.055136 4.000000 0.507202
v -17.114578 4.000000 0.608080
v -17.184406 4.000000 0.702069
v -17.263828 4.000000 0.788102
v -17.351946 4.000000 0.865207
v -17.447760 4.000000 0.932508
v -17.550185 4.000000 0.989243
v -17.658060 4.000000 1.034770
v -17.770164 4.000000 1.068573
v -17.885225 4.000000 1.090268
v -18.001940 4.000000 1.099610
v -18.118988 4.000000 1.096493
v -18.235041 4.000000 1.080953
v -18.348784 4.000000 1.053164
v -18.458930 4.000000 1.013443
v -18.564229 4.000000 0.962239
v -18.663489 4.000000 0.900133
v -18.755585 4.000000 0.827828
v -18.839474 4.000000 0.746143
v -18.914206 4.000000 0.656004
v -18.978932 4.000000 0.558432
v -19.032921 4.000000 0.454533
v -19.075560 4.000000 0.345484
v -19.106367 4.000000 0.232521
v -19.124991 4.000000 0.116923
v -19.131223 6.350000 -0.000000
v -19.124991 6.350000 0.116923
v -19.106367 6.350000 0.232521
v -19.075560 6.350000 0.345484
v -19.032921 6.350000 0.454533
v -18.978932 6.350000 0.558432
v -18.914206 6.350000 0.656004
v -18.839474 6.350000 0.746143
v -18.755585 6.350000 0.827828
v -18.663489 6.350000 0.900133
v -18.564229 6.350000 0.962239
v -18.458930 6.350000 1.013443
v -18.348784 6.350000 1.053164
v -18.235041 6.350000 1.080953
v -18.118988 6.350000 1.096493
v -18.001940 6.350000 1.099610
v -17.885225 6.350000 1.090268
v -17.770164 6.350000 1.068573
v -17.658060 6.350000 1.034770
v -17.550185 6.350000 0.989243
v -17.447760 6.350000 0.932508
v -17.351946 6.350000 0.865207
v -17.263828 6.350000 0.788102
v -17.184406 6.350000 0.702069
v -17.114578 6.350000 0.608080
v -17.055136 6.350000 0.507202
v -17.006753 6.350000 0.400577
v -16.969978 6.350000 0.289413
v -16.945228 6.350000 0.174970
v -16.932782 6.350000 0.058544
v -16.932782 6.350000 -0.058544
v -16.945228 6.350000 -0.174970
v -16.969978 6.350000 -0.289413
v -17.006753 6.350000 -0.400577
v -17.055136 6.350000 -0.507202
v -17.114578 6.350000 -0.608080
v -17.184406 6.350000 -0.702069
v -17.263828 6.350000 -0.788102
v -17.351946 6.350000 -0.865207
v -17.447760 6.350000 -0.932508
v -17.550185 6.350000 -0.989243
v -17.658060 6.350000 -1.034770
v -17.770164 6.350000 -1.068573
v -17.885225 6.350000 -1.090268
v -18.001940 6.350000 -1.099610
v -18.118988 6.350000 -1.096493
v -18.235041 6.350000 -1.080953
v -18.348784 6.350000 -1.053164
v -18.458930 6.350000 -1.013443
v -18.564229 6.350000 -0.962239
v -18.663489 6.350000 -0.900133
v -18.755585 6.350000 -0.827828
v -18.839474 6.350000 -0.746143
v -18.914206 6.350000 -0.656004
v -18.978932 6.350000 -0.558432
v -19.032921 6.350000 -0.454533
v -19.075560 6.350000 -0.345484
v -19.106367 6.350000 -0.232521
v -19.124991 6.350000 -0.116923
v -20.031223 8.700000 0.000000
v -20.024901 8.700000 -0.158900
v -20.005974 8.700000 -0.316796
v -19.974562 8.700000 -0.472689
v -19.930863 8.700000 -0.625593
v -19.875155 8.700000 -0.774542
v -19.807788 8.700000 -0.918595
v -19.729190 8.700000 -1.056839
v -19.639856 8.700000 -1.188402
v -19.540352 8.700000 -1.312451
v -19.431307 8.700000 -1.428203
v -19.313410 8.700000 -1.534925
v -19.187407 8.700000 -1.631943
v -19.054094 8.700000 -1.718643
v -18.914314 8.700000 -1.794478
v -18.768951 8.700000 -1.858967
v -18.618923 8.700000 -1.911703
v -18.465181 8.700000 -1.952353
v -18.308694 8.700000 -1.980659
v -18.150453 8.700000 -1.996443
v -17.991459 8.700000 -1.999605
v -17.832715 8.700000 -1.990124
v -17.675227 8.700000 -1.968062
v -17.519990 8.700000 -1.933556
v -17.367984 8.700000 -1.886827
v -17.220172 8.700000 -1.828168
v -17.077488 8.700000 -1.757950
v -16.940833 8.700000 -1.676619
v -16.811073 8.700000 -1.584687
v -16.689026 8.700000 -1.482737
v -16.575465 8.700000 -1.371412
v -16.471108 8.700000 -1.251416
v -16.376615 8.700000 -1.123509
v -16.292582 8.700000 -0.988498
v -16.219542 8.700000 -0.847238
v -16.157956 8.700000 -0.700622
v -16.108213 8.700000 -0.549576
v -16.070628 8.700000 -0.395055
v -16.045439 8.700000 -0.238036
v -16.032804 8.700000 -0.079513
v -16.032804 8.700000 0.079513
v -16.045439 8.700000 0.238036
v -16.070628 8.700000 0.395055
v -16.108213 8.700000 0.549576
v -16.157956 8.700000 0.700622
v -16.219542 8.700000 0.847238
v -16.292582 8.700000 0.988498
v -16.376615 8.700000 1.123509
v -16.471108 8.700000 1.251416
v -16.575465 8.700000 1.371412
v -16.689026 8.700000 1.482737
v -16.811073 8.700000 1.584687
v -16.940833 8.700000 1.676619
v -17.077488 8.700000 1.757950
v -17.220172 8.700000 1.828168
v -17.367984 8.700000 1.886827
v -17.519990 8.700000 1.933556
v -17.675227 8.700000 1.968062
v -17.832715 8.700000 1.990124
v -17.991459 8.700000 1.999605
v -18.150453 8.700000 1.996443
v -18.308694 8.700000 1.980659
v -18.465181 8.700000 1.952353
v -18.618923 8.700000 1.911703
v -18.768951 8.700000 1.858967
v -18.914314 8.700000 1.794478
v -19.054094 8.700000 1.718643
v -19.187407 8.700000 1.631943
v -19.313410 8.700000 1.534925
v -19.431307 8.700000 1.428203
v -19.540352 8.700000 1.312451
v -19.639856 8.700000 1.188402
v -19.729190 8.700000 1.056839
v -19.807788 8.700000 0.918595
v -19.875155 8.700000 0.774542
v -19.930863 8.700000 0.625593
v -19.974562 8.700000 0.472689
v -20.005974 8.700000 0.316796
v -20.024901 8.700000 0.158900
v -20.031223 4.000000 0.000000
v -20.024901 4.000000 0.158900
v -20.005974 4.000000 0.316796
v -19.974562 4.000000 0.472689
v -19.930863 4.000000 0.625593
v -19.875155 4.000000 0.774542
v -19.807788 4.000000 0.918595
v -19.729190 4.000000 1.056839
v -19.639856 4.000000 1.188402
v -19.540352 4.000000 1.312451
v -19.431307 4.000000 1.428203
v -19.313410 4.000000 1.534925
v -19.187407 4.000000 1.631943
v -19.054094 4.000000 1.718643
v -18.914314 4.000000 1.794478
v -18.768951 4.000000 1.858967
v -18.618923 4.000000 1.911703
v -18.465181 4.000000 1.952353
v -18.308694 4.000000 1.980659
v -18.150453 4.000000 1.996443
v -17.991459 4.000000 1.999605
v -17.832715 4.000000 1.990124
v -17.675227 4.000000 1.968062
v -17.519990 4.000000 1.933556
v -17.367984 4.000000 1.886827
v -17.220172 4.000000 1.828168
v -17.077488 4.000000 1.757950
v -16.940833 4.000000 1.676619
v -16.811073 4.000000 1.584687
v -16.689026 4.000000 1.482737
v -16.575465 4.000000 1.371412
v -16.471108 4.000000 1.251416
v -16.376615 4.000000 1.123509
v -16.292582 4.000000 0.988498
v -16.219542 4.000000 0.847238
v -16.157956 4.000000 0.700622
v -16.108213 4.000000 0.549576
v -16.070628 4.000000 0.395055
v -16.045439 4.000000 0.238036
v -16.032804 4.000000 0.079513
v -16.032804 4.000000 -0.079513
v -16.045439 4.000000 -0.238036
v -16.070628 4.000000 -0.395055
v -16.108213 4.000000 -0.549576
v -16.157956 4.000000 -0.700622
v -16.219542 4.000000 -0.847238
v -16.292582 4.000000 -0.988498
v -16.376615 4.000000 -1.123509
v -16.471108 4.000000 -1.251416
v -16.575465 4.000000 -1.371412
v -16.689026 4.000000 -1.482737
v -16.811073 4.000000 -1.584687
v -16.940833 4.000000 -1.676619
v -17.077488 4.000000 -1.757950
v -17.220172 4.000000 -1.828168
v -17.367984 4.000000 -1.886827
v -17.519990 4.000000 -1.933556
v -17.675227 4.000000 -1.968062
v -17.832715 4.000000 -1.990124
v -17.991459 4.000000 -1.999605
v -18.150453 4.000000 -1.996443
v -18.308694 4.000000 -1.980659
v -18.465181 4.000000 -1.952353
v -18.618923 4.000000 -1.911703
v -18.768951 4.000000 -1.858967
v -18.914314 4.000000 -1.794478
v -19.054094 4.000000 -1.718643
v -19.187407 4.000000 -1.631943
v -19.313410 4.000000 -1.534925
v -19.431307 4.000000 -1.428203
v -19.540352 4.000000 -1.312451
v -19.639856 4.000000 -1.188402
v -19.729190 4.000000 -1.056839
v -19.807788 4.000000 -0.918595
v -19.875155 4.000000 -0.774542
v -19.930863 4.000000 -0.625593
v -19.974562 4.000000 -0.472689
v -20.005974 4.000000 -0.316796
v -20.024901 4.000000 -0.158900
v -20.031223 6.350000 0.000000
v -20.024901 6.350000 -0.158900
v -20.005974 6.350000 -0.316796
v -19.974562 6.350000 -0.472689
v -19.930863 6.350000 -0.625593
v -19.875155 6.350000 -0.774542
v -19.807788 6.350000 -0.918595
v -19.729190 6.350000 -1.056839
v -19.639856 6.350000 -1.188402
v -19.540352 6.350000 -1.312451
v -19.431307 6.350000 -1.428203
v -19.313410 6.350000 -1.534925
v -19.187407 6.350000 -1.631943
v -19.054094 6.350000 -1.718643
v -18.914314 6.350000 -1.794478
v -18.768951 6.350000 -1.858967
v -18.618923 6.350000 -1.911703
v -18.465181 6.350000 -1.952353
v -18.308694 6.350000 -1.980659
v -18.150453 6.350000 -1.996443
v -17.991459 6.350000 -1.999605
v -17.832715 6.350000 -1.990124
v -17.675227 6.350000 -1.968062
v -17.519990 6.350000 -1.933556
v -17.367984 6.350000 -1.886827
v -17.220172 6.350000 -1.828168
v -17.077488 6.350000 -1.757950
v -16.940833 6.350000 -1.676619
v -16.811073 6.350000 -1.584687
v -16.689026 6.350000 -1.482737
v -16.575465 6.350000 -1.371412
v -16.471108 6.350000 -1.251416
v -16.376615 6.350000 -1.123509
v -16.292582 6.350000 -0.988498
v -16.219542 6.350000 -0.847238
v -16.157956 6.350000 -0.700622
v -16.108213 6.350000 -0.549576
v -16.070628 6.350000 -0.395055
v -16.045439 6.350000 -0.238036
v -16.032804 6.350000 -0.079513
v -16.032804 6.350000 0.079513
v -16.045439 6.350000 0.238036
v -16.070628 6.350000 0.395055
v -16.108213 6.350000 0.549576
v -16.157956 6.350000 0.700622
v -16.219542 6.350000 0.847238
v -16.292582 6.350000 0.988498
v -16.376615 6.350000 1.123509
v -16.471108 6.350000 1.251416
v -16.575465 6.350000 1.371412
v -16.689026 6.350000 1.482737
v -16.811073 6.350000 1.584687
v -16.940833 6.350000 1.676619
v -17.077488 6.350000 1.757950
v -17.220172 6.350000 1.828168
v -17.367984 6.350000 1.886827
v -17.519990 6.350000 1.933556
v -17.675227 6.350000 1.968062
v -17.832715 6.350000 1.990124
v -17.991459 6.350000 1.999605
v -18.150453 6.350000 1.996443
v -18.308694 6.350000 1.980659
v -18.465181 6.350000 1.952353
v -18.618923 6.350000 1.911703
v -18.768951 6.350000 1.858967
v -18.914314 6.350000 1.794478
v -19.054094 6.350000 1.718643
v -19.187407 6.350000 1.631943
v -19.313410 6.350000 1.534925
v -19.431307 6.350000 1.428203
v -19.540352 6.350000 1.312451
v -19.639856 6.350000 1.188402
v -19.729190 6.350000 1.056839
v -19.807788 6.350000 0.918595
v -19.875155 6.350000 0.774542
v -19.930863 6.350000 0.625593
v -19.974562 6.350000 0.472689
v -20.005974 6.350000 0.316796
v -20.024901 6.350000 0.158900
vt 0.470000 -0.333861 0.000000
vt 0.235000 -0.333861 0.000000
vt 0.470000 -0.345575 0.000000
vt 0.235000 -0.345575 0.000000
vt 0.470000 0.345575 0.000000
vt 0.235000 0.345575 0.000000
vt 0.470000 0.333861 0.000000
vt 0.235000 0.333861 0.000000
vt 0.470000 0.322146 0.000000
vt 0.235000 0.322146 0.000000
vt 0.470000 0.310432 0.000000
vt 0.235000 0.310432 0.000000
vt 0.470000 0.298718 0.000000
vt 0.235000 0.298718 0.000000
vt 0.470000 0.287003 0.000000
vt 0.235000 0.287003 0.000000
vt 0.470000 0.275289 0.000000
vt 0.235000 0.275289 0.000000
vt 0.470000 0.263574 0.000000
vt 0.235000 0.263574 0.000000
vt 0.470000 0.251860 0.000000
vt 0.235000 0.251860 0.000000
vt 0.470000 0.240145 0.000000
vt 0.235000 0.240145 0.000000
vt 0.470000 0.228431 0.000000
vt 0.235000 0.228431 0.000000
vt 0.470000 0.216717 0.000000
vt 0.235000 0.216717 0.000000
vt 0.470000 0.205002 0.000000
vt 0.235000 0.205002 0.000000
vt 0.470000 0.193288 0.000000
vt 0.235000 0.193288 0.000000
vt 0.470000 0.181573 0.000000
vt 0.235000 0.181573 0.000000
vt 0.470000 0.169859 0.000000
vt 0.235000 0.169859 0.000000
vt 0.470000 0.158145 0.000000
vt 0.235000 0.158145 0.000000
vt 0.470000 0.146430 0.000000
vt 0.235000 0.146430 0.000000
vt 0.470000 0.134716 0.000000
vt 0.235000 0.134716 0.000000
vt 0.470000 0.123001 0.000000
vt 0.235000 0.123001 0.000000
vt 0.470000 0.111287 0.000000
vt 0.235000 0.111287 0.000000
vt 0.470000 0.099573 0.000000
vt 0.235000 0.099573 0.000000
vt 0.470000 0.087858 0.000000
vt 0.235000 0.087858 0.000000
vt 0.470000 0.076144 0.000000
vt 0.235000 0.076144 0.000000
vt 0.470000 0.064429 0.000000
vt 0.235000 0.064429 0.000000
vt 0.470000 0.052715 0.000000
vt 0.235000 0.052715 0.000000
vt 0.470000 0.041000 0.000000
vt 0.235000 0.041000 0.000000
vt 0.470000 0.029286 0.000000
vt 0.235000 0.029286 0.000000
vt 0.470000 0.017572 0.000000
vt 0.235000 0.017572 0.000000
vt 0.470000 0.005857 0.000000
vt 0.235000 0.005857 0.000000
vt 0.470000 -0.005857 0.000000
vt 0.235000 -0.005857 0.000000
vt 0.470000 -0.017572 0.000000
vt 0.235000 -0.017572 0.000000
vt 0.470000 -0.029286 0.000000
vt 0.235000 -0.029286 0.000000
vt 0.470000 -0.041000 0.000000
vt 0.235000 -0.041000 0.000000
vt 0.470000 -0.052715 0.000000
vt 0.235000 -0.052715 0.000000
vt 0.470000 -0.064429 0.000000
vt 0.235000 -0.064429 0.000000
vt 0.470000 -0.076144 0.000000
vt 0.235000 -0.076144 0.000000
vt 0.470000 -0.087858 0.000000
vt 0.235000 -0.087858 0.000000
vt 0.470000 -0.099573 0.000000
vt 0.235000 -0.099573 0.000000
vt 0.470000 -0.111287 0.000000
vt 0.235000 -0.111287 0.000000
vt 0.470000 -0.123001 0.000000
vt 0.235000 -0.123001 0.000000
vt 0.470000 -0.134716 0.000000
vt 0.235000 -0.134716 0.000000
vt 0.470000 -0.146430 0.000000
vt 0.235000 -0.146430 0.000000
vt 0.470000 -0.158145 0.000000
vt 0.235000 -0.158145 0.000000
vt 0.470000 -0.169859 0.000000
vt 0.235000 -0.169859 0.000000
vt 0.470000 -0.181573 0.000000
vt 0.235000 -0.181573 0.000000
vt 0.470000 -0.193288 0.000000
vt 0.235000 -0.193288 0.000000
vt 0.470000 -0.205002 0.000000
vt 0.235000 -0.205002 0.000000
vt 0.470000 -0.216717 0.000000
vt 0.235000 -0.216717 0.000000
vt 0.470000 -0.228431 0.000000
vt 0.235000 -0.228431 0.000000
vt 0.470000 -0.240145 0.000000
vt 0.235000 -0.240145 0.000000
vt 0.470000 -0.251860 0.000000
vt 0.235000 -0.251860 0.000000
vt 0.470000 -0.263574 0.000000
vt 0.235000 -0.263574 0.000000
vt 0.470000 -0.275289 0.000000
vt 0.235000 -0.275289 0.000000
vt 0.470000 -0.287003 0.000000
vt 0.235000 -0.287003 0.000000
vt 0.470000 -0.298718 0.000000
vt 0.235000 -0.298718 0.000000
vt 0.470000 -0.310432 0.000000
vt 0.235000 -0.310432 0.000000
vt 0.470000 -0.322146 0.000000
vt 0.235000 -0.322146 0.000000
vt 0.000000 0.333861 0.000000
vt 0.000000 0.345575 0.000000
vt 0.000000 -0.345575 0.000000
vt 0.000000 -0.333861 0.000000
vt -0.000000 -0.322146 0.000000
vt 0.000000 -0.310432 0.000000
vt -0.000000 -0.298718 0.000000
vt -0.000000 -0.287003 0.000000
vt 0.000000 -0.275289 0.000000
vt 0.000000 -0.263574 0.000000
vt 0.000000 -0.251860 0.000000
vt 0.000000 -0.240145 0.000000
vt 0.000000 -0.228431 0.000000
vt -0.000000 -0.216717 0.000000
vt -0.000000 -0.205002 0.000000
vt 0.000000 -0.193288 0.000000
vt 0.000000 -0.181573 0.000000
vt 0.000000 -0.169859 0.000000
vt 0.000000 -0.158145 0.000000
vt -0.000000 -0.146430 0.000000
vt -0.000000 -0.134716 0.000000
vt 0.000000 -0.123001 0.000000
vt 0.000000 -0.111287 0.000000
vt 0.000000 -0.099573 0.000000
vt -0.000000 -0.087858 0.000000
vt 0.000000 -0.076144 0.000000
vt 0.000000 -0.064429 0.000000
vt -0.000000 -0.052715 0.000000
vt -0.000000 -0.041000 0.000000
vt 0.000000 -0.029286 0.000000
vt -0.000000 -0.017572 0.000000
vt 0.000000 -0.005857 0.000000
vt 0.000000 0.005857 0.000000
vt -0.000000 0.017572 0.000000
vt 0.000000 0.029286 0.000000
vt -0.000000 0.041000 0.000000
vt -0.000000 0.052715 0.000000
vt 0.000000 0.064429 0.000000
vt 0.000000 0.076144 0.000000
vt -0.000000 0.087858 0.000000
vt 0.000000 0.099573 0.000000
vt 0.000000 0.111287 0.000000
vt 0.000000 0.123001 0.000000
vt -0.000000 0.134716 0.000000
vt -0.000000 0.146430 0.000000
vt -0.000000 0.158145 0.000000
vt 0.000000 0.169859 0.000000
vt 0.000000 0.181573 0.000000
vt 0.000000 0.193288 0.000000
vt 0.000000 0.205002 0.000000
vt -0.000000 0.216717 0.000000
vt 0.000000 0.228431 0.000000
vt 0.000000 0.240145 0.000000
vt -0.000000 0.251860 0.000000
vt 0.000000 0.263574 0.000000
vt -0.000000 0.275289 0.000000
vt -0.000000 0.287003 0.000000
vt -0.000000 0.298718 0.000000
vt 0.000000 0.310432 0.000000
vt -0.000000 0.322146 0.000000
vt -0.470000 0.612412 0.000000
vt -0.235000 0.612412 0.000000
vt -0.470000 0.628319 0.000000
vt -0.235000 0.628319 0.000000
vt -0.470000 -0.628319 0.000000
vt -0.235000 -0.628319 0.000000
vt -0.470000 -0.612412 0.000000
vt -0.235000 -0.612412 0.000000
vt -0.470000 -0.596505 0.000000
vt -0.235000 -0.596505 0.000000
vt -0.470000 -0.580598 0.000000
vt -0.235000 -0.580598 0.000000
vt -0.470000 -0.564691 0.000000
vt -0.235000 -0.564691 0.000000
vt -0.470000 -0.548785 0.000000
vt -0.235000 -0.548785 0.000000
vt -0.470000 -0.532878 0.000000
vt -0.235000 -0.532878 0.000000
vt -0.470000 -0.516971 0.000000
vt -0.235000 -0.516971 0.000000
vt -0.470000 -0.501064 0.000000
vt -0.235000 -0.501064 0.000000
vt -0.470000 -0.485157 0.000000
vt -0.235000 -0.485157 0.000000
vt -0.470000 -0.469251 0.000000
vt -0.235000 -0.469251 0.000000
vt -0.470000 -0.453344 0.000000
vt -0.235000 -0.453344 0.000000
vt -0.470000 -0.437437 0.000000
vt -0.235000 -0.437437 0.000000
vt -0.470000 -0.421530 0.000000
vt -0.235000 -0.421530 0.000000
vt -0.470000 -0.405623 0.000000
vt -0.235000 -0.405623 0.000000
vt -0.470000 -0.389717 0.000000
vt -0.235000 -0.389717 0.000000
vt -0.470000 -0.373810 0.000000
vt -0.235000 -0.373810 0.000000
vt -0.470000 -0.357903 0.000000
vt -0.235000 -0.357903 0.000000
vt -0.470000 -0.341996 0.000000
vt -0.235000 -0.341996 0.000000
vt -0.470000 -0.326089 0.000000
vt -0.235000 -0.326089 0.000000
vt -0.470000 -0.310183 0.000000
vt -0.235000 -0.310183 0.000000
vt -0.470000 -0.294276 0.000000
vt -0.235000 -0.294276 0.000000
vt -0.470000 -0.278369 0.000000
vt -0.235000 -0.278369 0.000000
vt -0.470000 -0.262462 0.000000
vt -0.235000 -0.262462 0.000000
vt -0.470000 -0.246555 0.000000
vt -0.235000 -0.246555 0.000000
vt -0.470000 -0.230649 0.000000
vt -0.235000 -0.230649 0.000000
vt -0.470000 -0.214742 0.000000
vt -0.235000 -0.214742 0.000000
vt -0.470000 -0.198835 0.000000
vt -0.235000 -0.198835 0.000000
vt -0.470000 -0.182928 0.000000
vt -0.235000 -0.182928 0.000000
vt -0.470000 -0.167021 0.000000
vt -0.235000 -0.167021 0.000000
vt -0.470000 -0.151115 0.000000
vt -0.235000 -0.151115 0.000000
vt -0.470000 -0.135208 0.000000
vt -0.235000 -0.135208 0.000000
vt -0.470000 -0.119301 0.000000
vt -0.235000 -0.119301 0.000000
vt -0.470000 -0.103394 0.000000
vt -0.235000 -0.103394 0.000000
vt -0.470000 -0.087487 0.000000
vt -0.235000 -0.087487 0.000000
vt -0.470000 -0.071581 0.000000
vt -0.235000 -0.071581 0.000000
vt -0.470000 -0.055674 0.000000
vt -0.235000 -0.055674 0.000000
vt -0.470000 -0.039767 0.000000
vt -0.235000 -0.039767 0.000000
vt -0.470000 -0.023860 0.000000
vt -0.235000 -0.023860 0.000000
vt -0.470000 -0.007953 0.000000
vt -0.235000 -0.007953 0.000000
vt -0.470000 0.007953 0.000000
vt -0.235000 0.007953 0.000000
vt -0.470000 0.023860 0.000000
vt -0.235000 0.023860 0.000000
vt -0.470000 0.039767 0.000000
vt -0.235000 0.039767 0.000000
vt -0.470000 0.055674 0.000000
vt -0.235000 0.055674 0.000000
vt -0.470000 0.071581 0.000000
vt -0.235000 0.071581 0.000000
vt -0.470000 0.087487 0.000000
vt -0.235000 0.087487 0.000000
vt -0.470000 0.103394 0.000000
vt -0.235000 0.103394 0.000000
vt -0.470000 0.119301 0.000000
vt -0.235000 0.119301 0.000000
vt -0.470000 0.135208 0.000000
vt -0.235000 0.135208 0.000000
vt -0.470000 0.151115 0.000000
vt -0.235000 0.151115 0.000000
vt -0.470000 0.167021 0.000000
vt -0.235000 0.167021 0.000000
vt -0.470000 0.182928 0.000000
vt -0.235000 0.182928 0.000000
vt -0.470000 0.198835 0.000000
vt -0.235000 0.198835 0.000000
vt -0.470000 0.214742 0.000000
vt -0.235000 0.214742 0.000000
vt -0.470000 0.230649 0.000000
vt -0.235000 0.230649 0.000000
vt -0.470000 0.246555 0.000000
vt -0.235000 0.246555 0.000000
vt -0.470000 0.262462 0.000000
vt -0.235000 0.262462 0.000000
vt -0.470000 0.278369 0.000000
vt -0.235000 0.278369 0.000000
vt -0.470000 0.294276 0.000000
vt -0.235000 0.294276 0.000000
vt -0.470000 0.310183 0.000000
vt -0.235000 0.310183 0.000000
vt -0.470000 0.326089 0.000000
vt -0.235000 0.326089 0.000000
vt -0.470000 0.341996 0.000000
vt -0.235000 0.341996 0.000000
vt -0.470000 0.357903 0.000000
vt -0.235000 0.357903 0.000000
vt -0.470000 0.373810 0.000000
vt -0.235000 0.373810 0.000000
vt -0.470000 0.389717 0.000000
vt -0.235000 0.389717 0.000000
vt -0.470000 0.405623 0.000000
vt -0.235000 0.405623 0.000000
vt -0.470000 0.421530 0.000000
vt -0.235000 0.421530 0.000000
vt -0.470000 0.437437 0.000000
vt -0.235000 0.437437 0.000000
vt -0.470000 0.453344 0.000000
vt -0.235000 0.453344 0.000000
vt -0.470000 0.469251 0.000000
vt -0.235000 0.469251 0.000000
vt -0.470000 0.485157 0.000000
vt -0.235000 0.485157 0.000000
vt -0.470000 0.501064 0.000000
vt -0.235000 0.501064 0.000000
vt -0.470000 0.516971 0.000000
vt -0.235000 0.516971 0.000000
vt -0.470000 0.532878 0.000000
vt -0.235000 0.532878 0.000000
vt -0.470000 0.548785 0.000000
vt -0.235000 0.548785 0.000000
vt -0.470000 0.564691 0.000000
vt -0.235000 0.564691 0.000000
vt -0.470000 0.580598 0.000000
vt -0.235000 0.580598 0.000000
vt -0.470000 0.596505 0.000000
vt -0.235000 0.596505 0.000000
vt -0.000000 -0.612412 0.000000
vt -0.000000 -0.628319 0.000000
vt -0.000000 0.628319 0.000000
vt -0.000000 0.612412 0.000000
vt -0.000000 0.596505 0.000000
vt -0.000000 0.580598 0.000000
vt -0.000000 0.564691 0.000000
vt -0.000000 0.548785 0.000000
vt -0.000000 0.532878 0.000000
vt -0.000000 0.516971 0.000000
vt -0.000000 0.501064 0.000000
vt -0.000000 0.485157 0.000000
vt -0.000000 0.469251 0.000000
vt -0.000000 0.453344 0.000000
vt -0.000000 0.437437 0.000000
vt -0.000000 0.421530 0.000000
vt -0.000000 0.405623 0.000000
vt -0.000000 0.389717 0.000000
vt -0.000000 0.373810 0.000000
vt -0.000000 0.357903 0.000000
vt -0.000000 0.341996 0.000000
vt -0.000000 0.326089 0.000000
vt -0.000000 0.310183 0.000000
vt -0.000000 0.294276 0.000000
vt -0.000000 0.278369 0.000000
vt -0.000000 0.262462 0.000000
vt -0.000000 0.246555 0.000000
vt -0.000000 0.230649 0.000000
vt -0.000000 0.214742 0.000000
vt -0.000000 0.198835 0.000000
vt -0.000000 0.182928 0.000000
vt -0.000000 0.167021 0.000000
vt -0.000000 0.151115 0.000000
vt -0.000000 0.135208 0.000000
vt -0.000000 0.119301 0.000000
vt -0.000000 0.103394 0.000000
vt -0.000000 0.087487 0.000000
vt -0.000000 0.071581 0.000000
vt -0.000000 0.055674 0.000000
vt -0.000000 0.039767 0.000000
vt -0.000000 0.023860 0.000000
vt -0.000000 0.007953 0.000000
vt -0.000000 -0.007953 0.000000
vt -0.000000 -0.023860 0.000000
vt -0.000000 -0.039767 0.000000
vt -0.000000 -0.055674 0.000000
vt -0.000000 -0.071581 0.000000
vt -0.000000 -0.087487 0.000000
vt -0.000000 -0.103394 0.000000
vt -0.000000 -0.119301 0.000000
vt -0.000000 -0.135208 0.000000
vt -0.000000 -0.151115 0.000000
vt -0.000000 -0.167021 0.000000
vt -0.000000 -0.182928 0.000000
vt -0.000000 -0.198835 0.000000
vt -0.000000 -0.214742 0.000000
vt -0.000000 -0.230649 0.000000
vt -0.000000 -0.246555 0.000000
vt -0.000000 -0.262462 0.000000
vt -0.000000 -0.278369 0.000000
vt -0.000000 -0.294276 0.000000
vt -0.000000 -0.310183 0.000000
vt -0.000000 -0.326089 0.000000
vt -0.000000 -0.341996 0.000000
vt -0.000000 -0.357903 0.000000
vt -0.000000 -0.373810 0.000000
vt -0.000000 -0.389717 0.000000
vt -0.000000 -0.405623 0.000000
vt -0.000000 -0.421530 0.000000
vt -0.000000 -0.437437 0.000000
vt -0.000000 -0.453344 0.000000
vt -0.000000 -0.469251 0.000000
vt -0.000000 -0.485157 0.000000
vt -0.000000 -0.501064 0.000000
vt -0.000000 -0.516971 0.000000
vt -0.000000 -0.532878 0.000000
vt -0.000000 -0.548785 0.000000
vt -0.000000 -0.564691 0.000000
vt -0.000000 -0.580598 0.000000
vt -0.000000 -0.596505 0.000000
vt -0.109377 0.011692 0.000000
vt -0.199368 0.015890 0.000000
vt -0.110000 -0.000000 0.000000
vt -0.200000 -0.000000 0.000000
vt -0.199368 -0.015890 0.000000
vt -0.197475 0.031680 0.000000
vt -0.107514 0.023252 0.000000
vt -0.194334 0.047269 0.000000
vt -0.104434 0.034548 0.000000
vt -0.189964 0.062559 0.000000
vt -0.184393 0.077454 0.000000
vt -0.100170 0.045453 0.000000
vt -0.177657 0.091859 0.000000
vt -0.094771 0.055843 0.000000
vt -0.169797 0.105684 0.000000
vt -0.088298 0.065600 0.000000
vt -0.160863 0.118840 0.000000
vt -0.150913 0.131245 0.000000
vt -0.080825 0.074614 0.000000
vt -0.140008 0.142820 0.000000
vt -0.072436 0.082783 0.000000
vt -0.128219 0.153493 0.000000
vt -0.063227 0.090013 0.000000
vt -0.115618 0.163194 0.000000
vt -0.102287 0.171864 0.000000
vt -0.053301 0.096224 0.000000
vt -0.088309 0.179448 0.000000
vt -0.042771 0.101344 0.000000
vt -0.073773 0.185897 0.000000
vt -0.031756 0.105316 0.000000
vt -0.058770 0.191170 0.000000
vt -0.043396 0.195235 0.000000
vt -0.020382 0.108095 0.000000
vt -0.027747 0.198066 0.000000
vt -0.008776 0.109649 0.000000
vt -0.011923 0.199644 0.000000
vt 0.002928 0.109961 0.000000
vt 0.003976 0.199960 0.000000
vt 0.019851 0.199012 0.000000
vt 0.014600 0.109027 0.000000
vt 0.035600 0.196806 0.000000
vt 0.026106 0.106857 0.000000
vt 0.051123 0.193356 0.000000
vt 0.037316 0.103477 0.000000
vt 0.066324 0.188683 0.000000
vt 0.081105 0.182817 0.000000
vt 0.048104 0.098924 0.000000
vt 0.095374 0.175795 0.000000
vt 0.058346 0.093251 0.000000
vt 0.109039 0.167662 0.000000
vt 0.067928 0.086521 0.000000
vt 0.122015 0.158469 0.000000
vt 0.134220 0.148274 0.000000
vt 0.076739 0.078810 0.000000
vt 0.145576 0.137141 0.000000
vt 0.084682 0.070207 0.000000
vt 0.156011 0.125142 0.000000
vt 0.091665 0.060808 0.000000
vt 0.165461 0.112351 0.000000
vt 0.173864 0.098850 0.000000
vt 0.097609 0.050720 0.000000
vt 0.181168 0.084724 0.000000
vt 0.102447 0.040058 0.000000
vt 0.187327 0.070062 0.000000
vt 0.106124 0.028941 0.000000
vt 0.192301 0.054958 0.000000
vt 0.196059 0.039505 0.000000
vt 0.108600 0.017497 0.000000
vt 0.198578 0.023804 0.000000
vt 0.109844 0.005854 0.000000
vt 0.199842 0.007951 0.000000
vt 0.199842 -0.007951 0.000000
vt 0.109844 -0.005854 0.000000
vt 0.198578 -0.023804 0.000000
vt 0.108600 -0.017497 0.000000
vt 0.196059 -0.039505 0.000000
vt 0.106124 -0.028941 0.000000
vt 0.192301 -0.054958 0.000000
vt 0.187327 -0.070062 0.000000
vt 0.102447 -0.040058 0.000000
vt 0.181168 -0.084724 0.000000
vt 0.097609 -0.050720 0.000000
vt 0.173864 -0.098850 0.000000
vt 0.091665 -0.060808 0.000000
vt 0.165461 -0.112351 0.000000
vt 0.156011 -0.125142 0.000000
vt 0.084682 -0.070207 0.000000
vt 0.145576 -0.137141 0.000000
vt 0.076739 -0.078810 0.000000
vt 0.134220 -0.148274 0.000000
vt 0.067928 -0.086521 0.000000
vt 0.122015 -0.158469 0.000000
vt 0.058346 -0.093251 0.000000
vt 0.109039 -0.167662 0.000000
vt 0.048104 -0.098924 0.000000
vt 0.095374 -0.175795 0.000000
vt 0.081105 -0.182817 0.000000
vt 0.037316 -0.103477 0.000000
vt 0.066324 -0.188683 0.000000
vt 0.051123 -0.193356 0.000000
vt 0.026106 -0.106857 0.000000
vt 0.035600 -0.196806 0.000000
vt 0.014600 -0.109027 0.000000
vt 0.019851 -0.199012 0.000000
vt 0.002928 -0.109961 0.000000
vt 0.003976 -0.199960 0.000000
vt -0.011923 -0.199644 0.000000
vt -0.008776 -0.109649 0.000000
vt -0.027747 -0.198066 0.000000
vt -0.020382 -0.108095 0.000000
vt -0.043396 -0.195235 0.000000
vt -0.031756 -0.105316 0.000000
vt -0.058770 -0.191170 0.000000
vt -0.073773 -0.185897 0.000000
vt -0.042771 -0.101344 0.000000
vt -0.088309 -0.179448 0.000000
vt -0.053301 -0.096224 0.000000
vt -0.102287 -0.171864 0.000000
vt -0.063227 -0.090013 0.000000
vt -0.115618 -0.163194 0.000000
vt -0.128219 -0.153493 0.000000
vt -0.072436 -0.082783 0.000000
vt -0.140008 -0.142820 0.000000
vt -0.080825 -0.074614 0.000000
vt -0.150913 -0.131245 0.000000
vt -0.088298 -0.065600 0.000000
vt -0.160863 -0.118840 0.000000
vt -0.169797 -0.105684 0.000000
vt -0.094771 -0.055843 0.000000
vt -0.177657 -0.091859 0.000000
vt -0.100170 -0.045453 0.000000
vt -0.184393 -0.077454 0.000000
vt -0.104434 -0.034548 0.000000
vt -0.189964 -0.062559 0.000000
vt -0.194334 -0.047269 0.000000
vt -0.107514 -0.023252 0.000000
vt -0.197475 -0.031680 0.000000
vt -0.109377 -0.011692 0.000000
vt 0.109377 -0.011692 0.000000
vt 0.199368 -0.015890 0.000000
vt 0.110000 -0.000000 0.000000
vt 0.200000 -0.000000 0.000000
vt 0.199368 0.015890 0.000000
vt 0.197475 -0.031680 0.000000
vt 0.107514 -0.023252 0.000000
vt 0.194334 -0.047269 0.000000
vt 0.104434 -0.034548 0.000000
vt 0.189964 -0.062559 0.000000
vt 0.184393 -0.077454 0.000000
vt 0.100170 -0.045453 0.000000
vt 0.177657 -0.091859 0.000000
vt 0.094771 -0.055843 0.000000
vt 0.169797 -0.105684 0.000000
vt 0.088298 -0.065600 0.000000
vt 0.160863 -0.118840 0.000000
vt 0.150913 -0.131245 0.000000
vt 0.080825 -0.074614 0.000000
vt 0.140008 -0.142820 0.000000
vt 0.072436 -0.082783 0.000000
vt 0.128219 -0.153493 0.000000
vt 0.063227 -0.090013 0.000000
vt 0.115618 -0.163194 0.000000
vt 0.102287 -0.171864 0.000000
vt 0.053301 -0.096224 0.000000
vt 0.088309 -0.179448 0.000000
vt 0.042771 -0.101344 0.000000
vt 0.073773 -0.185897 0.000000
vt 0.031756 -0.105316 0.000000
vt 0.058770 -0.191170 0.000000
vt 0.043396 -0.195235 0.000000
vt 0.020382 -0.108095 0.000000
vt 0.027747 -0.198066 0.000000
vt 0.008776 -0.109649 0.000000
vt 0.011923 -0.199644 0.000000
vt -0.002928 -0.109961 0.000000
vt -0.003976 -0.199960 0.000000
vt -0.019851 -0.199012 0.000000
vt -0.014600 -0.109027 0.000000
vt -0.035600 -0.196806 0.000000
vt -0.026106 -0.106857 0.000000
vt -0.051123 -0.193356 0.000000
vt -0.037316 -0.103477 0.000000
vt -0.066324 -0.188683 0.000000
vt -0.081105 -0.182817 0.000000
vt -0.048104 -0.098924 0.000000
vt -0.095374 -0.175795 0.000000
vt -0.109039 -0.167662 0.000000
vt -0.058346 -0.093251 0.000000
vt -0.067928 -0.086521 0.000000
vt -0.076739 -0.078810 0.000000
vt -0.134220 -0.148274 0.000000
vt -0.122015 -0.158469 0.000000
vt -0.145576 -0.137141 0.000000
vt -0.084682 -0.070207 0.000000
vt -0.156011 -0.125142 0.000000
vt -0.091665 -0.060808 0.000000
vt -0.165461 -0.112351 0.000000
vt -0.173864 -0.098850 0.000000
vt -0.097609 -0.050720 0.000000
vt -0.181168 -0.084724 0.000000
vt -0.102447 -0.040058 0.000000
vt -0.187327 -0.070062 0.000000
vt -0.106124 -0.028941 0.000000
vt -0.192301 -0.054958 0.000000
vt -0.196059 -0.039505 0.000000
vt -0.108600 -0.017497 0.000000
vt -0.198578 -0.023804 0.000000
vt -0.109844 -0.005854 0.000000
vt -0.199842 -0.007951 0.000000
vt -0.109844 0.005854 0.000000
vt -0.199842 0.007951 0.000000
vt -0.198578 0.023804 0.000000
vt -0.108600 0.017497 0.000000
vt -0.196059 0.039505 0.000000
vt -0.106124 0.028941 0.000000
vt -0.192301 0.054958 0.000000
vt -0.187327 0.070062 0.000000
vt -0.102447 0.040058 0.000000
vt -0.181168 0.084724 0.000000
vt -0.097609 0.050720 0.000000
vt -0.173864 0.098850 0.000000
vt -0.091665 0.060808 0.000000
vt -0.165461 0.112351 0.000000
vt -0.156011 0.125142 0.000000
vt -0.084682 0.070207 0.000000
vt -0.145576 0.137141 0.000000
vt -0.076739 0.078810 0.000000
vt -0.134220 0.148274 0.000000
vt -0.067928 0.086521 0.000000
vt -0.122015 0.158469 0.000000
vt -0.109039 0.167662 0.000000
vt -0.058346 0.093251 0.000000
vt -0.095374 0.175795 0.000000
vt -0.048104 0.098924 0.000000
vt -0.081105 0.182817 0.000000
vt -0.037316 0.103477 0.000000
vt -0.066324 0.188683 0.000000
vt -0.051123 0.193356 0.000000
vt -0.026106 0.106857 0.000000
vt -0.035600 0.196806 0.000000
vt -0.014600 0.109027 0.000000
vt -0.019851 0.199012 0.000000
vt -0.002928 0.109961 0.000000
vt -0.003976 0.199960 0.000000
vt 0.011923 0.199644 0.000000
vt 0.008776 0.109649 0.000000
vt 0.027747 0.198066 0.000000
vt 0.020382 0.108095 0.000000
vt 0.043396 0.195235 0.000000
vt 0.031756 0.105316 0.000000
vt 0.058770 0.191170 0.000000
vt 0.073773 0.185897 0.000000
vt 0.042771 0.101344 0.000000
vt 0.088309 0.179448 0.000000
vt 0.053301 0.096224 0.000000
vt 0.102287 0.171864 0.000000
vt 0.063227 0.090013 0.000000
vt 0.115618 0.163194 0.000000
vt 0.128219 0.153493 0.000000
vt 0.072436 0.082783 0.000000
vt 0.140008 0.142820 0.000000
vt 0.080825 0.074614 0.000000
vt 0.150913 0.131245 0.000000
vt 0.088298 0.065600 0.000000
vt 0.160863 0.118840 0.000000
vt 0.169797 0.105684 0.000000
vt 0.094771 0.055843 0.000000
vt 0.177657 0.091859 0.000000
vt 0.100170 0.045453 0.000000
vt 0.184393 0.077454 0.000000
vt 0.104434 0.034548 0.000000
vt 0.189964 0.062559 0.000000
vt 0.194334 0.047269 0.000000
vt 0.107514 0.023252 0.000000
vt 0.197475 0.031680 0.000000
vt 0.109377 0.011692 0.000000
vn 0.099433 0.000000 -0.010629
vn 0.099433 0.000000 -0.010629
vn 0.100000 0.000000 -0.000000
vn 0.100000 0.000000 -0.000000
vn 0.099433 -0.000000 0.010629
vn 0.099433 -0.000000 0.010629
vn 0.097740 -0.000000 0.021138
vn 0.097740 -0.000000 0.021138
vn 0.094940 -0.000000 0.031408
vn 0.094940 -0.000000 0.031408
vn 0.091063 -0.000000 0.041321
vn 0.091063 -0.000000 0.041321
vn 0.086155 -0.000000 0.050767
vn 0.086155 -0.000000 0.050767
vn 0.080271 -0.000000 0.059637
vn 0.080271 -0.000000 0.059637
vn 0.073477 -0.000000 0.067831
vn 0.073477 -0.000000 0.067831
vn 0.065851 -0.000000 0.075257
vn 0.065851 -0.000000 0.075257
vn 0.057479 -0.000000 0.081830
vn 0.057479 -0.000000 0.081830
vn 0.048455 -0.000000 0.087476
vn 0.048455 -0.000000 0.087476
vn 0.038882 -0.000000 0.092131
vn 0.038882 -0.000000 0.092131
vn 0.028869 -0.000000 0.095742
vn 0.028869 -0.000000 0.095742
vn 0.018529 -0.000000 0.098268
vn 0.018529 -0.000000 0.098268
vn 0.007979 -0.000000 0.099681
vn 0.007979 -0.000000 0.099681
vn -0.002662 0.000000 0.099965
vn -0.002662 0.000000 0.099965
vn -0.013273 0.000000 0.099115
vn -0.013273 0.000000 0.099115
vn -0.023733 0.000000 0.097143
vn -0.023733 0.000000 0.097143
vn -0.033924 0.000000 0.094070
vn -0.033924 0.000000 0.094070
vn -0.043731 0.000000 0.089931
vn -0.043731 0.000000 0.089931
vn -0.053042 0.000000 0.084773
vn -0.053042 0.000000 0.084773
vn -0.061752 0.000000 0.078655
vn -0.061752 0.000000 0.078655
vn -0.069763 0.000000 0.071646
vn -0.069763 0.000000 0.071646
vn -0.076983 0.000000 0.063824
vn -0.076983 0.000000 0.063824
vn -0.083331 0.000000 0.055280
vn -0.083331 0.000000 0.055280
vn -0.088735 0.000000 0.046109
vn -0.088735 0.000000 0.046109
vn -0.093134 0.000000 0.036416
vn -0.093134 0.000000 0.036416
vn -0.096477 0.000000 0.026310
vn -0.096477 0.000000 0.026310
vn -0.098727 0.000000 0.015906
vn -0.098727 0.000000 0.015906
vn -0.099858 0.000000 0.005322
vn -0.099858 0.000000 0.005322
vn -0.099858 0.000000 -0.005322
vn -0.099858 0.000000 -0.005322
vn -0.098727 0.000000 -0.015906
vn -0.098727 0.000000 -0.015906
vn -0.096477 0.000000 -0.026310
vn -0.096477 0.000000 -0.026310
vn -0.093134 0.000000 -0.036416
vn -0.093134 0.000000 -0.036416
vn -0.088735 0.000000 -0.046109
vn -0.088735 0.000000 -0.046109
vn -0.083331 0.000000 -0.055280
vn -0.083331 0.000000 -0.055280
vn -0.076983 0.000000 -0.063824
vn -0.076983 0.000000 -0.063824
vn -0.069763 0.000000 -0.071646
vn -0.069763 0.000000 -0.071646
vn -0.061752 0.000000 -0.078655
vn -0.061752 0.000000 -0.078655
vn -0.053042 0.000000 -0.084773
vn -0.053042 0.000000 -0.084773
vn -0.043731 0.000000 -0.089931
vn -0.043731 0.000000 -0.089931
vn -0.033924 0.000000 -0.094070
vn -0.033924 0.000000 -0.094070
vn -0.023733 0.000000 -0.097143
vn -0.023733 0.000000 -0.097143
vn -0.013273 0.000000 -0.099115
vn -0.013273 0.000000 -0.099115
vn -0.002662 0.000000 -0.099965
vn -0.002662 0.000000 -0.099965
vn 0.007979 0.000000 -0.099681
vn 0.007979 0.000000 -0.099681
vn 0.018529 0.000000 -0.098268
vn 0.018529 0.000000 -0.098268
vn 0.028869 0.000000 -0.095742
vn 0.028869 0.000000 -0.095742
vn 0.038882 0.000000 -0.092131
vn 0.038882 0.000000 -0.092131
vn 0.048455 0.000000 -0.087476
vn 0.048455 0.000000 -0.087476
vn 0.057479 0.000000 -0.081830
vn 0.057479 0.000000 -0.081830
vn 0.065851 0.000000 -0.075257
vn 0.065851 0.000000 -0.075257
vn 0.073477 0.000000 -0.067831
vn 0.073477 0.000000 -0.067831
vn 0.080271 0.000000 -0.059637
vn 0.080271 0.000000 -0.059637
vn 0.086155 0.000000 -0.050767
vn 0.086155 0.000000 -0.050767
vn 0.091063 0.000000 -0.041321
vn 0.091063 0.000000 -0.041321
vn 0.094940 0.000000 -0.031408
vn 0.094940 0.000000 -0.031408
vn 0.097740 0.000000 -0.021138
vn 0.097740 0.000000 -0.021138
vn 0.099433 -0.000000 0.010629
vn 0.100000 -0.000000 0.000000
vn 0.099433 0.000000 -0.010629
vn 0.097740 0.000000 -0.021138
vn 0.094940 0.000000 -0.031408
vn 0.091063 0.000000 -0.041321
vn 0.086155 0.000000 -0.050767
vn 0.080271 0.000000 -0.059637
vn 0.073477 0.000000 -0.067831
vn 0.065851 0.000000 -0.075257
vn 0.057479 0.000000 -0.081830
vn 0.048455 0.000000 -0.087476
vn 0.038882 0.000000 -0.092131
vn 0.028869 0.000000 -0.095742
vn 0.018529 0.000000 -0.098268
vn 0.007979 0.000000 -0.099681
vn -0.002662 0.000000 -0.099965
vn -0.013273 0.000000 -0.099115
vn -0.023733 0.000000 -0.097143
vn -0.033924 0.000000 -0.094070
vn -0.043731 0.000000 -0.089931
vn -0.053042 0.000000 -0.084773
vn -0.061752 0.000000 -0.078655
vn -0.069763 0.000000 -0.071646
vn -0.076983 0.000000 -0.063824
vn -0.083331 0.000000 -0.055280
vn -0.088735 0.000000 -0.046109
vn -0.093134 0.000000 -0.036416
vn -0.096477 0.000000 -0.026310
vn -0.098727 0.000000 -0.015906
vn -0.099858 0.000000 -0.005322
vn -0.099858 0.000000 0.005322
vn -0.098727 0.000000 0.015906
vn -0.096477 0.000000 0.026310
vn -0.093134 0.000000 0.036416
vn -0.088735 0.000000 0.046109
vn -0.083331 0.000000 0.055280
vn -0.076983 0.000000 0.063824
vn -0.069763 0.000000 0.071646
vn -0.061752 0.000000 0.078655
vn -0.053042 0.000000 0.084773
vn -0.043731 0.000000 0.089931
vn -0.033924 0.000000 0.094070
vn -0.023733 0.000000 0.097143
vn -0.013273 0.000000 0.099115
vn -0.002662 0.000000 0.099965
vn 0.007979 -0.000000 0.099681
vn 0.018529 -0.000000 0.098268
vn 0.028869 -0.000000 0.095742
vn 0.038882 -0.000000 0.092131
vn 0.048455 -0.000000 0.087476
vn 0.057479 -0.000000 0.081830
vn 0.065851 -0.000000 0.075257
vn 0.073477 -0.000000 0.067831
vn 0.080271 -0.000000 0.059637
vn 0.086155 -0.000000 0.050767
vn 0.091063 -0.000000 0.041321
vn 0.094940 -0.000000 0.031408
vn 0.097740 -0.000000 0.021138
vn -0.099684 0.000000 -0.007945
vn -0.099684 0.000000 -0.007945
vn -0.100000 0.000000 -0.000000
vn -0.100000 0.000000 -0.000000
vn -0.099684 0.000000 0.007945
vn -0.099684 0.000000 0.007945
vn -0.098738 0.000000 0.015840
vn -0.098738 0.000000 0.015840
vn -0.097167 0.000000 0.023634
vn -0.097167 0.000000 0.023634
vn -0.094982 0.000000 0.031280
vn -0.094982 0.000000 0.031280
vn -0.092197 0.000000 0.038727
vn -0.092197 0.000000 0.038727
vn -0.088828 0.000000 0.045930
vn -0.088828 0.000000 0.045930
vn -0.084898 0.000000 0.052842
vn -0.084898 0.000000 0.052842
vn -0.080432 0.000000 0.059420
vn -0.080432 0.000000 0.059420
vn -0.075456 0.000000 0.065623
vn -0.075456 0.000000 0.065623
vn -0.070004 0.000000 0.071410
vn -0.070004 0.000000 0.071410
vn -0.064109 0.000000 0.076746
vn -0.064109 0.000000 0.076746
vn -0.057809 0.000000 0.081597
vn -0.057809 0.000000 0.081597
vn -0.051144 0.000000 0.085932
vn -0.051144 0.000000 0.085932
vn -0.044155 0.000000 0.089724
vn -0.044155 0.000000 0.089724
vn -0.036886 0.000000 0.092948
vn -0.036886 0.000000 0.092948
vn -0.029385 0.000000 0.095585
vn -0.029385 0.000000 0.095585
vn -0.021698 0.000000 0.097618
vn -0.021698 0.000000 0.097618
vn -0.013874 0.000000 0.099033
vn -0.013874 0.000000 0.099033
vn -0.005962 0.000000 0.099822
vn -0.005962 0.000000 0.099822
vn 0.001988 -0.000000 0.099980
vn 0.001988 -0.000000 0.099980
vn 0.009925 -0.000000 0.099506
vn 0.009925 -0.000000 0.099506
vn 0.017800 -0.000000 0.098403
vn 0.017800 -0.000000 0.098403
vn 0.025562 -0.000000 0.096678
vn 0.025562 -0.000000 0.096678
vn 0.033162 -0.000000 0.094341
vn 0.033162 -0.000000 0.094341
vn 0.040553 -0.000000 0.091408
vn 0.040553 -0.000000 0.091408
vn 0.047687 -0.000000 0.087898
vn 0.047687 -0.000000 0.087898
vn 0.054519 -0.000000 0.083831
vn 0.054519 -0.000000 0.083831
vn 0.061008 -0.000000 0.079234
vn 0.061008 -0.000000 0.079234
vn 0.067110 -0.000000 0.074137
vn 0.067110 -0.000000 0.074137
vn 0.072788 -0.000000 0.068571
vn 0.072788 -0.000000 0.068571
vn 0.078006 -0.000000 0.062571
vn 0.078006 -0.000000 0.062571
vn 0.082730 -0.000000 0.056175
vn 0.082730 -0.000000 0.056175
vn 0.086932 -0.000000 0.049425
vn 0.086932 -0.000000 0.049425
vn 0.090584 -0.000000 0.042362
vn 0.090584 -0.000000 0.042362
vn 0.093663 -0.000000 0.035031
vn 0.093663 -0.000000 0.035031
vn 0.096150 -0.000000 0.027479
vn 0.096150 -0.000000 0.027479
vn 0.098030 -0.000000 0.019753
vn 0.098030 -0.000000 0.019753
vn 0.099289 -0.000000 0.011902
vn 0.099289 -0.000000 0.011902
vn 0.099921 -0.000000 0.003976
vn 0.099921 -0.000000 0.003976
vn 0.099921 0.000000 -0.003976
vn 0.099921 0.000000 -0.003976
vn 0.099289 0.000000 -0.011902
vn 0.099289 0.000000 -0.011902
vn 0.098030 0.000000 -0.019753
vn 0.098030 0.000000 -0.019753
vn 0.096150 0.000000 -0.027479
vn 0.096150 0.000000 -0.027479
vn 0.093663 0.000000 -0.035031
vn 0.093663 0.000000 -0.035031
vn 0.090584 0.000000 -0.042362
vn 0.090584 0.000000 -0.042362
vn 0.086932 0.000000 -0.049425
vn 0.086932 0.000000 -0.049425
vn 0.082730 0.000000 -0.056175
vn 0.082730 0.000000 -0.056175
vn 0.078006 0.000000 -0.062571
vn 0.078006 0.000000 -0.062571
vn 0.072788 0.000000 -0.068571
vn 0.072788 0.000000 -0.068571
vn 0.067110 0.000000 -0.074137
vn 0.067110 0.000000 -0.074137
vn 0.061008 0.000000 -0.079234
vn 0.061008 0.000000 -0.079234
vn 0.054519 0.000000 -0.083831
vn 0.054519 0.000000 -0.083831
vn 0.047687 0.000000 -0.087898
vn 0.047687 0.000000 -0.087898
vn 0.040553 0.000000 -0.091408
vn 0.040553 0.000000 -0.091408
vn 0.033162 0.000000 -0.094341
vn 0.033162 0.000000 -0.094341
vn 0.025562 0.000000 -0.096678
vn 0.025562 0.000000 -0.096678
vn 0.017800 0.000000 -0.098403
vn 0.017800 0.000000 -0.098403
vn 0.009925 0.000000 -0.099506
vn 0.009925 0.000000 -0.099506
vn 0.001988 0.000000 -0.099980
vn 0.001988 0.000000 -0.099980
vn -0.005962 0.000000 -0.099822
vn -0.005962 0.000000 -0.099822
vn -0.013874 0.000000 -0.099033
vn -0.013874 0.000000 -0.099033
vn -0.021698 0.000000 -0.097618
vn -0.021698 0.000000 -0.097618
vn -0.029385 0.000000 -0.095585
vn -0.029385 0.000000 -0.095585
vn -0.036886 0.000000 -0.092948
vn -0.036886 0.000000 -0.092948
vn -0.044155 0.000000 -0.089724
vn -0.044155 0.000000 -0.089724
vn -0.051144 0.000000 -0.085932
vn -0.051144 0.000000 -0.085932
vn -0.057809 0.000000 -0.081597
vn -0.057809 0.000000 -0.081597
vn -0.064109 0.000000 -0.076746
vn -0.064109 0.000000 -0.076746
vn -0.070004 0.000000 -0.071410
vn -0.070004 0.000000 -0.071410
vn -0.075456 0.000000 -0.065623
vn -0.075456 0.000000 -0.065623
vn -0.080432 0.000000 -0.059420
vn -0.080432 0.000000 -0.059420
vn -0.084898 0.000000 -0.052842
vn -0.084898 0.000000 -0.052842
vn -0.088828 0.000000 -0.045930
vn -0.088828 0.000000 -0.045930
vn -0.092197 0.000000 -0.038727
vn -0.092197 0.000000 -0.038727
vn -0.094982 0.000000 -0.031280
vn -0.094982 0.000000 -0.031280
vn -0.097167 0.000000 -0.023634
vn -0.097167 0.000000 -0.023634
vn -0.098738 0.000000 -0.015840
vn -0.098738 0.000000 -0.015840
vn -0.099684 0.000000 0.007945
vn -0.100000 0.000000 0.000000
vn -0.099684 0.000000 -0.007945
vn -0.098738 0.000000 -0.015840
vn -0.097167 0.000000 -0.023634
vn -0.094982 0.000000 -0.031280
vn -0.092197 0.000000 -0.038727
vn -0.088828 0.000000 -0.045930
vn -0.084898 0.000000 -0.052842
vn -0.080432 0.000000 -0.059420
vn -0.075456 0.000000 -0.065623
vn -0.070004 0.000000 -0.071410
vn -0.064109 0.000000 -0.076746
vn -0.057809 0.000000 -0.081597
vn -0.051144 0.000000 -0.085932
vn -0.044155 0.000000 -0.089724
vn -0.036886 0.000000 -0.092948
vn -0.029385 0.000000 -0.095585
vn -0.021698 0.000000 -0.097618
vn -0.013874 0.000000 -0.099033
vn -0.005962 0.000000 -0.099822
vn 0.001988 0.000000 -0.099980
vn 0.009925 0.000000 -0.099506
vn 0.017800 0.000000 -0.098403
vn 0.025562 0.000000 -0.096678
vn 0.033162 0.000000 -0.094341
vn 0.040553 0.000000 -0.091408
vn 0.047687 0.000000 -0.087898
vn 0.054519 0.000000 -0.083831
vn 0.061008 0.000000 -0.079234
vn 0.067110 0.000000 -0.074137
vn 0.072788 0.000000 -0.068571
vn 0.078006 0.000000 -0.062571
vn 0.082730 0.000000 -0.056175
vn 0.086932 0.000000 -0.049425
vn 0.090584 0.000000 -0.042362
vn 0.093663 0.000000 -0.035031
vn 0.096150 0.000000 -0.027479
vn 0.098030 0.000000 -0.019753
vn 0.099289 0.000000 -0.011902
vn 0.099921 0.000000 -0.003976
vn 0.099921 -0.000000 0.003976
vn 0.099289 -0.000000 0.011902
vn 0.098030 -0.000000 0.019753
vn 0.096150 -0.000000 0.027479
vn 0.093663 -0.000000 0.035031
vn 0.090584 -0.000000 0.042362
vn 0.086932 -0.000000 0.049425
vn 0.082730 -0.000000 0.056175
vn 0.078006 -0.000000 0.062571
vn 0.072788 -0.000000 0.068571
vn 0.067110 -0.000000 0.074137
vn 0.061008 -0.000000 0.079234
vn 0.054519 -0.000000 0.083831
vn 0.047687 -0.000000 0.087898
vn 0.040553 -0.000000 0.091408
vn 0.033162 -0.000000 0.094341
vn 0.025562 -0.000000 0.096678
vn 0.017800 -0.000000 0.098403
vn 0.009925 -0.000000 0.099506
vn 0.001988 -0.000000 0.099980
vn -0.005962 0.000000 0.099822
vn -0.013874 0.000000 0.099033
vn -0.021698 0.000000 0.097618
vn -0.029385 0.000000 0.095585
vn -0.036886 0.000000 0.092948
vn -0.044155 0.000000 0.089724
vn -0.051144 0.000000 0.085932
vn -0.057809 0.000000 0.081597
vn -0.064109 0.000000 0.076746
vn -0.070004 0.000000 0.071410
vn -0.075456 0.000000 0.065623
vn -0.080432 0.000000 0.059420
vn -0.084898 0.000000 0.052842
vn -0.088828 0.000000 0.045930
vn -0.092197 0.000000 0.038727
vn -0.094982 0.000000 0.031280
vn -0.097167 0.000000 0.023634
vn -0.098738 0.000000 0.015840
vn 0.000000 0.100000 0.000000
vn 0.000000 0.100000 0.000000
vn 0.000000 0.100000 0.000000
vn 0.000000 0.100000 0.000000
vn 0.000000 0.100000 0.000000
vn 0.000000 0.100000 0.000000
vn 0.000000 0.100000 0.000000
vn 0.000000 0.100000 0.000000
vn 0.000000 0.100000 0.000000
vn 0.000000 0.100000 0.000000
vn 0.000000 0.100000 0.000000
vn 0.000000 0.100000 0.000000
vn 0.000000 0.100000 0.000000
vn 0.000000 0.100000 0.000000
vn 0.000000 0.100000 0.000000
vn 0.000000 0.100000 0.000000
vn 0.000000 0.100000 0.000000
vn 0.000000 0.100000 0.000000
vn 0.000000 0.100000 0.000000
vn 0.000000 0.100000 0.000000
vn 0.000000 0.100000 0.000000
vn 0.000000 0.100000 0.000000
vn 0.000000 0.100000 0.000000
vn 0.000000 0.100000 0.000000
vn 0.000000 0.100000 0.000000
vn 0.000000 0.100000 0.000000
vn 0.000000 0.100000 0.000000
vn 0.000000 0.100000 0.000000
vn 0.000000 0.100000 0.000000
vn 0.000000 0.100000 0.000000
vn 0.000000 0.100000 0.000000
vn 0.000000 0.100000 0.000000
vn 0.000000 0.100000 0.000000
vn 0.000000 0.100000 0.000000
vn 0.000000 0.100000 0.000000
vn 0.000000 0.100000 0.000000
vn 0.000000 0.100000 0.000000
vn 0.000000 0.100000 0.000000
vn 0.000000 0.100000 0.000000
vn 0.000000 0.100000 0.000000
vn 0.000000 0.100000 0.000000
vn 0.000000 0.100000 0.000000
vn 0.000000 0.100000 0.000000
vn 0.000000 0.100000 0.000000
vn 0.000000 0.100000 0.000000
vn 0.000000 0.100000 0.000000
vn 0.000000 0.100000 0.000000
vn 0.000000 0.100000 0.000000
vn 0.000000 0.100000 0.000000
vn 0.000000 0.100000 0.000000
vn 0.000000 0.100000 0.000000
vn 0.000000 0.100000 0.000000
vn 0.000000 0.100000 0.000000
vn 0.000000 0.100000 0.000000
vn 0.000000 0.100000 0.000000
vn 0.000000 0.100000 0.000000
vn 0.000000 0.100000 0.000000
vn 0.000000 0.100000 0.000000
vn 0.000000 0.100000 0.000000
vn 0.000000 0.100000 0.000000
vn 0.000000 0.100000 0.000000
vn 0.000000 0.100000 0.000000
vn 0.000000 0.100000 0.000000
vn 0.000000 0.100000 0.000000
vn 0.000000 0.100000 0.000000
vn 0.000000 0.100000 0.000000
vn 0.000000 0.100000 0.000000
vn 0.000000 0.100000 0.000000
vn 0.000000 0.100000 0.000000
vn 0.000000 0.100000 0.000000
vn 0.000000 0.100000 0.000000
vn 0.000000 0.100000 0.000000
vn 0.000000 0.100000 0.000000
vn 0.000000 0.100000 0.000000
vn 0.000000 0.100000 0.000000
vn 0.000000 0.100000 0.000000
vn 0.000000 0.100000 0.000000
vn 0.000000 0.100000 0.000000
vn 0.000000 0.100000 0.000000
vn 0.000000 0.100000 0.000000
vn 0.000000 0.100000 0.000000
vn 0.000000 0.100000 0.000000
vn 0.000000 0.100000 0.000000
vn 0.000000 0.100000 0.000000
vn 0.000000 0.100000 0.000000
vn 0.000000 0.100000 0.000000
vn 0.000000 0.100000 0.000000
vn 0.000000 0.100000 0.000000
vn 0.000000 0.100000 0.000000
vn 0.000000 0.100000 0.000000
vn 0.000000 0.100000 0.000000
vn 0.000000 0.100000 0.000000
vn 0.000000 0.100000 0.000000
vn 0.000000 0.100000 0.000000
vn 0.000000 0.100000 0.000000
vn 0.000000 0.100000 0.000000
vn 0.000000 0.100000 0.000000
vn 0.000000 0.100000 0.000000
vn 0.000000 0.100000 0.000000
vn 0.000000 0.100000 0.000000
vn 0.000000 0.100000 0.000000
vn 0.000000 0.100000 0.000000
vn 0.000000 0.100000 0.000000
vn 0.000000 0.100000 0.000000
vn 0.000000 0.100000 0.000000
vn 0.000000 0.100000 0.000000
vn 0.000000 0.100000 0.000000
vn 0.000000 0.100000 0.000000
vn 0.000000 0.100000 0.000000
vn 0.000000 0.100000 0.000000
vn 0.000000 0.100000 0.000000
vn 0.000000 0.100000 0.000000
vn 0.000000 0.100000 0.000000
vn 0.000000 0.100000 0.000000
vn 0.000000 0.100000 0.000000
vn 0.000000 0.100000 0.000000
vn 0.000000 0.100000 0.000000
vn 0.000000 0.100000 0.000000
vn 0.000000 0.100000 0.000000
vn 0.000000 0.100000 0.000000
vn 0.000000 0.100000 0.000000
vn 0.000000 0.100000 0.000000
vn 0.000000 0.100000 0.000000
vn 0.000000 0.100000 0.000000
vn 0.000000 0.100000 0.000000
vn 0.000000 0.100000 0.000000
vn 0.000000 0.100000 0.000000
vn 0.000000 0.100000 0.000000
vn 0.000000 0.100000 0.000000
vn 0.000000 0.100000 0.000000
vn 0.000000 0.100000 0.000000
vn 0.000000 0.100000 0.000000
vn 0.000000 0.100000 0.000000
vn 0.000000 0.100000 0.000000
vn 0.000000 0.100000 0.000000
vn 0.000000 0.100000 0.000000
vn 0.000000 0.100000 0.000000
vn 0.000000 0.100000 0.000000
vn 0.000000 -0.100000 0.000000
vn 0.000000 -0.100000 0.000000
vn 0.000000 -0.100000 0.000000
vn 0.000000 -0.100000 0.000000
vn 0.000000 -0.100000 0.000000
vn 0.000000 -0.100000 0.000000
vn 0.000000 -0.100000 0.000000
vn 0.000000 -0.100000 0.000000
vn 0.000000 -0.100000 0.000000
vn 0.000000 -0.100000 0.000000
vn 0.000000 -0.100000 0.000000
vn 0.000000 -0.100000 0.000000
vn 0.000000 -0.100000 0.000000
vn 0.000000 -0.100000 0.000000
vn 0.000000 -0.100000 0.000000
vn 0.000000 -0.100000 0.000000
vn 0.000000 -0.100000 0.000000
vn 0.000000 -0.100000 0.000000
vn 0.000000 -0.100000 0.000000
vn 0.000000 -0.100000 0.000000
vn 0.000000 -0.100000 0.000000
vn 0.000000 -0.100000 0.000000
vn 0.000000 -0.100000 0.000000
vn 0.000000 -0.100000 0.000000
vn 0.000000 -0.100000 0.000000
vn 0.000000 -0.100000 0.000000
vn 0.000000 -0.100000 0.000000
vn 0.000000 -0.100000 0.000000
vn 0.000000 -0.100000 0.000000
vn 0.000000 -0.100000 0.000000
vn 0.000000 -0.100000 0.000000
vn 0.000000 -0.100000 0.000000
vn 0.000000 -0.100000 0.000000
vn 0.000000 -0.100000 0.000000
vn 0.000000 -0.100000 0.000000
vn 0.000000 -0.100000 0.000000
vn 0.000000 -0.100000 0.000000
vn 0.000000 -0.100000 0.000000
vn 0.000000 -0.100000 0.000000
vn 0.000000 -0.100000 0.000000
vn 0.000000 -0.100000 0.000000
vn 0.000000 -0.100000 0.000000
vn 0.000000 -0.100000 0.000000
vn 0.000000 -0.100000 0.000000
vn 0.000000 -0.100000 0.000000
vn 0.000000 -0.100000 0.000000
vn 0.000000 -0.100000 0.000000
vn 0.000000 -0.100000 0.000000
vn 0.000000 -0.100000 0.000000
vn 0.000000 -0.100000 0.000000
vn 0.000000 -0.100000 0.000000
vn 0.000000 -0.100000 0.000000
vn 0.000000 -0.100000 0.000000
vn 0.000000 -0.100000 0.000000
vn 0.000000 -0.100000 0.000000
vn 0.000000 -0.100000 0.000000
vn 0.000000 -0.100000 0.000000
vn 0.000000 -0.100000 0.000000
vn 0.000000 -0.100000 0.000000
vn 0.000000 -0.100000 0.000000
vn 0.000000 -0.100000 0.000000
vn 0.000000 -0.100000 0.000000
vn 0.000000 -0.100000 0.000000
vn 0.000000 -0.100000 0.000000
vn 0.000000 -0.100000 0.000000
vn 0.000000 -0.100000 0.000000
vn 0.000000 -0.100000 0.000000
vn 0.000000 -0.100000 0.000000
vn 0.000000 -0.100000 0.000000
vn 0.000000 -0.100000 0.000000
vn 0.000000 -0.100000 0.000000
vn 0.000000 -0.100000 0.000000
vn 0.000000 -0.100000 0.000000
vn 0.000000 -0.100000 0.000000
vn 0.000000 -0.100000 0.000000
vn 0.000000 -0.100000 0.000000
vn 0.000000 -0.100000 0.000000
vn 0.000000 -0.100000 0.000000
vn 0.000000 -0.100000 0.000000
vn 0.000000 -0.100000 0.000000
vn 0.000000 -0.100000 0.000000
vn 0.000000 -0.100000 0.000000
vn 0.000000 -0.100000 0.000000
vn 0.000000 -0.100000 0.000000
vn 0.000000 -0.100000 0.000000
vn 0.000000 -0.100000 0.000000
vn 0.000000 -0.100000 0.000000
vn 0.000000 -0.100000 0.000000
vn 0.000000 -0.100000 0.000000
vn 0.000000 -0.100000 0.000000
vn 0.000000 -0.100000 0.000000
vn 0.000000 -0.100000 0.000000
vn 0.000000 -0.100000 0.000000
vn 0.000000 -0.100000 0.000000
vn 0.000000 -0.100000 0.000000
vn 0.000000 -0.100000 0.000000
vn 0.000000 -0.100000 0.000000
vn 0.000000 -0.100000 0.000000
vn 0.000000 -0.100000 0.000000
vn 0.000000 -0.100000 0.000000
vn 0.000000 -0.100000 0.000000
vn 0.000000 -0.100000 0.000000
vn 0.000000 -0.100000 0.000000
vn 0.000000 -0.100000 0.000000
vn 0.000000 -0.100000 0.000000
vn 0.000000 -0.100000 0.000000
vn 0.000000 -0.100000 0.000000
vn 0.000000 -0.100000 0.000000
vn 0.000000 -0.100000 0.000000
vn 0.000000 -0.100000 0.000000
vn 0.000000 -0.100000 0.000000
vn 0.000000 -0.100000 0.000000
vn 0.000000 -0.100000 0.000000
vn 0.000000 -0.100000 0.000000
vn 0.000000 -0.100000 0.000000
vn 0.000000 -0.100000 0.000000
vn 0.000000 -0.100000 0.000000
vn 0.000000 -0.100000 0.000000
vn 0.000000 -0.100000 0.000000
vn 0.000000 -0.100000 0.000000
vn 0.000000 -0.100000 0.000000
vn 0.000000 -0.100000 0.000000
vn 0.000000 -0.100000 0.000000
vn 0.000000 -0.100000 0.000000
vn 0.000000 -0.100000 0.000000
vn 0.000000 -0.100000 0.000000
vn 0.000000 -0.100000 0.000000
vn 0.000000 -0.100000 0.000000
vn 0.000000 -0.100000 0.000000
vn 0.000000 -0.100000 0.000000
vn 0.000000 -0.100000 0.000000
vn 0.000000 -0.100000 0.000000
vn 0.000000 -0.100000 0.000000
vn 0.000000 -0.100000 0.000000
vn 0.000000 -0.100000 0.000000
vn 0.000000 -0.100000 0.000000
vn 0.000000 -0.100000 0.000000
vn 0.000000 -0.100000 0.000000
f 416/697/691 534/698/692 415/699/693
f 415/699/693 534/698/692 533/700/694
f 415/701/693 533/702/694 473/703/695
f 473/703/695 533/702/694 591/704/696
f 473/703/695 591/704/696 472/705/697
f 472/705/697 591/704/696 590/706/698
f 472/705/697 590/706/698 471/707/699
f 471/707/699 590/706/698 589/708/700
f 471/707/699 589/708/700 470/709/701
f 470/709/701 589/708/700 588/710/702
f 470/709/701 588/710/702 469/711/703
f 469/711/703 588/710/702 587/712/704
f 469/711/703 587/712/704 468/713/705
f 468/713/705 587/712/704 586/714/706
f 468/713/705 586/714/706 467/715/707
f 467/715/707 586/714/706 585/716/708
f 467/715/707 585/716/708 466/717/709
f 466/717/709 585/716/708 584/718/710
f 466/717/709 584/718/710 465/719/711
f 465/719/711 584/718/710 583/720/712
f 465/719/711 583/720/712 464/721/713
f 464/721/713 583/720/712 582/722/714
f 464/721/713 582/722/714 463/723/715
f 463/723/715 582/722/714 581/724/716
f 463/723/715 581/724/716 462/725/717
f 462/725/717 581/724/716 580/726/718
f 462/725/717 580/726/718 461/727/719
f 461/727/719 580/726/718 579/728/720
f 461/727/719 579/728/720 460/729/721
f 460/729/721 579/728/720 578/730/722
f 460/729/721 578/730/722 459/731/723
f 459/731/723 578/730/722 577/732/724
f 459/731/723 577/732/724 458/733/725
f 458/733/725 577/732/724 576/734/726
f 458/733/725 576/734/726 457/735/727
f 457/735/727 576/734/726 575/736/728
f 457/735/727 575/736/728 456/737/729
f 456/737/729 575/736/728 574/738/730
f 456/737/729 574/738/730 455/739/731
f 455/739/731 574/738/730 573/740/732
f 455/739/731 573/740/732 454/741/733
f 454/741/733 573/740/732 572/742/734
f 454/741/733 572/742/734 453/743/735
f 453/743/735 572/742/734 571/744/736
f 453/743/735 571/744/736 452/745/737
f 452/745/737 571/744/736 570/746/738
f 452/745/737 570/746/738 451/747/739
f 451/747/739 570/746/738 569/748/740
f 451/747/739 569/748/740 450/749/741
f 450/749/741 569/748/740 568/750/742
f 450/749/741 568/750/742 449/751/743
f 449/751/743 568/750/742 567/752/744
f 449/751/743 567/752/744 448/753/745
f 448/753/745 567/752/744 566/754/746
f 448/753/745 566/754/746 447/755/747
f 447/755/747 566/754/746 565/756/748
f 447/755/747 565/756/748 446/757/749
f 446/757/749 565/756/748 564/758/750
f 446/757/749 564/758/750 445/759/751
f 445/759/751 564/758/750 563/760/752
f 445/759/751 563/760/752 444/761/753
f 444/761/753 563/760/752 562/762/754
f 444/761/753 562/762/754 443/763/755
f 443/763/755 562/762/754 561/764/756
f 443/763/755 561/764/756 442/765/757
f 442/765/757 561/764/756 560/766/758
f 442/765/757 560/766/758 441/767/759
f 441/767/759 560/766/758 559/768/760
f 441/767/759 559/768/760 440/769/761
f 440/769/761 559/768/760 558/770/762
f 440/769/761 558/770/762 439/771/763
f 439/771/763 558/770/762 557/772/764
f 439/771/763 557/772/764 438/773/765
f 438/773/765 557/772/764 556/774/766
f 438/773/765 556/774/766 437/775/767
f 437/775/767 556/774/766 555/776/768
f 437/775/767 555/776/768 436/777/769
f 436/777/769 555/776/768 554/778/770
f 436/777/769 554/778/770 435/779/771
f 435/779/771 554/778/770 553/780/772
f 435/779/771 553/780/772 434/781/773
f 434/781/773 553/780/772 552/782/774
f 434/781/773 552/782/774 433/783/775
f 433/783/775 552/782/774 551/784/776
f 433/783/775 551/784/776 432/785/777
f 432/785/777 551/784/776 550/786/778
f 432/785/777 550/786/778 431/787/779
f 431/787/779 550/786/778 549/788/780
f 431/787/779 549/788/780 430/789/781
f 430/789/781 549/788/780 548/790/782
f 430/789/781 548/790/782 429/791/783
f 429/791/783 548/790/782 547/792/784
f 429/791/783 547/792/784 428/793/785
f 428/793/785 547/792/784 546/794/786
f 428/793/785 546/794/786 427/795/787
f 427/795/787 546/794/786 545/796/788
f 427/795/787 545/796/788 426/797/789
f 426/797/789 545/796/788 544/798/790
f 426/797/789 544/798/790 425/799/791
f 425/799/791 544/798/790 543/800/792
f 425/799/791 543/800/792 424/801/793
f 424/801/793 543/800/792 542/802/794
f 424/801/793 542/802/794 423/803/795
f 423/803/795 542/802/794 541/804/796
f 423/803/795 541/804/796 422/805/797
f 422/805/797 541/804/796 540/806/798
f 422/805/797 540/806/798 421/807/799
f 421/807/799 540/806/798 539/808/800
f 421/807/799 539/808/800 420/809/801
f 420/809/801 539/808/800 538/810/802
f 420/809/801 538/810/802 419/811/803
f 419/811/803 538/810/802 537/812/804
f 419/811/803 537/812/804 418/813/805
f 418/813/805 537/812/804 536/814/806
f 418/813/805 536/814/806 417/815/807
f 417/815/807 536/814/806 535/816/808
f 417/815/807 535/816/808 416/697/691
f 416/697/691 535/816/808 534/698/692
f 475/817/809 591/704/696 474/818/810
f 474/818/810 591/704/696 533/702/694
f 474/819/810 533/700/694 532/820/811
f 532/820/811 533/700/694 534/698/692
f 532/820/811 534/698/692 531/821/812
f 531/821/812 534/698/692 535/816/808
f 531/821/812 535/816/808 530/822/813
f 530/822/813 535/816/808 536/814/806
f 530/822/813 536/814/806 529/823/814
f 529/823/814 536/814/806 537/812/804
f 529/823/814 537/812/804 528/824/815
f 528/824/815 537/812/804 538/810/802
f 528/824/815 538/810/802 527/825/816
f 527/825/816 538/810/802 539/808/800
f 527/825/816 539/808/800 526/826/817
f 526/826/817 539/808/800 540/806/798
f 526/826/817 540/806/798 525/827/818
f 525/827/818 540/806/798 541/804/796
f 525/827/818 541/804/796 524/828/819
f 524/828/819 541/804/796 542/802/794
f 524/828/819 542/802/794 523/829/820
f 523/829/820 542/802/794 543/800/792
f 523/829/820 543/800/792 522/830/821
f 522/830/821 543/800/792 544/798/790
f 522/830/821 544/798/790 521/831/822
f 521/831/822 544/798/790 545/796/788
f 521/831/822 545/796/788 520/832/823
f 520/832/823 545/796/788 546/794/786
f 520/832/823 546/794/786 519/833/824
f 519/833/824 546/794/786 547/792/784
f 519/833/824 547/792/784 518/834/825
f 518/834/825 547/792/784 548/790/782
f 518/834/825 548/790/782 517/835/826
f 517/835/826 548/790/782 549/788/780
f 517/835/826 549/788/780 516/836/827
f 516/836/827 549/788/780 550/786/778
f 516/836/827 550/786/778 515/837/828
f 515/837/828 550/786/778 551/784/776
f 515/837/828 551/784/776 514/838/829
f 514/838/829 551/784/776 552/782/774
f 514/838/829 552/782/774 513/839/830
f 513/839/830 552/782/774 553/780/772
f 513/839/830 553/780/772 512/840/831
f 512/840/831 553/780/772 554/778/770
f 512/840/831 554/778/770 511/841/832
f 511/841/832 554/778/770 555/776/768
f 511/841/832 555/776/768 510/842/833
f 510/842/833 555/776/768 556/774/766
f 510/842/833 556/774/766 509/843/834
f 509/843/834 556/774/766 557/772/764
f 509/843/834 557/772/764 508/844/835
f 508/844/835 557/772/764 558/770/762
f 508/844/835 558/770/762 507/845/836
f 507/845/836 558/770/762 559/768/760
f 507/845/836 559/768/760 506/846/837
f 506/846/837 559/768/760 560/766/758
f 506/846/837 560/766/758 505/847/838
f 505/847/838 560/766/758 561/764/756
f 505/847/838 561/764/756 504/848/839
f 504/848/839 561/764/756 562/762/754
f 504/848/839 562/762/754 503/849/840
f 503/849/840 562/762/754 563/760/752
f 503/849/840 563/760/752 502/850/841
f 502/850/841 563/760/752 564/758/750
f 502/850/841 564/758/750 501/851/842
f 501/851/842 564/758/750 565/756/748
f 501/851/842 565/756/748 500/852/843
f 500/852/843 565/756/748 566/754/746
f 500/852/843 566/754/746 499/853/844
f 499/853/844 566/754/746 567/752/744
f 499/853/844 567/752/744 498/854/845
f 498/854/845 567/752/744 568/750/742
f 498/854/845 568/750/742 497/855/846
f 497/855/846 568/750/742 569/748/740
f 497/855/846 569/748/740 496/856/847
f 496/856/847 569/748/740 570/746/738
f 496/856/847 570/746/738 495/857/848
f 495/857/848 570/746/738 571/744/736
f 495/857/848 571/744/736 494/858/849
f 494/858/849 571/744/736 572/742/734
f 494/858/849 572/742/734 493/859/850
f 493/859/850 572/742/734 573/740/732
f 493/859/850 573/740/732 492/860/851
f 492/860/851 573/740/732 574/738/730
f 492/860/851 574/738/730 491/861/852
f 491/861/852 574/738/730 575/736/728
f 491/861/852 575/736/728 490/862/853
f 490/862/853 575/736/728 576/734/726
f 490/862/853 576/734/726 489/863/854
f 489/863/854 576/734/726 577/732/724
f 489/863/854 577/732/724 488/864/855
f 488/864/855 577/732/724 578/730/722
f 488/864/855 578/730/722 487/865/856
f 487/865/856 578/730/722 579/728/720
f 487/865/856 579/728/720 486/866/857
f 486/866/857 579/728/720 580/726/718
f 486/866/857 580/726/718 485/867/858
f 485/867/858 580/726/718 581/724/716
f 485/867/858 581/724/716 484/868/859
f 484/868/859 581/724/716 582/722/714
f 484/868/859 582/722/714 483/869/860
f 483/869/860 582/722/714 583/720/712
f 483/869/860 583/720/712 482/870/861
f 482/870/861 583/720/712 584/718/710
f 482/870/861 584/718/710 481/871/862
f 481/871/862 584/718/710 585/716/708
f 481/871/862 585/716/708 480/872/863
f 480/872/863 585/716/708 586/714/706
f 480/872/863 586/714/706 479/873/864
f 479/873/864 586/714/706 587/712/704
f 479/873/864 587/712/704 478/874/865
f 478/874/865 587/712/704 588/710/702
f 478/874/865 588/710/702 477/875/866
f 477/875/866 588/710/702 589/708/700
f 477/875/866 589/708/700 476/876/867
f 476/876/867 589/708/700 590/706/698
f 476/876/867 590/706/698 475/817/809
f 475/817/809 590/706/698 591/704/696
f 593/877/868 751/878/869 592/879/870
f 592/879/870 751/878/869 750/880/871
f 592/881/870 750/882/871 670/883/872
f 670/883/872 750/882/871 828/884/873
f 670/883/872 828/884/873 669/885/874
f 669/885/874 828/884/873 827/886/875
f 669/885/874 827/886/875 668/887/876
f 668/887/876 827/886/875 826/888/877
f 668/887/876 826/888/877 667/889/878
f 667/889/878 826/888/877 825/890/879
f 667/889/878 825/890/879 666/891/880
f 666/891/880 825/890/879 824/892/881
f 666/891/880 824/892/881 665/893/882
f 665/893/882 824/892/881 823/894/883
f 665/893/882 823/894/883 664/895/884
f 664/895/884 823/894/883 822/896/885
f 664/895/884 822/896/885 663/897/886
f 663/897/886 822/896/885 821/898/887
f 663/897/886 821/898/887 662/899/888
f 662/899/888 821/898/887 820/900/889
f 662/899/888 820/900/889 661/901/890
f 661/901/890 820/900/889 819/902/891
f 661/901/890 819/902/891 660/903/892
f 660/903/892 819/902/891 818/904/893
f 660/903/892 818/904/893 659/905/894
f 659/905/894 818/904/893 817/906/895
f 659/905/894 817/906/895 658/907/896
f 658/907/896 817/906/895 816/908/897
f 658/907/896 816/908/897 657/909/898
f 657/909/898 816/908/897 815/910/899
f 657/909/898 815/910/899 656/911/900
f 656/911/900 815/910/899 814/912/901
f 656/911/900 814/912/901 655/913/902
f 655/913/902 814/912/901 813/914/903
f 655/913/902 813/914/903 654/915/904
f 654/915/904 813/914/903 812/916/905
f 654/915/904 812/916/905 653/917/906
f 653/917/906 812/916/905 811/918/907
f 653/917/906 811/918/907 652/919/908
f 652/919/908 811/918/907 810/920/909
f 652/919/908 810/920/909 651/921/910
f 651/921/910 810/920/909 809/922/911
f 651/921/910 809/922/911 650/923/912
f 650/923/912 809/922/911 808/924/913
f 650/923/912 808/924/913 649/925/914
f 649/925/914 808/924/913 807/926/915
f 649/925/914 807/926/915 648/927/916
f 648/927/916 807/926/915 806/928/917
f 648/927/916 806/928/917 647/929/918
f 647/929/918 806/928/917 805/930/919
f 647/929/918 805/930/919 646/931/920
f 646/931/920 805/930/919 804/932/921
f 646/931/920 804/932/921 645/933/922
f 645/933/922 804/932/921 803/934/923
f 645/933/922 803/934/923 644/935/924
f 644/935/924 803/934/923 802/936/925
f 644/935/924 802/936/925 643/937/926
f 643/937/926 802/936/925 801/938/927
f 643/937/926 801/938/927 642/939/928
f 642/939/928 801/938/927 800/940/929
f 642/939/928 800/940/929 641/941/930
f 641/941/930 800/940/929 799/942/931
f 641/941/930 799/942/931 640/943/932
f 640/943/932 799/942/931 798/944/933
f 640/943/932 798/944/933 639/945/934
f 639/945/934 798/944/933 797/946/935
f 639/945/934 797/946/935 638/947/936
f 638/947/936 797/946/935 796/948/937
f 638/947/936 796/948/937 637/949/938
f 637/949/938 796/948/937 795/950/939
f 637/949/938 795/950/939 636/951/940
f 636/951/940 795/950/939 794/952/941
f 636/951/940 794/952/941 635/953/942
f 635/953/942 794/952/941 793/954/943
f 635/953/942 793/954/943 634/955/944
f 634/955/944 793/954/943 792/956/945
f 634/955/944 792/956/945 633/957/946
f 633/957/946 792/956/945 791/958/947
f 633/957/946 791/958/947 632/959/948
f 632/959/948 791/958/947 790/960/949
f 632/959/948 790/960/949 631/961/950
f 631/961/950 790/960/949 789/962/951
f 631/961/950 789/962/951 630/963/952
f 630/963/952 789/962/951 788/964/953
f 630/963/952 788/964/953 629/965/954
f 629/965/954 788/964/953 787/966/955
f 629/965/954 787/966/955 628/967/956
f 628/967/956 787/966/955 786/968/957
f 628/967/956 786/968/957 627/969/958
f 627/969/958 786/968/957 785/970/959
f 627/969/958 785/970/959 626/971/960
f 626/971/960 785/970/959 784/972/961
f 626/971/960 784/972/961 625/973/962
f 625/973/962 784/972/961 783/974/963
f 625/973/962 783/974/963 624/975/964
f 624/975/964 783/974/963 782/976/965
f 624/975/964 782/976/965 623/977/966
f 623/977/966 782/976/965 781/978/967
f 623/977/966 781/978/967 622/979/968
f 622/979/968 781/978/967 780/980/969
f 622/979/968 780/980/969 621/981/970
f 621/981/970 780/980/969 779/982/971
f 621/981/970 779/982/971 620/983/972
f 620/983/972 779/982/971 778/984/973
f 620/983/972 778/984/973 619/985/974
f 619/985/974 778/984/973 777/986/975
f 619/985/974 777/986/975 618/987/976
f 618/987/976 777/986/975 776/988/977
f 618/987/976 776/988/977 617/989/978
f 617/989/978 776/988/977 775/990/979
f 617/989/978 775/990/979 616/991/980
f 616/991/980 775/990/979 774/992/981
f 616/991/980 774/992/981 615/993/982
f 615/993/982 774/992/981 773/994/983
f 615/993/982 773/994/983 614/995/984
f 614/995/984 773/994/983 772/996/985
f 614/995/984 772/996/985 613/997/986
f 613/997/986 772/996/985 771/998/987
f 613/997/986 771/998/987 612/999/988
f 612/999/988 771/998/987 770/1000/989
f 612/999/988 770/1000/989 611/1001/990
f 611/1001/990 770/1000/989 769/1002/991
f 611/1001/990 769/1002/991 610/1003/992
f 610/1003/992 769/1002/991 768/1004/993
f 610/1003/992 768/1004/993 609/1005/994
f 609/1005/994 768/1004/993 767/1006/995
f 609/1005/994 767/1006/995 608/1007/996
f 608/1007/996 767/1006/995 766/1008/997
f 608/1007/996 766/1008/997 607/1009/998
f 607/1009/998 766/1008/997 765/1010/999
f 607/1009/998 765/1010/999 606/1011/1000
f 606/1011/1000 765/1010/999 764/1012/1001
f 606/1011/1000 764/1012/1001 605/1013/1002
f 605/1013/1002 764/1012/1001 763/1014/1003
f 605/1013/1002 763/1014/1003 604/1015/1004
f 604/1015/1004 763/1014/1003 762/1016/1005
f 604/1015/1004 762/1016/1005 603/1017/1006
f 603/1017/1006 762/1016/1005 761/1018/1007
f 603/1017/1006 761/1018/1007 602/1019/1008
f 602/1019/1008 761/1018/1007 760/1020/1009
f 602/1019/1008 760/1020/1009 601/1021/1010
f 601/1021/1010 760/1020/1009 759/1022/1011
f 601/1021/1010 759/1022/1011 600/1023/1012
f 600/1023/1012 759/1022/1011 758/1024/1013
f 600/1023/1012 758/1024/1013 599/1025/1014
f 599/1025/1014 758/1024/1013 757/1026/1015
f 599/1025/1014 757/1026/1015 598/1027/1016
f 598/1027/1016 757/1026/1015 756/1028/1017
f 598/1027/1016 756/1028/1017 597/1029/1018
f 597/1029/1018 756/1028/1017 755/1030/1019
f 597/1029/1018 755/1030/1019 596/1031/1020
f 596/1031/1020 755/1030/1019 754/1032/1021
f 596/1031/1020 754/1032/1021 595/1033/1022
f 595/1033/1022 754/1032/1021 753/1034/1023
f 595/1033/1022 753/1034/1023 594/1035/1024
f 594/1035/1024 753/1034/1023 752/1036/1025
f 594/1035/1024 752/1036/1025 593/877/868
f 593/877/868 752/1036/1025 751/878/869
f 672/1037/1026 828/884/873 671/1038/1027
f 671/1038/1027 828/884/873 750/882/871
f 671/1039/1027 750/880/871 749/1040/1028
f 749/1040/1028 750/880/871 751/878/869
f 749/1040/1028 751/878/869 748/1041/1029
f 748/1041/1029 751/878/869 752/1036/1025
f 748/1041/1029 752/1036/1025 747/1042/1030
f 747/1042/1030 752/1036/1025 753/1034/1023
f 747/1042/1030 753/1034/1023 746/1043/1031
f 746/1043/1031 753/1034/1023 754/1032/1021
f 746/1043/1031 754/1032/1021 745/1044/1032
f 745/1044/1032 754/1032/1021 755/1030/1019
f 745/1044/1032 755/1030/1019 744/1045/1033
f 744/1045/1033 755/1030/1019 756/1028/1017
f 744/1045/1033 756/1028/1017 743/1046/1034
f 743/1046/1034 756/1028/1017 757/1026/1015
f 743/1046/1034 757/1026/1015 742/1047/1035
f 742/1047/1035 757/1026/1015 758/1024/1013
f 742/1047/1035 758/1024/1013 741/1048/1036
f 741/1048/1036 758/1024/1013 759/1022/1011
f 741/1048/1036 759/1022/1011 740/1049/1037
f 740/1049/1037 759/1022/1011 760/1020/1009
f 740/1049/1037 760/1020/1009 739/1050/1038
f 739/1050/1038 760/1020/1009 761/1018/1007
f 739/1050/1038 761/1018/1007 738/1051/1039
f 738/1051/1039 761/1018/1007 762/1016/1005
f 738/1051/1039 762/1016/1005 737/1052/1040
f 737/1052/1040 762/1016/1005 763/1014/1003
f 737/1052/1040 763/1014/1003 736/1053/1041
f 736/1053/1041 763/1014/1003 764/1012/1001
f 736/1053/1041 764/1012/1001 735/1054/1042
f 735/1054/1042 764/1012/1001 765/1010/999
f 735/1054/1042 765/1010/999 734/1055/1043
f 734/1055/1043 765/1010/999 766/1008/997
f 734/1055/1043 766/1008/997 733/1056/1044
f 733/1056/1044 766/1008/997 767/1006/995
f 733/1056/1044 767/1006/995 732/1057/1045
f 732/1057/1045 767/1006/995 768/1004/993
f 732/1057/1045 768/1004/993 731/1058/1046
f 731/1058/1046 768/1004/993 769/1002/991
f 731/1058/1046 769/1002/991 730/1059/1047
f 730/1059/1047 769/1002/991 770/1000/989
f 730/1059/1047 770/1000/989 729/1060/1048
f 729/1060/1048 770/1000/989 771/998/987
f 729/1060/1048 771/998/987 728/1061/1049
f 728/1061/1049 771/998/987 772/996/985
f 728/1061/1049 772/996/985 727/1062/1050
f 727/1062/1050 772/996/985 773/994/983
f 727/1062/1050 773/994/983 726/1063/1051
f 726/1063/1051 773/994/983 774/992/981
f 726/1063/1051 774/992/981 725/1064/1052
f 725/1064/1052 774/992/981 775/990/979
f 725/1064/1052 775/990/979 724/1065/1053
f 724/1065/1053 775/990/979 776/988/977
f 724/1065/1053 776/988/977 723/1066/1054
f 723/1066/1054 776/988/977 777/986/975
f 723/1066/1054 777/986/975 722/1067/1055
f 722/1067/1055 777/986/975 778/984/973
f 722/1067/1055 778/984/973 721/1068/1056
f 721/1068/1056 778/984/973 779/982/971
f 721/1068/1056 779/982/971 720/1069/1057
f 720/1069/1057 779/982/971 780/980/969
f 720/1069/1057 780/980/969 719/1070/1058
f 719/1070/1058 780/980/969 781/978/967
f 719/1070/1058 781/978/967 718/1071/1059
f 718/1071/1059 781/978/967 782/976/965
f 718/1071/1059 782/976/965 717/1072/1060
f 717/1072/1060 782/976/965 783/974/963
f 717/1072/1060 783/974/963 716/1073/1061
f 716/1073/1061 783/974/963 784/972/961
f 716/1073/1061 784/972/961 715/1074/1062
f 715/1074/1062 784/972/961 785/970/959
f 715/1074/1062 785/970/959 714/1075/1063
f 714/1075/1063 785/970/959 786/968/957
f 714/1075/1063 786/968/957 713/1076/1064
f 713/1076/1064 786/968/957 787/966/955
f 713/1076/1064 787/966/955 712/1077/1065
f 712/1077/1065 787/966/955 788/964/953
f 712/1077/1065 788/964/953 711/1078/1066
f 711/1078/1066 788/964/953 789/962/951
f 711/1078/1066 789/962/951 710/1079/1067
f 710/1079/1067 789/962/951 790/960/949
f 710/1079/1067 790/960/949 709/1080/1068
f 709/1080/1068 790/960/949 791/958/947
f 709/1080/1068 791/958/947 708/1081/1069
f 708/1081/1069 791/958/947 792/956/945
f 708/1081/1069 792/956/945 707/1082/1070
f 707/1082/1070 792/956/945 793/954/943
f 707/1082/1070 793/954/943 706/1083/1071
f 706/1083/1071 793/954/943 794/952/941
f 706/1083/1071 794/952/941 705/1084/1072
f 705/1084/1072 794/952/941 795/950/939
f 705/1084/1072 795/950/939 704/1085/1073
f 704/1085/1073 795/950/939 796/948/937
f 704/1085/1073 796/948/937 703/1086/1074
f 703/1086/1074 796/948/937 797/946/935
f 703/1086/1074 797/946/935 702/1087/1075
f 702/1087/1075 797/946/935 798/944/933
f 702/1087/1075 798/944/933 701/1088/1076
f 701/1088/1076 798/944/933 799/942/931
f 701/1088/1076 799/942/931 700/1089/1077
f 700/1089/1077 799/942/931 800/940/929
f 700/1089/1077 800/940/929 699/1090/1078
f 699/1090/1078 800/940/929 801/938/927
f 699/1090/1078 801/938/927 698/1091/1079
f 698/1091/1079 801/938/927 802/936/925
f 698/1091/1079 802/936/925 697/1092/1080
f 697/1092/1080 802/936/925 803/934/923
f 697/1092/1080 803/934/923 696/1093/1081
f 696/1093/1081 803/934/923 804/932/921
f 696/1093/1081 804/932/921 695/1094/1082
f 695/1094/1082 804/932/921 805/930/919
f 695/1094/1082 805/930/919 694/1095/1083
f 694/1095/1083 805/930/919 806/928/917
f 694/1095/1083 806/928/917 693/1096/1084
f 693/1096/1084 806/928/917 807/926/915
f 693/1096/1084 807/926/915 692/1097/1085
f 692/1097/1085 807/926/915 808/924/913
f 692/1097/1085 808/924/913 691/1098/1086
f 691/1098/1086 808/924/913 809/922/911
f 691/1098/1086 809/922/911 690/1099/1087
f 690/1099/1087 809/922/911 810/920/909
f 690/1099/1087 810/920/909 689/1100/1088
f 689/1100/1088 810/920/909 811/918/907
f 689/1100/1088 811/918/907 688/1101/1089
f 688/1101/1089 811/918/907 812/916/905
f 688/1101/1089 812/916/905 687/1102/1090
f 687/1102/1090 812/916/905 813/914/903
f 687/1102/1090 813/914/903 686/1103/1091
f 686/1103/1091 813/914/903 814/912/901
f 686/1103/1091 814/912/901 685/1104/1092
f 685/1104/1092 814/912/901 815/910/899
f 685/1104/1092 815/910/899 684/1105/1093
f 684/1105/1093 815/910/899 816/908/897
f 684/1105/1093 816/908/897 683/1106/1094
f 683/1106/1094 816/908/897 817/906/895
f 683/1106/1094 817/906/895 682/1107/1095
f 682/1107/1095 817/906/895 818/904/893
f 682/1107/1095 818/904/893 681/1108/1096
f 681/1108/1096 818/904/893 819/902/891
f 681/1108/1096 819/902/891 680/1109/1097
f 680/1109/1097 819/902/891 820/900/889
f 680/1109/1097 820/900/889 679/1110/1098
f 679/1110/1098 820/900/889 821/898/887
f 679/1110/1098 821/898/887 678/1111/1099
f 678/1111/1099 821/898/887 822/896/885
f 678/1111/1099 822/896/885 677/1112/1100
f 677/1112/1100 822/896/885 823/894/883
f 677/1112/1100 823/894/883 676/1113/1101
f 676/1113/1101 823/894/883 824/892/881
f 676/1113/1101 824/892/881 675/1114/1102
f 675/1114/1102 824/892/881 825/890/879
f 675/1114/1102 825/890/879 674/1115/1103
f 674/1115/1103 825/890/879 826/888/877
f 674/1115/1103 826/888/877 673/1116/1104
f 673/1116/1104 826/888/877 827/886/875
f 673/1116/1104 827/886/875 672/1037/1026
f 672/1037/1026 827/886/875 828/884/873
f 473/1117/1105 593/1118/1106 415/1119/1107
f 415/1119/1107 593/1118/1106 592/1120/1108
f 415/1119/1107 592/1120/1108 670/1121/1109
f 593/1118/1106 473/1117/1105 594/1122/1110
f 594/1122/1110 473/1117/1105 472/1123/1111
f 594/1122/1110 472/1123/1111 595/1124/1112
f 595/1124/1112 472/1123/1111 471/1125/1113
f 595/1124/1112 471/1125/1113 596/1126/1114
f 596/1126/1114 471/1125/1113 597/1127/1115
f 597/1127/1115 471/1125/1113 470/1128/1116
f 597/1127/1115 470/1128/1116 598/1129/1117
f 598/1129/1117 470/1128/1116 469/1130/1118
f 598/1129/1117 469/1130/1118 599/1131/1119
f 599/1131/1119 469/1130/1118 468/1132/1120
f 599/1131/1119 468/1132/1120 600/1133/1121
f 600/1133/1121 468/1132/1120 601/1134/1122
f 601/1134/1122 468/1132/1120 467/1135/1123
f 601/1134/1122 467/1135/1123 602/1136/1124
f 602/1136/1124 467/1135/1123 466/1137/1125
f 602/1136/1124 466/1137/1125 603/1138/1126
f 603/1138/1126 466/1137/1125 465/1139/1127
f 603/1138/1126 465/1139/1127 604/1140/1128
f 604/1140/1128 465/1139/1127 605/1141/1129
f 605/1141/1129 465/1139/1127 464/1142/1130
f 605/1141/1129 464/1142/1130 606/1143/1131
f 606/1143/1131 464/1142/1130 463/1144/1132
f 606/1143/1131 463/1144/1132 607/1145/1133
f 607/1145/1133 463/1144/1132 462/1146/1134
f 607/1145/1133 462/1146/1134 608/1147/1135
f 608/1147/1135 462/1146/1134 609/1148/1136
f 609/1148/1136 462/1146/1134 461/1149/1137
f 609/1148/1136 461/1149/1137 610/1150/1138
f 610/1150/1138 461/1149/1137 460/1151/1139
f 610/1150/1138 460/1151/1139 611/1152/1140
f 611/1152/1140 460/1151/1139 459/1153/1141
f 611/1152/1140 459/1153/1141 612/1154/1142
f 612/1154/1142 459/1153/1141 613/1155/1143
f 613/1155/1143 459/1153/1141 458/1156/1144
f 613/1155/1143 458/1156/1144 614/1157/1145
f 614/1157/1145 458/1156/1144 457/1158/1146
f 614/1157/1145 457/1158/1146 615/1159/1147
f 615/1159/1147 457/1158/1146 456/1160/1148
f 615/1159/1147 456/1160/1148 616/1161/1149
f 616/1161/1149 456/1160/1148 617/1162/1150
f 617/1162/1150 456/1160/1148 455/1163/1151
f 617/1162/1150 455/1163/1151 618/1164/1152
f 618/1164/1152 455/1163/1151 454/1165/1153
f 618/1164/1152 454/1165/1153 619/1166/1154
f 619/1166/1154 454/1165/1153 453/1167/1155
f 619/1166/1154 453/1167/1155 620/1168/1156
f 620/1168/1156 453/1167/1155 621/1169/1157
f 621/1169/1157 453/1167/1155 452/1170/1158
f 621/1169/1157 452/1170/1158 622/1171/1159
f 622/1171/1159 452/1170/1158 451/1172/1160
f 622/1171/1159 451/1172/1160 623/1173/1161
f 623/1173/1161 451/1172/1160 450/1174/1162
f 623/1173/1161 450/1174/1162 624/1175/1163
f 624/1175/1163 450/1174/1162 625/1176/1164
f 625/1176/1164 450/1174/1162 449/1177/1165
f 625/1176/1164 449/1177/1165 626/1178/1166
f 626/1178/1166 449/1177/1165 448/1179/1167
f 626/1178/1166 448/1179/1167 627/1180/1168
f 627/1180/1168 448/1179/1167 447/1181/1169
f 627/1180/1168 447/1181/1169 628/1182/1170
f 628/1182/1170 447/1181/1169 629/1183/1171
f 629/1183/1171 447/1181/1169 446/1184/1172
f 629/1183/1171 446/1184/1172 630/1185/1173
f 630/1185/1173 446/1184/1172 445/1186/1174
f 630/1185/1173 445/1186/1174 631/1187/1175
f 631/1187/1175 445/1186/1174 632/1188/1176
f 632/1188/1176 445/1186/1174 444/1189/1177
f 632/1188/1176 444/1189/1177 633/1190/1178
f 633/1190/1178 444/1189/1177 443/1191/1179
f 633/1190/1178 443/1191/1179 634/1192/1180
f 634/1192/1180 443/1191/1179 442/1193/1181
f 634/1192/1180 442/1193/1181 635/1194/1182
f 635/1194/1182 442/1193/1181 636/1195/1183
f 636/1195/1183 442/1193/1181 441/1196/1184
f 636/1195/1183 441/1196/1184 637/1197/1185
f 637/1197/1185 441/1196/1184 440/1198/1186
f 637/1197/1185 440/1198/1186 638/1199/1187
f 638/1199/1187 440/1198/1186 439/1200/1188
f 638/1199/1187 439/1200/1188 639/1201/1189
f 639/1201/1189 439/1200/1188 640/1202/1190
f 640/1202/1190 439/1200/1188 438/1203/1191
f 640/1202/1190 438/1203/1191 641/1204/1192
f 641/1204/1192 438/1203/1191 437/1205/1193
f 641/1204/1192 437/1205/1193 642/1206/1194
f 642/1206/1194 437/1205/1193 436/1207/1195
f 642/1206/1194 436/1207/1195 643/1208/1196
f 643/1208/1196 436/1207/1195 435/1209/1197
f 643/1208/1196 435/1209/1197 644/1210/1198
f 644/1210/1198 435/1209/1197 434/1211/1199
f 644/1210/1198 434/1211/1199 645/1212/1200
f 645/1212/1200 434/1211/1199 646/1213/1201
f 646/1213/1201 434/1211/1199 433/1214/1202
f 646/1213/1201 433/1214/1202 647/1215/1203
f 647/1215/1203 433/1214/1202 648/1216/1204
f 648/1216/1204 433/1214/1202 432/1217/1205
f 648/1216/1204 432/1217/1205 649/1218/1206
f 649/1218/1206 432/1217/1205 431/1219/1207
f 649/1218/1206 431/1219/1207 650/1220/1208
f 650/1220/1208 431/1219/1207 430/1221/1209
f 650/1220/1208 430/1221/1209 651/1222/1210
f 651/1222/1210 430/1221/1209 652/1223/1211
f 652/1223/1211 430/1221/1209 429/1224/1212
f 652/1223/1211 429/1224/1212 653/1225/1213
f 653/1225/1213 429/1224/1212 428/1226/1214
f 653/1225/1213 428/1226/1214 654/1227/1215
f 654/1227/1215 428/1226/1214 427/1228/1216
f 654/1227/1215 427/1228/1216 655/1229/1217
f 655/1229/1217 427/1228/1216 656/1230/1218
f 656/1230/1218 427/1228/1216 426/1231/1219
f 656/1230/1218 426/1231/1219 657/1232/1220
f 657/1232/1220 426/1231/1219 425/1233/1221
f 657/1232/1220 425/1233/1221 658/1234/1222
f 658/1234/1222 425/1233/1221 424/1235/1223
f 658/1234/1222 424/1235/1223 659/1236/1224
f 659/1236/1224 424/1235/1223 660/1237/1225
f 660/1237/1225 424/1235/1223 423/1238/1226
f 660/1237/1225 423/1238/1226 661/1239/1227
f 661/1239/1227 423/1238/1226 422/1240/1228
f 661/1239/1227 422/1240/1228 662/1241/1229
f 662/1241/1229 422/1240/1228 421/1242/1230
f 662/1241/1229 421/1242/1230 663/1243/1231
f 663/1243/1231 421/1242/1230 664/1244/1232
f 664/1244/1232 421/1242/1230 420/1245/1233
f 664/1244/1232 420/1245/1233 665/1246/1234
f 665/1246/1234 420/1245/1233 419/1247/1235
f 665/1246/1234 419/1247/1235 666/1248/1236
f 666/1248/1236 419/1247/1235 418/1249/1237
f 666/1248/1236 418/1249/1237 667/1250/1238
f 667/1250/1238 418/1249/1237 668/1251/1239
f 668/1251/1239 418/1249/1237 417/1252/1240
f 668/1251/1239 417/1252/1240 669/1253/1241
f 669/1253/1241 417/1252/1240 416/1254/1242
f 669/1253/1241 416/1254/1242 670/1121/1109
f 670/1121/1109 416/1254/1242 415/1119/1107
f 532/1255/1243 672/1256/1244 474/1257/1245
f 474/1257/1245 672/1256/1244 671/1258/1246
f 474/1257/1245 671/1258/1246 749/1259/1247
f 672/1256/1244 532/1255/1243 673/1260/1248
f 673/1260/1248 532/1255/1243 531/1261/1249
f 673/1260/1248 531/1261/1249 674/1262/1250
f 674/1262/1250 531/1261/1249 530/1263/1251
f 674/1262/1250 530/1263/1251 675/1264/1252
f 675/1264/1252 530/1263/1251 676/1265/1253
f 676/1265/1253 530/1263/1251 529/1266/1254
f 676/1265/1253 529/1266/1254 677/1267/1255
f 677/1267/1255 529/1266/1254 528/1268/1256
f 677/1267/1255 528/1268/1256 678/1269/1257
f 678/1269/1257 528/1268/1256 527/1270/1258
f 678/1269/1257 527/1270/1258 679/1271/1259
f 679/1271/1259 527/1270/1258 680/1272/1260
f 680/1272/1260 527/1270/1258 526/1273/1261
f 680/1272/1260 526/1273/1261 681/1274/1262
f 681/1274/1262 526/1273/1261 525/1275/1263
f 681/1274/1262 525/1275/1263 682/1276/1264
f 682/1276/1264 525/1275/1263 524/1277/1265
f 682/1276/1264 524/1277/1265 683/1278/1266
f 683/1278/1266 524/1277/1265 684/1279/1267
f 684/1279/1267 524/1277/1265 523/1280/1268
f 684/1279/1267 523/1280/1268 685/1281/1269
f 685/1281/1269 523/1280/1268 522/1282/1270
f 685/1281/1269 522/1282/1270 686/1283/1271
f 686/1283/1271 522/1282/1270 521/1284/1272
f 686/1283/1271 521/1284/1272 687/1285/1273
f 687/1285/1273 521/1284/1272 688/1286/1274
f 688/1286/1274 521/1284/1272 520/1287/1275
f 688/1286/1274 520/1287/1275 689/1288/1276
f 689/1288/1276 520/1287/1275 519/1289/1277
f 689/1288/1276 519/1289/1277 690/1290/1278
f 690/1290/1278 519/1289/1277 518/1291/1279
f 690/1290/1278 518/1291/1279 691/1292/1280
f 691/1292/1280 518/1291/1279 692/1293/1281
f 692/1293/1281 518/1291/1279 517/1294/1282
f 692/1293/1281 517/1294/1282 693/1295/1283
f 693/1295/1283 517/1294/1282 516/1296/1284
f 693/1295/1283 516/1296/1284 694/1297/1285
f 694/1297/1285 516/1296/1284 515/1298/1286
f 694/1297/1285 515/1298/1286 695/1299/1287
f 695/1299/1287 515/1298/1286 696/1300/1288
f 696/1300/1288 515/1298/1286 514/1301/1289
f 696/1300/1288 514/1301/1289 697/1302/1290
f 697/1302/1290 514/1301/1289 698/1303/1291
f 698/1303/1291 514/1301/1289 513/1304/1292
f 698/1303/1291 513/1304/1292 512/1305/1293
f 511/1306/1294 700/1307/1295 512/1305/1293
f 512/1305/1293 700/1307/1295 699/1308/1296
f 512/1305/1293 699/1308/1296 698/1303/1291
f 700/1307/1295 511/1306/1294 701/1309/1297
f 701/1309/1297 511/1306/1294 510/1310/1298
f 701/1309/1297 510/1310/1298 702/1311/1299
f 702/1311/1299 510/1310/1298 509/1312/1300
f 702/1311/1299 509/1312/1300 703/1313/1301
f 703/1313/1301 509/1312/1300 704/1314/1302
f 704/1314/1302 509/1312/1300 508/1315/1303
f 704/1314/1302 508/1315/1303 705/1316/1304
f 705/1316/1304 508/1315/1303 507/1317/1305
f 705/1316/1304 507/1317/1305 706/1318/1306
f 706/1318/1306 507/1317/1305 506/1319/1307
f 706/1318/1306 506/1319/1307 707/1320/1308
f 707/1320/1308 506/1319/1307 708/1321/1309
f 708/1321/1309 506/1319/1307 505/1322/1310
f 708/1321/1309 505/1322/1310 709/1323/1311
f 709/1323/1311 505/1322/1310 504/1324/1312
f 709/1323/1311 504/1324/1312 710/1325/1313
f 710/1325/1313 504/1324/1312 503/1326/1314
f 710/1325/1313 503/1326/1314 711/1327/1315
f 711/1327/1315 503/1326/1314 712/1328/1316
f 712/1328/1316 503/1326/1314 502/1329/1317
f 712/1328/1316 502/1329/1317 713/1330/1318
f 713/1330/1318 502/1329/1317 501/1331/1319
f 713/1330/1318 501/1331/1319 714/1332/1320
f 714/1332/1320 501/1331/1319 715/1333/1321
f 715/1333/1321 501/1331/1319 500/1334/1322
f 715/1333/1321 500/1334/1322 716/1335/1323
f 716/1335/1323 500/1334/1322 499/1336/1324
f 716/1335/1323 499/1336/1324 717/1337/1325
f 717/1337/1325 499/1336/1324 498/1338/1326
f 717/1337/1325 498/1338/1326 718/1339/1327
f 718/1339/1327 498/1338/1326 719/1340/1328
f 719/1340/1328 498/1338/1326 497/1341/1329
f 719/1340/1328 497/1341/1329 720/1342/1330
f 720/1342/1330 497/1341/1329 496/1343/1331
f 720/1342/1330 496/1343/1331 721/1344/1332
f 721/1344/1332 496/1343/1331 495/1345/1333
f 721/1344/1332 495/1345/1333 722/1346/1334
f 722/1346/1334 495/1345/1333 723/1347/1335
f 723/1347/1335 495/1345/1333 494/1348/1336
f 723/1347/1335 494/1348/1336 724/1349/1337
f 724/1349/1337 494/1348/1336 493/1350/1338
f 724/1349/1337 493/1350/1338 725/1351/1339
f 725/1351/1339 493/1350/1338 492/1352/1340
f 725/1351/1339 492/1352/1340 726/1353/1341
f 726/1353/1341 492/1352/1340 727/1354/1342
f 727/1354/1342 492/1352/1340 491/1355/1343
f 727/1354/1342 491/1355/1343 728/1356/1344
f 728/1356/1344 491/1355/1343 490/1357/1345
f 728/1356/1344 490/1357/1345 729/1358/1346
f 729/1358/1346 490/1357/1345 489/1359/1347
f 729/1358/1346 489/1359/1347 730/1360/1348
f 730/1360/1348 489/1359/1347 731/1361/1349
f 731/1361/1349 489/1359/1347 488/1362/1350
f 731/1361/1349 488/1362/1350 732/1363/1351
f 732/1363/1351 488/1362/1350 487/1364/1352
f 732/1363/1351 487/1364/1352 733/1365/1353
f 733/1365/1353 487/1364/1352 486/1366/1354
f 733/1365/1353 486/1366/1354 734/1367/1355
f 734/1367/1355 486/1366/1354 735/1368/1356
f 735/1368/1356 486/1366/1354 485/1369/1357
f 735/1368/1356 485/1369/1357 736/1370/1358
f 736/1370/1358 485/1369/1357 484/1371/1359
f 736/1370/1358 484/1371/1359 737/1372/1360
f 737/1372/1360 484/1371/1359 483/1373/1361
f 737/1372/1360 483/1373/1361 738/1374/1362
f 738/1374/1362 483/1373/1361 739/1375/1363
f 739/1375/1363 483/1373/1361 482/1376/1364
f 739/1375/1363 482/1376/1364 740/1377/1365
f 740/1377/1365 482/1376/1364 481/1378/1366
f 740/1377/1365 481/1378/1366 741/1379/1367
f 741/1379/1367 481/1378/1366 480/1380/1368
f 741/1379/1367 480/1380/1368 742/1381/1369
f 742/1381/1369 480/1380/1368 743/1382/1370
f 743/1382/1370 480/1380/1368 479/1383/1371
f 743/1382/1370 479/1383/1371 744/1384/1372
f 744/1384/1372 479/1383/1371 478/1385/1373
f 744/1384/1372 478/1385/1373 745/1386/1374
f 745/1386/1374 478/1385/1373 477/1387/1375
f 745/1386/1374 477/1387/1375 746/1388/1376
f 746/1388/1376 477/1387/1375 747/1389/1377
f 747/1389/1377 477/1387/1375 476/1390/1378
f 747/1389/1377 476/1390/1378 748/1391/1379
f 748/1391/1379 476/1390/1378 475/1392/1380
f 748/1391/1379 475/1392/1380 749/1259/1247
f 749/1259/1247 475/1392/1380 474/1257/1245
g Standoff 3

v -1.100000 8.700000 18.031223
v -1.093768 8.700000 18.148146
v -1.075144 8.700000 18.263744
v -1.044337 8.700000 18.376707
v -1.001698 8.700000 18.485756
v -0.947709 8.700000 18.589655
v -0.882983 8.700000 18.687227
v -0.808252 8.700000 18.777366
v -0.724363 8.700000 18.859051
v -0.632266 8.700000 18.931356
v -0.533006 8.700000 18.993462
v -0.427707 8.700000 19.044666
v -0.317561 8.700000 19.084387
v -0.203818 8.700000 19.112175
v -0.087765 8.700000 19.127716
v 0.029283 8.700000 19.130833
v 0.145998 8.700000 19.121491
v 0.261059 8.700000 19.099796
v 0.373163 8.700000 19.065993
v 0.481038 8.700000 19.020466
v 0.583463 8.700000 18.963731
v 0.679277 8.700000 18.896430
v 0.767395 8.700000 18.819325
v 0.846817 8.700000 18.733292
v 0.916645 8.700000 18.639303
v 0.976087 8.700000 18.538425
v 1.024470 8.700000 18.431800
v 1.061245 8.700000 18.320636
v 1.085995 8.700000 18.206193
v 1.098441 8.700000 18.089767
v 1.098441 8.700000 17.972679
v 1.085995 8.700000 17.856253
v 1.061245 8.700000 17.741810
v 1.024470 8.700000 17.630646
v 0.976087 8.700000 17.524021
v 0.916645 8.700000 17.423143
v 0.846817 8.700000 17.329154
v 0.767395 8.700000 17.243121
v 0.679277 8.700000 17.166016
v 0.583463 8.700000 17.098715
v 0.481038 8.700000 17.041980
v 0.373163 8.700000 16.996453
v 0.261059 8.700000 16.962650
v 0.145998 8.700000 16.940955
v 0.029283 8.700000 16.931613
v -0.087765 8.700000 16.934730
v -0.203818 8.700000 16.950270
v -0.317561 8.700000 16.978059
v -0.427707 8.700000 17.017780
v -0.533006 8.700000 17.068984
v -0.632266 8.700000 17.131090
v -0.724363 8.700000 17.203395
v -0.808252 8.700000 17.285080
v -0.882983 8.700000 17.375219
v -0.947709 8.700000 17.472791
v -1.001698 8.700000 17.576690
v -1.044337 8.700000 17.685739
v -1.075144 8.700000 17.798702
v -1.093768 8.700000 17.914300
v -1.100000 4.000000 18.031223
v -1.093768 4.000000 17.914300
v -1.075144 4.000000 17.798702
v -1.044337 4.000000 17.685739
v -1.001698 4.000000 17.576690
v -0.947709 4.000000 17.472791
v -0.882983 4.000000 17.375219
v -0.808252 4.000000 17.285080
v -0.724363 4.000000 17.203395
v -0.632266 4.000000 17.131090
v -0.533006 4.000000 17.068984
v -0.427707 4.000000 17.017780
v -0.317561 4.000000 16.978059
v -0.203818 4.000000 16.950270
v -0.087765 4.000000 16.934730
v 0.029283 4.000000 16.931613
v 0.145998 4.000000 16.940955
v 0.261059 4.000000 16.962650
v 0.373163 4.000000 16.996453
v 0.481038 4.000000 17.041980
v 0.583463 4.000000 17.098715
v 0.679277 4.000000 17.166016
v 0.767395 4.000000 17.243121
v 0.846817 4.000000 17.329154
v 0.916645 4.000000 17.423143
v 0.976087 4.000000 17.524021
v 1.024470 4.000000 17.630646
v 1.061245 4.000000 17.741810
v 1.085995 4.000000 17.856253
v 1.098441 4.000000 17.972679
v 1.098441 4.000000 18.089767
v 1.085995 4.000000 18.206193
v 1.061245 4.000000 18.320636
v 1.024470 4.000000 18.431800
v 0.976087 4.000000 18.538425
v 0.916645 4.000000 18.639303
v 0.846817 4.000000 18.733292
v 0.767395 4.000000 18.819325
v 0.679277 4.000000 18.896430
v 0.583463 4.000000 18.963731
v 0.481038 4.000000 19.020466
v 0.373163 4.000000 19.065993
v 0.261059 4.000000 19.099796
v 0.145998 4.000000 19.121491
v 0.029283 4.000000 19.130833
v -0.087765 4.000000 19.127716
v -0.203818 4.000000 19.112175
v -0.317561 4.000000 19.084387
v -0.427707 4.000000 19.044666
v -0.533006 4.000000 18.993462
v -0.632266 4.000000 18.931356
v -0.724363 4.000000 18.859051
v -0.808252 4.000000 18.777366
v -0.882983 4.000000 18.687227
v -0.947709 4.000000 18.589655
v -1.001698 4.000000 18.485756
v -1.044337 4.000000 18.376707
v -1.075144 4.000000 18.263744
v -1.093768 4.000000 18.148146
v -1.100000 6.350000 18.031223
v -1.093768 6.350000 18.148146
v -1.075144 6.350000 18.263744
v -1.044337 6.350000 18.376707
v -1.001698 6.350000 18.485756
v -0.947709 6.350000 18.589655
v -0.882983 6.350000 18.687227
v -0.808252 6.350000 18.777366
v -0.724363 6.350000 18.859051
v -0.632266 6.350000 18.931356
v -0.533006 6.350000 18.993462
v -0.427707 6.350000 19.044666
v -0.317561 6.350000 19.084387
v -0.203818 6.350000 19.112175
v -0.087765 6.350000 19.127716
v 0.029283 6.350000 19.130833
v 0.145998 6.350000 19.121491
v 0.261059 6.350000 19.099796
v 0.373163 6.350000 19.065993
v 0.481038 6.350000 19.020466
v 0.583463 6.350000 18.963731
v 0.679277 6.350000 18.896430
v 0.767395 6.350000 18.819325
v 0.846817 6.350000 18.733292
v 0.916645 6.350000 18.639303
v 0.976087 6.350000 18.538425
v 1.024470 6.350000 18.431800
v 1.061245 6.350000 18.320636
v 1.085995 6.350000 18.206193
v 1.098441 6.350000 18.089767
v 1.098441 6.350000 17.972679
v 1.085995 6.350000 17.856253
v 1.061245 6.350000 17.741810
v 1.024470 6.350000 17.630646
v 0.976087 6.350000 17.524021
v 0.916645 6.350000 17.423143
v 0.846817 6.350000 17.329154
v 0.767395 6.350000 17.243121
v 0.679277 6.350000 17.166016
v 0.583463 6.350000 17.098715
v 0.481038 6.350000 17.041980
v 0.373163 6.350000 16.996453
v 0.261059 6.350000 16.962650
v 0.145998 6.350000 16.940955
v 0.029283 6.350000 16.931613
v -0.087765 6.350000 16.934730
v -0.203818 6.350000 16.950270
v -0.317561 6.350000 16.978059
v -0.427707 6.350000 17.017780
v -0.533006 6.350000 17.068984
v -0.632266 6.350000 17.131090
v -0.724363 6.350000 17.203395
v -0.808252 6.350000 17.285080
v -0.882983 6.350000 17.375219
v -0.947709 6.350000 17.472791
v -1.001698 6.350000 17.576690
v -1.044337 6.350000 17.685739
v -1.075144 6.350000 17.798702
v -1.093768 6.350000 17.914300
v -2.000000 8.700000 18.031223
v -1.993678 8.700000 17.872323
v -1.974751 8.700000 17.714427
v -1.943339 8.700000 17.558534
v -1.899640 8.700000 17.405630
v -1.843932 8.700000 17.256681
v -1.776565 8.700000 17.112628
v -1.697967 8.700000 16.974384
v -1.608633 8.700000 16.842821
v -1.509129 8.700000 16.718771
v -1.400084 8.700000 16.603020
v -1.282187 8.700000 16.496298
v -1.156184 8.700000 16.399280
v -1.022871 8.700000 16.312580
v -0.883091 8.700000 16.236745
v -0.737728 8.700000 16.172256
v -0.587701 8.700000 16.119520
v -0.433958 8.700000 16.078870
v -0.277471 8.700000 16.050564
v -0.119230 8.700000 16.034780
v 0.039764 8.700000 16.031618
v 0.198508 8.700000 16.041099
v 0.355996 8.700000 16.063161
v 0.511233 8.700000 16.097666
v 0.663239 8.700000 16.144396
v 0.811051 8.700000 16.203055
v 0.953735 8.700000 16.273273
v 1.090390 8.700000 16.354604
v 1.220150 8.700000 16.446536
v 1.342197 8.700000 16.548486
v 1.455758 8.700000 16.659811
v 1.560115 8.700000 16.779807
v 1.654608 8.700000 16.907714
v 1.738641 8.700000 17.042725
v 1.811681 8.700000 17.183985
v 1.873267 8.700000 17.330601
v 1.923010 8.700000 17.481647
v 1.960595 8.700000 17.636168
v 1.985784 8.700000 17.793187
v 1.998419 8.700000 17.951710
v 1.998419 8.700000 18.110736
v 1.985784 8.700000 18.269259
v 1.960595 8.700000 18.426278
v 1.923010 8.700000 18.580798
v 1.873267 8.700000 18.731845
v 1.811681 8.700000 18.878461
v 1.738641 8.700000 19.019721
v 1.654608 8.700000 19.154732
v 1.560115 8.700000 19.282639
v 1.455758 8.700000 19.402635
v 1.342197 8.700000 19.513959
v 1.220150 8.700000 19.615910
v 1.090390 8.700000 19.707842
v 0.953735 8.700000 19.789173
v 0.811051 8.700000 19.859391
v 0.663239 8.700000 19.918050
v 0.511233 8.700000 19.964779
v 0.355996 8.700000 19.999285
v 0.198508 8.700000 20.021347
v 0.039764 8.700000 20.030828
v -0.119230 8.700000 20.027666
v -0.277471 8.700000 20.011882
v -0.433958 8.700000 19.983576
v -0.587701 8.700000 19.942926
v -0.737728 8.700000 19.890190
v -0.883091 8.700000 19.825701
v -1.022871 8.700000 19.749866
v -1.156184 8.700000 19.663166
v -1.282187 8.700000 19.566148
v -1.400084 8.700000 19.459426
v -1.509129 8.700000 19.343674
v -1.608633 8.700000 19.219625
v -1.697967 8.700000 19.088062
v -1.776565 8.700000 18.949817
v -1.843932 8.700000 18.805765
v -1.899640 8.700000 18.656816
v -1.943339 8.700000 18.503912
v -1.974751 8.700000 18.348019
v -1.993678 8.700000 18.190123
v -2.000000 4.000000 18.031223
v -1.993678 4.000000 18.190123
v -1.974751 4.000000 18.348019
v -1.943339 4.000000 18.503912
v -1.899640 4.000000 18.656816
v -1.843932 4.000000 18.805765
v -1.776565 4.000000 18.949817
v -1.697967 4.000000 19.088062
v -1.608633 4.000000 19.219625
v -1.509129 4.000000 19.343674
v -1.400084 4.000000 19.459426
v -1.282187 4.000000 19.566148
v -1.156184 4.000000 19.663166
v -1.022871 4.000000 19.749866
v -0.883091 4.000000 19.825701
v -0.737728 4.000000 19.890190
v -0.587701 4.000000 19.942926
v -0.433958 4.000000 19.983576
v -0.277471 4.000000 20.011882
v -0.119230 4.000000 20.027666
v 0.039764 4.000000 20.030828
v 0.198508 4.000000 20.021347
v 0.355996 4.000000 19.999285
v 0.511233 4.000000 19.964779
v 0.663239 4.000000 19.918050
v 0.811051 4.000000 19.859391
v 0.953735 4.000000 19.789173
v 1.090390 4.000000 19.707842
v 1.220150 4.000000 19.615910
v 1.342197 4.000000 19.513959
v 1.455758 4.000000 19.402635
v 1.560115 4.000000 19.282639
v 1.654608 4.000000 19.154732
v 1.738641 4.000000 19.019721
v 1.811681 4.000000 18.878461
v 1.873267 4.000000 18.731845
v 1.923010 4.000000 18.580798
v 1.960595 4.000000 18.426278
v 1.985784 4.000000 18.269259
v 1.998419 4.000000 18.110736
v 1.998419 4.000000 17.951710
v 1.985784 4.000000 17.793187
v 1.960595 4.000000 17.636168
v 1.923010 4.000000 17.481647
v 1.873267 4.000000 17.330601
v 1.811681 4.000000 17.183985
v 1.738641 4.000000 17.042725
v 1.654608 4.000000 16.907714
v 1.560115 4.000000 16.779807
v 1.455758 4.000000 16.659811
v 1.342197 4.000000 16.548486
v 1.220150 4.000000 16.446536
v 1.090390 4.000000 16.354604
v 0.953735 4.000000 16.273273
v 0.811051 4.000000 16.203055
v 0.663239 4.000000 16.144396
v 0.511233 4.000000 16.097666
v 0.355996 4.000000 16.063161
v 0.198508 4.000000 16.041099
v 0.039764 4.000000 16.031618
v -0.119230 4.000000 16.034780
v -0.277471 4.000000 16.050564
v -0.433958 4.000000 16.078870
v -0.587701 4.000000 16.119520
v -0.737728 4.000000 16.172256
v -0.883091 4.000000 16.236745
v -1.022871 4.000000 16.312580
v -1.156184 4.000000 16.399280
v -1.282187 4.000000 16.496298
v -1.400084 4.000000 16.603020
v -1.509129 4.000000 16.718771
v -1.608633 4.000000 16.842821
v -1.697967 4.000000 16.974384
v -1.776565 4.000000 17.112628
v -1.843932 4.000000 17.256681
v -1.899640 4.000000 17.405630
v -1.943339 4.000000 17.558534
v -1.974751 4.000000 17.714427
v -1.993678 4.000000 17.872323
v -2.000000 6.350000 18.031223
v -1.993678 6.350000 17.872323
v -1.974751 6.350000 17.714427
v -1.943339 6.350000 17.558534
v -1.899640 6.350000 17.405630
v -1.843932 6.350000 17.256681
v -1.776565 6.350000 17.112628
v -1.697967 6.350000 16.974384
v -1.608633 6.350000 16.842821
v -1.509129 6.350000 16.718771
v -1.400084 6.350000 16.603020
v -1.282187 6.350000 16.496298
v -1.156184 6.350000 16.399280
v -1.022871 6.350000 16.312580
v -0.883091 6.350000 16.236745
v -0.737728 6.350000 16.172256
v -0.587701 6.350000 16.119520
v -0.433958 6.350000 16.078870
v -0.277471 6.350000 16.050564
v -0.119230 6.350000 16.034780
v 0.039764 6.350000 16.031618
v 0.198508 6.350000 16.041099
v 0.355996 6.350000 16.063161
v 0.511233 6.350000 16.097666
v 0.663239 6.350000 16.144396
v 0.811051 6.350000 16.203055
v 0.953735 6.350000 16.273273
v 1.090390 6.350000 16.354604
v 1.220150 6.350000 16.446536
v 1.342197 6.350000 16.548486
v 1.455758 6.350000 16.659811
v 1.560115 6.350000 16.779807
v 1.654608 6.350000 16.907714
v 1.738641 6.350000 17.042725
v 1.811681 6.350000 17.183985
v 1.873267 6.350000 17.330601
v 1.923010 6.350000 17.481647
v 1.960595 6.350000 17.636168
v 1.985784 6.350000 17.793187
v 1.998419 6.350000 17.951710
v 1.998419 6.350000 18.110736
v 1.985784 6.350000 18.269259
v 1.960595 6.350000 18.426278
v 1.923010 6.350000 18.580798
v 1.873267 6.350000 18.731845
v 1.811681 6.350000 18.878461
v 1.738641 6.350000 19.019721
v 1.654608 6.350000 19.154732
v 1.560115 6.350000 19.282639
v 1.455758 6.350000 19.402635
v 1.342197 6.350000 19.513959
v 1.220150 6.350000 19.615910
v 1.090390 6.350000 19.707842
v 0.953735 6.350000 19.789173
v 0.811051 6.350000 19.859391
v 0.663239 6.350000 19.918050
v 0.511233 6.350000 19.964779
v 0.355996 6.350000 19.999285
v 0.198508 6.350000 20.021347
v 0.039764 6.350000 20.030828
v -0.119230 6.350000 20.027666
v -0.277471 6.350000 20.011882
v -0.433958 6.350000 19.983576
v -0.587701 6.350000 19.942926
v -0.737728 6.350000 19.890190
v -0.883091 6.350000 19.825701
v -1.022871 6.350000 19.749866
v -1.156184 6.350000 19.663166
v -1.282187 6.350000 19.566148
v -1.400084 6.350000 19.459426
v -1.509129 6.350000 19.343674
v -1.608633 6.350000 19.219625
v -1.697967 6.350000 19.088062
v -1.776565 6.350000 18.949817
v -1.843932 6.350000 18.805765
v -1.899640 6.350000 18.656816
v -1.943339 6.350000 18.503912
v -1.974751 6.350000 18.348019
v -1.993678 6.350000 18.190123
vt 0.470000 -0.333861 0.000000
vt 0.235000 -0.333861 0.000000
vt 0.470000 -0.345575 0.000000
vt 0.235000 -0.345575 0.000000
vt 0.470000 0.345575 0.000000
vt 0.235000 0.345575 0.000000
vt 0.470000 0.333861 0.000000
vt 0.235000 0.333861 0.000000
vt 0.470000 0.322146 0.000000
vt 0.235000 0.322146 0.000000
vt 0.470000 0.310432 0.000000
vt 0.235000 0.310432 0.000000
vt 0.470000 0.298718 0.000000
vt 0.235000 0.298718 0.000000
vt 0.470000 0.287003 0.000000
vt 0.235000 0.287003 0.000000
vt 0.470000 0.275289 0.000000
vt 0.235000 0.275289 0.000000
vt 0.470000 0.263574 0.000000
vt 0.235000 0.263574 0.000000
vt 0.470000 0.251860 0.000000
vt 0.235000 0.251860 0.000000
vt 0.470000 0.240145 0.000000
vt 0.235000 0.240145 0.000000
vt 0.470000 0.228431 0.000000
vt 0.235000 0.228431 0.000000
vt 0.470000 0.216717 0.000000
vt 0.235000 0.216717 0.000000
vt 0.470000 0.205002 0.000000
vt 0.235000 0.205002 0.000000
vt 0.470000 0.193288 0.000000
vt 0.235000 0.193288 0.000000
vt 0.470000 0.181573 0.000000
vt 0.235000 0.181573 0.000000
vt 0.470000 0.169859 0.000000
vt 0.235000 0.169859 0.000000
vt 0.470000 0.158145 0.000000
vt 0.235000 0.158145 0.000000
vt 0.470000 0.146430 0.000000
vt 0.235000 0.146430 0.000000
vt 0.470000 0.134716 0.000000
vt 0.235000 0.134716 0.000000
vt 0.470000 0.123001 0.000000
vt 0.235000 0.123001 0.000000
vt 0.470000 0.111287 0.000000
vt 0.235000 0.111287 0.000000
vt 0.470000 0.099573 0.000000
vt 0.235000 0.099573 0.000000
vt 0.470000 0.087858 0.000000
vt 0.235000 0.087858 0.000000
vt 0.470000 0.076144 0.000000
vt 0.235000 0.076144 0.000000
vt 0.470000 0.064429 0.000000
vt 0.235000 0.064429 0.000000
vt 0.470000 0.052715 0.000000
vt 0.235000 0.052715 0.000000
vt 0.470000 0.041000 0.000000
vt 0.235000 0.041000 0.000000
vt 0.470000 0.029286 0.000000
vt 0.235000 0.029286 0.000000
vt 0.470000 0.017572 0.000000
vt 0.235000 0.017572 0.000000
vt 0.470000 0.005857 0.000000
vt 0.235000 0.005857 0.000000
vt 0.470000 -0.005857 0.000000
vt 0.235000 -0.005857 0.000000
vt 0.470000 -0.017572 0.000000
vt 0.235000 -0.017572 0.000000
vt 0.470000 -0.029286 0.000000
vt 0.235000 -0.029286 0.000000
vt 0.470000 -0.041000 0.000000
vt 0.235000 -0.041000 0.000000
vt 0.470000 -0.052715 0.000000
vt 0.235000 -0.052715 0.000000
vt 0.470000 -0.064429 0.000000
vt 0.235000 -0.064429 0.000000
vt 0.470000 -0.076144 0.000000
vt 0.235000 -0.076144 0.000000
vt 0.470000 -0.087858 0.000000
vt 0.235000 -0.087858 0.000000
vt 0.470000 -0.099573 0.000000
vt 0.235000 -0.099573 0.000000
vt 0.470000 -0.111287 0.000000
vt 0.235000 -0.111287 0.000000
vt 0.470000 -0.123001 0.000000
vt 0.235000 -0.123001 0.000000
vt 0.470000 -0.134716 0.000000
vt 0.235000 -0.134716 0.000000
vt 0.470000 -0.146430 0.000000
vt 0.235000 -0.146430 0.000000
vt 0.470000 -0.158145 0.000000
vt 0.235000 -0.158145 0.000000
vt 0.470000 -0.169859 0.000000
vt 0.235000 -0.169859 0.000000
vt 0.470000 -0.181573 0.000000
vt 0.235000 -0.181573 0.000000
vt 0.470000 -0.193288 0.000000
vt 0.235000 -0.193288 0.000000
vt 0.470000 -0.205002 0.000000
vt 0.235000 -0.205002 0.000000
vt 0.470000 -0.216717 0.000000
vt 0.235000 -0.216717 0.000000
vt 0.470000 -0.228431 0.000000
vt 0.235000 -0.228431 0.000000
vt 0.470000 -0.240145 0.000000
vt 0.235000 -0.240145 0.000000
vt 0.470000 -0.251860 0.000000
vt 0.235000 -0.251860 0.000000
vt 0.470000 -0.263574 0.000000
vt 0.235000 -0.263574 0.000000
vt 0.470000 -0.275289 0.000000
vt 0.235000 -0.275289 0.000000
vt 0.470000 -0.287003 0.000000
vt 0.235000 -0.287003 0.000000
vt 0.470000 -0.298718 0.000000
vt 0.235000 -0.298718 0.000000
vt 0.470000 -0.310432 0.000000
vt 0.235000 -0.310432 0.000000
vt 0.470000 -0.322146 0.000000
vt 0.235000 -0.322146 0.000000
vt 0.000000 0.333861 0.000000
vt 0.000000 0.345575 0.000000
vt 0.000000 -0.345575 0.000000
vt 0.000000 -0.333861 0.000000
vt 0.000000 -0.322146 0.000000
vt 0.000000 -0.310432 0.000000
vt -0.000000 -0.298718 0.000000
vt -0.000000 -0.287003 0.000000
vt -0.000000 -0.275289 0.000000
vt -0.000000 -0.263574 0.000000
vt -0.000000 -0.251860 0.000000
vt 0.000000 -0.240145 0.000000
vt -0.000000 -0.228431 0.000000
vt 0.000000 -0.216717 0.000000
vt 0.000000 -0.205002 0.000000
vt -0.000000 -0.193288 0.000000
vt -0.000000 -0.181573 0.000000
vt -0.000000 -0.169859 0.000000
vt 0.000000 -0.158145 0.000000
vt -0.000000 -0.146430 0.000000
vt 0.000000 -0.134716 0.000000
vt -0.000000 -0.123001 0.000000
vt -0.000000 -0.111287 0.000000
vt 0.000000 -0.099573 0.000000
vt -0.000000 -0.087858 0.000000
vt -0.000000 -0.076144 0.000000
vt 0.000000 -0.064429 0.000000
vt 0.000000 -0.052715 0.000000
vt -0.000000 -0.041000 0.000000
vt -0.000000 -0.029286 0.000000
vt -0.000000 -0.017572 0.000000
vt 0.000000 -0.005857 0.000000
vt 0.000000 0.005857 0.000000
vt -0.000000 0.017572 0.000000
vt -0.000000 0.029286 0.000000
vt 0.000000 0.041000 0.000000
vt -0.000000 0.052715 0.000000
vt 0.000000 0.064429 0.000000
vt -0.000000 0.076144 0.000000
vt 0.000000 0.087858 0.000000
vt 0.000000 0.099573 0.000000
vt -0.000000 0.111287 0.000000
vt -0.000000 0.123001 0.000000
vt 0.000000 0.134716 0.000000
vt 0.000000 0.146430 0.000000
vt -0.000000 0.158145 0.000000
vt -0.000000 0.169859 0.000000
vt -0.000000 0.181573 0.000000
vt -0.000000 0.193288 0.000000
vt 0.000000 0.205002 0.000000
vt 0.000000 0.216717 0.000000
vt -0.000000 0.228431 0.000000
vt 0.000000 0.240145 0.000000
vt -0.000000 0.251860 0.000000
vt 0.000000 0.263574 0.000000
vt 0.000000 0.275289 0.000000
vt -0.000000 0.287003 0.000000
vt -0.000000 0.298718 0.000000
vt 0.000000 0.310432 0.000000
vt 0.000000 0.322146 0.000000
vt -0.470000 0.612412 0.000000
vt -0.235000 0.612412 0.000000
vt -0.470000 0.628319 0.000000
vt -0.235000 0.628319 0.000000
vt -0.470000 -0.628319 0.000000
vt -0.235000 -0.628319 0.000000
vt -0.470000 -0.612412 0.000000
vt -0.235000 -0.612412 0.000000
vt -0.470000 -0.596505 0.000000
vt -0.235000 -0.596505 0.000000
vt -0.470000 -0.580598 0.000000
vt -0.235000 -0.580598 0.000000
vt -0.470000 -0.564691 0.000000
vt -0.235000 -0.564691 0.000000
vt -0.470000 -0.548785 0.000000
vt -0.235000 -0.548785 0.000000
vt -0.470000 -0.532878 0.000000
vt -0.235000 -0.532878 0.000000
vt -0.470000 -0.516971 0.000000
vt -0.235000 -0.516971 0.000000
vt -0.470000 -0.501064 0.000000
vt -0.235000 -0.501064 0.000000
vt -0.470000 -0.485157 0.000000
vt -0.235000 -0.485157 0.000000
vt -0.470000 -0.469251 0.000000
vt -0.235000 -0.469251 0.000000
vt -0.470000 -0.453344 0.000000
vt -0.235000 -0.453344 0.000000
vt -0.470000 -0.437437 0.000000
vt -0.235000 -0.437437 0.000000
vt -0.470000 -0.421530 0.000000
vt -0.235000 -0.421530 0.000000
vt -0.470000 -0.405623 0.000000
vt -0.235000 -0.405623 0.000000
vt -0.470000 -0.389717 0.000000
vt -0.235000 -0.389717 0.000000
vt -0.470000 -0.373810 0.000000
vt -0.235000 -0.373810 0.000000
vt -0.470000 -0.357903 0.000000
vt -0.235000 -0.357903 0.000000
vt -0.470000 -0.341996 0.000000
vt -0.235000 -0.341996 0.000000
vt -0.470000 -0.326089 0.000000
vt -0.235000 -0.326089 0.000000
vt -0.470000 -0.310183 0.000000
vt -0.235000 -0.310183 0.000000
vt -0.470000 -0.294276 0.000000
vt -0.235000 -0.294276 0.000000
vt -0.470000 -0.278369 0.000000
vt -0.235000 -0.278369 0.000000
vt -0.470000 -0.262462 0.000000
vt -0.235000 -0.262462 0.000000
vt -0.470000 -0.246555 0.000000
vt -0.235000 -0.246555 0.000000
vt -0.470000 -0.230649 0.000000
vt -0.235000 -0.230649 0.000000
vt -0.470000 -0.214742 0.000000
vt -0.235000 -0.214742 0.000000
vt -0.470000 -0.198835 0.000000
vt -0.235000 -0.198835 0.000000
vt -0.470000 -0.182928 0.000000
vt -0.235000 -0.182928 0.000000
vt -0.470000 -0.167021 0.000000
vt -0.235000 -0.167021 0.000000
vt -0.470000 -0.151115 0.000000
vt -0.235000 -0.151115 0.000000
vt -0.470000 -0.135208 0.000000
vt -0.235000 -0.135208 0.000000
vt -0.470000 -0.119301 0.000000
vt -0.235000 -0.119301 0.000000
vt -0.470000 -0.103394 0.000000
vt -0.235000 -0.103394 0.000000
vt -0.470000 -0.087487 0.000000
vt -0.235000 -0.087487 0.000000
vt -0.470000 -0.071581 0.000000
vt -0.235000 -0.071581 0.000000
vt -0.470000 -0.055674 0.000000
vt -0.235000 -0.055674 0.000000
vt -0.470000 -0.039767 0.000000
vt -0.235000 -0.039767 0.000000
vt -0.470000 -0.023860 0.000000
vt -0.235000 -0.023860 0.000000
vt -0.470000 -0.007953 0.000000
vt -0.235000 -0.007953 0.000000
vt -0.470000 0.007953 0.000000
vt -0.235000 0.007953 0.000000
vt -0.470000 0.023860 0.000000
vt -0.235000 0.023860 0.000000
vt -0.470000 0.039767 0.000000
vt -0.235000 0.039767 0.000000
vt -0.470000 0.055674 0.000000
vt -0.235000 0.055674 0.000000
vt -0.470000 0.071581 0.000000
vt -0.235000 0.071581 0.000000
vt -0.470000 0.087487 0.000000
vt -0.235000 0.087487 0.000000
vt -0.470000 0.103394 0.000000
vt -0.235000 0.103394 0.000000
vt -0.470000 0.119301 0.000000
vt -0.235000 0.119301 0.000000
vt -0.470000 0.135208 0.000000
vt -0.235000 0.135208 0.000000
vt -0.470000 0.151115 0.000000
vt -0.235000 0.151115 0.000000
vt -0.470000 0.167021 0.000000
vt -0.235000 0.167021 0.000000
vt -0.470000 0.182928 0.000000
vt -0.235000 0.182928 0.000000
vt -0.470000 0.198835 0.000000
vt -0.235000 0.198835 0.000000
vt -0.470000 0.214742 0.000000
vt -0.235000 0.214742 0.000000
vt -0.470000 0.230649 0.000000
vt -0.235000 0.230649 0.000000
vt -0.470000 0.246555 0.000000
vt -0.235000 0.246555 0.000000
vt -0.470000 0.262462 0.000000
vt -0.235000 0.262462 0.000000
vt -0.470000 0.278369 0.000000
vt -0.235000 0.278369 0.000000
vt -0.470000 0.294276 0.000000
vt -0.235000 0.294276 0.000000
vt -0.470000 0.310183 0.000000
vt -0.235000 0.310183 0.000000
vt -0.470000 0.326089 0.000000
vt -0.235000 0.326089 0.000000
vt -0.470000 0.341996 0.000000
vt -0.235000 0.341996 0.000000
vt -0.470000 0.357903 0.000000
vt -0.235000 0.357903 0.000000
vt -0.470000 0.373810 0.000000
vt -0.235000 0.373810 0.000000
vt -0.470000 0.389717 0.000000
vt -0.235000 0.389717 0.000000
vt -0.470000 0.405623 0.000000
vt -0.235000 0.405623 0.000000
vt -0.470000 0.421530 0.000000
vt -0.235000 0.421530 0.000000
vt -0.470000 0.437437 0.000000
vt -0.235000 0.437437 0.000000
vt -0.470000 0.453344 0.000000
vt -0.235000 0.453344 0.000000
vt -0.470000 0.469251 0.000000
vt -0.235000 0.469251 0.000000
vt -0.470000 0.485157 0.000000
vt -0.235000 0.485157 0.000000
vt -0.470000 0.501064 0.000000
vt -0.235000 0.501064 0.000000
vt -0.470000 0.516971 0.000000
vt -0.235000 0.516971 0.000000
vt -0.470000 0.532878 0.000000
vt -0.235000 0.532878 0.000000
vt -0.470000 0.548785 0.000000
vt -0.235000 0.548785 0.000000
vt -0.470000 0.564691 0.000000
vt -0.235000 0.564691 0.000000
vt -0.470000 0.580598 0.000000
vt -0.235000 0.580598 0.000000
vt -0.470000 0.596505 0.000000
vt -0.235000 0.596505 0.000000
vt -0.000000 -0.612412 0.000000
vt -0.000000 -0.628319 0.000000
vt -0.000000 0.628319 0.000000
vt -0.000000 0.612412 0.000000
vt -0.000000 0.596505 0.000000
vt -0.000000 0.580598 0.000000
vt -0.000000 0.564691 0.000000
vt -0.000000 0.548785 0.000000
vt -0.000000 0.532878 0.000000
vt -0.000000 0.516971 0.000000
vt -0.000000 0.501064 0.000000
vt -0.000000 0.485157 0.000000
vt -0.000000 0.469251 0.000000
vt -0.000000 0.453344 0.000000
vt -0.000000 0.437437 0.000000
vt -0.000000 0.421530 0.000000
vt -0.000000 0.405623 0.000000
vt -0.000000 0.389717 0.000000
vt -0.000000 0.373810 0.000000
vt -0.000000 0.357903 0.000000
vt -0.000000 0.341996 0.000000
vt -0.000000 0.326089 0.000000
vt -0.000000 0.310183 0.000000
vt -0.000000 0.294276 0.000000
vt -0.000000 0.278369 0.000000
vt -0.000000 0.262462 0.000000
vt -0.000000 0.246555 0.000000
vt -0.000000 0.230649 0.000000
vt -0.000000 0.214742 0.000000
vt -0.000000 0.198835 0.000000
vt -0.000000 0.182928 0.000000
vt -0.000000 0.167021 0.000000
vt -0.000000 0.151115 0.000000
vt -0.000000 0.135208 0.000000
vt -0.000000 0.119301 0.000000
vt -0.000000 0.103394 0.000000
vt -0.000000 0.087487 0.000000
vt -0.000000 0.071581 0.000000
vt -0.000000 0.055674 0.000000
vt -0.000000 0.039767 0.000000
vt -0.000000 0.023860 0.000000
vt -0.000000 0.007953 0.000000
vt -0.000000 -0.007953 0.000000
vt -0.000000 -0.023860 0.000000
vt -0.000000 -0.039767 0.000000
vt -0.000000 -0.055674 0.000000
vt -0.000000 -0.071581 0.000000
vt -0.000000 -0.087487 0.000000
vt -0.000000 -0.103394 0.000000
vt -0.000000 -0.119301 0.000000
vt -0.000000 -0.135208 0.000000
vt -0.000000 -0.151115 0.000000
vt -0.000000 -0.167021 0.000000
vt -0.000000 -0.182928 0.000000
vt -0.000000 -0.198835 0.000000
vt -0.000000 -0.214742 0.000000
vt -0.000000 -0.230649 0.000000
vt -0.000000 -0.246555 0.000000
vt -0.000000 -0.262462 0.000000
vt -0.000000 -0.278369 0.000000
vt -0.000000 -0.294276 0.000000
vt -0.000000 -0.310183 0.000000
vt -0.000000 -0.326089 0.000000
vt -0.000000 -0.341996 0.000000
vt -0.000000 -0.357903 0.000000
vt -0.000000 -0.373810 0.000000
vt -0.000000 -0.389717 0.000000
vt -0.000000 -0.405623 0.000000
vt -0.000000 -0.421530 0.000000
vt -0.000000 -0.437437 0.000000
vt -0.000000 -0.453344 0.000000
vt -0.000000 -0.469251 0.000000
vt -0.000000 -0.485157 0.000000
vt -0.000000 -0.501064 0.000000
vt -0.000000 -0.516971 0.000000
vt -0.000000 -0.532878 0.000000
vt -0.000000 -0.548785 0.000000
vt -0.000000 -0.564691 0.000000
vt -0.000000 -0.580598 0.000000
vt -0.000000 -0.596505 0.000000
vt -0.109377 0.011692 0.000000
vt -0.199368 0.015890 0.000000
vt -0.110000 0.000000 0.000000
vt -0.200000 0.000000 0.000000
vt -0.199368 -0.015890 0.000000
vt -0.197475 0.031680 0.000000
vt -0.107514 0.023252 0.000000
vt -0.194334 0.047269 0.000000
vt -0.104434 0.034548 0.000000
vt -0.189964 0.062559 0.000000
vt -0.184393 0.077454 0.000000
vt -0.100170 0.045453 0.000000
vt -0.177657 0.091859 0.000000
vt -0.094771 0.055843 0.000000
vt -0.169797 0.105684 0.000000
vt -0.088298 0.065600 0.000000
vt -0.160863 0.118840 0.000000
vt -0.150913 0.131245 0.000000
vt -0.080825 0.074614 0.000000
vt -0.140008 0.142820 0.000000
vt -0.072436 0.082783 0.000000
vt -0.128219 0.153493 0.000000
vt -0.063227 0.090013 0.000000
vt -0.115618 0.163194 0.000000
vt -0.102287 0.171864 0.000000
vt -0.053301 0.096224 0.000000
vt -0.088309 0.179448 0.000000
vt -0.042771 0.101344 0.000000
vt -0.073773 0.185897 0.000000
vt -0.031756 0.105316 0.000000
vt -0.058770 0.191170 0.000000
vt -0.043396 0.195235 0.000000
vt -0.020382 0.108095 0.000000
vt -0.027747 0.198066 0.000000
vt -0.008776 0.109649 0.000000
vt -0.011923 0.199644 0.000000
vt 0.002928 0.109961 0.000000
vt 0.003976 0.199960 0.000000
vt 0.019851 0.199012 0.000000
vt 0.014600 0.109027 0.000000
vt 0.035600 0.196806 0.000000
vt 0.026106 0.106857 0.000000
vt 0.051123 0.193356 0.000000
vt 0.037316 0.103477 0.000000
vt 0.066324 0.188683 0.000000
vt 0.081105 0.182817 0.000000
vt 0.048104 0.098924 0.000000
vt 0.095374 0.175795 0.000000
vt 0.058346 0.093251 0.000000
vt 0.109039 0.167662 0.000000
vt 0.067928 0.086521 0.000000
vt 0.122015 0.158469 0.000000
vt 0.134220 0.148274 0.000000
vt 0.076739 0.078810 0.000000
vt 0.145576 0.137141 0.000000
vt 0.084682 0.070207 0.000000
vt 0.156011 0.125142 0.000000
vt 0.091665 0.060808 0.000000
vt 0.165461 0.112351 0.000000
vt 0.173864 0.098850 0.000000
vt 0.097609 0.050720 0.000000
vt 0.181168 0.084724 0.000000
vt 0.102447 0.040058 0.000000
vt 0.187327 0.070062 0.000000
vt 0.106124 0.028941 0.000000
vt 0.192301 0.054958 0.000000
vt 0.196059 0.039505 0.000000
vt 0.108600 0.017497 0.000000
vt 0.198578 0.023804 0.000000
vt 0.109844 0.005854 0.000000
vt 0.199842 0.007951 0.000000
vt 0.199842 -0.007951 0.000000
vt 0.109844 -0.005854 0.000000
vt 0.198578 -0.023804 0.000000
vt 0.108600 -0.017497 0.000000
vt 0.196059 -0.039505 0.000000
vt 0.106124 -0.028941 0.000000
vt 0.192301 -0.054958 0.000000
vt 0.187327 -0.070062 0.000000
vt 0.102447 -0.040058 0.000000
vt 0.181168 -0.084724 0.000000
vt 0.097609 -0.050720 0.000000
vt 0.173864 -0.098850 0.000000
vt 0.091665 -0.060808 0.000000
vt 0.165461 -0.112351 0.000000
vt 0.156011 -0.125142 0.000000
vt 0.084682 -0.070207 0.000000
vt 0.145576 -0.137141 0.000000
vt 0.076739 -0.078810 0.000000
vt 0.134220 -0.148274 0.000000
vt 0.067928 -0.086521 0.000000
vt 0.122015 -0.158469 0.000000
vt 0.058346 -0.093251 0.000000
vt 0.109039 -0.167662 0.000000
vt 0.048104 -0.098924 0.000000
vt 0.095374 -0.175795 0.000000
vt 0.081105 -0.182817 0.000000
vt 0.037316 -0.103477 0.000000
vt 0.066324 -0.188683 0.000000
vt 0.051123 -0.193356 0.000000
vt 0.026106 -0.106857 0.000000
vt 0.035600 -0.196806 0.000000
vt 0.014600 -0.109027 0.000000
vt 0.019851 -0.199012 0.000000
vt 0.002928 -0.109961 0.000000
vt 0.003976 -0.199960 0.000000
vt -0.011923 -0.199644 0.000000
vt -0.008776 -0.109649 0.000000
vt -0.027747 -0.198066 0.000000
vt -0.020382 -0.108095 0.000000
vt -0.043396 -0.195235 0.000000
vt -0.031756 -0.105316 0.000000
vt -0.058770 -0.191170 0.000000
vt -0.073773 -0.185897 0.000000
vt -0.042771 -0.101344 0.000000
vt -0.088309 -0.179448 0.000000
vt -0.053301 -0.096224 0.000000
vt -0.102287 -0.171864 0.000000
vt -0.063227 -0.090013 0.000000
vt -0.115618 -0.163194 0.000000
vt -0.128219 -0.153493 0.000000
vt -0.072436 -0.082783 0.000000
vt -0.140008 -0.142820 0.000000
vt -0.080825 -0.074614 0.000000
vt -0.150913 -0.131245 0.000000
vt -0.088298 -0.065600 0.000000
vt -0.160863 -0.118840 0.000000
vt -0.169797 -0.105684 0.000000
vt -0.094771 -0.055843 0.000000
vt -0.177657 -0.091859 0.000000
vt -0.100170 -0.045453 0.000000
vt -0.184393 -0.077454 0.000000
vt -0.104434 -0.034548 0.000000
vt -0.189964 -0.062559 0.000000
vt -0.194334 -0.047269 0.000000
vt -0.107514 -0.023252 0.000000
vt -0.197475 -0.031680 0.000000
vt -0.109377 -0.011692 0.000000
vt 0.109377 -0.011692 0.000000
vt 0.199368 -0.015890 0.000000
vt 0.110000 0.000000 0.000000
vt 0.200000 0.000000 0.000000
vt 0.199368 0.015890 0.000000
vt 0.197475 -0.031680 0.000000
vt 0.107514 -0.023252 0.000000
vt 0.194334 -0.047269 0.000000
vt 0.104434 -0.034548 0.000000
vt 0.189964 -0.062559 0.000000
vt 0.184393 -0.077454 0.000000
vt 0.100170 -0.045453 0.000000
vt 0.177657 -0.091859 0.000000
vt 0.094771 -0.055843 0.000000
vt 0.169797 -0.105684 0.000000
vt 0.088298 -0.065600 0.000000
vt 0.160863 -0.118840 0.000000
vt 0.150913 -0.131245 0.000000
vt 0.080825 -0.074614 0.000000
vt 0.140008 -0.142820 0.000000
vt 0.072436 -0.082783 0.000000
vt 0.128219 -0.153493 0.000000
vt 0.063227 -0.090013 0.000000
vt 0.115618 -0.163194 0.000000
vt 0.102287 -0.171864 0.000000
vt 0.053301 -0.096224 0.000000
vt 0.088309 -0.179448 0.000000
vt 0.042771 -0.101344 0.000000
vt 0.073773 -0.185897 0.000000
vt 0.031756 -0.105316 0.000000
vt 0.058770 -0.191170 0.000000
vt 0.043396 -0.195235 0.000000
vt 0.020382 -0.108095 0.000000
vt 0.027747 -0.198066 0.000000
vt 0.008776 -0.109649 0.000000
vt 0.011923 -0.199644 0.000000
vt -0.002928 -0.109961 0.000000
vt -0.003976 -0.199960 0.000000
vt -0.019851 -0.199012 0.000000
vt -0.014600 -0.109027 0.000000
vt -0.035600 -0.196806 0.000000
vt -0.026106 -0.106857 0.000000
vt -0.051123 -0.193356 0.000000
vt -0.037316 -0.103477 0.000000
vt -0.066324 -0.188683 0.000000
vt -0.081105 -0.182817 0.000000
vt -0.048104 -0.098924 0.000000
vt -0.095374 -0.175795 0.000000
vt -0.109039 -0.167662 0.000000
vt -0.058346 -0.093251 0.000000
vt -0.067928 -0.086521 0.000000
vt -0.076739 -0.078810 0.000000
vt -0.134220 -0.148274 0.000000
vt -0.122015 -0.158469 0.000000
vt -0.145576 -0.137141 0.000000
vt -0.084682 -0.070207 0.000000
vt -0.156011 -0.125142 0.000000
vt -0.091665 -0.060808 0.000000
vt -0.165461 -0.112351 0.000000
vt -0.173864 -0.098850 0.000000
vt -0.097609 -0.050720 0.000000
vt -0.181168 -0.084724 0.000000
vt -0.102447 -0.040058 0.000000
vt -0.187327 -0.070062 0.000000
vt -0.106124 -0.028941 0.000000
vt -0.192301 -0.054958 0.000000
vt -0.196059 -0.039505 0.000000
vt -0.108600 -0.017497 0.000000
vt -0.198578 -0.023804 0.000000
vt -0.109844 -0.005854 0.000000
vt -0.199842 -0.007951 0.000000
vt -0.109844 0.005854 0.000000
vt -0.199842 0.007951 0.000000
vt -0.198578 0.023804 0.000000
vt -0.108600 0.017497 0.000000
vt -0.196059 0.039505 0.000000
vt -0.106124 0.028941 0.000000
vt -0.192301 0.054958 0.000000
vt -0.187327 0.070062 0.000000
vt -0.102447 0.040058 0.000000
vt -0.181168 0.084724 0.000000
vt -0.097609 0.050720 0.000000
vt -0.173864 0.098850 0.000000
vt -0.091665 0.060808 0.000000
vt -0.165461 0.112351 0.000000
vt -0.156011 0.125142 0.000000
vt -0.084682 0.070207 0.000000
vt -0.145576 0.137141 0.000000
vt -0.076739 0.078810 0.000000
vt -0.134220 0.148274 0.000000
vt -0.067928 0.086521 0.000000
vt -0.122015 0.158469 0.000000
vt -0.109039 0.167662 0.000000
vt -0.058346 0.093251 0.000000
vt -0.095374 0.175795 0.000000
vt -0.048104 0.098924 0.000000
vt -0.081105 0.182817 0.000000
vt -0.037316 0.103477 0.000000
vt -0.066324 0.188683 0.000000
vt -0.051123 0.193356 0.000000
vt -0.026106 0.106857 0.000000
vt -0.035600 0.196806 0.000000
vt -0.014600 0.109027 0.000000
vt -0.019851 0.199012 0.000000
vt -0.002928 0.109961 0.000000
vt -0.003976 0.199960 0.000000
vt 0.011923 0.199644 0.000000
vt 0.008776 0.109649 0.000000
vt 0.027747 0.198066 0.000000
vt 0.020382 0.108095 0.000000
vt 0.043396 0.195235 0.000000
vt 0.031756 0.105316 0.000000
vt 0.058770 0.191170 0.000000
vt 0.073773 0.185897 0.000000
vt 0.042771 0.101344 0.000000
vt 0.088309 0.179448 0.000000
vt 0.053301 0.096224 0.000000
vt 0.102287 0.171864 0.000000
vt 0.063227 0.090013 0.000000
vt 0.115618 0.163194 0.000000
vt 0.128219 0.153493 0.000000
vt 0.072436 0.082783 0.000000
vt 0.140008 0.142820 0.000000
vt 0.080825 0.074614 0.000000
vt 0.150913 0.131245 0.000000
vt 0.088298 0.065600 0.000000
vt 0.160863 0.118840 0.000000
vt 0.169797 0.105684 0.000000
vt 0.094771 0.055843 0.000000
vt 0.177657 0.091859 0.000000
vt 0.100170 0.045453 0.000000
vt 0.184393 0.077454 0.000000
vt 0.104434 0.034548 0.000000
vt 0.189964 0.062559 0.000000
vt 0.194334 0.047269 0.000000
vt 0.107514 0.023252 0.000000
vt 0.197475 0.031680 0.000000
vt 0.109377 0.011692 0.000000
vn 0.099433 0.000000 -0.010629
vn 0.099433 0.000000 -0.010629
vn 0.100000 0.000000 -0.000000
vn 0.100000 0.000000 -0.000000
vn 0.099433 -0.000000 0.010629
vn 0.099433 -0.000000 0.010629
vn 0.097740 -0.000000 0.021138
vn 0.097740 -0.000000 0.021138
vn 0.094940 -0.000000 0.031408
vn 0.094940 -0.000000 0.031408
vn 0.091063 -0.000000 0.041321
vn 0.091063 -0.000000 0.041321
vn 0.086155 -0.000000 0.050767
vn 0.086155 -0.000000 0.050767
vn 0.080271 -0.000000 0.059637
vn 0.080271 -0.000000 0.059637
vn 0.073477 -0.000000 0.067831
vn 0.073477 -0.000000 0.067831
vn 0.065851 -0.000000 0.075257
vn 0.065851 -0.000000 0.075257
vn 0.057479 -0.000000 0.081830
vn 0.057479 -0.000000 0.081830
vn 0.048455 -0.000000 0.087476
vn 0.048455 -0.000000 0.087476
vn 0.038882 -0.000000 0.092131
vn 0.038882 -0.000000 0.092131
vn 0.028869 -0.000000 0.095742
vn 0.028869 -0.000000 0.095742
vn 0.018529 -0.000000 0.098268
vn 0.018529 -0.000000 0.098268
vn 0.007979 -0.000000 0.099681
vn 0.007979 -0.000000 0.099681
vn -0.002662 0.000000 0.099965
vn -0.002662 0.000000 0.099965
vn -0.013273 0.000000 0.099115
vn -0.013273 0.000000 0.099115
vn -0.023733 0.000000 0.097143
vn -0.023733 0.000000 0.097143
vn -0.033924 0.000000 0.094070
vn -0.033924 0.000000 0.094070
vn -0.043731 0.000000 0.089931
vn -0.043731 0.000000 0.089931
vn -0.053042 0.000000 0.084773
vn -0.053042 0.000000 0.084773
vn -0.061752 0.000000 0.078655
vn -0.061752 0.000000 0.078655
vn -0.069763 0.000000 0.071646
vn -0.069763 0.000000 0.071646
vn -0.076983 0.000000 0.063824
vn -0.076983 0.000000 0.063824
vn -0.083331 0.000000 0.055280
vn -0.083331 0.000000 0.055280
vn -0.088735 0.000000 0.046109
vn -0.088735 0.000000 0.046109
vn -0.093134 0.000000 0.036416
vn -0.093134 0.000000 0.036416
vn -0.096477 0.000000 0.026310
vn -0.096477 0.000000 0.026310
vn -0.098727 0.000000 0.015906
vn -0.098727 0.000000 0.015906
vn -0.099858 0.000000 0.005322
vn -0.099858 0.000000 0.005322
vn -0.099858 0.000000 -0.005322
vn -0.099858 0.000000 -0.005322
vn -0.098727 0.000000 -0.015906
vn -0.098727 0.000000 -0.015906
vn -0.096477 0.000000 -0.026310
vn -0.096477 0.000000 -0.026310
vn -0.093134 0.000000 -0.036416
vn -0.093134 0.000000 -0.036416
vn -0.088735 0.000000 -0.046109
vn -0.088735 0.000000 -0.046109
vn -0.083331 0.000000 -0.055280
vn -0.083331 0.000000 -0.055280
vn -0.076983 0.000000 -0.063824
vn -0.076983 0.000000 -0.063824
vn -0.069763 0.000000 -0.071646
vn -0.069763 0.000000 -0.071646
vn -0.061752 0.000000 -0.078655
vn -0.061752 0.000000 -0.078655
vn -0.053042 0.000000 -0.084773
vn -0.053042 0.000000 -0.084773
vn -0.043731 0.000000 -0.089931
vn -0.043731 0.000000 -0.089931
vn -0.033924 0.000000 -0.094070
vn -0.033924 0.000000 -0.094070
vn -0.023733 0.000000 -0.097143
vn -0.023733 0.000000 -0.097143
vn -0.013273 0.000000 -0.099115
vn -0.013273 0.000000 -0.099115
vn -0.002662 0.000000 -0.099965
vn -0.002662 0.000000 -0.099965
vn 0.007979 0.000000 -0.099681
vn 0.007979 0.000000 -0.099681
vn 0.018529 0.000000 -0.098268
vn 0.018529 0.000000 -0.098268
vn 0.028869 0.000000 -0.095742
vn 0.028869 0.000000 -0.095742
vn 0.038882 0.000000 -0.092131
vn 0.038882 0.000000 -0.092131
vn 0.048455 0.000000 -0.087476
vn 0.048455 0.000000 -0.087476
vn 0.057479 0.000000 -0.081830
vn 0.057479 0.000000 -0.081830
vn 0.065851 0.000000 -0.075257
vn 0.065851 0.000000 -0.075257
vn 0.073477 0.000000 -0.067831
vn 0.073477 0.000000 -0.067831
vn 0.080271 0.000000 -0.059637
vn 0.080271 0.000000 -0.059637
vn 0.086155 0.000000 -0.050767
vn 0.086155 0.000000 -0.050767
vn 0.091063 0.000000 -0.041321
vn 0.091063 0.000000 -0.041321
vn 0.094940 0.000000 -0.031408
vn 0.094940 0.000000 -0.031408
vn 0.097740 0.000000 -0.021138
vn 0.097740 0.000000 -0.021138
vn 0.099433 -0.000000 0.010629
vn 0.100000 -0.000000 0.000000
vn 0.099433 0.000000 -0.010629
vn 0.097740 0.000000 -0.021138
vn 0.094940 0.000000 -0.031408
vn 0.091063 0.000000 -0.041321
vn 0.086155 0.000000 -0.050767
vn 0.080271 0.000000 -0.059637
vn 0.073477 0.000000 -0.067831
vn 0.065851 0.000000 -0.075257
vn 0.057479 0.000000 -0.081830
vn 0.048455 0.000000 -0.087476
vn 0.038882 0.000000 -0.092131
vn 0.028869 0.000000 -0.095742
vn 0.018529 0.000000 -0.098268
vn 0.007979 0.000000 -0.099681
vn -0.002662 0.000000 -0.099965
vn -0.013273 0.000000 -0.099115
vn -0.023733 0.000000 -0.097143
vn -0.033924 0.000000 -0.094070
vn -0.043731 0.000000 -0.089931
vn -0.053042 0.000000 -0.084773
vn -0.061752 0.000000 -0.078655
vn -0.069763 0.000000 -0.071646
vn -0.076983 0.000000 -0.063824
vn -0.083331 0.000000 -0.055280
vn -0.088735 0.000000 -0.046109
vn -0.093134 0.000000 -0.036416
vn -0.096477 0.000000 -0.026310
vn -0.098727 0.000000 -0.015906
vn -0.099858 0.000000 -0.005322
vn -0.099858 0.000000 0.005322
vn -0.098727 0.000000 0.015906
vn -0.096477 0.000000 0.026310
vn -0.093134 0.000000 0.036416
vn -0.088735 0.000000 0.046109
vn -0.083331 0.000000 0.055280
vn -0.076983 0.000000 0.063824
vn -0.069763 0.000000 0.071646
vn -0.061752 0.000000 0.078655
vn -0.053042 0.000000 0.084773
vn -0.043731 0.000000 0.089931
vn -0.033924 0.000000 0.094070
vn -0.023733 0.000000 0.097143
vn -0.013273 0.000000 0.099115
vn -0.002662 0.000000 0.099965
vn 0.007979 -0.000000 0.099681
vn 0.018529 -0.000000 0.098268
vn 0.028869 -0.000000 0.095742
vn 0.038882 -0.000000 0.092131
vn 0.048455 -0.000000 0.087476
vn 0.057479 -0.000000 0.081830
vn 0.065851 -0.000000 0.075257
vn 0.073477 -0.000000 0.067831
vn 0.080271 -0.000000 0.059637
vn 0.086155 -0.000000 0.050767
vn 0.091063 -0.000000 0.041321
vn 0.094940 -0.000000 0.031408
vn 0.097740 -0.000000 0.021138
vn -0.099684 0.000000 -0.007945
vn -0.099684 0.000000 -0.007945
vn -0.100000 0.000000 -0.000000
vn -0.100000 0.000000 -0.000000
vn -0.099684 0.000000 0.007945
vn -0.099684 0.000000 0.007945
vn -0.098738 0.000000 0.015840
vn -0.098738 0.000000 0.015840
vn -0.097167 0.000000 0.023634
vn -0.097167 0.000000 0.023634
vn -0.094982 0.000000 0.031280
vn -0.094982 0.000000 0.031280
vn -0.092197 0.000000 0.038727
vn -0.092197 0.000000 0.038727
vn -0.088828 0.000000 0.045930
vn -0.088828 0.000000 0.045930
vn -0.084898 0.000000 0.052842
vn -0.084898 0.000000 0.052842
vn -0.080432 0.000000 0.059420
vn -0.080432 0.000000 0.059420
vn -0.075456 0.000000 0.065623
vn -0.075456 0.000000 0.065623
vn -0.070004 0.000000 0.071410
vn -0.070004 0.000000 0.071410
vn -0.064109 0.000000 0.076746
vn -0.064109 0.000000 0.076746
vn -0.057809 0.000000 0.081597
vn -0.057809 0.000000 0.081597
vn -0.051144 0.000000 0.085932
vn -0.051144 0.000000 0.085932
vn -0.044155 0.000000 0.089724
vn -0.044155 0.000000 0.089724
vn -0.036886 0.000000 0.092948
vn -0.036886 0.000000 0.092948
vn -0.029385 0.000000 0.095585
vn -0.029385 0.000000 0.095585
vn -0.021698 0.000000 0.097618
vn -0.021698 0.000000 0.097618
vn -0.013874 0.000000 0.099033
vn -0.013874 0.000000 0.099033
vn -0.005962 0.000000 0.099822
vn -0.005962 0.000000 0.099822
vn 0.001988 -0.000000 0.099980
vn 0.001988 -0.000000 0.099980
vn 0.009925 -0.000000 0.099506
vn 0.009925 -0.000000 0.099506
vn 0.017800 -0.000000 0.098403
vn 0.017800 -0.000000 0.098403
vn 0.025562 -0.000000 0.096678
vn 0.025562 -0.000000 0.096678
vn 0.033162 -0.000000 0.094341
vn 0.033162 -0.000000 0.094341
vn 0.040553 -0.000000 0.091408
vn 0.040553 -0.000000 0.091408
vn 0.047687 -0.000000 0.087898
vn 0.047687 -0.000000 0.087898
vn 0.054519 -0.000000 0.083831
vn 0.054519 -0.000000 0.083831
vn 0.061008 -0.000000 0.079234
vn 0.061008 -0.000000 0.079234
vn 0.067110 -0.000000 0.074137
vn 0.067110 -0.000000 0.074137
vn 0.072788 -0.000000 0.068571
vn 0.072788 -0.000000 0.068571
vn 0.078006 -0.000000 0.062571
vn 0.078006 -0.000000 0.062571
vn 0.082730 -0.000000 0.056175
vn 0.082730 -0.000000 0.056175
vn 0.086932 -0.000000 0.049425
vn 0.086932 -0.000000 0.049425
vn 0.090584 -0.000000 0.042362
vn 0.090584 -0.000000 0.042362
vn 0.093663 -0.000000 0.035031
vn 0.093663 -0.000000 0.035031
vn 0.096150 -0.000000 0.027479
vn 0.096150 -0.000000 0.027479
vn 0.098030 -0.000000 0.019753
vn 0.098030 -0.000000 0.019753
vn 0.099289 -0.000000 0.011902
vn 0.099289 -0.000000 0.011902
vn 0.099921 -0.000000 0.003976
vn 0.099921 -0.000000 0.003976
vn 0.099921 0.000000 -0.003976
vn 0.099921 0.000000 -0.003976
vn 0.099289 0.000000 -0.011902
vn 0.099289 0.000000 -0.011902
vn 0.098030 0.000000 -0.019753
vn 0.098030 0.000000 -0.019753
vn 0.096150 0.000000 -0.027479
vn 0.096150 0.000000 -0.027479
vn 0.093663 0.000000 -0.035031
vn 0.093663 0.000000 -0.035031
vn 0.090584 0.000000 -0.042362
vn 0.090584 0.000000 -0.042362
vn 0.086932 0.000000 -0.049425
vn 0.086932 0.000000 -0.049425
vn 0.082730 0.000000 -0.056175
vn 0.082730 0.000000 -0.056175
vn 0.078006 0.000000 -0.062571
vn 0.078006 0.000000 -0.062571
vn 0.072788 0.000000 -0.068571
vn 0.072788 0.000000 -0.068571
vn 0.067110 0.000000 -0.074137
vn 0.067110 0.000000 -0.074137
vn 0.061008 0.000000 -0.079234
vn 0.061008 0.000000 -0.079234
vn 0.054519 0.000000 -0.083831
vn 0.054519 0.000000 -0.083831
vn 0.047687 0.000000 -0.087898
vn 0.047687 0.000000 -0.087898
vn 0.040553 0.000000 -0.091408
vn 0.040553 0.000000 -0.091408
vn 0.033162 0.000000 -0.094341
vn 0.033162 0.000000 -0.094341
vn 0.025562 0.000000 -0.096678
vn 0.025562 0.000000 -0.096678
vn 0.017800 0.000000 -0.098403
vn 0.017800 0.000000 -0.098403
vn 0.009925 0.000000 -0.099506
vn 0.009925 0.000000 -0.099506
vn 0.001988 0.000000 -0.099980
vn 0.001988 0.000000 -0.099980
vn -0.005962 0.000000 -0.099822
vn -0.005962 0.000000 -0.099822
vn -0.013874 0.000000 -0.099033
vn -0.013874 0.000000 -0.099033
vn -0.021698 0.000000 -0.097618
vn -0.021698 0.000000 -0.097618
vn -0.029385 0.000000 -0.095585
vn -0.029385 0.000000 -0.095585
vn -0.036886 0.000000 -0.092948
vn -0.036886 0.000000 -0.092948
vn -0.044155 0.000000 -0.089724
vn -0.044155 0.000000 -0.089724
vn -0.051144 0.000000 -0.085932
vn -0.051144 0.000000 -0.085932
vn -0.057809 0.000000 -0.081597
vn -0.057809 0.000000 -0.081597
vn -0.064109 0.000000 -0.076746
vn -0.064109 0.000000 -0.076746
vn -0.070004 0.000000 -0.071410
vn -0.070004 0.000000 -0.071410
vn -0.075456 0.000000 -0.065623
vn -0.075456 0.000000 -0.065623
vn -0.080432 0.000000 -0.059420
vn -0.080432 0.000000 -0.059420
vn -0.084898 0.000000 -0.052842
vn -0.084898 0.000000 -0.052842
vn -0.088828 0.000000 -0.045930
vn -0.088828 0.000000 -0.045930
vn -0.092197 0.000000 -0.038727
vn -0.092197 0.000000 -0.038727
vn -0.094982 0.000000 -0.031280
vn -0.094982 0.000000 -0.031280
vn -0.097167 0.000000 -0.023634
vn -0.097167 0.000000 -0.023634
vn -0.098738 0.000000 -0.015840
vn -0.098738 0.000000 -0.015840
vn -0.099684 0.000000 0.007945
vn -0.100000 0.000000 0.000000
vn -0.099684 0.000000 -0.007945
vn -0.098738 0.000000 -0.015840
vn -0.097167 0.000000 -0.023634
vn -0.094982 0.000000 -0.031280
vn -0.092197 0.000000 -0.038727
vn -0.088828 0.000000 -0.045930
vn -0.084898 0.000000 -0.052842
vn -0.080432 0.000000 -0.059420
vn -0.075456 0.000000 -0.065623
vn -0.070004 0.000000 -0.071410
vn -0.064109 0.000000 -0.076746
vn -0.057809 0.000000 -0.081597
vn -0.051144 0.000000 -0.085932
vn -0.044155 0.000000 -0.089724
vn -0.036886 0.000000 -0.092948
vn -0.029385 0.000000 -0.095585
vn -0.021698 0.000000 -0.097618
vn -0.013874 0.000000 -0.099033
vn -0.005962 0.000000 -0.099822
vn 0.001988 0.000000 -0.099980
vn 0.009925 0.000000 -0.099506
vn 0.017800 0.000000 -0.098403
vn 0.025562 0.000000 -0.096678
vn 0.033162 0.000000 -0.094341
vn 0.040553 0.000000 -0.091408
vn 0.047687 0.000000 -0.087898
vn 0.054519 0.000000 -0.083831
vn 0.061008 0.000000 -0.079234
vn 0.067110 0.000000 -0.074137
vn 0.072788 0.000000 -0.068571
vn 0.078006 0.000000 -0.062571
vn 0.082730 0.000000 -0.056175
vn 0.086932 0.000000 -0.049425
vn 0.090584 0.000000 -0.042362
vn 0.093663 0.000000 -0.035031
vn 0.096150 0.000000 -0.027479
vn 0.098030 0.000000 -0.019753
vn 0.099289 0.000000 -0.011902
vn 0.099921 0.000000 -0.003976
vn 0.099921 -0.000000 0.003976
vn 0.099289 -0.000000 0.011902
vn 0.098030 -0.000000 0.019753
vn 0.096150 -0.000000 0.027479
vn 0.093663 -0.000000 0.035031
vn 0.090584 -0.000000 0.042362
vn 0.086932 -0.000000 0.049425
vn 0.082730 -0.000000 0.056175
vn 0.078006 -0.000000 0.062571
vn 0.072788 -0.000000 0.068571
vn 0.067110 -0.000000 0.074137
vn 0.061008 -0.000000 0.079234
vn 0.054519 -0.000000 0.083831
vn 0.047687 -0.000000 0.087898
vn 0.040553 -0.000000 0.091408
vn 0.033162 -0.000000 0.094341
vn 0.025562 -0.000000 0.096678
vn 0.017800 -0.000000 0.098403
vn 0.009925 -0.000000 0.099506
vn 0.001988 -0.000000 0.099980
vn -0.005962 0.000000 0.099822
vn -0.013874 0.000000 0.099033
vn -0.021698 0.000000 0.097618
vn -0.029385 0.000000 0.095585
vn -0.036886 0.000000 0.092948
vn -0.044155 0.000000 0.089724
vn -0.051144 0.000000 0.085932
vn -0.057809 0.000000 0.081597
vn -0.064109 0.000000 0.076746
vn -0.070004 0.000000 0.071410
vn -0.075456 0.000000 0.065623
vn -0.080432 0.000000 0.059420
vn -0.084898 0.000000 0.052842
vn -0.088828 0.000000 0.045930
vn -0.092197 0.000000 0.038727
vn -0.094982 0.000000 0.031280
vn -0.097167 0.000000 0.023634
vn -0.098738 0.000000 0.015840
vn 0.000000 0.100000 0.000000
vn 0.000000 0.100000 0.000000
vn 0.000000 0.100000 0.000000
vn 0.000000 0.100000 0.000000
vn 0.000000 0.100000 0.000000
vn 0.000000 0.100000 0.000000
vn 0.000000 0.100000 0.000000
vn 0.000000 0.100000 0.000000
vn 0.000000 0.100000 0.000000
vn 0.000000 0.100000 0.000000
vn 0.000000 0.100000 0.000000
vn 0.000000 0.100000 0.000000
vn 0.000000 0.100000 0.000000
vn 0.000000 0.100000 0.000000
vn 0.000000 0.100000 0.000000
vn 0.000000 0.100000 0.000000
vn 0.000000 0.100000 0.000000
vn 0.000000 0.100000 0.000000
vn 0.000000 0.100000 0.000000
vn 0.000000 0.100000 0.000000
vn 0.000000 0.100000 0.000000
vn 0.000000 0.100000 0.000000
vn 0.000000 0.100000 0.000000
vn 0.000000 0.100000 0.000000
vn 0.000000 0.100000 0.000000
vn 0.000000 0.100000 0.000000
vn 0.000000 0.100000 0.000000
vn 0.000000 0.100000 0.000000
vn 0.000000 0.100000 0.000000
vn 0.000000 0.100000 0.000000
vn 0.000000 0.100000 0.000000
vn 0.000000 0.100000 0.000000
vn 0.000000 0.100000 0.000000
vn 0.000000 0.100000 0.000000
vn 0.000000 0.100000 0.000000
vn 0.000000 0.100000 0.000000
vn 0.000000 0.100000 0.000000
vn 0.000000 0.100000 0.000000
vn 0.000000 0.100000 0.000000
vn 0.000000 0.100000 0.000000
vn 0.000000 0.100000 0.000000
vn 0.000000 0.100000 0.000000
vn 0.000000 0.100000 0.000000
vn 0.000000 0.100000 0.000000
vn 0.000000 0.100000 0.000000
vn 0.000000 0.100000 0.000000
vn 0.000000 0.100000 0.000000
vn 0.000000 0.100000 0.000000
vn 0.000000 0.100000 0.000000
vn 0.000000 0.100000 0.000000
vn 0.000000 0.100000 0.000000
vn 0.000000 0.100000 0.000000
vn 0.000000 0.100000 0.000000
vn 0.000000 0.100000 0.000000
vn 0.000000 0.100000 0.000000
vn 0.000000 0.100000 0.000000
vn 0.000000 0.100000 0.000000
vn 0.000000 0.100000 0.000000
vn 0.000000 0.100000 0.000000
vn 0.000000 0.100000 0.000000
vn 0.000000 0.100000 0.000000
vn 0.000000 0.100000 0.000000
vn 0.000000 0.100000 0.000000
vn 0.000000 0.100000 0.000000
vn 0.000000 0.100000 0.000000
vn 0.000000 0.100000 0.000000
vn 0.000000 0.100000 0.000000
vn 0.000000 0.100000 0.000000
vn 0.000000 0.100000 0.000000
vn 0.000000 0.100000 0.000000
vn 0.000000 0.100000 0.000000
vn 0.000000 0.100000 0.000000
vn 0.000000 0.100000 0.000000
vn 0.000000 0.100000 0.000000
vn 0.000000 0.100000 0.000000
vn 0.000000 0.100000 0.000000
vn 0.000000 0.100000 0.000000
vn 0.000000 0.100000 0.000000
vn 0.000000 0.100000 0.000000
vn 0.000000 0.100000 0.000000
vn 0.000000 0.100000 0.000000
vn 0.000000 0.100000 0.000000
vn 0.000000 0.100000 0.000000
vn 0.000000 0.100000 0.000000
vn 0.000000 0.100000 0.000000
vn 0.000000 0.100000 0.000000
vn 0.000000 0.100000 0.000000
vn 0.000000 0.100000 0.000000
vn 0.000000 0.100000 0.000000
vn 0.000000 0.100000 0.000000
vn 0.000000 0.100000 0.000000
vn 0.000000 0.100000 0.000000
vn 0.000000 0.100000 0.000000
vn 0.000000 0.100000 0.000000
vn 0.000000 0.100000 0.000000
vn 0.000000 0.100000 0.000000
vn 0.000000 0.100000 0.000000
vn 0.000000 0.100000 0.000000
vn 0.000000 0.100000 0.000000
vn 0.000000 0.100000 0.000000
vn 0.000000 0.100000 0.000000
vn 0.000000 0.100000 0.000000
vn 0.000000 0.100000 0.000000
vn 0.000000 0.100000 0.000000
vn 0.000000 0.100000 0.000000
vn 0.000000 0.100000 0.000000
vn 0.000000 0.100000 0.000000
vn 0.000000 0.100000 0.000000
vn 0.000000 0.100000 0.000000
vn 0.000000 0.100000 0.000000
vn 0.000000 0.100000 0.000000
vn 0.000000 0.100000 0.000000
vn 0.000000 0.100000 0.000000
vn 0.000000 0.100000 0.000000
vn 0.000000 0.100000 0.000000
vn 0.000000 0.100000 0.000000
vn 0.000000 0.100000 0.000000
vn 0.000000 0.100000 0.000000
vn 0.000000 0.100000 0.000000
vn 0.000000 0.100000 0.000000
vn 0.000000 0.100000 0.000000
vn 0.000000 0.100000 0.000000
vn 0.000000 0.100000 0.000000
vn 0.000000 0.100000 0.000000
vn 0.000000 0.100000 0.000000
vn 0.000000 0.100000 0.000000
vn 0.000000 0.100000 0.000000
vn 0.000000 0.100000 0.000000
vn 0.000000 0.100000 0.000000
vn 0.000000 0.100000 0.000000
vn 0.000000 0.100000 0.000000
vn 0.000000 0.100000 0.000000
vn 0.000000 0.100000 0.000000
vn 0.000000 0.100000 0.000000
vn 0.000000 0.100000 0.000000
vn 0.000000 0.100000 0.000000
vn 0.000000 0.100000 0.000000
vn 0.000000 0.100000 0.000000
vn 0.000000 -0.100000 0.000000
vn 0.000000 -0.100000 0.000000
vn 0.000000 -0.100000 0.000000
vn 0.000000 -0.100000 0.000000
vn 0.000000 -0.100000 0.000000
vn 0.000000 -0.100000 0.000000
vn 0.000000 -0.100000 0.000000
vn 0.000000 -0.100000 0.000000
vn 0.000000 -0.100000 0.000000
vn 0.000000 -0.100000 0.000000
vn 0.000000 -0.100000 0.000000
vn 0.000000 -0.100000 0.000000
vn 0.000000 -0.100000 0.000000
vn 0.000000 -0.100000 0.000000
vn 0.000000 -0.100000 0.000000
vn 0.000000 -0.100000 0.000000
vn 0.000000 -0.100000 0.000000
vn 0.000000 -0.100000 0.000000
vn 0.000000 -0.100000 0.000000
vn 0.000000 -0.100000 0.000000
vn 0.000000 -0.100000 0.000000
vn 0.000000 -0.100000 0.000000
vn 0.000000 -0.100000 0.000000
vn 0.000000 -0.100000 0.000000
vn 0.000000 -0.100000 0.000000
vn 0.000000 -0.100000 0.000000
vn 0.000000 -0.100000 0.000000
vn 0.000000 -0.100000 0.000000
vn 0.000000 -0.100000 0.000000
vn 0.000000 -0.100000 0.000000
vn 0.000000 -0.100000 0.000000
vn 0.000000 -0.100000 0.000000
vn 0.000000 -0.100000 0.000000
vn 0.000000 -0.100000 0.000000
vn 0.000000 -0.100000 0.000000
vn 0.000000 -0.100000 0.000000
vn 0.000000 -0.100000 0.000000
vn 0.000000 -0.100000 0.000000
vn 0.000000 -0.100000 0.000000
vn 0.000000 -0.100000 0.000000
vn 0.000000 -0.100000 0.000000
vn 0.000000 -0.100000 0.000000
vn 0.000000 -0.100000 0.000000
vn 0.000000 -0.100000 0.000000
vn 0.000000 -0.100000 0.000000
vn 0.000000 -0.100000 0.000000
vn 0.000000 -0.100000 0.000000
vn 0.000000 -0.100000 0.000000
vn 0.000000 -0.100000 0.000000
vn 0.000000 -0.100000 0.000000
vn 0.000000 -0.100000 0.000000
vn 0.000000 -0.100000 0.000000
vn 0.000000 -0.100000 0.000000
vn 0.000000 -0.100000 0.000000
vn 0.000000 -0.100000 0.000000
vn 0.000000 -0.100000 0.000000
vn 0.000000 -0.100000 0.000000
vn 0.000000 -0.100000 0.000000
vn 0.000000 -0.100000 0.000000
vn 0.000000 -0.100000 0.000000
vn 0.000000 -0.100000 0.000000
vn 0.000000 -0.100000 0.000000
vn 0.000000 -0.100000 0.000000
vn 0.000000 -0.100000 0.000000
vn 0.000000 -0.100000 0.000000
vn 0.000000 -0.100000 0.000000
vn 0.000000 -0.100000 0.000000
vn 0.000000 -0.100000 0.000000
vn 0.000000 -0.100000 0.000000
vn 0.000000 -0.100000 0.000000
vn 0.000000 -0.100000 0.000000
vn 0.000000 -0.100000 0.000000
vn 0.000000 -0.100000 0.000000
vn 0.000000 -0.100000 0.000000
vn 0.000000 -0.100000 0.000000
vn 0.000000 -0.100000 0.000000
vn 0.000000 -0.100000 0.000000
vn 0.000000 -0.100000 0.000000
vn 0.000000 -0.100000 0.000000
vn 0.000000 -0.100000 0.000000
vn 0.000000 -0.100000 0.000000
vn 0.000000 -0.100000 0.000000
vn 0.000000 -0.100000 0.000000
vn 0.000000 -0.100000 0.000000
vn 0.000000 -0.100000 0.000000
vn 0.000000 -0.100000 0.000000
vn 0.000000 -0.100000 0.000000
vn 0.000000 -0.100000 0.000000
vn 0.000000 -0.100000 0.000000
vn 0.000000 -0.100000 0.000000
vn 0.000000 -0.100000 0.000000
vn 0.000000 -0.100000 0.000000
vn 0.000000 -0.100000 0.000000
vn 0.000000 -0.100000 0.000000
vn 0.000000 -0.100000 0.000000
vn 0.000000 -0.100000 0.000000
vn 0.000000 -0.100000 0.000000
vn 0.000000 -0.100000 0.000000
vn 0.000000 -0.100000 0.000000
vn 0.000000 -0.100000 0.000000
vn 0.000000 -0.100000 0.000000
vn 0.000000 -0.100000 0.000000
vn 0.000000 -0.100000 0.000000
vn 0.000000 -0.100000 0.000000
vn 0.000000 -0.100000 0.000000
vn 0.000000 -0.100000 0.000000
vn 0.000000 -0.100000 0.000000
vn 0.000000 -0.100000 0.000000
vn 0.000000 -0.100000 0.000000
vn 0.000000 -0.100000 0.000000
vn 0.000000 -0.100000 0.000000
vn 0.000000 -0.100000 0.000000
vn 0.000000 -0.100000 0.000000
vn 0.000000 -0.100000 0.000000
vn 0.000000 -0.100000 0.000000
vn 0.000000 -0.100000 0.000000
vn 0.000000 -0.100000 0.000000
vn 0.000000 -0.100000 0.000000
vn 0.000000 -0.100000 0.000000
vn 0.000000 -0.100000 0.000000
vn 0.000000 -0.100000 0.000000
vn 0.000000 -0.100000 0.000000
vn 0.000000 -0.100000 0.000000
vn 0.000000 -0.100000 0.000000
vn 0.000000 -0.100000 0.000000
vn 0.000000 -0.100000 0.000000
vn 0.000000 -0.100000 0.000000
vn 0.000000 -0.100000 0.000000
vn 0.000000 -0.100000 0.000000
vn 0.000000 -0.100000 0.000000
vn 0.000000 -0.100000 0.000000
vn 0.000000 -0.100000 0.000000
vn 0.000000 -0.100000 0.000000
vn 0.000000 -0.100000 0.000000
vn 0.000000 -0.100000 0.000000
vn 0.000000 -0.100000 0.000000
vn 0.000000 -0.100000 0.000000
vn 0.000000 -0.100000 0.000000
f 830/1393/1381 948/1394/1382 829/1395/1383
f 829/1395/1383 948/1394/1382 947/1396/1384
f 829/1397/1383 947/1398/1384 887/1399/1385
f 887/1399/1385 947/1398/1384 1005/1400/1386
f 887/1399/1385 1005/1400/1386 886/1401/1387
f 886/1401/1387 1005/1400/1386 1004/1402/1388
f 886/1401/1387 1004/1402/1388 885/1403/1389
f 885/1403/1389 1004/1402/1388 1003/1404/1390
f 885/1403/1389 1003/1404/1390 884/1405/1391
f 884/1405/1391 1003/1404/1390 1002/1406/1392
f 884/1405/1391 1002/1406/1392 883/1407/1393
f 883/1407/1393 1002/1406/1392 1001/1408/1394
f 883/1407/1393 1001/1408/1394 882/1409/1395
f 882/1409/1395 1001/1408/1394 1000/1410/1396
f 882/1409/1395 1000/1410/1396 881/1411/1397
f 881/1411/1397 1000/1410/1396 999/1412/1398
f 881/1411/1397 999/1412/1398 880/1413/1399
f 880/1413/1399 999/1412/1398 998/1414/1400
f 880/1413/1399 998/1414/1400 879/1415/1401
f 879/1415/1401 998/1414/1400 997/1416/1402
f 879/1415/1401 997/1416/1402 878/1417/1403
f 878/1417/1403 997/1416/1402 996/1418/1404
f 878/1417/1403 996/1418/1404 877/1419/1405
f 877/1419/1405 996/1418/1404 995/1420/1406
f 877/1419/1405 995/1420/1406 876/1421/1407
f 876/1421/1407 995/1420/1406 994/1422/1408
f 876/1421/1407 994/1422/1408 875/1423/1409
f 875/1423/1409 994/1422/1408 993/1424/1410
f 875/1423/1409 993/1424/1410 874/1425/1411
f 874/1425/1411 993/1424/1410 992/1426/1412
f 874/1425/1411 992/1426/1412 873/1427/1413
f 873/1427/1413 992/1426/1412 991/1428/1414
f 873/1427/1413 991/1428/1414 872/1429/1415
f 872/1429/1415 991/1428/1414 990/1430/1416
f 872/1429/1415 990/1430/1416 871/1431/1417
f 871/1431/1417 990/1430/1416 989/1432/1418
f 871/1431/1417 989/1432/1418 870/1433/1419
f 870/1433/1419 989/1432/1418 988/1434/1420
f 870/1433/1419 988/1434/1420 869/1435/1421
f 869/1435/1421 988/1434/1420 987/1436/1422
f 869/1435/1421 987/1436/1422 868/1437/1423
f 868/1437/1423 987/1436/1422 986/1438/1424
f 868/1437/1423 986/1438/1424 867/1439/1425
f 867/1439/1425 986/1438/1424 985/1440/1426
f 867/1439/1425 985/1440/1426 866/1441/1427
f 866/1441/1427 985/1440/1426 984/1442/1428
f 866/1441/1427 984/1442/1428 865/1443/1429
f 865/1443/1429 984/1442/1428 983/1444/1430
f 865/1443/1429 983/1444/1430 864/1445/1431
f 864/1445/1431 983/1444/1430 982/1446/1432
f 864/1445/1431 982/1446/1432 863/1447/1433
f 863/1447/1433 982/1446/1432 981/1448/1434
f 863/1447/1433 981/1448/1434 862/1449/1435
f 862/1449/1435 981/1448/1434 980/1450/1436
f 862/1449/1435 980/1450/1436 861/1451/1437
f 861/1451/1437 980/1450/1436 979/1452/1438
f 861/1451/1437 979/1452/1438 860/1453/1439
f 860/1453/1439 979/1452/1438 978/1454/1440
f 860/1453/1439 978/1454/1440 859/1455/1441
f 859/1455/1441 978/1454/1440 977/1456/1442
f 859/1455/1441 977/1456/1442 858/1457/1443
f 858/1457/1443 977/1456/1442 976/1458/1444
f 858/1457/1443 976/1458/1444 857/1459/1445
f 857/1459/1445 976/1458/1444 975/1460/1446
f 857/1459/1445 975/1460/1446 856/1461/1447
f 856/1461/1447 975/1460/1446 974/1462/1448
f 856/1461/1447 974/1462/1448 855/1463/1449
f 855/1463/1449 974/1462/1448 973/1464/1450
f 855/1463/1449 973/1464/1450 854/1465/1451
f 854/1465/1451 973/1464/1450 972/1466/1452
f 854/1465/1451 972/1466/1452 853/1467/1453
f 853/1467/1453 972/1466/1452 971/1468/1454
f 853/1467/1453 971/1468/1454 852/1469/1455
f 852/1469/1455 971/1468/1454 970/1470/1456
f 852/1469/1455 970/1470/1456 851/1471/1457
f 851/1471/1457 970/1470/1456 969/1472/1458
f 851/1471/1457 969/1472/1458 850/1473/1459
f 850/1473/1459 969/1472/1458 968/1474/1460
f 850/1473/1459 968/1474/1460 849/1475/1461
f 849/1475/1461 968/1474/1460 967/1476/1462
f 849/1475/1461 967/1476/1462 848/1477/1463
f 848/1477/1463 967/1476/1462 966/1478/1464
f 848/1477/1463 966/1478/1464 847/1479/1465
f 847/1479/1465 966/1478/1464 965/1480/1466
f 847/1479/1465 965/1480/1466 846/1481/1467
f 846/1481/1467 965/1480/1466 964/1482/1468
f 846/1481/1467 964/1482/1468 845/1483/1469
f 845/1483/1469 964/1482/1468 963/1484/1470
f 845/1483/1469 963/1484/1470 844/1485/1471
f 844/1485/1471 963/1484/1470 962/1486/1472
f 844/1485/1471 962/1486/1472 843/1487/1473
f 843/1487/1473 962/1486/1472 961/1488/1474
f 843/1487/1473 961/1488/1474 842/1489/1475
f 842/1489/1475 961/1488/1474 960/1490/1476
f 842/1489/1475 960/1490/1476 841/1491/1477
f 841/1491/1477 960/1490/1476 959/1492/1478
f 841/1491/1477 959/1492/1478 840/1493/1479
f 840/1493/1479 959/1492/1478 958/1494/1480
f 840/1493/1479 958/1494/1480 839/1495/1481
f 839/1495/1481 958/1494/1480 957/1496/1482
f 839/1495/1481 957/1496/1482 838/1497/1483
f 838/1497/1483 957/1496/1482 956/1498/1484
f 838/1497/1483 956/1498/1484 837/1499/1485
f 837/1499/1485 956/1498/1484 955/1500/1486
f 837/1499/1485 955/1500/1486 836/1501/1487
f 836/1501/1487 955/1500/1486 954/1502/1488
f 836/1501/1487 954/1502/1488 835/1503/1489
f 835/1503/1489 954/1502/1488 953/1504/1490
f 835/1503/1489 953/1504/1490 834/1505/1491
f 834/1505/1491 953/1504/1490 952/1506/1492
f 834/1505/1491 952/1506/1492 833/1507/1493
f 833/1507/1493 952/1506/1492 951/1508/1494
f 833/1507/1493 951/1508/1494 832/1509/1495
f 832/1509/1495 951/1508/1494 950/1510/1496
f 832/1509/1495 950/1510/1496 831/1511/1497
f 831/1511/1497 950/1510/1496 949/1512/1498
f 831/1511/1497 949/1512/1498 830/1393/1381
f 830/1393/1381 949/1512/1498 948/1394/1382
f 889/1513/1499 1005/1400/1386 888/1514/1500
f 888/1514/1500 1005/1400/1386 947/1398/1384
f 888/1515/1500 947/1396/1384 946/1516/1501
f 946/1516/1501 947/1396/1384 948/1394/1382
f 946/1516/1501 948/1394/1382 945/1517/1502
f 945/1517/1502 948/1394/1382 949/1512/1498
f 945/1517/1502 949/1512/1498 944/1518/1503
f 944/1518/1503 949/1512/1498 950/1510/1496
f 944/1518/1503 950/1510/1496 943/1519/1504
f 943/1519/1504 950/1510/1496 951/1508/1494
f 943/1519/1504 951/1508/1494 942/1520/1505
f 942/1520/1505 951/1508/1494 952/1506/1492
f 942/1520/1505 952/1506/1492 941/1521/1506
f 941/1521/1506 952/1506/1492 953/1504/1490
f 941/1521/1506 953/1504/1490 940/1522/1507
f 940/1522/1507 953/1504/1490 954/1502/1488
f 940/1522/1507 954/1502/1488 939/1523/1508
f 939/1523/1508 954/1502/1488 955/1500/1486
f 939/1523/1508 955/1500/1486 938/1524/1509
f 938/1524/1509 955/1500/1486 956/1498/1484
f 938/1524/1509 956/1498/1484 937/1525/1510
f 937/1525/1510 956/1498/1484 957/1496/1482
f 937/1525/1510 957/1496/1482 936/1526/1511
f 936/1526/1511 957/1496/1482 958/1494/1480
f 936/1526/1511 958/1494/1480 935/1527/1512
f 935/1527/1512 958/1494/1480 959/1492/1478
f 935/1527/1512 959/1492/1478 934/1528/1513
f 934/1528/1513 959/1492/1478 960/1490/1476
f 934/1528/1513 960/1490/1476 933/1529/1514
f 933/1529/1514 960/1490/1476 961/1488/1474
f 933/1529/1514 961/1488/1474 932/1530/1515
f 932/1530/1515 961/1488/1474 962/1486/1472
f 932/1530/1515 962/1486/1472 931/1531/1516
f 931/1531/1516 962/1486/1472 963/1484/1470
f 931/1531/1516 963/1484/1470 930/1532/1517
f 930/1532/1517 963/1484/1470 964/1482/1468
f 930/1532/1517 964/1482/1468 929/1533/1518
f 929/1533/1518 964/1482/1468 965/1480/1466
f 929/1533/1518 965/1480/1466 928/1534/1519
f 928/1534/1519 965/1480/1466 966/1478/1464
f 928/1534/1519 966/1478/1464 927/1535/1520
f 927/1535/1520 966/1478/1464 967/1476/1462
f 927/1535/1520 967/1476/1462 926/1536/1521
f 926/1536/1521 967/1476/1462 968/1474/1460
f 926/1536/1521 968/1474/1460 925/1537/1522
f 925/1537/1522 968/1474/1460 969/1472/1458
f 925/1537/1522 969/1472/1458 924/1538/1523
f 924/1538/1523 969/1472/1458 970/1470/1456
f 924/1538/1523 970/1470/1456 923/1539/1524
f 923/1539/1524 970/1470/1456 971/1468/1454
f 923/1539/1524 971/1468/1454 922/1540/1525
f 922/1540/1525 971/1468/1454 972/1466/1452
f 922/1540/1525 972/1466/1452 921/1541/1526
f 921/1541/1526 972/1466/1452 973/1464/1450
f 921/1541/1526 973/1464/1450 920/1542/1527
f 920/1542/1527 973/1464/1450 974/1462/1448
f 920/1542/1527 974/1462/1448 919/1543/1528
f 919/1543/1528 974/1462/1448 975/1460/1446
f 919/1543/1528 975/1460/1446 918/1544/1529
f 918/1544/1529 975/1460/1446 976/1458/1444
f 918/1544/1529 976/1458/1444 917/1545/1530
f 917/1545/1530 976/1458/1444 977/1456/1442
f 917/1545/1530 977/1456/1442 916/1546/1531
f 916/1546/1531 977/1456/1442 978/1454/1440
f 916/1546/1531 978/1454/1440 915/1547/1532
f 915/1547/1532 978/1454/1440 979/1452/1438
f 915/1547/1532 979/1452/1438 914/1548/1533
f 914/1548/1533 979/1452/1438 980/1450/1436
f 914/1548/1533 980/1450/1436 913/1549/1534
f 913/1549/1534 980/1450/1436 981/1448/1434
f 913/1549/1534 981/1448/1434 912/1550/1535
f 912/1550/1535 981/1448/1434 982/1446/1432
f 912/1550/1535 982/1446/1432 911/1551/1536
f 911/1551/1536 982/1446/1432 983/1444/1430
f 911/1551/1536 983/1444/1430 910/1552/1537
f 910/1552/1537 983/1444/1430 984/1442/1428
f 910/1552/1537 984/1442/1428 909/1553/1538
f 909/1553/1538 984/1442/1428 985/1440/1426
f 909/1553/1538 985/1440/1426 908/1554/1539
f 908/1554/1539 985/1440/1426 986/1438/1424
f 908/1554/1539 986/1438/1424 907/1555/1540
f 907/1555/1540 986/1438/1424 987/1436/1422
f 907/1555/1540 987/1436/1422 906/1556/1541
f 906/1556/1541 987/1436/1422 988/1434/1420
f 906/1556/1541 988/1434/1420 905/1557/1542
f 905/1557/1542 988/1434/1420 989/1432/1418
f 905/1557/1542 989/1432/1418 904/1558/1543
f 904/1558/1543 989/1432/1418 990/1430/1416
f 904/1558/1543 990/1430/1416 903/1559/1544
f 903/1559/1544 990/1430/1416 991/1428/1414
f 903/1559/1544 991/1428/1414 902/1560/1545
f 902/1560/1545 991/1428/1414 992/1426/1412
f 902/1560/1545 992/1426/1412 901/1561/1546
f 901/1561/1546 992/1426/1412 993/1424/1410
f 901/1561/1546 993/1424/1410 900/1562/1547
f 900/1562/1547 993/1424/1410 994/1422/1408
f 900/1562/1547 994/1422/1408 899/1563/1548
f 899/1563/1548 994/1422/1408 995/1420/1406
f 899/1563/1548 995/1420/1406 898/1564/1549
f 898/1564/1549 995/1420/1406 996/1418/1404
f 898/1564/1549 996/1418/1404 897/1565/1550
f 897/1565/1550 996/1418/1404 997/1416/1402
f 897/1565/1550 997/1416/1402 896/1566/1551
f 896/1566/1551 997/1416/1402 998/1414/1400
f 896/1566/1551 998/1414/1400 895/1567/1552
f 895/1567/1552 998/1414/1400 999/1412/1398
f 895/1567/1552 999/1412/1398 894/1568/1553
f 894/1568/1553 999/1412/1398 1000/1410/1396
f 894/1568/1553 1000/1410/1396 893/1569/1554
f 893/1569/1554 1000/1410/1396 1001/1408/1394
f 893/1569/1554 1001/1408/1394 892/1570/1555
f 892/1570/1555 1001/1408/1394 1002/1406/1392
f 892/1570/1555 1002/1406/1392 891/1571/1556
f 891/1571/1556 1002/1406/1392 1003/1404/1390
f 891/1571/1556 1003/1404/1390 890/1572/1557
f 890/1572/1557 1003/1404/1390 1004/1402/1388
f 890/1572/1557 1004/1402/1388 889/1513/1499
f 889/1513/1499 1004/1402/1388 1005/1400/1386
f 1007/1573/1558 1165/1574/1559 1006/1575/1560
f 1006/1575/1560 1165/1574/1559 1164/1576/1561
f 1006/1577/1560 1164/1578/1561 1084/1579/1562
f 1084/1579/1562 1164/1578/1561 1242/1580/1563
f 1084/1579/1562 1242/1580/1563 1083/1581/1564
f 1083/1581/1564 1242/1580/1563 1241/1582/1565
f 1083/1581/1564 1241/1582/1565 1082/1583/1566
f 1082/1583/1566 1241/1582/1565 1240/1584/1567
f 1082/1583/1566 1240/1584/1567 1081/1585/1568
f 1081/1585/1568 1240/1584/1567 1239/1586/1569
f 1081/1585/1568 1239/1586/1569 1080/1587/1570
f 1080/1587/1570 1239/1586/1569 1238/1588/1571
f 1080/1587/1570 1238/1588/1571 1079/1589/1572
f 1079/1589/1572 1238/1588/1571 1237/1590/1573
f 1079/1589/1572 1237/1590/1573 1078/1591/1574
f 1078/1591/1574 1237/1590/1573 1236/1592/1575
f 1078/1591/1574 1236/1592/1575 1077/1593/1576
f 1077/1593/1576 1236/1592/1575 1235/1594/1577
f 1077/1593/1576 1235/1594/1577 1076/1595/1578
f 1076/1595/1578 1235/1594/1577 1234/1596/1579
f 1076/1595/1578 1234/1596/1579 1075/1597/1580
f 1075/1597/1580 1234/1596/1579 1233/1598/1581
f 1075/1597/1580 1233/1598/1581 1074/1599/1582
f 1074/1599/1582 1233/1598/1581 1232/1600/1583
f 1074/1599/1582 1232/1600/1583 1073/1601/1584
f 1073/1601/1584 1232/1600/1583 1231/1602/1585
f 1073/1601/1584 1231/1602/1585 1072/1603/1586
f 1072/1603/1586 1231/1602/1585 1230/1604/1587
f 1072/1603/1586 1230/1604/1587 1071/1605/1588
f 1071/1605/1588 1230/1604/1587 1229/1606/1589
f 1071/1605/1588 1229/1606/1589 1070/1607/1590
f 1070/1607/1590 1229/1606/1589 1228/1608/1591
f 1070/1607/1590 1228/1608/1591 1069/1609/1592
f 1069/1609/1592 1228/1608/1591 1227/1610/1593
f 1069/1609/1592 1227/1610/1593 1068/1611/1594
f 1068/1611/1594 1227/1610/1593 1226/1612/1595
f 1068/1611/1594 1226/1612/1595 1067/1613/1596
f 1067/1613/1596 1226/1612/1595 1225/1614/1597
f 1067/1613/1596 1225/1614/1597 1066/1615/1598
f 1066/1615/1598 1225/1614/1597 1224/1616/1599
f 1066/1615/1598 1224/1616/1599 1065/1617/1600
f 1065/1617/1600 1224/1616/1599 1223/1618/1601
f 1065/1617/1600 1223/1618/1601 1064/1619/1602
f 1064/1619/1602 1223/1618/1601 1222/1620/1603
f 1064/1619/1602 1222/1620/1603 1063/1621/1604
f 1063/1621/1604 1222/1620/1603 1221/1622/1605
f 1063/1621/1604 1221/1622/1605 1062/1623/1606
f 1062/1623/1606 1221/1622/1605 1220/1624/1607
f 1062/1623/1606 1220/1624/1607 1061/1625/1608
f 1061/1625/1608 1220/1624/1607 1219/1626/1609
f 1061/1625/1608 1219/1626/1609 1060/1627/1610
f 1060/1627/1610 1219/1626/1609 1218/1628/1611
f 1060/1627/1610 1218/1628/1611 1059/1629/1612
f 1059/1629/1612 1218/1628/1611 1217/1630/1613
f 1059/1629/1612 1217/1630/1613 1058/1631/1614
f 1058/1631/1614 1217/1630/1613 1216/1632/1615
f 1058/1631/1614 1216/1632/1615 1057/1633/1616
f 1057/1633/1616 1216/1632/1615 1215/1634/1617
f 1057/1633/1616 1215/1634/1617 1056/1635/1618
f 1056/1635/1618 1215/1634/1617 1214/1636/1619
f 1056/1635/1618 1214/1636/1619 1055/1637/1620
f 1055/1637/1620 1214/1636/1619 1213/1638/1621
f 1055/1637/1620 1213/1638/1621 1054/1639/1622
f 1054/1639/1622 1213/1638/1621 1212/1640/1623
f 1054/1639/1622 1212/1640/1623 1053/1641/1624
f 1053/1641/1624 1212/1640/1623 1211/1642/1625
f 1053/1641/1624 1211/1642/1625 1052/1643/1626
f 1052/1643/1626 1211/1642/1625 1210/1644/1627
f 1052/1643/1626 1210/1644/1627 1051/1645/1628
f 1051/1645/1628 1210/1644/1627 1209/1646/1629
f 1051/1645/1628 1209/1646/1629 1050/1647/1630
f 1050/1647/1630 1209/1646/1629 1208/1648/1631
f 1050/1647/1630 1208/1648/1631 1049/1649/1632
f 1049/1649/1632 1208/1648/1631 1207/1650/1633
f 1049/1649/1632 1207/1650/1633 1048/1651/1634
f 1048/1651/1634 1207/1650/1633 1206/1652/1635
f 1048/1651/1634 1206/1652/1635 1047/1653/1636
f 1047/1653/1636 1206/1652/1635 1205/1654/1637
f 1047/1653/1636 1205/1654/1637 1046/1655/1638
f 1046/1655/1638 1205/1654/1637 1204/1656/1639
f 1046/1655/1638 1204/1656/1639 1045/1657/1640
f 1045/1657/1640 1204/1656/1639 1203/1658/1641
f 1045/1657/1640 1203/1658/1641 1044/1659/1642
f 1044/1659/1642 1203/1658/1641 1202/1660/1643
f 1044/1659/1642 1202/1660/1643 1043/1661/1644
f 1043/1661/1644 1202/1660/1643 1201/1662/1645
f 1043/1661/1644 1201/1662/1645 1042/1663/1646
f 1042/1663/1646 1201/1662/1645 1200/1664/1647
f 1042/1663/1646 1200/1664/1647 1041/1665/1648
f 1041/1665/1648 1200/1664/1647 1199/1666/1649
f 1041/1665/1648 1199/1666/1649 1040/1667/1650
f 1040/1667/1650 1199/1666/1649 1198/1668/1651
f 1040/1667/1650 1198/1668/1651 1039/1669/1652
f 1039/1669/1652 1198/1668/1651 1197/1670/1653
f 1039/1669/1652 1197/1670/1653 1038/1671/1654
f 1038/1671/1654 1197/1670/1653 1196/1672/1655
f 1038/1671/1654 1196/1672/1655 1037/1673/1656
f 1037/1673/1656 1196/1672/1655 1195/1674/1657
f 1037/1673/1656 1195/1674/1657 1036/1675/1658
f 1036/1675/1658 1195/1674/1657 1194/1676/1659
f 1036/1675/1658 1194/1676/1659 1035/1677/1660
f 1035/1677/1660 1194/1676/1659 1193/1678/1661
f 1035/1677/1660 1193/1678/1661 1034/1679/1662
f 1034/1679/1662 1193/1678/1661 1192/1680/1663
f 1034/1679/1662 1192/1680/1663 1033/1681/1664
f 1033/1681/1664 1192/1680/1663 1191/1682/1665
f 1033/1681/1664 1191/1682/1665 1032/1683/1666
f 1032/1683/1666 1191/1682/1665 1190/1684/1667
f 1032/1683/1666 1190/1684/1667 1031/1685/1668
f 1031/1685/1668 1190/1684/1667 1189/1686/1669
f 1031/1685/1668 1189/1686/1669 1030/1687/1670
f 1030/1687/1670 1189/1686/1669 1188/1688/1671
f 1030/1687/1670 1188/1688/1671 1029/1689/1672
f 1029/1689/1672 1188/1688/1671 1187/1690/1673
f 1029/1689/1672 1187/1690/1673 1028/1691/1674
f 1028/1691/1674 1187/1690/1673 1186/1692/1675
f 1028/1691/1674 1186/1692/1675 1027/1693/1676
f 1027/1693/1676 1186/1692/1675 1185/1694/1677
f 1027/1693/1676 1185/1694/1677 1026/1695/1678
f 1026/1695/1678 1185/1694/1677 1184/1696/1679
f 1026/1695/1678 1184/1696/1679 1025/1697/1680
f 1025/1697/1680 1184/1696/1679 1183/1698/1681
f 1025/1697/1680 1183/1698/1681 1024/1699/1682
f 1024/1699/1682 1183/1698/1681 1182/1700/1683
f 1024/1699/1682 1182/1700/1683 1023/1701/1684
f 1023/1701/1684 1182/1700/1683 1181/1702/1685
f 1023/1701/1684 1181/1702/1685 1022/1703/1686
f 1022/1703/1686 1181/1702/1685 1180/1704/1687
f 1022/1703/1686 1180/1704/1687 1021/1705/1688
f 1021/1705/1688 1180/1704/1687 1179/1706/1689
f 1021/1705/1688 1179/1706/1689 1020/1707/1690
f 1020/1707/1690 1179/1706/1689 1178/1708/1691
f 1020/1707/1690 1178/1708/1691 1019/1709/1692
f 1019/1709/1692 1178/1708/1691 1177/1710/1693
f 1019/1709/1692 1177/1710/1693 1018/1711/1694
f 1018/1711/1694 1177/1710/1693 1176/1712/1695
f 1018/1711/1694 1176/1712/1695 1017/1713/1696
f 1017/1713/1696 1176/1712/1695 1175/1714/1697
f 1017/1713/1696 1175/1714/1697 1016/1715/1698
f 1016/1715/1698 1175/1714/1697 1174/1716/1699
f 1016/1715/1698 1174/1716/1699 1015/1717/1700
f 1015/1717/1700 1174/1716/1699 1173/1718/1701
f 1015/1717/1700 1173/1718/1701 1014/1719/1702
f 1014/1719/1702 1173/1718/1701 1172/1720/1703
f 1014/1719/1702 1172/1720/1703 1013/1721/1704
f 1013/1721/1704 1172/1720/1703 1171/1722/1705
f 1013/1721/1704 1171/1722/1705 1012/1723/1706
f 1012/1723/1706 1171/1722/1705 1170/1724/1707
f 1012/1723/1706 1170/1724/1707 1011/1725/1708
f 1011/1725/1708 1170/1724/1707 1169/1726/1709
f 1011/1725/1708 1169/1726/1709 1010/1727/1710
f 1010/1727/1710 1169/1726/1709 1168/1728/1711
f 1010/1727/1710 1168/1728/1711 1009/1729/1712
f 1009/1729/1712 1168/1728/1711 1167/1730/1713
f 1009/1729/1712 1167/1730/1713 1008/1731/1714
f 1008/1731/1714 1167/1730/1713 1166/1732/1715
f 1008/1731/1714 1166/1732/1715 1007/1573/1558
f 1007/1573/1558 1166/1732/1715 1165/1574/1559
f 1086/1733/1716 1242/1580/1563 1085/1734/1717
f 1085/1734/1717 1242/1580/1563 1164/1578/1561
f 1085/1735/1717 1164/1576/1561 1163/1736/1718
f 1163/1736/1718 1164/1576/1561 1165/1574/1559
f 1163/1736/1718 1165/1574/1559 1162/1737/1719
f 1162/1737/1719 1165/1574/1559 1166/1732/1715
f 1162/1737/1719 1166/1732/1715 1161/1738/1720
f 1161/1738/1720 1166/1732/1715 1167/1730/1713
f 1161/1738/1720 1167/1730/1713 1160/1739/1721
f 1160/1739/1721 1167/1730/1713 1168/1728/1711
f 1160/1739/1721 1168/1728/1711 1159/1740/1722
f 1159/1740/1722 1168/1728/1711 1169/1726/1709
f 1159/1740/1722 1169/1726/1709 1158/1741/1723
f 1158/1741/1723 1169/1726/1709 1170/1724/1707
f 1158/1741/1723 1170/1724/1707 1157/1742/1724
f 1157/1742/1724 1170/1724/1707 1171/1722/1705
f 1157/1742/1724 1171/1722/1705 1156/1743/1725
f 1156/1743/1725 1171/1722/1705 1172/1720/1703
f 1156/1743/1725 1172/1720/1703 1155/1744/1726
f 1155/1744/1726 1172/1720/1703 1173/1718/1701
f 1155/1744/1726 1173/1718/1701 1154/1745/1727
f 1154/1745/1727 1173/1718/1701 1174/1716/1699
f 1154/1745/1727 1174/1716/1699 1153/1746/1728
f 1153/1746/1728 1174/1716/1699 1175/1714/1697
f 1153/1746/1728 1175/1714/1697 1152/1747/1729
f 1152/1747/1729 1175/1714/1697 1176/1712/1695
f 1152/1747/1729 1176/1712/1695 1151/1748/1730
f 1151/1748/1730 1176/1712/1695 1177/1710/1693
f 1151/1748/1730 1177/1710/1693 1150/1749/1731
f 1150/1749/1731 1177/1710/1693 1178/1708/1691
f 1150/1749/1731 1178/1708/1691 1149/1750/1732
f 1149/1750/1732 1178/1708/1691 1179/1706/1689
f 1149/1750/1732 1179/1706/1689 1148/1751/1733
f 1148/1751/1733 1179/1706/1689 1180/1704/1687
f 1148/1751/1733 1180/1704/1687 1147/1752/1734
f 1147/1752/1734 1180/1704/1687 1181/1702/1685
f 1147/1752/1734 1181/1702/1685 1146/1753/1735
f 1146/1753/1735 1181/1702/1685 1182/1700/1683
f 1146/1753/1735 1182/1700/1683 1145/1754/1736
f 1145/1754/1736 1182/1700/1683 1183/1698/1681
f 1145/1754/1736 1183/1698/1681 1144/1755/1737
f 1144/1755/1737 1183/1698/1681 1184/1696/1679
f 1144/1755/1737 1184/1696/1679 1143/1756/1738
f 1143/1756/1738 1184/1696/1679 1185/1694/1677
f 1143/1756/1738 1185/1694/1677 1142/1757/1739
f 1142/1757/1739 1185/1694/1677 1186/1692/1675
f 1142/1757/1739 1186/1692/1675 1141/1758/1740
f 1141/1758/1740 1186/1692/1675 1187/1690/1673
f 1141/1758/1740 1187/1690/1673 1140/1759/1741
f 1140/1759/1741 1187/1690/1673 1188/1688/1671
f 1140/1759/1741 1188/1688/1671 1139/1760/1742
f 1139/1760/1742 1188/1688/1671 1189/1686/1669
f 1139/1760/1742 1189/1686/1669 1138/1761/1743
f 1138/1761/1743 1189/1686/1669 1190/1684/1667
f 1138/1761/1743 1190/1684/1667 1137/1762/1744
f 1137/1762/1744 1190/1684/1667 1191/1682/1665
f 1137/1762/1744 1191/1682/1665 1136/1763/1745
f 1136/1763/1745 1191/1682/1665 1192/1680/1663
f 1136/1763/1745 1192/1680/1663 1135/1764/1746
f 1135/1764/1746 1192/1680/1663 1193/1678/1661
f 1135/1764/1746 1193/1678/1661 1134/1765/1747
f 1134/1765/1747 1193/1678/1661 1194/1676/1659
f 1134/1765/1747 1194/1676/1659 1133/1766/1748
f 1133/1766/1748 1194/1676/1659 1195/1674/1657
f 1133/1766/1748 1195/1674/1657 1132/1767/1749
f 1132/1767/1749 1195/1674/1657 1196/1672/1655
f 1132/1767/1749 1196/1672/1655 1131/1768/1750
f 1131/1768/1750 1196/1672/1655 1197/1670/1653
f 1131/1768/1750 1197/1670/1653 1130/1769/1751
f 1130/1769/1751 1197/1670/1653 1198/1668/1651
f 1130/1769/1751 1198/1668/1651 1129/1770/1752
f 1129/1770/1752 1198/1668/1651 1199/1666/1649
f 1129/1770/1752 1199/1666/1649 1128/1771/1753
f 1128/1771/1753 1199/1666/1649 1200/1664/1647
f 1128/1771/1753 1200/1664/1647 1127/1772/1754
f 1127/1772/1754 1200/1664/1647 1201/1662/1645
f 1127/1772/1754 1201/1662/1645 1126/1773/1755
f 1126/1773/1755 1201/1662/1645 1202/1660/1643
f 1126/1773/1755 1202/1660/1643 1125/1774/1756
f 1125/1774/1756 1202/1660/1643 1203/1658/1641
f 1125/1774/1756 1203/1658/1641 1124/1775/1757
f 1124/1775/1757 1203/1658/1641 1204/1656/1639
f 1124/1775/1757 1204/1656/1639 1123/1776/1758
f 1123/1776/1758 1204/1656/1639 1205/1654/1637
f 1123/1776/1758 1205/1654/1637 1122/1777/1759
f 1122/1777/1759 1205/1654/1637 1206/1652/1635
f 1122/1777/1759 1206/1652/1635 1121/1778/1760
f 1121/1778/1760 1206/1652/1635 1207/1650/1633
f 1121/1778/1760 1207/1650/1633 1120/1779/1761
f 1120/1779/1761 1207/1650/1633 1208/1648/1631
f 1120/1779/1761 1208/1648/1631 1119/1780/1762
f 1119/1780/1762 1208/1648/1631 1209/1646/1629
f 1119/1780/1762 1209/1646/1629 1118/1781/1763
f 1118/1781/1763 1209/1646/1629 1210/1644/1627
f 1118/1781/1763 1210/1644/1627 1117/1782/1764
f 1117/1782/1764 1210/1644/1627 1211/1642/1625
f 1117/1782/1764 1211/1642/1625 1116/1783/1765
f 1116/1783/1765 1211/1642/1625 1212/1640/1623
f 1116/1783/1765 1212/1640/1623 1115/1784/1766
f 1115/1784/1766 1212/1640/1623 1213/1638/1621
f 1115/1784/1766 1213/1638/1621 1114/1785/1767
f 1114/1785/1767 1213/1638/1621 1214/1636/1619
f 1114/1785/1767 1214/1636/1619 1113/1786/1768
f 1113/1786/1768 1214/1636/1619 1215/1634/1617
f 1113/1786/1768 1215/1634/1617 1112/1787/1769
f 1112/1787/1769 1215/1634/1617 1216/1632/1615
f 1112/1787/1769 1216/1632/1615 1111/1788/1770
f 1111/1788/1770 1216/1632/1615 1217/1630/1613
f 1111/1788/1770 1217/1630/1613 1110/1789/1771
f 1110/1789/1771 1217/1630/1613 1218/1628/1611
f 1110/1789/1771 1218/1628/1611 1109/1790/1772
f 1109/1790/1772 1218/1628/1611 1219/1626/1609
f 1109/1790/1772 1219/1626/1609 1108/1791/1773
f 1108/1791/1773 1219/1626/1609 1220/1624/1607
f 1108/1791/1773 1220/1624/1607 1107/1792/1774
f 1107/1792/1774 1220/1624/1607 1221/1622/1605
f 1107/1792/1774 1221/1622/1605 1106/1793/1775
f 1106/1793/1775 1221/1622/1605 1222/1620/1603
f 1106/1793/1775 1222/1620/1603 1105/1794/1776
f 1105/1794/1776 1222/1620/1603 1223/1618/1601
f 1105/1794/1776 1223/1618/1601 1104/1795/1777
f 1104/1795/1777 1223/1618/1601 1224/1616/1599
f 1104/1795/1777 1224/1616/1599 1103/1796/1778
f 1103/1796/1778 1224/1616/1599 1225/1614/1597
f 1103/1796/1778 1225/1614/1597 1102/1797/1779
f 1102/1797/1779 1225/1614/1597 1226/1612/1595
f 1102/1797/1779 1226/1612/1595 1101/1798/1780
f 1101/1798/1780 1226/1612/1595 1227/1610/1593
f 1101/1798/1780 1227/1610/1593 1100/1799/1781
f 1100/1799/1781 1227/1610/1593 1228/1608/1591
f 1100/1799/1781 1228/1608/1591 1099/1800/1782
f 1099/1800/1782 1228/1608/1591 1229/1606/1589
f 1099/1800/1782 1229/1606/1589 1098/1801/1783
f 1098/1801/1783 1229/1606/1589 1230/1604/1587
f 1098/1801/1783 1230/1604/1587 1097/1802/1784
f 1097/1802/1784 1230/1604/1587 1231/1602/1585
f 1097/1802/1784 1231/1602/1585 1096/1803/1785
f 1096/1803/1785 1231/1602/1585 1232/1600/1583
f 1096/1803/1785 1232/1600/1583 1095/1804/1786
f 1095/1804/1786 1232/1600/1583 1233/1598/1581
f 1095/1804/1786 1233/1598/1581 1094/1805/1787
f 1094/1805/1787 1233/1598/1581 1234/1596/1579
f 1094/1805/1787 1234/1596/1579 1093/1806/1788
f 1093/1806/1788 1234/1596/1579 1235/1594/1577
f 1093/1806/1788 1235/1594/1577 1092/1807/1789
f 1092/1807/1789 1235/1594/1577 1236/1592/1575
f 1092/1807/1789 1236/1592/1575 1091/1808/1790
f 1091/1808/1790 1236/1592/1575 1237/1590/1573
f 1091/1808/1790 1237/1590/1573 1090/1809/1791
f 1090/1809/1791 1237/1590/1573 1238/1588/1571
f 1090/1809/1791 1238/1588/1571 1089/1810/1792
f 1089/1810/1792 1238/1588/1571 1239/1586/1569
f 1089/1810/1792 1239/1586/1569 1088/1811/1793
f 1088/1811/1793 1239/1586/1569 1240/1584/1567
f 1088/1811/1793 1240/1584/1567 1087/1812/1794
f 1087/1812/1794 1240/1584/1567 1241/1582/1565
f 1087/1812/1794 1241/1582/1565 1086/1733/1716
f 1086/1733/1716 1241/1582/1565 1242/1580/1563
f 887/1813/1795 1007/1814/1796 829/1815/1797
f 829/1815/1797 1007/1814/1796 1006/1816/1798
f 829/1815/1797 1006/1816/1798 1084/1817/1799
f 1007/1814/1796 887/1813/1795 1008/1818/1800
f 1008/1818/1800 887/1813/1795 886/1819/1801
f 1008/1818/1800 886/1819/1801 1009/1820/1802
f 1009/1820/1802 886/1819/1801 885/1821/1803
f 1009/1820/1802 885/1821/1803 1010/1822/1804
f 1010/1822/1804 885/1821/1803 1011/1823/1805
f 1011/1823/1805 885/1821/1803 884/1824/1806
f 1011/1823/1805 884/1824/1806 1012/1825/1807
f 1012/1825/1807 884/1824/1806 883/1826/1808
f 1012/1825/1807 883/1826/1808 1013/1827/1809
f 1013/1827/1809 883/1826/1808 882/1828/1810
f 1013/1827/1809 882/1828/1810 1014/1829/1811
f 1014/1829/1811 882/1828/1810 1015/1830/1812
f 1015/1830/1812 882/1828/1810 881/1831/1813
f 1015/1830/1812 881/1831/1813 1016/1832/1814
f 1016/1832/1814 881/1831/1813 880/1833/1815
f 1016/1832/1814 880/1833/1815 1017/1834/1816
f 1017/1834/1816 880/1833/1815 879/1835/1817
f 1017/1834/1816 879/1835/1817 1018/1836/1818
f 1018/1836/1818 879/1835/1817 1019/1837/1819
f 1019/1837/1819 879/1835/1817 878/1838/1820
f 1019/1837/1819 878/1838/1820 1020/1839/1821
f 1020/1839/1821 878/1838/1820 877/1840/1822
f 1020/1839/1821 877/1840/1822 1021/1841/1823
f 1021/1841/1823 877/1840/1822 876/1842/1824
f 1021/1841/1823 876/1842/1824 1022/1843/1825
f 1022/1843/1825 876/1842/1824 1023/1844/1826
f 1023/1844/1826 876/1842/1824 875/1845/1827
f 1023/1844/1826 875/1845/1827 1024/1846/1828
f 1024/1846/1828 875/1845/1827 874/1847/1829
f 1024/1846/1828 874/1847/1829 1025/1848/1830
f 1025/1848/1830 874/1847/1829 873/1849/1831
f 1025/1848/1830 873/1849/1831 1026/1850/1832
f 1026/1850/1832 873/1849/1831 1027/1851/1833
f 1027/1851/1833 873/1849/1831 872/1852/1834
f 1027/1851/1833 872/1852/1834 1028/1853/1835
f 1028/1853/1835 872/1852/1834 871/1854/1836
f 1028/1853/1835 871/1854/1836 1029/1855/1837
f 1029/1855/1837 871/1854/1836 870/1856/1838
f 1029/1855/1837 870/1856/1838 1030/1857/1839
f 1030/1857/1839 870/1856/1838 1031/1858/1840
f 1031/1858/1840 870/1856/1838 869/1859/1841
f 1031/1858/1840 869/1859/1841 1032/1860/1842
f 1032/1860/1842 869/1859/1841 868/1861/1843
f 1032/1860/1842 868/1861/1843 1033/1862/1844
f 1033/1862/1844 868/1861/1843 867/1863/1845
f 1033/1862/1844 867/1863/1845 1034/1864/1846
f 1034/1864/1846 867/1863/1845 1035/1865/1847
f 1035/1865/1847 867/1863/1845 866/1866/1848
f 1035/1865/1847 866/1866/1848 1036/1867/1849
f 1036/1867/1849 866/1866/1848 865/1868/1850
f 1036/1867/1849 865/1868/1850 1037/1869/1851
f 1037/1869/1851 865/1868/1850 864/1870/1852
f 1037/1869/1851 864/1870/1852 1038/1871/1853
f 1038/1871/1853 864/1870/1852 1039/1872/1854
f 1039/1872/1854 864/1870/1852 863/1873/1855
f 1039/1872/1854 863/1873/1855 1040/1874/1856
f 1040/1874/1856 863/1873/1855 862/1875/1857
f 1040/1874/1856 862/1875/1857 1041/1876/1858
f 1041/1876/1858 862/1875/1857 861/1877/1859
f 1041/1876/1858 861/1877/1859 1042/1878/1860
f 1042/1878/1860 861/1877/1859 1043/1879/1861
f 1043/1879/1861 861/1877/1859 860/1880/1862
f 1043/1879/1861 860/1880/1862 1044/1881/1863
f 1044/1881/1863 860/1880/1862 859/1882/1864
f 1044/1881/1863 859/1882/1864 1045/1883/1865
f 1045/1883/1865 859/1882/1864 1046/1884/1866
f 1046/1884/1866 859/1882/1864 858/1885/1867
f 1046/1884/1866 858/1885/1867 1047/1886/1868
f 1047/1886/1868 858/1885/1867 857/1887/1869
f 1047/1886/1868 857/1887/1869 1048/1888/1870
f 1048/1888/1870 857/1887/1869 856/1889/1871
f 1048/1888/1870 856/1889/1871 1049/1890/1872
f 1049/1890/1872 856/1889/1871 1050/1891/1873
f 1050/1891/1873 856/1889/1871 855/1892/1874
f 1050/1891/1873 855/1892/1874 1051/1893/1875
f 1051/1893/1875 855/1892/1874 854/1894/1876
f 1051/1893/1875 854/1894/1876 1052/1895/1877
f 1052/1895/1877 854/1894/1876 853/1896/1878
f 1052/1895/1877 853/1896/1878 1053/1897/1879
f 1053/1897/1879 853/1896/1878 1054/1898/1880
f 1054/1898/1880 853/1896/1878 852/1899/1881
f 1054/1898/1880 852/1899/1881 1055/1900/1882
f 1055/1900/1882 852/1899/1881 851/1901/1883
f 1055/1900/1882 851/1901/1883 1056/1902/1884
f 1056/1902/1884 851/1901/1883 850/1903/1885
f 1056/1902/1884 850/1903/1885 1057/1904/1886
f 1057/1904/1886 850/1903/1885 849/1905/1887
f 1057/1904/1886 849/1905/1887 1058/1906/1888
f 1058/1906/1888 849/1905/1887 848/1907/1889
f 1058/1906/1888 848/1907/1889 1059/1908/1890
f 1059/1908/1890 848/1907/1889 1060/1909/1891
f 1060/1909/1891 848/1907/1889 847/1910/1892
f 1060/1909/1891 847/1910/1892 1061/1911/1893
f 1061/1911/1893 847/1910/1892 1062/1912/1894
f 1062/1912/1894 847/1910/1892 846/1913/1895
f 1062/1912/1894 846/1913/1895 1063/1914/1896
f 1063/1914/1896 846/1913/1895 845/1915/1897
f 1063/1914/1896 845/1915/1897 1064/1916/1898
f 1064/1916/1898 845/1915/1897 844/1917/1899
f 1064/1916/1898 844/1917/1899 1065/1918/1900
f 1065/1918/1900 844/1917/1899 1066/1919/1901
f 1066/1919/1901 844/1917/1899 843/1920/1902
f 1066/1919/1901 843/1920/1902 1067/1921/1903
f 1067/1921/1903 843/1920/1902 842/1922/1904
f 1067/1921/1903 842/1922/1904 1068/1923/1905
f 1068/1923/1905 842/1922/1904 841/1924/1906
f 1068/1923/1905 841/1924/1906 1069/1925/1907
f 1069/1925/1907 841/1924/1906 1070/1926/1908
f 1070/1926/1908 841/1924/1906 840/1927/1909
f 1070/1926/1908 840/1927/1909 1071/1928/1910
f 1071/1928/1910 840/1927/1909 839/1929/1911
f 1071/1928/1910 839/1929/1911 1072/1930/1912
f 1072/1930/1912 839/1929/1911 838/1931/1913
f 1072/1930/1912 838/1931/1913 1073/1932/1914
f 1073/1932/1914 838/1931/1913 1074/1933/1915
f 1074/1933/1915 838/1931/1913 837/1934/1916
f 1074/1933/1915 837/1934/1916 1075/1935/1917
f 1075/1935/1917 837/1934/1916 836/1936/1918
f 1075/1935/1917 836/1936/1918 1076/1937/1919
f 1076/1937/1919 836/1936/1918 835/1938/1920
f 1076/1937/1919 835/1938/1920 1077/1939/1921
f 1077/1939/1921 835/1938/1920 1078/1940/1922
f 1078/1940/1922 835/1938/1920 834/1941/1923
f 1078/1940/1922 834/1941/1923 1079/1942/1924
f 1079/1942/1924 834/1941/1923 833/1943/1925
f 1079/1942/1924 833/1943/1925 1080/1944/1926
f 1080/1944/1926 833/1943/1925 832/1945/1927
f 1080/1944/1926 832/1945/1927 1081/1946/1928
f 1081/1946/1928 832/1945/1927 1082/1947/1929
f 1082/1947/1929 832/1945/1927 831/1948/1930
f 1082/1947/1929 831/1948/1930 1083/1949/1931
f 1083/1949/1931 831/1948/1930 830/1950/1932
f 1083/1949/1931 830/1950/1932 1084/1817/1799
f 1084/1817/1799 830/1950/1932 829/1815/1797
f 946/1951/1933 1086/1952/1934 888/1953/1935
f 888/1953/1935 1086/1952/1934 1085/1954/1936
f 888/1953/1935 1085/1954/1936 1163/1955/1937
f 1086/1952/1934 946/1951/1933 1087/1956/1938
f 1087/1956/1938 946/1951/1933 945/1957/1939
f 1087/1956/1938 945/1957/1939 1088/1958/1940
f 1088/1958/1940 945/1957/1939 944/1959/1941
f 1088/1958/1940 944/1959/1941 1089/1960/1942
f 1089/1960/1942 944/1959/1941 1090/1961/1943
f 1090/1961/1943 944/1959/1941 943/1962/1944
f 1090/1961/1943 943/1962/1944 1091/1963/1945
f 1091/1963/1945 943/1962/1944 942/1964/1946
f 1091/1963/1945 942/1964/1946 1092/1965/1947
f 1092/1965/1947 942/1964/1946 941/1966/1948
f 1092/1965/1947 941/1966/1948 1093/1967/1949
f 1093/1967/1949 941/1966/1948 1094/1968/1950
f 1094/1968/1950 941/1966/1948 940/1969/1951
f 1094/1968/1950 940/1969/1951 1095/1970/1952
f 1095/1970/1952 940/1969/1951 939/1971/1953
f 1095/1970/1952 939/1971/1953 1096/1972/1954
f 1096/1972/1954 939/1971/1953 938/1973/1955
f 1096/1972/1954 938/1973/1955 1097/1974/1956
f 1097/1974/1956 938/1973/1955 1098/1975/1957
f 1098/1975/1957 938/1973/1955 937/1976/1958
f 1098/1975/1957 937/1976/1958 1099/1977/1959
f 1099/1977/1959 937/1976/1958 936/1978/1960
f 1099/1977/1959 936/1978/1960 1100/1979/1961
f 1100/1979/1961 936/1978/1960 935/1980/1962
f 1100/1979/1961 935/1980/1962 1101/1981/1963
f 1101/1981/1963 935/1980/1962 1102/1982/1964
f 1102/1982/1964 935/1980/1962 934/1983/1965
f 1102/1982/1964 934/1983/1965 1103/1984/1966
f 1103/1984/1966 934/1983/1965 933/1985/1967
f 1103/1984/1966 933/1985/1967 1104/1986/1968
f 1104/1986/1968 933/1985/1967 932/1987/1969
f 1104/1986/1968 932/1987/1969 1105/1988/1970
f 1105/1988/1970 932/1987/1969 1106/1989/1971
f 1106/1989/1971 932/1987/1969 931/1990/1972
f 1106/1989/1971 931/1990/1972 1107/1991/1973
f 1107/1991/1973 931/1990/1972 930/1992/1974
f 1107/1991/1973 930/1992/1974 1108/1993/1975
f 1108/1993/1975 930/1992/1974 929/1994/1976
f 1108/1993/1975 929/1994/1976 1109/1995/1977
f 1109/1995/1977 929/1994/1976 1110/1996/1978
f 1110/1996/1978 929/1994/1976 928/1997/1979
f 1110/1996/1978 928/1997/1979 1111/1998/1980
f 1111/1998/1980 928/1997/1979 1112/1999/1981
f 1112/1999/1981 928/1997/1979 927/2000/1982
f 1112/1999/1981 927/2000/1982 926/2001/1983
f 925/2002/1984 1114/2003/1985 926/2001/1983
f 926/2001/1983 1114/2003/1985 1113/2004/1986
f 926/2001/1983 1113/2004/1986 1112/1999/1981
f 1114/2003/1985 925/2002/1984 1115/2005/1987
f 1115/2005/1987 925/2002/1984 924/2006/1988
f 1115/2005/1987 924/2006/1988 1116/2007/1989
f 1116/2007/1989 924/2006/1988 923/2008/1990
f 1116/2007/1989 923/2008/1990 1117/2009/1991
f 1117/2009/1991 923/2008/1990 1118/2010/1992
f 1118/2010/1992 923/2008/1990 922/2011/1993
f 1118/2010/1992 922/2011/1993 1119/2012/1994
f 1119/2012/1994 922/2011/1993 921/2013/1995
f 1119/2012/1994 921/2013/1995 1120/2014/1996
f 1120/2014/1996 921/2013/1995 920/2015/1997
f 1120/2014/1996 920/2015/1997 1121/2016/1998
f 1121/2016/1998 920/2015/1997 1122/2017/1999
f 1122/2017/1999 920/2015/1997 919/2018/2000
f 1122/2017/1999 919/2018/2000 1123/2019/2001
f 1123/2019/2001 919/2018/2000 918/2020/2002
f 1123/2019/2001 918/2020/2002 1124/2021/2003
f 1124/2021/2003 918/2020/2002 917/2022/2004
f 1124/2021/2003 917/2022/2004 1125/2023/2005
f 1125/2023/2005 917/2022/2004 1126/2024/2006
f 1126/2024/2006 917/2022/2004 916/2025/2007
f 1126/2024/2006 916/2025/2007 1127/2026/2008
f 1127/2026/2008 916/2025/2007 915/2027/2009
f 1127/2026/2008 915/2027/2009 1128/2028/2010
f 1128/2028/2010 915/2027/2009 1129/2029/2011
f 1129/2029/2011 915/2027/2009 914/2030/2012
f 1129/2029/2011 914/2030/2012 1130/2031/2013
f 1130/2031/2013 914/2030/2012 913/2032/2014
f 1130/2031/2013 913/2032/2014 1131/2033/2015
f 1131/2033/2015 913/2032/2014 912/2034/2016
f 1131/2033/2015 912/2034/2016 1132/2035/2017
f 1132/2035/2017 912/2034/2016 1133/2036/2018
f 1133/2036/2018 912/2034/2016 911/2037/2019
f 1133/2036/2018 911/2037/2019 1134/2038/2020
f 1134/2038/2020 911/2037/2019 910/2039/2021
f 1134/2038/2020 910/2039/2021 1135/2040/2022
f 1135/2040/2022 910/2039/2021 909/2041/2023
f 1135/2040/2022 909/2041/2023 1136/2042/2024
f 1136/2042/2024 909/2041/2023 1137/2043/2025
f 1137/2043/2025 909/2041/2023 908/2044/2026
f 1137/2043/2025 908/2044/2026 1138/2045/2027
f 1138/2045/2027 908/2044/2026 907/2046/2028
f 1138/2045/2027 907/2046/2028 1139/2047/2029
f 1139/2047/2029 907/2046/2028 906/2048/2030
f 1139/2047/2029 906/2048/2030 1140/2049/2031
f 1140/2049/2031 906/2048/2030 1141/2050/2032
f 1141/2050/2032 906/2048/2030 905/2051/2033
f 1141/2050/2032 905/2051/2033 1142/2052/2034
f 1142/2052/2034 905/2051/2033 904/2053/2035
f 1142/2052/2034 904/2053/2035 1143/2054/2036
f 1143/2054/2036 904/2053/2035 903/2055/2037
f 1143/2054/2036 903/2055/2037 1144/2056/2038
f 1144/2056/2038 903/2055/2037 1145/2057/2039
f 1145/2057/2039 903/2055/2037 902/2058/2040
f 1145/2057/2039 902/2058/2040 1146/2059/2041
f 1146/2059/2041 902/2058/2040 901/2060/2042
f 1146/2059/2041 901/2060/2042 1147/2061/2043
f 1147/2061/2043 901/2060/2042 900/2062/2044
f 1147/2061/2043 900/2062/2044 1148/2063/2045
f 1148/2063/2045 900/2062/2044 1149/2064/2046
f 1149/2064/2046 900/2062/2044 899/2065/2047
f 1149/2064/2046 899/2065/2047 1150/2066/2048
f 1150/2066/2048 899/2065/2047 898/2067/2049
f 1150/2066/2048 898/2067/2049 1151/2068/2050
f 1151/2068/2050 898/2067/2049 897/2069/2051
f 1151/2068/2050 897/2069/2051 1152/2070/2052
f 1152/2070/2052 897/2069/2051 1153/2071/2053
f 1153/2071/2053 897/2069/2051 896/2072/2054
f 1153/2071/2053 896/2072/2054 1154/2073/2055
f 1154/2073/2055 896/2072/2054 895/2074/2056
f 1154/2073/2055 895/2074/2056 1155/2075/2057
f 1155/2075/2057 895/2074/2056 894/2076/2058
f 1155/2075/2057 894/2076/2058 1156/2077/2059
f 1156/2077/2059 894/2076/2058 1157/2078/2060
f 1157/2078/2060 894/2076/2058 893/2079/2061
f 1157/2078/2060 893/2079/2061 1158/2080/2062
f 1158/2080/2062 893/2079/2061 892/2081/2063
f 1158/2080/2062 892/2081/2063 1159/2082/2064
f 1159/2082/2064 892/2081/2063 891/2083/2065
f 1159/2082/2064 891/2083/2065 1160/2084/2066
f 1160/2084/2066 891/2083/2065 1161/2085/2067
f 1161/2085/2067 891/2083/2065 890/2086/2068
f 1161/2085/2067 890/2086/2068 1162/2087/2069
f 1162/2087/2069 890/2086/2068 889/2088/2070
f 1162/2087/2069 889/2088/2070 1163/1955/1937
f 1163/1955/1937 889/2088/2070 888/1953/1935
g Standoff 4

v 16.931223 8.700000 0.000000
v 16.937455 8.700000 0.116923
v 16.956079 8.700000 0.232521
v 16.986886 8.700000 0.345484
v 17.029525 8.700000 0.454533
v 17.083513 8.700000 0.558432
v 17.148240 8.700000 0.656004
v 17.222971 8.700000 0.746143
v 17.306860 8.700000 0.827828
v 17.398957 8.700000 0.900133
v 17.498217 8.700000 0.962239
v 17.603516 8.700000 1.013443
v 17.713662 8.700000 1.053164
v 17.827405 8.700000 1.080953
v 17.943458 8.700000 1.096493
v 18.060505 8.700000 1.099610
v 18.177221 8.700000 1.090268
v 18.292282 8.700000 1.068573
v 18.404386 8.700000 1.034770
v 18.512261 8.700000 0.989243
v 18.614686 8.700000 0.932508
v 18.710500 8.700000 0.865207
v 18.798618 8.700000 0.788102
v 18.878040 8.700000 0.702069
v 18.947868 8.700000 0.608080
v 19.007310 8.700000 0.507202
v 19.055693 8.700000 0.400577
v 19.092468 8.700000 0.289413
v 19.117218 8.700000 0.174970
v 19.129664 8.700000 0.058544
v 19.129664 8.700000 -0.058544
v 19.117218 8.700000 -0.174970
v 19.092468 8.700000 -0.289413
v 19.055693 8.700000 -0.400577
v 19.007310 8.700000 -0.507202
v 18.947868 8.700000 -0.608080
v 18.878040 8.700000 -0.702069
v 18.798618 8.700000 -0.788102
v 18.710500 8.700000 -0.865207
v 18.614686 8.700000 -0.932508
v 18.512261 8.700000 -0.989243
v 18.404386 8.700000 -1.034770
v 18.292282 8.700000 -1.068573
v 18.177221 8.700000 -1.090268
v 18.060505 8.700000 -1.099610
v 17.943458 8.700000 -1.096493
v 17.827405 8.700000 -1.080953
v 17.713662 8.700000 -1.053164
v 17.603516 8.700000 -1.013443
v 17.498217 8.700000 -0.962239
v 17.398957 8.700000 -0.900133
v 17.306860 8.700000 -0.827828
v 17.222971 8.700000 -0.746143
v 17.148240 8.700000 -0.656004
v 17.083513 8.700000 -0.558432
v 17.029525 8.700000 -0.454533
v 16.986886 8.700000 -0.345484
v 16.956079 8.700000 -0.232521
v 16.937455 8.700000 -0.116923
v 16.931223 4.000000 0.000000
v 16.937455 4.000000 -0.116923
v 16.956079 4.000000 -0.232521
v 16.986886 4.000000 -0.345484
v 17.029525 4.000000 -0.454533
v 17.083513 4.000000 -0.558432
v 17.148240 4.000000 -0.656004
v 17.222971 4.000000 -0.746143
v 17.306860 4.000000 -0.827828
v 17.398957 4.000000 -0.900133
v 17.498217 4.000000 -0.962239
v 17.603516 4.000000 -1.013443
v 17.713662 4.000000 -1.053164
v 17.827405 4.000000 -1.080953
v 17.943458 4.000000 -1.096493
v 18.060505 4.000000 -1.099610
v 18.177221 4.000000 -1.090268
v 18.292282 4.000000 -1.068573
v 18.404386 4.000000 -1.034770
v 18.512261 4.000000 -0.989243
v 18.614686 4.000000 -0.932508
v 18.710500 4.000000 -0.865207
v 18.798618 4.000000 -0.788102
v 18.878040 4.000000 -0.702069
v 18.947868 4.000000 -0.608080
v 19.007310 4.000000 -0.507202
v 19.055693 4.000000 -0.400577
v 19.092468 4.000000 -0.289413
v 19.117218 4.000000 -0.174970
v 19.129664 4.000000 -0.058544
v 19.129664 4.000000 0.058544
v 19.117218 4.000000 0.174970
v 19.092468 4.000000 0.289413
v 19.055693 4.000000 0.400577
v 19.007310 4.000000 0.507202
v 18.947868 4.000000 0.608080
v 18.878040 4.000000 0.702069
v 18.798618 4.000000 0.788102
v 18.710500 4.000000 0.865207
v 18.614686 4.000000 0.932508
v 18.512261 4.000000 0.989243
v 18.404386 4.000000 1.034770
v 18.292282 4.000000 1.068573
v 18.177221 4.000000 1.090268
v 18.060505 4.000000 1.099610
v 17.943458 4.000000 1.096493
v 17.827405 4.000000 1.080953
v 17.713662 4.000000 1.053164
v 17.603516 4.000000 1.013443
v 17.498217 4.000000 0.962239
v 17.398957 4.000000 0.900133
v 17.306860 4.000000 0.827828
v 17.222971 4.000000 0.746143
v 17.148240 4.000000 0.656004
v 17.083513 4.000000 0.558432
v 17.029525 4.000000 0.454533
v 16.986886 4.000000 0.345484
v 16.956079 4.000000 0.232521
v 16.937455 4.000000 0.116923
v 16.931223 6.350000 -0.000000
v 16.937455 6.350000 0.116923
v 16.956079 6.350000 0.232521
v 16.986886 6.350000 0.345484
v 17.029525 6.350000 0.454533
v 17.083513 6.350000 0.558432
v 17.148240 6.350000 0.656004
v 17.222971 6.350000 0.746143
v 17.306860 6.350000 0.827828
v 17.398957 6.350000 0.900133
v 17.498217 6.350000 0.962239
v 17.603516 6.350000 1.013443
v 17.713662 6.350000 1.053164
v 17.827405 6.350000 1.080953
v 17.943458 6.350000 1.096493
v 18.060505 6.350000 1.099610
v 18.177221 6.350000 1.090268
v 18.292282 6.350000 1.068573
v 18.404386 6.350000 1.034770
v 18.512261 6.350000 0.989243
v 18.614686 6.350000 0.932508
v 18.710500 6.350000 0.865207
v 18.798618 6.350000 0.788102
v 18.878040 6.350000 0.702069
v 18.947868 6.350000 0.608080
v 19.007310 6.350000 0.507202
v 19.055693 6.350000 0.400577
v 19.092468 6.350000 0.289413
v 19.117218 6.350000 0.174970
v 19.129664 6.350000 0.058544
v 19.129664 6.350000 -0.058544
v 19.117218 6.350000 -0.174970
v 19.092468 6.350000 -0.289413
v 19.055693 6.350000 -0.400577
v 19.007310 6.350000 -0.507202
v 18.947868 6.350000 -0.608080
v 18.878040 6.350000 -0.702069
v 18.798618 6.350000 -0.788102
v 18.710500 6.350000 -0.865207
v 18.614686 6.350000 -0.932508
v 18.512261 6.350000 -0.989243
v 18.404386 6.350000 -1.034770
v 18.292282 6.350000 -1.068573
v 18.177221 6.350000 -1.090268
v 18.060505 6.350000 -1.099610
v 17.943458 6.350000 -1.096493
v 17.827405 6.350000 -1.080953
v 17.713662 6.350000 -1.053164
v 17.603516 6.350000 -1.013443
v 17.498217 6.350000 -0.962239
v 17.398957 6.350000 -0.900133
v 17.306860 6.350000 -0.827828
v 17.222971 6.350000 -0.746143
v 17.148240 6.350000 -0.656004
v 17.083513 6.350000 -0.558432
v 17.029525 6.350000 -0.454533
v 16.986886 6.350000 -0.345484
v 16.956079 6.350000 -0.232521
v 16.937455 6.350000 -0.116923
v 16.031223 8.700000 0.000000
v 16.037545 8.700000 -0.158900
v 16.056472 8.700000 -0.316796
v 16.087884 8.700000 -0.472689
v 16.131583 8.700000 -0.625593
v 16.187291 8.700000 -0.774542
v 16.254658 8.700000 -0.918595
v 16.333256 8.700000 -1.056839
v 16.422590 8.700000 -1.188402
v 16.522094 8.700000 -1.312451
v 16.631139 8.700000 -1.428203
v 16.749036 8.700000 -1.534925
v 16.875039 8.700000 -1.631943
v 17.008352 8.700000 -1.718643
v 17.148132 8.700000 -1.794478
v 17.293495 8.700000 -1.858967
v 17.443522 8.700000 -1.911703
v 17.597265 8.700000 -1.952353
v 17.753752 8.700000 -1.980659
v 17.911993 8.700000 -1.996443
v 18.070987 8.700000 -1.999605
v 18.229731 8.700000 -1.990124
v 18.387219 8.700000 -1.968062
v 18.542456 8.700000 -1.933556
v 18.694461 8.700000 -1.886827
v 18.842274 8.700000 -1.828168
v 18.984958 8.700000 -1.757950
v 19.121612 8.700000 -1.676619
v 19.251373 8.700000 -1.584687
v 19.373420 8.700000 -1.482737
v 19.486981 8.700000 -1.371412
v 19.591338 8.700000 -1.251416
v 19.685831 8.700000 -1.123509
v 19.769863 8.700000 -0.988498
v 19.842904 8.700000 -0.847238
v 19.904490 8.700000 -0.700622
v 19.954233 8.700000 -0.549576
v 19.991818 8.700000 -0.395055
v 20.017007 8.700000 -0.238036
v 20.029642 8.700000 -0.079513
v 20.029642 8.700000 0.079513
v 20.017007 8.700000 0.238036
v 19.991818 8.700000 0.395055
v 19.954233 8.700000 0.549576
v 19.904490 8.700000 0.700622
v 19.842904 8.700000 0.847238
v 19.769863 8.700000 0.988498
v 19.685831 8.700000 1.123509
v 19.591338 8.700000 1.251416
v 19.486981 8.700000 1.371412
v 19.373420 8.700000 1.482737
v 19.251373 8.700000 1.584687
v 19.121612 8.700000 1.676619
v 18.984958 8.700000 1.757950
v 18.842274 8.700000 1.828168
v 18.694461 8.700000 1.886827
v 18.542456 8.700000 1.933556
v 18.387219 8.700000 1.968062
v 18.229731 8.700000 1.990124
v 18.070987 8.700000 1.999605
v 17.911993 8.700000 1.996443
v 17.753752 8.700000 1.980659
v 17.597265 8.700000 1.952353
v 17.443522 8.700000 1.911703
v 17.293495 8.700000 1.858967
v 17.148132 8.700000 1.794478
v 17.008352 8.700000 1.718643
v 16.875039 8.700000 1.631943
v 16.749036 8.700000 1.534925
v 16.631139 8.700000 1.428203
v 16.522094 8.700000 1.312451
v 16.422590 8.700000 1.188402
v 16.333256 8.700000 1.056839
v 16.254658 8.700000 0.918595
v 16.187291 8.700000 0.774542
v 16.131583 8.700000 0.625593
v 16.087884 8.700000 0.472689
v 16.056472 8.700000 0.316796
v 16.037545 8.700000 0.158900
v 16.031223 4.000000 0.000000
v 16.037545 4.000000 0.158900
v 16.056472 4.000000 0.316796
v 16.087884 4.000000 0.472689
v 16.131583 4.000000 0.625593
v 16.187291 4.000000 0.774542
v 16.254658 4.000000 0.918595
v 16.333256 4.000000 1.056839
v 16.422590 4.000000 1.188402
v 16.522094 4.000000 1.312451
v 16.631139 4.000000 1.428203
v 16.749036 4.000000 1.534925
v 16.875039 4.000000 1.631943
v 17.008352 4.000000 1.718643
v 17.148132 4.000000 1.794478
v 17.293495 4.000000 1.858967
v 17.443522 4.000000 1.911703
v 17.597265 4.000000 1.952353
v 17.753752 4.000000 1.980659
v 17.911993 4.000000 1.996443
v 18.070987 4.000000 1.999605
v 18.229731 4.000000 1.990124
v 18.387219 4.000000 1.968062
v 18.542456 4.000000 1.933556
v 18.694461 4.000000 1.886827
v 18.842274 4.000000 1.828168
v 18.984958 4.000000 1.757950
v 19.121612 4.000000 1.676619
v 19.251373 4.000000 1.584687
v 19.373420 4.000000 1.482737
v 19.486981 4.000000 1.371412
v 19.591338 4.000000 1.251416
v 19.685831 4.000000 1.123509
v 19.769863 4.000000 0.988498
v 19.842904 4.000000 0.847238
v 19.904490 4.000000 0.700622
v 19.954233 4.000000 0.549576
v 19.991818 4.000000 0.395055
v 20.017007 4.000000 0.238036
v 20.029642 4.000000 0.079513
v 20.029642 4.000000 -0.079513
v 20.017007 4.000000 -0.238036
v 19.991818 4.000000 -0.395055
v 19.954233 4.000000 -0.549576
v 19.904490 4.000000 -0.700622
v 19.842904 4.000000 -0.847238
v 19.769863 4.000000 -0.988498
v 19.685831 4.000000 -1.123509
v 19.591338 4.000000 -1.251416
v 19.486981 4.000000 -1.371412
v 19.373420 4.000000 -1.482737
v 19.251373 4.000000 -1.584687
v 19.121612 4.000000 -1.676619
v 18.984958 4.000000 -1.757950
v 18.842274 4.000000 -1.828168
v 18.694461 4.000000 -1.886827
v 18.542456 4.000000 -1.933556
v 18.387219 4.000000 -1.968062
v 18.229731 4.000000 -1.990124
v 18.070987 4.000000 -1.999605
v 17.911993 4.000000 -1.996443
v 17.753752 4.000000 -1.980659
v 17.597265 4.000000 -1.952353
v 17.443522 4.000000 -1.911703
v 17.293495 4.000000 -1.858967
v 17.148132 4.000000 -1.794478
v 17.008352 4.000000 -1.718643
v 16.875039 4.000000 -1.631943
v 16.749036 4.000000 -1.534925
v 16.631139 4.000000 -1.428203
v 16.522094 4.000000 -1.312451
v 16.422590 4.000000 -1.188402
v 16.333256 4.000000 -1.056839
v 16.254658 4.000000 -0.918595
v 16.187291 4.000000 -0.774542
v 16.131583 4.000000 -0.625593
v 16.087884 4.000000 -0.472689
v 16.056472 4.000000 -0.316796
v 16.037545 4.000000 -0.158900
v 16.031223 6.350000 0.000000
v 16.037545 6.350000 -0.158900
v 16.056472 6.350000 -0.316796
v 16.087884 6.350000 -0.472689
v 16.131583 6.350000 -0.625593
v 16.187291 6.350000 -0.774542
v 16.254658 6.350000 -0.918595
v 16.333256 6.350000 -1.056839
v 16.422590 6.350000 -1.188402
v 16.522094 6.350000 -1.312451
v 16.631139 6.350000 -1.428203
v 16.749036 6.350000 -1.534925
v 16.875039 6.350000 -1.631943
v 17.008352 6.350000 -1.718643
v 17.148132 6.350000 -1.794478
v 17.293495 6.350000 -1.858967
v 17.443522 6.350000 -1.911703
v 17.597265 6.350000 -1.952353
v 17.753752 6.350000 -1.980659
v 17.911993 6.350000 -1.996443
v 18.070987 6.350000 -1.999605
v 18.229731 6.350000 -1.990124
v 18.387219 6.350000 -1.968062
v 18.542456 6.350000 -1.933556
v 18.694461 6.350000 -1.886827
v 18.842274 6.350000 -1.828168
v 18.984958 6.350000 -1.757950
v 19.121612 6.350000 -1.676619
v 19.251373 6.350000 -1.584687
v 19.373420 6.350000 -1.482737
v 19.486981 6.350000 -1.371412
v 19.591338 6.350000 -1.251416
v 19.685831 6.350000 -1.123509
v 19.769863 6.350000 -0.988498
v 19.842904 6.350000 -0.847238
v 19.904490 6.350000 -0.700622
v 19.954233 6.350000 -0.549576
v 19.991818 6.350000 -0.395055
v 20.017007 6.350000 -0.238036
v 20.029642 6.350000 -0.079513
v 20.029642 6.350000 0.079513
v 20.017007 6.350000 0.238036
v 19.991818 6.350000 0.395055
v 19.954233 6.350000 0.549576
v 19.904490 6.350000 0.700622
v 19.842904 6.350000 0.847238
v 19.769863 6.350000 0.988498
v 19.685831 6.350000 1.123509
v 19.591338 6.350000 1.251416
v 19.486981 6.350000 1.371412
v 19.373420 6.350000 1.482737
v 19.251373 6.350000 1.584687
v 19.121612 6.350000 1.676619
v 18.984958 6.350000 1.757950
v 18.842274 6.350000 1.828168
v 18.694461 6.350000 1.886827
v 18.542456 6.350000 1.933556
v 18.387219 6.350000 1.968062
v 18.229731 6.350000 1.990124
v 18.070987 6.350000 1.999605
v 17.911993 6.350000 1.996443
v 17.753752 6.350000 1.980659
v 17.597265 6.350000 1.952353
v 17.443522 6.350000 1.911703
v 17.293495 6.350000 1.858967
v 17.148132 6.350000 1.794478
v 17.008352 6.350000 1.718643
v 16.875039 6.350000 1.631943
v 16.749036 6.350000 1.534925
v 16.631139 6.350000 1.428203
v 16.522094 6.350000 1.312451
v 16.422590 6.350000 1.188402
v 16.333256 6.350000 1.056839
v 16.254658 6.350000 0.918595
v 16.187291 6.350000 0.774542
v 16.131583 6.350000 0.625593
v 16.087884 6.350000 0.472689
v 16.056472 6.350000 0.316796
v 16.037545 6.350000 0.158900
vt 0.470000 -0.333861 0.000000
vt 0.235000 -0.333861 0.000000
vt 0.470000 -0.345575 0.000000
vt 0.235000 -0.345575 0.000000
vt 0.470000 0.345575 0.000000
vt 0.235000 0.345575 0.000000
vt 0.470000 0.333861 0.000000
vt 0.235000 0.333861 0.000000
vt 0.470000 0.322146 0.000000
vt 0.235000 0.322146 0.000000
vt 0.470000 0.310432 0.000000
vt 0.235000 0.310432 0.000000
vt 0.470000 0.298718 0.000000
vt 0.235000 0.298718 0.000000
vt 0.470000 0.287003 0.000000
vt 0.235000 0.287003 0.000000
vt 0.470000 0.275289 0.000000
vt 0.235000 0.275289 0.000000
vt 0.470000 0.263574 0.000000
vt 0.235000 0.263574 0.000000
vt 0.470000 0.251860 0.000000
vt 0.235000 0.251860 0.000000
vt 0.470000 0.240145 0.000000
vt 0.235000 0.240145 0.000000
vt 0.470000 0.228431 0.000000
vt 0.235000 0.228431 0.000000
vt 0.470000 0.216717 0.000000
vt 0.235000 0.216717 0.000000
vt 0.470000 0.205002 0.000000
vt 0.235000 0.205002 0.000000
vt 0.470000 0.193288 0.000000
vt 0.235000 0.193288 0.000000
vt 0.470000 0.181573 0.000000
vt 0.235000 0.181573 0.000000
vt 0.470000 0.169859 0.000000
vt 0.235000 0.169859 0.000000
vt 0.470000 0.158145 0.000000
vt 0.235000 0.158145 0.000000
vt 0.470000 0.146430 0.000000
vt 0.235000 0.146430 0.000000
vt 0.470000 0.134716 0.000000
vt 0.235000 0.134716 0.000000
vt 0.470000 0.123001 0.000000
vt 0.235000 0.123001 0.000000
vt 0.470000 0.111287 0.000000
vt 0.235000 0.111287 0.000000
vt 0.470000 0.099573 0.000000
vt 0.235000 0.099573 0.000000
vt 0.470000 0.087858 0.000000
vt 0.235000 0.087858 0.000000
vt 0.470000 0.076144 0.000000
vt 0.235000 0.076144 0.000000
vt 0.470000 0.064429 0.000000
vt 0.235000 0.064429 0.000000
vt 0.470000 0.052715 0.000000
vt 0.235000 0.052715 0.000000
vt 0.470000 0.041000 0.000000
vt 0.235000 0.041000 0.000000
vt 0.470000 0.029286 0.000000
vt 0.235000 0.029286 0.000000
vt 0.470000 0.017572 0.000000
vt 0.235000 0.017572 0.000000
vt 0.470000 0.005857 0.000000
vt 0.235000 0.005857 0.000000
vt 0.470000 -0.005857 0.000000
vt 0.235000 -0.005857 0.000000
vt 0.470000 -0.017572 0.000000
vt 0.235000 -0.017572 0.000000
vt 0.470000 -0.029286 0.000000
vt 0.235000 -0.029286 0.000000
vt 0.470000 -0.041000 0.000000
vt 0.235000 -0.041000 0.000000
vt 0.470000 -0.052715 0.000000
vt 0.235000 -0.052715 0.000000
vt 0.470000 -0.064429 0.000000
vt 0.235000 -0.064429 0.000000
vt 0.470000 -0.076144 0.000000
vt 0.235000 -0.076144 0.000000
vt 0.470000 -0.087858 0.000000
vt 0.235000 -0.087858 0.000000
vt 0.470000 -0.099573 0.000000
vt 0.235000 -0.099573 0.000000
vt 0.470000 -0.111287 0.000000
vt 0.235000 -0.111287 0.000000
vt 0.470000 -0.123001 0.000000
vt 0.235000 -0.123001 0.000000
vt 0.470000 -0.134716 0.000000
vt 0.235000 -0.134716 0.000000
vt 0.470000 -0.146430 0.000000
vt 0.235000 -0.146430 0.000000
vt 0.470000 -0.158145 0.000000
vt 0.235000 -0.158145 0.000000
vt 0.470000 -0.169859 0.000000
vt 0.235000 -0.169859 0.000000
vt 0.470000 -0.181573 0.000000
vt 0.235000 -0.181573 0.000000
vt 0.470000 -0.193288 0.000000
vt 0.235000 -0.193288 0.000000
vt 0.470000 -0.205002 0.000000
vt 0.235000 -0.205002 0.000000
vt 0.470000 -0.216717 0.000000
vt 0.235000 -0.216717 0.000000
vt 0.470000 -0.228431 0.000000
vt 0.235000 -0.228431 0.000000
vt 0.470000 -0.240145 0.000000
vt 0.235000 -0.240145 0.000000
vt 0.470000 -0.251860 0.000000
vt 0.235000 -0.251860 0.000000
vt 0.470000 -0.263574 0.000000
vt 0.235000 -0.263574 0.000000
vt 0.470000 -0.275289 0.000000
vt 0.235000 -0.275289 0.000000
vt 0.470000 -0.287003 0.000000
vt 0.235000 -0.287003 0.000000
vt 0.470000 -0.298718 0.000000
vt 0.235000 -0.298718 0.000000
vt 0.470000 -0.310432 0.000000
vt 0.235000 -0.310432 0.000000
vt 0.470000 -0.322146 0.000000
vt 0.235000 -0.322146 0.000000
vt 0.000000 0.333861 0.000000
vt 0.000000 0.345575 0.000000
vt 0.000000 -0.345575 0.000000
vt 0.000000 -0.333861 0.000000
vt -0.000000 -0.322146 0.000000
vt 0.000000 -0.310432 0.000000
vt -0.000000 -0.298718 0.000000
vt -0.000000 -0.287003 0.000000
vt 0.000000 -0.275289 0.000000
vt 0.000000 -0.263574 0.000000
vt 0.000000 -0.251860 0.000000
vt 0.000000 -0.240145 0.000000
vt 0.000000 -0.228431 0.000000
vt -0.000000 -0.216717 0.000000
vt -0.000000 -0.205002 0.000000
vt 0.000000 -0.193288 0.000000
vt 0.000000 -0.181573 0.000000
vt 0.000000 -0.169859 0.000000
vt 0.000000 -0.158145 0.000000
vt -0.000000 -0.146430 0.000000
vt -0.000000 -0.134716 0.000000
vt 0.000000 -0.123001 0.000000
vt 0.000000 -0.111287 0.000000
vt 0.000000 -0.099573 0.000000
vt -0.000000 -0.087858 0.000000
vt 0.000000 -0.076144 0.000000
vt 0.000000 -0.064429 0.000000
vt -0.000000 -0.052715 0.000000
vt -0.000000 -0.041000 0.000000
vt 0.000000 -0.029286 0.000000
vt -0.000000 -0.017572 0.000000
vt 0.000000 -0.005857 0.000000
vt 0.000000 0.005857 0.000000
vt -0.000000 0.017572 0.000000
vt 0.000000 0.029286 0.000000
vt -0.000000 0.041000 0.000000
vt -0.000000 0.052715 0.000000
vt 0.000000 0.064429 0.000000
vt 0.000000 0.076144 0.000000
vt -0.000000 0.087858 0.000000
vt 0.000000 0.099573 0.000000
vt 0.000000 0.111287 0.000000
vt 0.000000 0.123001 0.000000
vt -0.000000 0.134716 0.000000
vt -0.000000 0.146430 0.000000
vt -0.000000 0.158145 0.000000
vt 0.000000 0.169859 0.000000
vt 0.000000 0.181573 0.000000
vt 0.000000 0.193288 0.000000
vt 0.000000 0.205002 0.000000
vt -0.000000 0.216717 0.000000
vt 0.000000 0.228431 0.000000
vt 0.000000 0.240145 0.000000
vt -0.000000 0.251860 0.000000
vt 0.000000 0.263574 0.000000
vt -0.000000 0.275289 0.000000
vt -0.000000 0.287003 0.000000
vt -0.000000 0.298718 0.000000
vt 0.000000 0.310432 0.000000
vt -0.000000 0.322146 0.000000
vt -0.470000 0.612412 0.000000
vt -0.235000 0.612412 0.000000
vt -0.470000 0.628319 0.000000
vt -0.235000 0.628319 0.000000
vt -0.470000 -0.628319 0.000000
vt -0.235000 -0.628319 0.000000
vt -0.470000 -0.612412 0.000000
vt -0.235000 -0.612412 0.000000
vt -0.470000 -0.596505 0.000000
vt -0.235000 -0.596505 0.000000
vt -0.470000 -0.580598 0.000000
vt -0.235000 -0.580598 0.000000
vt -0.470000 -0.564691 0.000000
vt -0.235000 -0.564691 0.000000
vt -0.470000 -0.548785 0.000000
vt -0.235000 -0.548785 0.000000
vt -0.470000 -0.532878 0.000000
vt -0.235000 -0.532878 0.000000
vt -0.470000 -0.516971 0.000000
vt -0.235000 -0.516971 0.000000
vt -0.470000 -0.501064 0.000000
vt -0.235000 -0.501064 0.000000
vt -0.470000 -0.485157 0.000000
vt -0.235000 -0.485157 0.000000
vt -0.470000 -0.469251 0.000000
vt -0.235000 -0.469251 0.000000
vt -0.470000 -0.453344 0.000000
vt -0.235000 -0.453344 0.000000
vt -0.470000 -0.437437 0.000000
vt -0.235000 -0.437437 0.000000
vt -0.470000 -0.421530 0.000000
vt -0.235000 -0.421530 0.000000
vt -0.470000 -0.405623 0.000000
vt -0.235000 -0.405623 0.000000
vt -0.470000 -0.389717 0.000000
vt -0.235000 -0.389717 0.000000
vt -0.470000 -0.373810 0.000000
vt -0.235000 -0.373810 0.000000
vt -0.470000 -0.357903 0.000000
vt -0.235000 -0.357903 0.000000
vt -0.470000 -0.341996 0.000000
vt -0.235000 -0.341996 0.000000
vt -0.470000 -0.326089 0.000000
vt -0.235000 -0.326089 0.000000
vt -0.470000 -0.310183 0.000000
vt -0.235000 -0.310183 0.000000
vt -0.470000 -0.294276 0.000000
vt -0.235000 -0.294276 0.000000
vt -0.470000 -0.278369 0.000000
vt -0.235000 -0.278369 0.000000
vt -0.470000 -0.262462 0.000000
vt -0.235000 -0.262462 0.000000
vt -0.470000 -0.246555 0.000000
vt -0.235000 -0.246555 0.000000
vt -0.470000 -0.230649 0.000000
vt -0.235000 -0.230649 0.000000
vt -0.470000 -0.214742 0.000000
vt -0.235000 -0.214742 0.000000
vt -0.470000 -0.198835 0.000000
vt -0.235000 -0.198835 0.000000
vt -0.470000 -0.182928 0.000000
vt -0.235000 -0.182928 0.000000
vt -0.470000 -0.167021 0.000000
vt -0.235000 -0.167021 0.000000
vt -0.470000 -0.151115 0.000000
vt -0.235000 -0.151115 0.000000
vt -0.470000 -0.135208 0.000000
vt -0.235000 -0.135208 0.000000
vt -0.470000 -0.119301 0.000000
vt -0.235000 -0.119301 0.000000
vt -0.470000 -0.103394 0.000000
vt -0.235000 -0.103394 0.000000
vt -0.470000 -0.087487 0.000000
vt -0.235000 -0.087487 0.000000
vt -0.470000 -0.071581 0.000000
vt -0.235000 -0.071581 0.000000
vt -0.470000 -0.055674 0.000000
vt -0.235000 -0.055674 0.000000
vt -0.470000 -0.039767 0.000000
vt -0.235000 -0.039767 0.000000
vt -0.470000 -0.023860 0.000000
vt -0.235000 -0.023860 0.000000
vt -0.470000 -0.007953 0.000000
vt -0.235000 -0.007953 0.000000
vt -0.470000 0.007953 0.000000
vt -0.235000 0.007953 0.000000
vt -0.470000 0.023860 0.000000
vt -0.235000 0.023860 0.000000
vt -0.470000 0.039767 0.000000
vt -0.235000 0.039767 0.000000
vt -0.470000 0.055674 0.000000
vt -0.235000 0.055674 0.000000
vt -0.470000 0.071581 0.000000
vt -0.235000 0.071581 0.000000
vt -0.470000 0.087487 0.000000
vt -0.235000 0.087487 0.000000
vt -0.470000 0.103394 0.000000
vt -0.235000 0.103394 0.000000
vt -0.470000 0.119301 0.000000
vt -0.235000 0.119301 0.000000
vt -0.470000 0.135208 0.000000
vt -0.235000 0.135208 0.000000
vt -0.470000 0.151115 0.000000
vt -0.235000 0.151115 0.000000
vt -0.470000 0.167021 0.000000
vt -0.235000 0.167021 0.000000
vt -0.470000 0.182928 0.000000
vt -0.235000 0.182928 0.000000
vt -0.470000 0.198835 0.000000
vt -0.235000 0.198835 0.000000
vt -0.470000 0.214742 0.000000
vt -0.235000 0.214742 0.000000
vt -0.470000 0.230649 0.000000
vt -0.235000 0.230649 0.000000
vt -0.470000 0.246555 0.000000
vt -0.235000 0.246555 0.000000
vt -0.470000 0.262462 0.000000
vt -0.235000 0.262462 0.000000
vt -0.470000 0.278369 0.000000
vt -0.235000 0.278369 0.000000
vt -0.470000 0.294276 0.000000
vt -0.235000 0.294276 0.000000
vt -0.470000 0.310183 0.000000
vt -0.235000 0.310183 0.000000
vt -0.470000 0.326089 0.000000
vt -0.235000 0.326089 0.000000
vt -0.470000 0.341996 0.000000
vt -0.235000 0.341996 0.000000
vt -0.470000 0.357903 0.000000
vt -0.235000 0.357903 0.000000
vt -0.470000 0.373810 0.000000
vt -0.235000 0.373810 0.000000
vt -0.470000 0.389717 0.000000
vt -0.235000 0.389717 0.000000
vt -0.470000 0.405623 0.000000
vt -0.235000 0.405623 0.000000
vt -0.470000 0.421530 0.000000
vt -0.235000 0.421530 0.000000
vt -0.470000 0.437437 0.000000
vt -0.235000 0.437437 0.000000
vt -0.470000 0.453344 0.000000
vt -0.235000 0.453344 0.000000
vt -0.470000 0.469251 0.000000
vt -0.235000 0.469251 0.000000
vt -0.470000 0.485157 0.000000
vt -0.235000 0.485157 0.000000
vt -0.470000 0.501064 0.000000
vt -0.235000 0.501064 0.000000
vt -0.470000 0.516971 0.000000
vt -0.235000 0.516971 0.000000
vt -0.470000 0.532878 0.000000
vt -0.235000 0.532878 0.000000
vt -0.470000 0.548785 0.000000
vt -0.235000 0.548785 0.000000
vt -0.470000 0.564691 0.000000
vt -0.235000 0.564691 0.000000
vt -0.470000 0.580598 0.000000
vt -0.235000 0.580598 0.000000
vt -0.470000 0.596505 0.000000
vt -0.235000 0.596505 0.000000
vt -0.000000 -0.612412 0.000000
vt -0.000000 -0.628319 0.000000
vt -0.000000 0.628319 0.000000
vt -0.000000 0.612412 0.000000
vt -0.000000 0.596505 0.000000
vt -0.000000 0.580598 0.000000
vt -0.000000 0.564691 0.000000
vt -0.000000 0.548785 0.000000
vt -0.000000 0.532878 0.000000
vt -0.000000 0.516971 0.000000
vt -0.000000 0.501064 0.000000
vt -0.000000 0.485157 0.000000
vt -0.000000 0.469251 0.000000
vt -0.000000 0.453344 0.000000
vt -0.000000 0.437437 0.000000
vt -0.000000 0.421530 0.000000
vt -0.000000 0.405623 0.000000
vt -0.000000 0.389717 0.000000
vt -0.000000 0.373810 0.000000
vt -0.000000 0.357903 0.000000
vt -0.000000 0.341996 0.000000
vt -0.000000 0.326089 0.000000
vt -0.000000 0.310183 0.000000
vt -0.000000 0.294276 0.000000
vt -0.000000 0.278369 0.000000
vt -0.000000 0.262462 0.000000
vt -0.000000 0.246555 0.000000
vt -0.000000 0.230649 0.000000
vt -0.000000 0.214742 0.000000
vt -0.000000 0.198835 0.000000
vt -0.000000 0.182928 0.000000
vt -0.000000 0.167021 0.000000
vt -0.000000 0.151115 0.000000
vt -0.000000 0.135208 0.000000
vt -0.000000 0.119301 0.000000
vt -0.000000 0.103394 0.000000
vt -0.000000 0.087487 0.000000
vt -0.000000 0.071581 0.000000
vt -0.000000 0.055674 0.000000
vt -0.000000 0.039767 0.000000
vt -0.000000 0.023860 0.000000
vt -0.000000 0.007953 0.000000
vt -0.000000 -0.007953 0.000000
vt -0.000000 -0.023860 0.000000
vt -0.000000 -0.039767 0.000000
vt -0.000000 -0.055674 0.000000
vt -0.000000 -0.071581 0.000000
vt -0.000000 -0.087487 0.000000
vt -0.000000 -0.103394 0.000000
vt -0.000000 -0.119301 0.000000
vt -0.000000 -0.135208 0.000000
vt -0.000000 -0.151115 0.000000
vt -0.000000 -0.167021 0.000000
vt -0.000000 -0.182928 0.000000
vt -0.000000 -0.198835 0.000000
vt -0.000000 -0.214742 0.000000
vt -0.000000 -0.230649 0.000000
vt -0.000000 -0.246555 0.000000
vt -0.000000 -0.262462 0.000000
vt -0.000000 -0.278369 0.000000
vt -0.000000 -0.294276 0.000000
vt -0.000000 -0.310183 0.000000
vt -0.000000 -0.326089 0.000000
vt -0.000000 -0.341996 0.000000
vt -0.000000 -0.357903 0.000000
vt -0.000000 -0.373810 0.000000
vt -0.000000 -0.389717 0.000000
vt -0.000000 -0.405623 0.000000
vt -0.000000 -0.421530 0.000000
vt -0.000000 -0.437437 0.000000
vt -0.000000 -0.453344 0.000000
vt -0.000000 -0.469251 0.000000
vt -0.000000 -0.485157 0.000000
vt -0.000000 -0.501064 0.000000
vt -0.000000 -0.516971 0.000000
vt -0.000000 -0.532878 0.000000
vt -0.000000 -0.548785 0.000000
vt -0.000000 -0.564691 0.000000
vt -0.000000 -0.580598 0.000000
vt -0.000000 -0.596505 0.000000
vt -0.109377 0.011692 0.000000
vt -0.199368 0.015890 0.000000
vt -0.110000 -0.000000 0.000000
vt -0.200000 -0.000000 0.000000
vt -0.199368 -0.015890 0.000000
vt -0.197475 0.031680 0.000000
vt -0.107514 0.023252 0.000000
vt -0.194334 0.047269 0.000000
vt -0.104434 0.034548 0.000000
vt -0.189964 0.062559 0.000000
vt -0.184393 0.077454 0.000000
vt -0.100170 0.045453 0.000000
vt -0.177657 0.091859 0.000000
vt -0.094771 0.055843 0.000000
vt -0.169797 0.105684 0.000000
vt -0.088298 0.065600 0.000000
vt -0.160863 0.118840 0.000000
vt -0.150913 0.131245 0.000000
vt -0.080825 0.074614 0.000000
vt -0.140008 0.142820 0.000000
vt -0.072436 0.082783 0.000000
vt -0.128219 0.153493 0.000000
vt -0.063227 0.090013 0.000000
vt -0.115618 0.163194 0.000000
vt -0.102287 0.171864 0.000000
vt -0.053301 0.096224 0.000000
vt -0.088309 0.179448 0.000000
vt -0.042771 0.101344 0.000000
vt -0.073773 0.185897 0.000000
vt -0.031756 0.105316 0.000000
vt -0.058770 0.191170 0.000000
vt -0.043396 0.195235 0.000000
vt -0.020382 0.108095 0.000000
vt -0.027747 0.198066 0.000000
vt -0.008776 0.109649 0.000000
vt -0.011923 0.199644 0.000000
vt 0.002928 0.109961 0.000000
vt 0.003976 0.199960 0.000000
vt 0.019851 0.199012 0.000000
vt 0.014600 0.109027 0.000000
vt 0.035600 0.196806 0.000000
vt 0.026106 0.106857 0.000000
vt 0.051123 0.193356 0.000000
vt 0.037316 0.103477 0.000000
vt 0.066324 0.188683 0.000000
vt 0.081105 0.182817 0.000000
vt 0.048104 0.098924 0.000000
vt 0.095374 0.175795 0.000000
vt 0.058346 0.093251 0.000000
vt 0.109039 0.167662 0.000000
vt 0.067928 0.086521 0.000000
vt 0.122015 0.158469 0.000000
vt 0.134220 0.148274 0.000000
vt 0.076739 0.078810 0.000000
vt 0.145576 0.137141 0.000000
vt 0.084682 0.070207 0.000000
vt 0.156011 0.125142 0.000000
vt 0.091665 0.060808 0.000000
vt 0.165461 0.112351 0.000000
vt 0.173864 0.098850 0.000000
vt 0.097609 0.050720 0.000000
vt 0.181168 0.084724 0.000000
vt 0.102447 0.040058 0.000000
vt 0.187327 0.070062 0.000000
vt 0.106124 0.028941 0.000000
vt 0.192301 0.054958 0.000000
vt 0.196059 0.039505 0.000000
vt 0.108600 0.017497 0.000000
vt 0.198578 0.023804 0.000000
vt 0.109844 0.005854 0.000000
vt 0.199842 0.007951 0.000000
vt 0.199842 -0.007951 0.000000
vt 0.109844 -0.005854 0.000000
vt 0.198578 -0.023804 0.000000
vt 0.108600 -0.017497 0.000000
vt 0.196059 -0.039505 0.000000
vt 0.106124 -0.028941 0.000000
vt 0.192301 -0.054958 0.000000
vt 0.187327 -0.070062 0.000000
vt 0.102447 -0.040058 0.000000
vt 0.181168 -0.084724 0.000000
vt 0.097609 -0.050720 0.000000
vt 0.173864 -0.098850 0.000000
vt 0.091665 -0.060808 0.000000
vt 0.165461 -0.112351 0.000000
vt 0.156011 -0.125142 0.000000
vt 0.084682 -0.070207 0.000000
vt 0.145576 -0.137141 0.000000
vt 0.076739 -0.078810 0.000000
vt 0.134220 -0.148274 0.000000
vt 0.067928 -0.086521 0.000000
vt 0.122015 -0.158469 0.000000
vt 0.058346 -0.093251 0.000000
vt 0.109039 -0.167662 0.000000
vt 0.048104 -0.098924 0.000000
vt 0.095374 -0.175795 0.000000
vt 0.081105 -0.182817 0.000000
vt 0.037316 -0.103477 0.000000
vt 0.066324 -0.188683 0.000000
vt 0.051123 -0.193356 0.000000
vt 0.026106 -0.106857 0.000000
vt 0.035600 -0.196806 0.000000
vt 0.014600 -0.109027 0.000000
vt 0.019851 -0.199012 0.000000
vt 0.002928 -0.109961 0.000000
vt 0.003976 -0.199960 0.000000
vt -0.011923 -0.199644 0.000000
vt -0.008776 -0.109649 0.000000
vt -0.027747 -0.198066 0.000000
vt -0.020382 -0.108095 0.000000
vt -0.043396 -0.195235 0.000000
vt -0.031756 -0.105316 0.000000
vt -0.058770 -0.191170 0.000000
vt -0.073773 -0.185897 0.000000
vt -0.042771 -0.101344 0.000000
vt -0.088309 -0.179448 0.000000
vt -0.053301 -0.096224 0.000000
vt -0.102287 -0.171864 0.000000
vt -0.063227 -0.090013 0.000000
vt -0.115618 -0.163194 0.000000
vt -0.128219 -0.153493 0.000000
vt -0.072436 -0.082783 0.000000
vt -0.140008 -0.142820 0.000000
vt -0.080825 -0.074614 0.000000
vt -0.150913 -0.131245 0.000000
vt -0.088298 -0.065600 0.000000
vt -0.160863 -0.118840 0.000000
vt -0.169797 -0.105684 0.000000
vt -0.094771 -0.055843 0.000000
vt -0.177657 -0.091859 0.000000
vt -0.100170 -0.045453 0.000000
vt -0.184393 -0.077454 0.000000
vt -0.104434 -0.034548 0.000000
vt -0.189964 -0.062559 0.000000
vt -0.194334 -0.047269 0.000000
vt -0.107514 -0.023252 0.000000
vt -0.197475 -0.031680 0.000000
vt -0.109377 -0.011692 0.000000
vt 0.109377 -0.011692 0.000000
vt 0.199368 -0.015890 0.000000
vt 0.110000 -0.000000 0.000000
vt 0.200000 -0.000000 0.000000
vt 0.199368 0.015890 0.000000
vt 0.197475 -0.031680 0.000000
vt 0.107514 -0.023252 0.000000
vt 0.194334 -0.047269 0.000000
vt 0.104434 -0.034548 0.000000
vt 0.189964 -0.062559 0.000000
vt 0.184393 -0.077454 0.000000
vt 0.100170 -0.045453 0.000000
vt 0.177657 -0.091859 0.000000
vt 0.094771 -0.055843 0.000000
vt 0.169797 -0.105684 0.000000
vt 0.088298 -0.065600 0.000000
vt 0.160863 -0.118840 0.000000
vt 0.150913 -0.131245 0.000000
vt 0.080825 -0.074614 0.000000
vt 0.140008 -0.142820 0.000000
vt 0.072436 -0.082783 0.000000
vt 0.128219 -0.153493 0.000000
vt 0.063227 -0.090013 0.000000
vt 0.115618 -0.163194 0.000000
vt 0.102287 -0.171864 0.000000
vt 0.053301 -0.096224 0.000000
vt 0.088309 -0.179448 0.000000
vt 0.042771 -0.101344 0.000000
vt 0.073773 -0.185897 0.000000
vt 0.031756 -0.105316 0.000000
vt 0.058770 -0.191170 0.000000
vt 0.043396 -0.195235 0.000000
vt 0.020382 -0.108095 0.000000
vt 0.027747 -0.198066 0.000000
vt 0.008776 -0.109649 0.000000
vt 0.011923 -0.199644 0.000000
vt -0.002928 -0.109961 0.000000
vt -0.003976 -0.199960 0.000000
vt -0.019851 -0.199012 0.000000
vt -0.014600 -0.109027 0.000000
vt -0.035600 -0.196806 0.000000
vt -0.026106 -0.106857 0.000000
vt -0.051123 -0.193356 0.000000
vt -0.037316 -0.103477 0.000000
vt -0.066324 -0.188683 0.000000
vt -0.081105 -0.182817 0.000000
vt -0.048104 -0.098924 0.000000
vt -0.095374 -0.175795 0.000000
vt -0.109039 -0.167662 0.000000
vt -0.058346 -0.093251 0.000000
vt -0.067928 -0.086521 0.000000
vt -0.076739 -0.078810 0.000000
vt -0.134220 -0.148274 0.000000
vt -0.122015 -0.158469 0.000000
vt -0.145576 -0.137141 0.000000
vt -0.084682 -0.070207 0.000000
vt -0.156011 -0.125142 0.000000
vt -0.091665 -0.060808 0.000000
vt -0.165461 -0.112351 0.000000
vt -0.173864 -0.098850 0.000000
vt -0.097609 -0.050720 0.000000
vt -0.181168 -0.084724 0.000000
vt -0.102447 -0.040058 0.000000
vt -0.187327 -0.070062 0.000000
vt -0.106124 -0.028941 0.000000
vt -0.192301 -0.054958 0.000000
vt -0.196059 -0.039505 0.000000
vt -0.108600 -0.017497 0.000000
vt -0.198578 -0.023804 0.000000
vt -0.109844 -0.005854 0.000000
vt -0.199842 -0.007951 0.000000
vt -0.109844 0.005854 0.000000
vt -0.199842 0.007951 0.000000
vt -0.198578 0.023804 0.000000
vt -0.108600 0.017497 0.000000
vt -0.196059 0.039505 0.000000
vt -0.106124 0.028941 0.000000
vt -0.192301 0.054958 0.000000
vt -0.187327 0.070062 0.000000
vt -0.102447 0.040058 0.000000
vt -0.181168 0.084724 0.000000
vt -0.097609 0.050720 0.000000
vt -0.173864 0.098850 0.000000
vt -0.091665 0.060808 0.000000
vt -0.165461 0.112351 0.000000
vt -0.156011 0.125142 0.000000
vt -0.084682 0.070207 0.000000
vt -0.145576 0.137141 0.000000
vt -0.076739 0.078810 0.000000
vt -0.134220 0.148274 0.000000
vt -0.067928 0.086521 0.000000
vt -0.122015 0.158469 0.000000
vt -0.109039 0.167662 0.000000
vt -0.058346 0.093251 0.000000
vt -0.095374 0.175795 0.000000
vt -0.048104 0.098924 0.000000
vt -0.081105 0.182817 0.000000
vt -0.037316 0.103477 0.000000
vt -0.066324 0.188683 0.000000
vt -0.051123 0.193356 0.000000
vt -0.026106 0.106857 0.000000
vt -0.035600 0.196806 0.000000
vt -0.014600 0.109027 0.000000
vt -0.019851 0.199012 0.000000
vt -0.002928 0.109961 0.000000
vt -0.003976 0.199960 0.000000
vt 0.011923 0.199644 0.000000
vt 0.008776 0.109649 0.000000
vt 0.027747 0.198066 0.000000
vt 0.020382 0.108095 0.000000
vt 0.043396 0.195235 0.000000
vt 0.031756 0.105316 0.000000
vt 0.058770 0.191170 0.000000
vt 0.073773 0.185897 0.000000
vt 0.042771 0.101344 0.000000
vt 0.088309 0.179448 0.000000
vt 0.053301 0.096224 0.000000
vt 0.102287 0.171864 0.000000
vt 0.063227 0.090013 0.000000
vt 0.115618 0.163194 0.000000
vt 0.128219 0.153493 0.000000
vt 0.072436 0.082783 0.000000
vt 0.140008 0.142820 0.000000
vt 0.080825 0.074614 0.000000
vt 0.150913 0.131245 0.000000
vt 0.088298 0.065600 0.000000
vt 0.160863 0.118840 0.000000
vt 0.169797 0.105684 0.000000
vt 0.094771 0.055843 0.000000
vt 0.177657 0.091859 0.000000
vt 0.100170 0.045453 0.000000
vt 0.184393 0.077454 0.000000
vt 0.104434 0.034548 0.000000
vt 0.189964 0.062559 0.000000
vt 0.194334 0.047269 0.000000
vt 0.107514 0.023252 0.000000
vt 0.197475 0.031680 0.000000
vt 0.109377 0.011692 0.000000
vn 0.099433 0.000000 -0.010629
vn 0.099433 0.000000 -0.010629
vn 0.100000 0.000000 -0.000000
vn 0.100000 0.000000 -0.000000
vn 0.099433 -0.000000 0.010629
vn 0.099433 -0.000000 0.010629
vn 0.097740 -0.000000 0.021138
vn 0.097740 -0.000000 0.021138
vn 0.094940 -0.000000 0.031408
vn 0.094940 -0.000000 0.031408
vn 0.091063 -0.000000 0.041321
vn 0.091063 -0.000000 0.041321
vn 0.086155 -0.000000 0.050767
vn 0.086155 -0.000000 0.050767
vn 0.080271 -0.000000 0.059637
vn 0.080271 -0.000000 0.059637
vn 0.073477 -0.000000 0.067831
vn 0.073477 -0.000000 0.067831
vn 0.065851 -0.000000 0.075257
vn 0.065851 -0.000000 0.075257
vn 0.057479 -0.000000 0.081830
vn 0.057479 -0.000000 0.081830
vn 0.048455 -0.000000 0.087476
vn 0.048455 -0.000000 0.087476
vn 0.038882 -0.000000 0.092131
vn 0.038882 -0.000000 0.092131
vn 0.028869 -0.000000 0.095742
vn 0.028869 -0.000000 0.095742
vn 0.018529 -0.000000 0.098268
vn 0.018529 -0.000000 0.098268
vn 0.007979 -0.000000 0.099681
vn 0.007979 -0.000000 0.099681
vn -0.002662 0.000000 0.099965
vn -0.002662 0.000000 0.099965
vn -0.013273 0.000000 0.099115
vn -0.013273 0.000000 0.099115
vn -0.023733 0.000000 0.097143
vn -0.023733 0.000000 0.097143
vn -0.033924 0.000000 0.094070
vn -0.033924 0.000000 0.094070
vn -0.043731 0.000000 0.089931
vn -0.043731 0.000000 0.089931
vn -0.053042 0.000000 0.084773
vn -0.053042 0.000000 0.084773
vn -0.061752 0.000000 0.078655
vn -0.061752 0.000000 0.078655
vn -0.069763 0.000000 0.071646
vn -0.069763 0.000000 0.071646
vn -0.076983 0.000000 0.063824
vn -0.076983 0.000000 0.063824
vn -0.083331 0.000000 0.055280
vn -0.083331 0.000000 0.055280
vn -0.088735 0.000000 0.046109
vn -0.088735 0.000000 0.046109
vn -0.093134 0.000000 0.036416
vn -0.093134 0.000000 0.036416
vn -0.096477 0.000000 0.026310
vn -0.096477 0.000000 0.026310
vn -0.098727 0.000000 0.015906
vn -0.098727 0.000000 0.015906
vn -0.099858 0.000000 0.005322
vn -0.099858 0.000000 0.005322
vn -0.099858 0.000000 -0.005322
vn -0.099858 0.000000 -0.005322
vn -0.098727 0.000000 -0.015906
vn -0.098727 0.000000 -0.015906
vn -0.096477 0.000000 -0.026310
vn -0.096477 0.000000 -0.026310
vn -0.093134 0.000000 -0.036416
vn -0.093134 0.000000 -0.036416
vn -0.088735 0.000000 -0.046109
vn -0.088735 0.000000 -0.046109
vn -0.083331 0.000000 -0.055280
vn -0.083331 0.000000 -0.055280
vn -0.076983 0.000000 -0.063824
vn -0.076983 0.000000 -0.063824
vn -0.069763 0.000000 -0.071646
vn -0.069763 0.000000 -0.071646
vn -0.061752 0.000000 -0.078655
vn -0.061752 0.000000 -0.078655
vn -0.053042 0.000000 -0.084773
vn -0.053042 0.000000 -0.084773
vn -0.043731 0.000000 -0.089931
vn -0.043731 0.000000 -0.089931
vn -0.033924 0.000000 -0.094070
vn -0.033924 0.000000 -0.094070
vn -0.023733 0.000000 -0.097143
vn -0.023733 0.000000 -0.097143
vn -0.013273 0.000000 -0.099115
vn -0.013273 0.000000 -0.099115
vn -0.002662 0.000000 -0.099965
vn -0.002662 0.000000 -0.099965
vn 0.007979 0.000000 -0.099681
vn 0.007979 0.000000 -0.099681
vn 0.018529 0.000000 -0.098268
vn 0.018529 0.000000 -0.098268
vn 0.028869 0.000000 -0.095742
vn 0.028869 0.000000 -0.095742
vn 0.038882 0.000000 -0.092131
vn 0.038882 0.000000 -0.092131
vn 0.048455 0.000000 -0.087476
vn 0.048455 0.000000 -0.087476
vn 0.057479 0.000000 -0.081830
vn 0.057479 0.000000 -0.081830
vn 0.065851 0.000000 -0.075257
vn 0.065851 0.000000 -0.075257
vn 0.073477 0.000000 -0.067831
vn 0.073477 0.000000 -0.067831
vn 0.080271 0.000000 -0.059637
vn 0.080271 0.000000 -0.059637
vn 0.086155 0.000000 -0.050767
vn 0.086155 0.000000 -0.050767
vn 0.091063 0.000000 -0.041321
vn 0.091063 0.000000 -0.041321
vn 0.094940 0.000000 -0.031408
vn 0.094940 0.000000 -0.031408
vn 0.097740 0.000000 -0.021138
vn 0.097740 0.000000 -0.021138
vn 0.099433 -0.000000 0.010629
vn 0.100000 -0.000000 0.000000
vn 0.099433 0.000000 -0.010629
vn 0.097740 0.000000 -0.021138
vn 0.094940 0.000000 -0.031408
vn 0.091063 0.000000 -0.041321
vn 0.086155 0.000000 -0.050767
vn 0.080271 0.000000 -0.059637
vn 0.073477 0.000000 -0.067831
vn 0.065851 0.000000 -0.075257
vn 0.057479 0.000000 -0.081830
vn 0.048455 0.000000 -0.087476
vn 0.038882 0.000000 -0.092131
vn 0.028869 0.000000 -0.095742
vn 0.018529 0.000000 -0.098268
vn 0.007979 0.000000 -0.099681
vn -0.002662 0.000000 -0.099965
vn -0.013273 0.000000 -0.099115
vn -0.023733 0.000000 -0.097143
vn -0.033924 0.000000 -0.094070
vn -0.043731 0.000000 -0.089931
vn -0.053042 0.000000 -0.084773
vn -0.061752 0.000000 -0.078655
vn -0.069763 0.000000 -0.071646
vn -0.076983 0.000000 -0.063824
vn -0.083331 0.000000 -0.055280
vn -0.088735 0.000000 -0.046109
vn -0.093134 0.000000 -0.036416
vn -0.096477 0.000000 -0.026310
vn -0.098727 0.000000 -0.015906
vn -0.099858 0.000000 -0.005322
vn -0.099858 0.000000 0.005322
vn -0.098727 0.000000 0.015906
vn -0.096477 0.000000 0.026310
vn -0.093134 0.000000 0.036416
vn -0.088735 0.000000 0.046109
vn -0.083331 0.000000 0.055280
vn -0.076983 0.000000 0.063824
vn -0.069763 0.000000 0.071646
vn -0.061752 0.000000 0.078655
vn -0.053042 0.000000 0.084773
vn -0.043731 0.000000 0.089931
vn -0.033924 0.000000 0.094070
vn -0.023733 0.000000 0.097143
vn -0.013273 0.000000 0.099115
vn -0.002662 0.000000 0.099965
vn 0.007979 -0.000000 0.099681
vn 0.018529 -0.000000 0.098268
vn 0.028869 -0.000000 0.095742
vn 0.038882 -0.000000 0.092131
vn 0.048455 -0.000000 0.087476
vn 0.057479 -0.000000 0.081830
vn 0.065851 -0.000000 0.075257
vn 0.073477 -0.000000 0.067831
vn 0.080271 -0.000000 0.059637
vn 0.086155 -0.000000 0.050767
vn 0.091063 -0.000000 0.041321
vn 0.094940 -0.000000 0.031408
vn 0.097740 -0.000000 0.021138
vn -0.099684 0.000000 -0.007945
vn -0.099684 0.000000 -0.007945
vn -0.100000 0.000000 -0.000000
vn -0.100000 0.000000 -0.000000
vn -0.099684 0.000000 0.007945
vn -0.099684 0.000000 0.007945
vn -0.098738 0.000000 0.015840
vn -0.098738 0.000000 0.015840
vn -0.097167 0.000000 0.023634
vn -0.097167 0.000000 0.023634
vn -0.094982 0.000000 0.031280
vn -0.094982 0.000000 0.031280
vn -0.092197 0.000000 0.038727
vn -0.092197 0.000000 0.038727
vn -0.088828 0.000000 0.045930
vn -0.088828 0.000000 0.045930
vn -0.084898 0.000000 0.052842
vn -0.084898 0.000000 0.052842
vn -0.080432 0.000000 0.059420
vn -0.080432 0.000000 0.059420
vn -0.075456 0.000000 0.065623
vn -0.075456 0.000000 0.065623
vn -0.070004 0.000000 0.071410
vn -0.070004 0.000000 0.071410
vn -0.064109 0.000000 0.076746
vn -0.064109 0.000000 0.076746
vn -0.057809 0.000000 0.081597
vn -0.057809 0.000000 0.081597
vn -0.051144 0.000000 0.085932
vn -0.051144 0.000000 0.085932
vn -0.044155 0.000000 0.089724
vn -0.044155 0.000000 0.089724
vn -0.036886 0.000000 0.092948
vn -0.036886 0.000000 0.092948
vn -0.029385 0.000000 0.095585
vn -0.029385 0.000000 0.095585
vn -0.021698 0.000000 0.097618
vn -0.021698 0.000000 0.097618
vn -0.013874 0.000000 0.099033
vn -0.013874 0.000000 0.099033
vn -0.005962 0.000000 0.099822
vn -0.005962 0.000000 0.099822
vn 0.001988 -0.000000 0.099980
vn 0.001988 -0.000000 0.099980
vn 0.009925 -0.000000 0.099506
vn 0.009925 -0.000000 0.099506
vn 0.017800 -0.000000 0.098403
vn 0.017800 -0.000000 0.098403
vn 0.025562 -0.000000 0.096678
vn 0.025562 -0.000000 0.096678
vn 0.033162 -0.000000 0.094341
vn 0.033162 -0.000000 0.094341
vn 0.040553 -0.000000 0.091408
vn 0.040553 -0.000000 0.091408
vn 0.047687 -0.000000 0.087898
vn 0.047687 -0.000000 0.087898
vn 0.054519 -0.000000 0.083831
vn 0.054519 -0.000000 0.083831
vn 0.061008 -0.000000 0.079234
vn 0.061008 -0.000000 0.079234
vn 0.067110 -0.000000 0.074137
vn 0.067110 -0.000000 0.074137
vn 0.072788 -0.000000 0.068571
vn 0.072788 -0.000000 0.068571
vn 0.078006 -0.000000 0.062571
vn 0.078006 -0.000000 0.062571
vn 0.082730 -0.000000 0.056175
vn 0.082730 -0.000000 0.056175
vn 0.086932 -0.000000 0.049425
vn 0.086932 -0.000000 0.049425
vn 0.090584 -0.000000 0.042362
vn 0.090584 -0.000000 0.042362
vn 0.093663 -0.000000 0.035031
vn 0.093663 -0.000000 0.035031
vn 0.096150 -0.000000 0.027479
vn 0.096150 -0.000000 0.027479
vn 0.098030 -0.000000 0.019753
vn 0.098030 -0.000000 0.019753
vn 0.099289 -0.000000 0.011902
vn 0.099289 -0.000000 0.011902
vn 0.099921 -0.000000 0.003976
vn 0.099921 -0.000000 0.003976
vn 0.099921 0.000000 -0.003976
vn 0.099921 0.000000 -0.003976
vn 0.099289 0.000000 -0.011902
vn 0.099289 0.000000 -0.011902
vn 0.098030 0.000000 -0.019753
vn 0.098030 0.000000 -0.019753
vn 0.096150 0.000000 -0.027479
vn 0.096150 0.000000 -0.027479
vn 0.093663 0.000000 -0.035031
vn 0.093663 0.000000 -0.035031
vn 0.090584 0.000000 -0.042362
vn 0.090584 0.000000 -0.042362
vn 0.086932 0.000000 -0.049425
vn 0.086932 0.000000 -0.049425
vn 0.082730 0.000000 -0.056175
vn 0.082730 0.000000 -0.056175
vn 0.078006 0.000000 -0.062571
vn 0.078006 0.000000 -0.062571
vn 0.072788 0.000000 -0.068571
vn 0.072788 0.000000 -0.068571
vn 0.067110 0.000000 -0.074137
vn 0.067110 0.000000 -0.074137
vn 0.061008 0.000000 -0.079234
vn 0.061008 0.000000 -0.079234
vn 0.054519 0.000000 -0.083831
vn 0.054519 0.000000 -0.083831
vn 0.047687 0.000000 -0.087898
vn 0.047687 0.000000 -0.087898
vn 0.040553 0.000000 -0.091408
vn 0.040553 0.000000 -0.091408
vn 0.033162 0.000000 -0.094341
vn 0.033162 0.000000 -0.094341
vn 0.025562 0.000000 -0.096678
vn 0.025562 0.000000 -0.096678
vn 0.017800 0.000000 -0.098403
vn 0.017800 0.000000 -0.098403
vn 0.009925 0.000000 -0.099506
vn 0.009925 0.000000 -0.099506
vn 0.001988 0.000000 -0.099980
vn 0.001988 0.000000 -0.099980
vn -0.005962 0.000000 -0.099822
vn -0.005962 0.000000 -0.099822
vn -0.013874 0.000000 -0.099033
vn -0.013874 0.000000 -0.099033
vn -0.021698 0.000000 -0.097618
vn -0.021698 0.000000 -0.097618
vn -0.029385 0.000000 -0.095585
vn -0.029385 0.000000 -0.095585
vn -0.036886 0.000000 -0.092948
vn -0.036886 0.000000 -0.092948
vn -0.044155 0.000000 -0.089724
vn -0.044155 0.000000 -0.089724
vn -0.051144 0.000000 -0.085932
vn -0.051144 0.000000 -0.085932
vn -0.057809 0.000000 -0.081597
vn -0.057809 0.000000 -0.081597
vn -0.064109 0.000000 -0.076746
vn -0.064109 0.000000 -0.076746
vn -0.070004 0.000000 -0.071410
vn -0.070004 0.000000 -0.071410
vn -0.075456 0.000000 -0.065623
vn -0.075456 0.000000 -0.065623
vn -0.080432 0.000000 -0.059420
vn -0.080432 0.000000 -0.059420
vn -0.084898 0.000000 -0.052842
vn -0.084898 0.000000 -0.052842
vn -0.088828 0.000000 -0.045930
vn -0.088828 0.000000 -0.045930
vn -0.092197 0.000000 -0.038727
vn -0.092197 0.000000 -0.038727
vn -0.094982 0.000000 -0.031280
vn -0.094982 0.000000 -0.031280
vn -0.097167 0.000000 -0.023634
vn -0.097167 0.000000 -0.023634
vn -0.098738 0.000000 -0.015840
vn -0.098738 0.000000 -0.015840
vn -0.099684 0.000000 0.007945
vn -0.100000 0.000000 0.000000
vn -0.099684 0.000000 -0.007945
vn -0.098738 0.000000 -0.015840
vn -0.097167 0.000000 -0.023634
vn -0.094982 0.000000 -0.031280
vn -0.092197 0.000000 -0.038727
vn -0.088828 0.000000 -0.045930
vn -0.084898 0.000000 -0.052842
vn -0.080432 0.000000 -0.059420
vn -0.075456 0.000000 -0.065623
vn -0.070004 0.000000 -0.071410
vn -0.064109 0.000000 -0.076746
vn -0.057809 0.000000 -0.081597
vn -0.051144 0.000000 -0.085932
vn -0.044155 0.000000 -0.089724
vn -0.036886 0.000000 -0.092948
vn -0.029385 0.000000 -0.095585
vn -0.021698 0.000000 -0.097618
vn -0.013874 0.000000 -0.099033
vn -0.005962 0.000000 -0.099822
vn 0.001988 0.000000 -0.099980
vn 0.009925 0.000000 -0.099506
vn 0.017800 0.000000 -0.098403
vn 0.025562 0.000000 -0.096678
vn 0.033162 0.000000 -0.094341
vn 0.040553 0.000000 -0.091408
vn 0.047687 0.000000 -0.087898
vn 0.054519 0.000000 -0.083831
vn 0.061008 0.000000 -0.079234
vn 0.067110 0.000000 -0.074137
vn 0.072788 0.000000 -0.068571
vn 0.078006 0.000000 -0.062571
vn 0.082730 0.000000 -0.056175
vn 0.086932 0.000000 -0.049425
vn 0.090584 0.000000 -0.042362
vn 0.093663 0.000000 -0.035031
vn 0.096150 0.000000 -0.027479
vn 0.098030 0.000000 -0.019753
vn 0.099289 0.000000 -0.011902
vn 0.099921 0.000000 -0.003976
vn 0.099921 -0.000000 0.003976
vn 0.099289 -0.000000 0.011902
vn 0.098030 -0.000000 0.019753
vn 0.096150 -0.000000 0.027479
vn 0.093663 -0.000000 0.035031
vn 0.090584 -0.000000 0.042362
vn 0.086932 -0.000000 0.049425
vn 0.082730 -0.000000 0.056175
vn 0.078006 -0.000000 0.062571
vn 0.072788 -0.000000 0.068571
vn 0.067110 -0.000000 0.074137
vn 0.061008 -0.000000 0.079234
vn 0.054519 -0.000000 0.083831
vn 0.047687 -0.000000 0.087898
vn 0.040553 -0.000000 0.091408
vn 0.033162 -0.000000 0.094341
vn 0.025562 -0.000000 0.096678
vn 0.017800 -0.000000 0.098403
vn 0.009925 -0.000000 0.099506
vn 0.001988 -0.000000 0.099980
vn -0.005962 0.000000 0.099822
vn -0.013874 0.000000 0.099033
vn -0.021698 0.000000 0.097618
vn -0.029385 0.000000 0.095585
vn -0.036886 0.000000 0.092948
vn -0.044155 0.000000 0.089724
vn -0.051144 0.000000 0.085932
vn -0.057809 0.000000 0.081597
vn -0.064109 0.000000 0.076746
vn -0.070004 0.000000 0.071410
vn -0.075456 0.000000 0.065623
vn -0.080432 0.000000 0.059420
vn -0.084898 0.000000 0.052842
vn -0.088828 0.000000 0.045930
vn -0.092197 0.000000 0.038727
vn -0.094982 0.000000 0.031280
vn -0.097167 0.000000 0.023634
vn -0.098738 0.000000 0.015840
vn 0.000000 0.100000 0.000000
vn 0.000000 0.100000 0.000000
vn 0.000000 0.100000 0.000000
vn 0.000000 0.100000 0.000000
vn 0.000000 0.100000 0.000000
vn 0.000000 0.100000 0.000000
vn 0.000000 0.100000 0.000000
vn 0.000000 0.100000 0.000000
vn 0.000000 0.100000 0.000000
vn 0.000000 0.100000 0.000000
vn 0.000000 0.100000 0.000000
vn 0.000000 0.100000 0.000000
vn 0.000000 0.100000 0.000000
vn 0.000000 0.100000 0.000000
vn 0.000000 0.100000 0.000000
vn 0.000000 0.100000 0.000000
vn 0.000000 0.100000 0.000000
vn 0.000000 0.100000 0.000000
vn 0.000000 0.100000 0.000000
vn 0.000000 0.100000 0.000000
vn 0.000000 0.100000 0.000000
vn 0.000000 0.100000 0.000000
vn 0.000000 0.100000 0.000000
vn 0.000000 0.100000 0.000000
vn 0.000000 0.100000 0.000000
vn 0.000000 0.100000 0.000000
vn 0.000000 0.100000 0.000000
vn 0.000000 0.100000 0.000000
vn 0.000000 0.100000 0.000000
vn 0.000000 0.100000 0.000000
vn 0.000000 0.100000 0.000000
vn 0.000000 0.100000 0.000000
vn 0.000000 0.100000 0.000000
vn 0.000000 0.100000 0.000000
vn 0.000000 0.100000 0.000000
vn 0.000000 0.100000 0.000000
vn 0.000000 0.100000 0.000000
vn 0.000000 0.100000 0.000000
vn 0.000000 0.100000 0.000000
vn 0.000000 0.100000 0.000000
vn 0.000000 0.100000 0.000000
vn 0.000000 0.100000 0.000000
vn 0.000000 0.100000 0.000000
vn 0.000000 0.100000 0.000000
vn 0.000000 0.100000 0.000000
vn 0.000000 0.100000 0.000000
vn 0.000000 0.100000 0.000000
vn 0.000000 0.100000 0.000000
vn 0.000000 0.100000 0.000000
vn 0.000000 0.100000 0.000000
vn 0.000000 0.100000 0.000000
vn 0.000000 0.100000 0.000000
vn 0.000000 0.100000 0.000000
vn 0.000000 0.100000 0.000000
vn 0.000000 0.100000 0.000000
vn 0.000000 0.100000 0.000000
vn 0.000000 0.100000 0.000000
vn 0.000000 0.100000 0.000000
vn 0.000000 0.100000 0.000000
vn 0.000000 0.100000 0.000000
vn 0.000000 0.100000 0.000000
vn 0.000000 0.100000 0.000000
vn 0.000000 0.100000 0.000000
vn 0.000000 0.100000 0.000000
vn 0.000000 0.100000 0.000000
vn 0.000000 0.100000 0.000000
vn 0.000000 0.100000 0.000000
vn 0.000000 0.100000 0.000000
vn 0.000000 0.100000 0.000000
vn 0.000000 0.100000 0.000000
vn 0.000000 0.100000 0.000000
vn 0.000000 0.100000 0.000000
vn 0.000000 0.100000 0.000000
vn 0.000000 0.100000 0.000000
vn 0.000000 0.100000 0.000000
vn 0.000000 0.100000 0.000000
vn 0.000000 0.100000 0.000000
vn 0.000000 0.100000 0.000000
vn 0.000000 0.100000 0.000000
vn 0.000000 0.100000 0.000000
vn 0.000000 0.100000 0.000000
vn 0.000000 0.100000 0.000000
vn 0.000000 0.100000 0.000000
vn 0.000000 0.100000 0.000000
vn 0.000000 0.100000 0.000000
vn 0.000000 0.100000 0.000000
vn 0.000000 0.100000 0.000000
vn 0.000000 0.100000 0.000000
vn 0.000000 0.100000 0.000000
vn 0.000000 0.100000 0.000000
vn 0.000000 0.100000 0.000000
vn 0.000000 0.100000 0.000000
vn 0.000000 0.100000 0.000000
vn 0.000000 0.100000 0.000000
vn 0.000000 0.100000 0.000000
vn 0.000000 0.100000 0.000000
vn 0.000000 0.100000 0.000000
vn 0.000000 0.100000 0.000000
vn 0.000000 0.100000 0.000000
vn 0.000000 0.100000 0.000000
vn 0.000000 0.100000 0.000000
vn 0.000000 0.100000 0.000000
vn 0.000000 0.100000 0.000000
vn 0.000000 0.100000 0.000000
vn 0.000000 0.100000 0.000000
vn 0.000000 0.100000 0.000000
vn 0.000000 0.100000 0.000000
vn 0.000000 0.100000 0.000000
vn 0.000000 0.100000 0.000000
vn 0.000000 0.100000 0.000000
vn 0.000000 0.100000 0.000000
vn 0.000000 0.100000 0.000000
vn 0.000000 0.100000 0.000000
vn 0.000000 0.100000 0.000000
vn 0.000000 0.100000 0.000000
vn 0.000000 0.100000 0.000000
vn 0.000000 0.100000 0.000000
vn 0.000000 0.100000 0.000000
vn 0.000000 0.100000 0.000000
vn 0.000000 0.100000 0.000000
vn 0.000000 0.100000 0.000000
vn 0.000000 0.100000 0.000000
vn 0.000000 0.100000 0.000000
vn 0.000000 0.100000 0.000000
vn 0.000000 0.100000 0.000000
vn 0.000000 0.100000 0.000000
vn 0.000000 0.100000 0.000000
vn 0.000000 0.100000 0.000000
vn 0.000000 0.100000 0.000000
vn 0.000000 0.100000 0.000000
vn 0.000000 0.100000 0.000000
vn 0.000000 0.100000 0.000000
vn 0.000000 0.100000 0.000000
vn 0.000000 0.100000 0.000000
vn 0.000000 0.100000 0.000000
vn 0.000000 0.100000 0.000000
vn 0.000000 0.100000 0.000000
vn 0.000000 0.100000 0.000000
vn 0.000000 -0.100000 0.000000
vn 0.000000 -0.100000 0.000000
vn 0.000000 -0.100000 0.000000
vn 0.000000 -0.100000 0.000000
vn 0.000000 -0.100000 0.000000
vn 0.000000 -0.100000 0.000000
vn 0.000000 -0.100000 0.000000
vn 0.000000 -0.100000 0.000000
vn 0.000000 -0.100000 0.000000
vn 0.000000 -0.100000 0.000000
vn 0.000000 -0.100000 0.000000
vn 0.000000 -0.100000 0.000000
vn 0.000000 -0.100000 0.000000
vn 0.000000 -0.100000 0.000000
vn 0.000000 -0.100000 0.000000
vn 0.000000 -0.100000 0.000000
vn 0.000000 -0.100000 0.000000
vn 0.000000 -0.100000 0.000000
vn 0.000000 -0.100000 0.000000
vn 0.000000 -0.100000 0.000000
vn 0.000000 -0.100000 0.000000
vn 0.000000 -0.100000 0.000000
vn 0.000000 -0.100000 0.000000
vn 0.000000 -0.100000 0.000000
vn 0.000000 -0.100000 0.000000
vn 0.000000 -0.100000 0.000000
vn 0.000000 -0.100000 0.000000
vn 0.000000 -0.100000 0.000000
vn 0.000000 -0.100000 0.000000
vn 0.000000 -0.100000 0.000000
vn 0.000000 -0.100000 0.000000
vn 0.000000 -0.100000 0.000000
vn 0.000000 -0.100000 0.000000
vn 0.000000 -0.100000 0.000000
vn 0.000000 -0.100000 0.000000
vn 0.000000 -0.100000 0.000000
vn 0.000000 -0.100000 0.000000
vn 0.000000 -0.100000 0.000000
vn 0.000000 -0.100000 0.000000
vn 0.000000 -0.100000 0.000000
vn 0.000000 -0.100000 0.000000
vn 0.000000 -0.100000 0.000000
vn 0.000000 -0.100000 0.000000
vn 0.000000 -0.100000 0.000000
vn 0.000000 -0.100000 0.000000
vn 0.000000 -0.100000 0.000000
vn 0.000000 -0.100000 0.000000
vn 0.000000 -0.100000 0.000000
vn 0.000000 -0.100000 0.000000
vn 0.000000 -0.100000 0.000000
vn 0.000000 -0.100000 0.000000
vn 0.000000 -0.100000 0.000000
vn 0.000000 -0.100000 0.000000
vn 0.000000 -0.100000 0.000000
vn 0.000000 -0.100000 0.000000
vn 0.000000 -0.100000 0.000000
vn 0.000000 -0.100000 0.000000
vn 0.000000 -0.100000 0.000000
vn 0.000000 -0.100000 0.000000
vn 0.000000 -0.100000 0.000000
vn 0.000000 -0.100000 0.000000
vn 0.000000 -0.100000 0.000000
vn 0.000000 -0.100000 0.000000
vn 0.000000 -0.100000 0.000000
vn 0.000000 -0.100000 0.000000
vn 0.000000 -0.100000 0.000000
vn 0.000000 -0.100000 0.000000
vn 0.000000 -0.100000 0.000000
vn 0.000000 -0.100000 0.000000
vn 0.000000 -0.100000 0.000000
vn 0.000000 -0.100000 0.000000
vn 0.000000 -0.100000 0.000000
vn 0.000000 -0.100000 0.000000
vn 0.000000 -0.100000 0.000000
vn 0.000000 -0.100000 0.000000
vn 0.000000 -0.100000 0.000000
vn 0.000000 -0.100000 0.000000
vn 0.000000 -0.100000 0.000000
vn 0.000000 -0.100000 0.000000
vn 0.000000 -0.100000 0.000000
vn 0.000000 -0.100000 0.000000
vn 0.000000 -0.100000 0.000000
vn 0.000000 -0.100000 0.000000
vn 0.000000 -0.100000 0.000000
vn 0.000000 -0.100000 0.000000
vn 0.000000 -0.100000 0.000000
vn 0.000000 -0.100000 0.000000
vn 0.000000 -0.100000 0.000000
vn 0.000000 -0.100000 0.000000
vn 0.000000 -0.100000 0.000000
vn 0.000000 -0.100000 0.000000
vn 0.000000 -0.100000 0.000000
vn 0.000000 -0.100000 0.000000
vn 0.000000 -0.100000 0.000000
vn 0.000000 -0.100000 0.000000
vn 0.000000 -0.100000 0.000000
vn 0.000000 -0.100000 0.000000
vn 0.000000 -0.100000 0.000000
vn 0.000000 -0.100000 0.000000
vn 0.000000 -0.100000 0.000000
vn 0.000000 -0.100000 0.000000
vn 0.000000 -0.100000 0.000000
vn 0.000000 -0.100000 0.000000
vn 0.000000 -0.100000 0.000000
vn 0.000000 -0.100000 0.000000
vn 0.000000 -0.100000 0.000000
vn 0.000000 -0.100000 0.000000
vn 0.000000 -0.100000 0.000000
vn 0.000000 -0.100000 0.000000
vn 0.000000 -0.100000 0.000000
vn 0.000000 -0.100000 0.000000
vn 0.000000 -0.100000 0.000000
vn 0.000000 -0.100000 0.000000
vn 0.000000 -0.100000 0.000000
vn 0.000000 -0.100000 0.000000
vn 0.000000 -0.100000 0.000000
vn 0.000000 -0.100000 0.000000
vn 0.000000 -0.100000 0.000000
vn 0.000000 -0.100000 0.000000
vn 0.000000 -0.100000 0.000000
vn 0.000000 -0.100000 0.000000
vn 0.000000 -0.100000 0.000000
vn 0.000000 -0.100000 0.000000
vn 0.000000 -0.100000 0.000000
vn 0.000000 -0.100000 0.000000
vn 0.000000 -0.100000 0.000000
vn 0.000000 -0.100000 0.000000
vn 0.000000 -0.100000 0.000000
vn 0.000000 -0.100000 0.000000
vn 0.000000 -0.100000 0.000000
vn 0.000000 -0.100000 0.000000
vn 0.000000 -0.100000 0.000000
vn 0.000000 -0.100000 0.000000
vn 0.000000 -0.100000 0.000000
vn 0.000000 -0.100000 0.000000
vn 0.000000 -0.100000 0.000000
vn 0.000000 -0.100000 0.000000
vn 0.000000 -0.100000 0.000000
f 1244/2089/2071 1362/2090/2072 1243/2091/2073
f 1243/2091/2073 1362/2090/2072 1361/2092/2074
f 1243/2093/2073 1361/2094/2074 1301/2095/2075
f 1301/2095/2075 1361/2094/2074 1419/2096/2076
f 1301/2095/2075 1419/2096/2076 1300/2097/2077
f 1300/2097/2077 1419/2096/2076 1418/2098/2078
f 1300/2097/2077 1418/2098/2078 1299/2099/2079
f 1299/2099/2079 1418/2098/2078 1417/2100/2080
f 1299/2099/2079 1417/2100/2080 1298/2101/2081
f 1298/2101/2081 1417/2100/2080 1416/2102/2082
f 1298/2101/2081 1416/2102/2082 1297/2103/2083
f 1297/2103/2083 1416/2102/2082 1415/2104/2084
f 1297/2103/2083 1415/2104/2084 1296/2105/2085
f 1296/2105/2085 1415/2104/2084 1414/2106/2086
f 1296/2105/2085 1414/2106/2086 1295/2107/2087
f 1295/2107/2087 1414/2106/2086 1413/2108/2088
f 1295/2107/2087 1413/2108/2088 1294/2109/2089
f 1294/2109/2089 1413/2108/2088 1412/2110/2090
f 1294/2109/2089 1412/2110/2090 1293/2111/2091
f 1293/2111/2091 1412/2110/2090 1411/2112/2092
f 1293/2111/2091 1411/2112/2092 1292/2113/2093
f 1292/2113/2093 1411/2112/2092 1410/2114/2094
f 1292/2113/2093 1410/2114/2094 1291/2115/2095
f 1291/2115/2095 1410/2114/2094 1409/2116/2096
f 1291/2115/2095 1409/2116/2096 1290/2117/2097
f 1290/2117/2097 1409/2116/2096 1408/2118/2098
f 1290/2117/2097 1408/2118/2098 1289/2119/2099
f 1289/2119/2099 1408/2118/2098 1407/2120/2100
f 1289/2119/2099 1407/2120/2100 1288/2121/2101
f 1288/2121/2101 1407/2120/2100 1406/2122/2102
f 1288/2121/2101 1406/2122/2102 1287/2123/2103
f 1287/2123/2103 1406/2122/2102 1405/2124/2104
f 1287/2123/2103 1405/2124/2104 1286/2125/2105
f 1286/2125/2105 1405/2124/2104 1404/2126/2106
f 1286/2125/2105 1404/2126/2106 1285/2127/2107
f 1285/2127/2107 1404/2126/2106 1403/2128/2108
f 1285/2127/2107 1403/2128/2108 1284/2129/2109
f 1284/2129/2109 1403/2128/2108 1402/2130/2110
f 1284/2129/2109 1402/2130/2110 1283/2131/2111
f 1283/2131/2111 1402/2130/2110 1401/2132/2112
f 1283/2131/2111 1401/2132/2112 1282/2133/2113
f 1282/2133/2113 1401/2132/2112 1400/2134/2114
f 1282/2133/2113 1400/2134/2114 1281/2135/2115
f 1281/2135/2115 1400/2134/2114 1399/2136/2116
f 1281/2135/2115 1399/2136/2116 1280/2137/2117
f 1280/2137/2117 1399/2136/2116 1398/2138/2118
f 1280/2137/2117 1398/2138/2118 1279/2139/2119
f 1279/2139/2119 1398/2138/2118 1397/2140/2120
f 1279/2139/2119 1397/2140/2120 1278/2141/2121
f 1278/2141/2121 1397/2140/2120 1396/2142/2122
f 1278/2141/2121 1396/2142/2122 1277/2143/2123
f 1277/2143/2123 1396/2142/2122 1395/2144/2124
f 1277/2143/2123 1395/2144/2124 1276/2145/2125
f 1276/2145/2125 1395/2144/2124 1394/2146/2126
f 1276/2145/2125 1394/2146/2126 1275/2147/2127
f 1275/2147/2127 1394/2146/2126 1393/2148/2128
f 1275/2147/2127 1393/2148/2128 1274/2149/2129
f 1274/2149/2129 1393/2148/2128 1392/2150/2130
f 1274/2149/2129 1392/2150/2130 1273/2151/2131
f 1273/2151/2131 1392/2150/2130 1391/2152/2132
f 1273/2151/2131 1391/2152/2132 1272/2153/2133
f 1272/2153/2133 1391/2152/2132 1390/2154/2134
f 1272/2153/2133 1390/2154/2134 1271/2155/2135
f 1271/2155/2135 1390/2154/2134 1389/2156/2136
f 1271/2155/2135 1389/2156/2136 1270/2157/2137
f 1270/2157/2137 1389/2156/2136 1388/2158/2138
f 1270/2157/2137 1388/2158/2138 1269/2159/2139
f 1269/2159/2139 1388/2158/2138 1387/2160/2140
f 1269/2159/2139 1387/2160/2140 1268/2161/2141
f 1268/2161/2141 1387/2160/2140 1386/2162/2142
f 1268/2161/2141 1386/2162/2142 1267/2163/2143
f 1267/2163/2143 1386/2162/2142 1385/2164/2144
f 1267/2163/2143 1385/2164/2144 1266/2165/2145
f 1266/2165/2145 1385/2164/2144 1384/2166/2146
f 1266/2165/2145 1384/2166/2146 1265/2167/2147
f 1265/2167/2147 1384/2166/2146 1383/2168/2148
f 1265/2167/2147 1383/2168/2148 1264/2169/2149
f 1264/2169/2149 1383/2168/2148 1382/2170/2150
f 1264/2169/2149 1382/2170/2150 1263/2171/2151
f 1263/2171/2151 1382/2170/2150 1381/2172/2152
f 1263/2171/2151 1381/2172/2152 1262/2173/2153
f 1262/2173/2153 1381/2172/2152 1380/2174/2154
f 1262/2173/2153 1380/2174/2154 1261/2175/2155
f 1261/2175/2155 1380/2174/2154 1379/2176/2156
f 1261/2175/2155 1379/2176/2156 1260/2177/2157
f 1260/2177/2157 1379/2176/2156 1378/2178/2158
f 1260/2177/2157 1378/2178/2158 1259/2179/2159
f 1259/2179/2159 1378/2178/2158 1377/2180/2160
f 1259/2179/2159 1377/2180/2160 1258/2181/2161
f 1258/2181/2161 1377/2180/2160 1376/2182/2162
f 1258/2181/2161 1376/2182/2162 1257/2183/2163
f 1257/2183/2163 1376/2182/2162 1375/2184/2164
f 1257/2183/2163 1375/2184/2164 1256/2185/2165
f 1256/2185/2165 1375/2184/2164 1374/2186/2166
f 1256/2185/2165 1374/2186/2166 1255/2187/2167
f 1255/2187/2167 1374/2186/2166 1373/2188/2168
f 1255/2187/2167 1373/2188/2168 1254/2189/2169
f 1254/2189/2169 1373/2188/2168 1372/2190/2170
f 1254/2189/2169 1372/2190/2170 1253/2191/2171
f 1253/2191/2171 1372/2190/2170 1371/2192/2172
f 1253/2191/2171 1371/2192/2172 1252/2193/2173
f 1252/2193/2173 1371/2192/2172 1370/2194/2174
f 1252/2193/2173 1370/2194/2174 1251/2195/2175
f 1251/2195/2175 1370/2194/2174 1369/2196/2176
f 1251/2195/2175 1369/2196/2176 1250/2197/2177
f 1250/2197/2177 1369/2196/2176 1368/2198/2178
f 1250/2197/2177 1368/2198/2178 1249/2199/2179
f 1249/2199/2179 1368/2198/2178 1367/2200/2180
f 1249/2199/2179 1367/2200/2180 1248/2201/2181
f 1248/2201/2181 1367/2200/2180 1366/2202/2182
f 1248/2201/2181 1366/2202/2182 1247/2203/2183
f 1247/2203/2183 1366/2202/2182 1365/2204/2184
f 1247/2203/2183 1365/2204/2184 1246/2205/2185
f 1246/2205/2185 1365/2204/2184 1364/2206/2186
f 1246/2205/2185 1364/2206/2186 1245/2207/2187
f 1245/2207/2187 1364/2206/2186 1363/2208/2188
f 1245/2207/2187 1363/2208/2188 1244/2089/2071
f 1244/2089/2071 1363/2208/2188 1362/2090/2072
f 1303/2209/2189 1419/2096/2076 1302/2210/2190
f 1302/2210/2190 1419/2096/2076 1361/2094/2074
f 1302/2211/2190 1361/2092/2074 1360/2212/2191
f 1360/2212/2191 1361/2092/2074 1362/2090/2072
f 1360/2212/2191 1362/2090/2072 1359/2213/2192
f 1359/2213/2192 1362/2090/2072 1363/2208/2188
f 1359/2213/2192 1363/2208/2188 1358/2214/2193
f 1358/2214/2193 1363/2208/2188 1364/2206/2186
f 1358/2214/2193 1364/2206/2186 1357/2215/2194
f 1357/2215/2194 1364/2206/2186 1365/2204/2184
f 1357/2215/2194 1365/2204/2184 1356/2216/2195
f 1356/2216/2195 1365/2204/2184 1366/2202/2182
f 1356/2216/2195 1366/2202/2182 1355/2217/2196
f 1355/2217/2196 1366/2202/2182 1367/2200/2180
f 1355/2217/2196 1367/2200/2180 1354/2218/2197
f 1354/2218/2197 1367/2200/2180 1368/2198/2178
f 1354/2218/2197 1368/2198/2178 1353/2219/2198
f 1353/2219/2198 1368/2198/2178 1369/2196/2176
f 1353/2219/2198 1369/2196/2176 1352/2220/2199
f 1352/2220/2199 1369/2196/2176 1370/2194/2174
f 1352/2220/2199 1370/2194/2174 1351/2221/2200
f 1351/2221/2200 1370/2194/2174 1371/2192/2172
f 1351/2221/2200 1371/2192/2172 1350/2222/2201
f 1350/2222/2201 1371/2192/2172 1372/2190/2170
f 1350/2222/2201 1372/2190/2170 1349/2223/2202
f 1349/2223/2202 1372/2190/2170 1373/2188/2168
f 1349/2223/2202 1373/2188/2168 1348/2224/2203
f 1348/2224/2203 1373/2188/2168 1374/2186/2166
f 1348/2224/2203 1374/2186/2166 1347/2225/2204
f 1347/2225/2204 1374/2186/2166 1375/2184/2164
f 1347/2225/2204 1375/2184/2164 1346/2226/2205
f 1346/2226/2205 1375/2184/2164 1376/2182/2162
f 1346/2226/2205 1376/2182/2162 1345/2227/2206
f 1345/2227/2206 1376/2182/2162 1377/2180/2160
f 1345/2227/2206 1377/2180/2160 1344/2228/2207
f 1344/2228/2207 1377/2180/2160 1378/2178/2158
f 1344/2228/2207 1378/2178/2158 1343/2229/2208
f 1343/2229/2208 1378/2178/2158 1379/2176/2156
f 1343/2229/2208 1379/2176/2156 1342/2230/2209
f 1342/2230/2209 1379/2176/2156 1380/2174/2154
f 1342/2230/2209 1380/2174/2154 1341/2231/2210
f 1341/2231/2210 1380/2174/2154 1381/2172/2152
f 1341/2231/2210 1381/2172/2152 1340/2232/2211
f 1340/2232/2211 1381/2172/2152 1382/2170/2150
f 1340/2232/2211 1382/2170/2150 1339/2233/2212
f 1339/2233/2212 1382/2170/2150 1383/2168/2148
f 1339/2233/2212 1383/2168/2148 1338/2234/2213
f 1338/2234/2213 1383/2168/2148 1384/2166/2146
f 1338/2234/2213 1384/2166/2146 1337/2235/2214
f 1337/2235/2214 1384/2166/2146 1385/2164/2144
f 1337/2235/2214 1385/2164/2144 1336/2236/2215
f 1336/2236/2215 1385/2164/2144 1386/2162/2142
f 1336/2236/2215 1386/2162/2142 1335/2237/2216
f 1335/2237/2216 1386/2162/2142 1387/2160/2140
f 1335/2237/2216 1387/2160/2140 1334/2238/2217
f 1334/2238/2217 1387/2160/2140 1388/2158/2138
f 1334/2238/2217 1388/2158/2138 1333/2239/2218
f 1333/2239/2218 1388/2158/2138 1389/2156/2136
f 1333/2239/2218 1389/2156/2136 1332/2240/2219
f 1332/2240/2219 1389/2156/2136 1390/2154/2134
f 1332/2240/2219 1390/2154/2134 1331/2241/2220
f 1331/2241/2220 1390/2154/2134 1391/2152/2132
f 1331/2241/2220 1391/2152/2132 1330/2242/2221
f 1330/2242/2221 1391/2152/2132 1392/2150/2130
f 1330/2242/2221 1392/2150/2130 1329/2243/2222
f 1329/2243/2222 1392/2150/2130 1393/2148/2128
f 1329/2243/2222 1393/2148/2128 1328/2244/2223
f 1328/2244/2223 1393/2148/2128 1394/2146/2126
f 1328/2244/2223 1394/2146/2126 1327/2245/2224
f 1327/2245/2224 1394/2146/2126 1395/2144/2124
f 1327/2245/2224 1395/2144/2124 1326/2246/2225
f 1326/2246/2225 1395/2144/2124 1396/2142/2122
f 1326/2246/2225 1396/2142/2122 1325/2247/2226
f 1325/2247/2226 1396/2142/2122 1397/2140/2120
f 1325/2247/2226 1397/2140/2120 1324/2248/2227
f 1324/2248/2227 1397/2140/2120 1398/2138/2118
f 1324/2248/2227 1398/2138/2118 1323/2249/2228
f 1323/2249/2228 1398/2138/2118 1399/2136/2116
f 1323/2249/2228 1399/2136/2116 1322/2250/2229
f 1322/2250/2229 1399/2136/2116 1400/2134/2114
f 1322/2250/2229 1400/2134/2114 1321/2251/2230
f 1321/2251/2230 1400/2134/2114 1401/2132/2112
f 1321/2251/2230 1401/2132/2112 1320/2252/2231
f 1320/2252/2231 1401/2132/2112 1402/2130/2110
f 1320/2252/2231 1402/2130/2110 1319/2253/2232
f 1319/2253/2232 1402/2130/2110 1403/2128/2108
f 1319/2253/2232 1403/2128/2108 1318/2254/2233
f 1318/2254/2233 1403/2128/2108 1404/2126/2106
f 1318/2254/2233 1404/2126/2106 1317/2255/2234
f 1317/2255/2234 1404/2126/2106 1405/2124/2104
f 1317/2255/2234 1405/2124/2104 1316/2256/2235
f 1316/2256/2235 1405/2124/2104 1406/2122/2102
f 1316/2256/2235 1406/2122/2102 1315/2257/2236
f 1315/2257/2236 1406/2122/2102 1407/2120/2100
f 1315/2257/2236 1407/2120/2100 1314/2258/2237
f 1314/2258/2237 1407/2120/2100 1408/2118/2098
f 1314/2258/2237 1408/2118/2098 1313/2259/2238
f 1313/2259/2238 1408/2118/2098 1409/2116/2096
f 1313/2259/2238 1409/2116/2096 1312/2260/2239
f 1312/2260/2239 1409/2116/2096 1410/2114/2094
f 1312/2260/2239 1410/2114/2094 1311/2261/2240
f 1311/2261/2240 1410/2114/2094 1411/2112/2092
f 1311/2261/2240 1411/2112/2092 1310/2262/2241
f 1310/2262/2241 1411/2112/2092 1412/2110/2090
f 1310/2262/2241 1412/2110/2090 1309/2263/2242
f 1309/2263/2242 1412/2110/2090 1413/2108/2088
f 1309/2263/2242 1413/2108/2088 1308/2264/2243
f 1308/2264/2243 1413/2108/2088 1414/2106/2086
f 1308/2264/2243 1414/2106/2086 1307/2265/2244
f 1307/2265/2244 1414/2106/2086 1415/2104/2084
f 1307/2265/2244 1415/2104/2084 1306/2266/2245
f 1306/2266/2245 1415/2104/2084 1416/2102/2082
f 1306/2266/2245 1416/2102/2082 1305/2267/2246
f 1305/2267/2246 1416/2102/2082 1417/2100/2080
f 1305/2267/2246 1417/2100/2080 1304/2268/2247
f 1304/2268/2247 1417/2100/2080 1418/2098/2078
f 1304/2268/2247 1418/2098/2078 1303/2209/2189
f 1303/2209/2189 1418/2098/2078 1419/2096/2076
f 1421/2269/2248 1579/2270/2249 1420/2271/2250
f 1420/2271/2250 1579/2270/2249 1578/2272/2251
f 1420/2273/2250 1578/2274/2251 1498/2275/2252
f 1498/2275/2252 1578/2274/2251 1656/2276/2253
f 1498/2275/2252 1656/2276/2253 1497/2277/2254
f 1497/2277/2254 1656/2276/2253 1655/2278/2255
f 1497/2277/2254 1655/2278/2255 1496/2279/2256
f 1496/2279/2256 1655/2278/2255 1654/2280/2257
f 1496/2279/2256 1654/2280/2257 1495/2281/2258
f 1495/2281/2258 1654/2280/2257 1653/2282/2259
f 1495/2281/2258 1653/2282/2259 1494/2283/2260
f 1494/2283/2260 1653/2282/2259 1652/2284/2261
f 1494/2283/2260 1652/2284/2261 1493/2285/2262
f 1493/2285/2262 1652/2284/2261 1651/2286/2263
f 1493/2285/2262 1651/2286/2263 1492/2287/2264
f 1492/2287/2264 1651/2286/2263 1650/2288/2265
f 1492/2287/2264 1650/2288/2265 1491/2289/2266
f 1491/2289/2266 1650/2288/2265 1649/2290/2267
f 1491/2289/2266 1649/2290/2267 1490/2291/2268
f 1490/2291/2268 1649/2290/2267 1648/2292/2269
f 1490/2291/2268 1648/2292/2269 1489/2293/2270
f 1489/2293/2270 1648/2292/2269 1647/2294/2271
f 1489/2293/2270 1647/2294/2271 1488/2295/2272
f 1488/2295/2272 1647/2294/2271 1646/2296/2273
f 1488/2295/2272 1646/2296/2273 1487/2297/2274
f 1487/2297/2274 1646/2296/2273 1645/2298/2275
f 1487/2297/2274 1645/2298/2275 1486/2299/2276
f 1486/2299/2276 1645/2298/2275 1644/2300/2277
f 1486/2299/2276 1644/2300/2277 1485/2301/2278
f 1485/2301/2278 1644/2300/2277 1643/2302/2279
f 1485/2301/2278 1643/2302/2279 1484/2303/2280
f 1484/2303/2280 1643/2302/2279 1642/2304/2281
f 1484/2303/2280 1642/2304/2281 1483/2305/2282
f 1483/2305/2282 1642/2304/2281 1641/2306/2283
f 1483/2305/2282 1641/2306/2283 1482/2307/2284
f 1482/2307/2284 1641/2306/2283 1640/2308/2285
f 1482/2307/2284 1640/2308/2285 1481/2309/2286
f 1481/2309/2286 1640/2308/2285 1639/2310/2287
f 1481/2309/2286 1639/2310/2287 1480/2311/2288
f 1480/2311/2288 1639/2310/2287 1638/2312/2289
f 1480/2311/2288 1638/2312/2289 1479/2313/2290
f 1479/2313/2290 1638/2312/2289 1637/2314/2291
f 1479/2313/2290 1637/2314/2291 1478/2315/2292
f 1478/2315/2292 1637/2314/2291 1636/2316/2293
f 1478/2315/2292 1636/2316/2293 1477/2317/2294
f 1477/2317/2294 1636/2316/2293 1635/2318/2295
f 1477/2317/2294 1635/2318/2295 1476/2319/2296
f 1476/2319/2296 1635/2318/2295 1634/2320/2297
f 1476/2319/2296 1634/2320/2297 1475/2321/2298
f 1475/2321/2298 1634/2320/2297 1633/2322/2299
f 1475/2321/2298 1633/2322/2299 1474/2323/2300
f 1474/2323/2300 1633/2322/2299 1632/2324/2301
f 1474/2323/2300 1632/2324/2301 1473/2325/2302
f 1473/2325/2302 1632/2324/2301 1631/2326/2303
f 1473/2325/2302 1631/2326/2303 1472/2327/2304
f 1472/2327/2304 1631/2326/2303 1630/2328/2305
f 1472/2327/2304 1630/2328/2305 1471/2329/2306
f 1471/2329/2306 1630/2328/2305 1629/2330/2307
f 1471/2329/2306 1629/2330/2307 1470/2331/2308
f 1470/2331/2308 1629/2330/2307 1628/2332/2309
f 1470/2331/2308 1628/2332/2309 1469/2333/2310
f 1469/2333/2310 1628/2332/2309 1627/2334/2311
f 1469/2333/2310 1627/2334/2311 1468/2335/2312
f 1468/2335/2312 1627/2334/2311 1626/2336/2313
f 1468/2335/2312 1626/2336/2313 1467/2337/2314
f 1467/2337/2314 1626/2336/2313 1625/2338/2315
f 1467/2337/2314 1625/2338/2315 1466/2339/2316
f 1466/2339/2316 1625/2338/2315 1624/2340/2317
f 1466/2339/2316 1624/2340/2317 1465/2341/2318
f 1465/2341/2318 1624/2340/2317 1623/2342/2319
f 1465/2341/2318 1623/2342/2319 1464/2343/2320
f 1464/2343/2320 1623/2342/2319 1622/2344/2321
f 1464/2343/2320 1622/2344/2321 1463/2345/2322
f 1463/2345/2322 1622/2344/2321 1621/2346/2323
f 1463/2345/2322 1621/2346/2323 1462/2347/2324
f 1462/2347/2324 1621/2346/2323 1620/2348/2325
f 1462/2347/2324 1620/2348/2325 1461/2349/2326
f 1461/2349/2326 1620/2348/2325 1619/2350/2327
f 1461/2349/2326 1619/2350/2327 1460/2351/2328
f 1460/2351/2328 1619/2350/2327 1618/2352/2329
f 1460/2351/2328 1618/2352/2329 1459/2353/2330
f 1459/2353/2330 1618/2352/2329 1617/2354/2331
f 1459/2353/2330 1617/2354/2331 1458/2355/2332
f 1458/2355/2332 1617/2354/2331 1616/2356/2333
f 1458/2355/2332 1616/2356/2333 1457/2357/2334
f 1457/2357/2334 1616/2356/2333 1615/2358/2335
f 1457/2357/2334 1615/2358/2335 1456/2359/2336
f 1456/2359/2336 1615/2358/2335 1614/2360/2337
f 1456/2359/2336 1614/2360/2337 1455/2361/2338
f 1455/2361/2338 1614/2360/2337 1613/2362/2339
f 1455/2361/2338 1613/2362/2339 1454/2363/2340
f 1454/2363/2340 1613/2362/2339 1612/2364/2341
f 1454/2363/2340 1612/2364/2341 1453/2365/2342
f 1453/2365/2342 1612/2364/2341 1611/2366/2343
f 1453/2365/2342 1611/2366/2343 1452/2367/2344
f 1452/2367/2344 1611/2366/2343 1610/2368/2345
f 1452/2367/2344 1610/2368/2345 1451/2369/2346
f 1451/2369/2346 1610/2368/2345 1609/2370/2347
f 1451/2369/2346 1609/2370/2347 1450/2371/2348
f 1450/2371/2348 1609/2370/2347 1608/2372/2349
f 1450/2371/2348 1608/2372/2349 1449/2373/2350
f 1449/2373/2350 1608/2372/2349 1607/2374/2351
f 1449/2373/2350 1607/2374/2351 1448/2375/2352
f 1448/2375/2352 1607/2374/2351 1606/2376/2353
f 1448/2375/2352 1606/2376/2353 1447/2377/2354
f 1447/2377/2354 1606/2376/2353 1605/2378/2355
f 1447/2377/2354 1605/2378/2355 1446/2379/2356
f 1446/2379/2356 1605/2378/2355 1604/2380/2357
f 1446/2379/2356 1604/2380/2357 1445/2381/2358
f 1445/2381/2358 1604/2380/2357 1603/2382/2359
f 1445/2381/2358 1603/2382/2359 1444/2383/2360
f 1444/2383/2360 1603/2382/2359 1602/2384/2361
f 1444/2383/2360 1602/2384/2361 1443/2385/2362
f 1443/2385/2362 1602/2384/2361 1601/2386/2363
f 1443/2385/2362 1601/2386/2363 1442/2387/2364
f 1442/2387/2364 1601/2386/2363 1600/2388/2365
f 1442/2387/2364 1600/2388/2365 1441/2389/2366
f 1441/2389/2366 1600/2388/2365 1599/2390/2367
f 1441/2389/2366 1599/2390/2367 1440/2391/2368
f 1440/2391/2368 1599/2390/2367 1598/2392/2369
f 1440/2391/2368 1598/2392/2369 1439/2393/2370
f 1439/2393/2370 1598/2392/2369 1597/2394/2371
f 1439/2393/2370 1597/2394/2371 1438/2395/2372
f 1438/2395/2372 1597/2394/2371 1596/2396/2373
f 1438/2395/2372 1596/2396/2373 1437/2397/2374
f 1437/2397/2374 1596/2396/2373 1595/2398/2375
f 1437/2397/2374 1595/2398/2375 1436/2399/2376
f 1436/2399/2376 1595/2398/2375 1594/2400/2377
f 1436/2399/2376 1594/2400/2377 1435/2401/2378
f 1435/2401/2378 1594/2400/2377 1593/2402/2379
f 1435/2401/2378 1593/2402/2379 1434/2403/2380
f 1434/2403/2380 1593/2402/2379 1592/2404/2381
f 1434/2403/2380 1592/2404/2381 1433/2405/2382
f 1433/2405/2382 1592/2404/2381 1591/2406/2383
f 1433/2405/2382 1591/2406/2383 1432/2407/2384
f 1432/2407/2384 1591/2406/2383 1590/2408/2385
f 1432/2407/2384 1590/2408/2385 1431/2409/2386
f 1431/2409/2386 1590/2408/2385 1589/2410/2387
f 1431/2409/2386 1589/2410/2387 1430/2411/2388
f 1430/2411/2388 1589/2410/2387 1588/2412/2389
f 1430/2411/2388 1588/2412/2389 1429/2413/2390
f 1429/2413/2390 1588/2412/2389 1587/2414/2391
f 1429/2413/2390 1587/2414/2391 1428/2415/2392
f 1428/2415/2392 1587/2414/2391 1586/2416/2393
f 1428/2415/2392 1586/2416/2393 1427/2417/2394
f 1427/2417/2394 1586/2416/2393 1585/2418/2395
f 1427/2417/2394 1585/2418/2395 1426/2419/2396
f 1426/2419/2396 1585/2418/2395 1584/2420/2397
f 1426/2419/2396 1584/2420/2397 1425/2421/2398
f 1425/2421/2398 1584/2420/2397 1583/2422/2399
f 1425/2421/2398 1583/2422/2399 1424/2423/2400
f 1424/2423/2400 1583/2422/2399 1582/2424/2401
f 1424/2423/2400 1582/2424/2401 1423/2425/2402
f 1423/2425/2402 1582/2424/2401 1581/2426/2403
f 1423/2425/2402 1581/2426/2403 1422/2427/2404
f 1422/2427/2404 1581/2426/2403 1580/2428/2405
f 1422/2427/2404 1580/2428/2405 1421/2269/2248
f 1421/2269/2248 1580/2428/2405 1579/2270/2249
f 1500/2429/2406 1656/2276/2253 1499/2430/2407
f 1499/2430/2407 1656/2276/2253 1578/2274/2251
f 1499/2431/2407 1578/2272/2251 1577/2432/2408
f 1577/2432/2408 1578/2272/2251 1579/2270/2249
f 1577/2432/2408 1579/2270/2249 1576/2433/2409
f 1576/2433/2409 1579/2270/2249 1580/2428/2405
f 1576/2433/2409 1580/2428/2405 1575/2434/2410
f 1575/2434/2410 1580/2428/2405 1581/2426/2403
f 1575/2434/2410 1581/2426/2403 1574/2435/2411
f 1574/2435/2411 1581/2426/2403 1582/2424/2401
f 1574/2435/2411 1582/2424/2401 1573/2436/2412
f 1573/2436/2412 1582/2424/2401 1583/2422/2399
f 1573/2436/2412 1583/2422/2399 1572/2437/2413
f 1572/2437/2413 1583/2422/2399 1584/2420/2397
f 1572/2437/2413 1584/2420/2397 1571/2438/2414
f 1571/2438/2414 1584/2420/2397 1585/2418/2395
f 1571/2438/2414 1585/2418/2395 1570/2439/2415
f 1570/2439/2415 1585/2418/2395 1586/2416/2393
f 1570/2439/2415 1586/2416/2393 1569/2440/2416
f 1569/2440/2416 1586/2416/2393 1587/2414/2391
f 1569/2440/2416 1587/2414/2391 1568/2441/2417
f 1568/2441/2417 1587/2414/2391 1588/2412/2389
f 1568/2441/2417 1588/2412/2389 1567/2442/2418
f 1567/2442/2418 1588/2412/2389 1589/2410/2387
f 1567/2442/2418 1589/2410/2387 1566/2443/2419
f 1566/2443/2419 1589/2410/2387 1590/2408/2385
f 1566/2443/2419 1590/2408/2385 1565/2444/2420
f 1565/2444/2420 1590/2408/2385 1591/2406/2383
f 1565/2444/2420 1591/2406/2383 1564/2445/2421
f 1564/2445/2421 1591/2406/2383 1592/2404/2381
f 1564/2445/2421 1592/2404/2381 1563/2446/2422
f 1563/2446/2422 1592/2404/2381 1593/2402/2379
f 1563/2446/2422 1593/2402/2379 1562/2447/2423
f 1562/2447/2423 1593/2402/2379 1594/2400/2377
f 1562/2447/2423 1594/2400/2377 1561/2448/2424
f 1561/2448/2424 1594/2400/2377 1595/2398/2375
f 1561/2448/2424 1595/2398/2375 1560/2449/2425
f 1560/2449/2425 1595/2398/2375 1596/2396/2373
f 1560/2449/2425 1596/2396/2373 1559/2450/2426
f 1559/2450/2426 1596/2396/2373 1597/2394/2371
f 1559/2450/2426 1597/2394/2371 1558/2451/2427
f 1558/2451/2427 1597/2394/2371 1598/2392/2369
f 1558/2451/2427 1598/2392/2369 1557/2452/2428
f 1557/2452/2428 1598/2392/2369 1599/2390/2367
f 1557/2452/2428 1599/2390/2367 1556/2453/2429
f 1556/2453/2429 1599/2390/2367 1600/2388/2365
f 1556/2453/2429 1600/2388/2365 1555/2454/2430
f 1555/2454/2430 1600/2388/2365 1601/2386/2363
f 1555/2454/2430 1601/2386/2363 1554/2455/2431
f 1554/2455/2431 1601/2386/2363 1602/2384/2361
f 1554/2455/2431 1602/2384/2361 1553/2456/2432
f 1553/2456/2432 1602/2384/2361 1603/2382/2359
f 1553/2456/2432 1603/2382/2359 1552/2457/2433
f 1552/2457/2433 1603/2382/2359 1604/2380/2357
f 1552/2457/2433 1604/2380/2357 1551/2458/2434
f 1551/2458/2434 1604/2380/2357 1605/2378/2355
f 1551/2458/2434 1605/2378/2355 1550/2459/2435
f 1550/2459/2435 1605/2378/2355 1606/2376/2353
f 1550/2459/2435 1606/2376/2353 1549/2460/2436
f 1549/2460/2436 1606/2376/2353 1607/2374/2351
f 1549/2460/2436 1607/2374/2351 1548/2461/2437
f 1548/2461/2437 1607/2374/2351 1608/2372/2349
f 1548/2461/2437 1608/2372/2349 1547/2462/2438
f 1547/2462/2438 1608/2372/2349 1609/2370/2347
f 1547/2462/2438 1609/2370/2347 1546/2463/2439
f 1546/2463/2439 1609/2370/2347 1610/2368/2345
f 1546/2463/2439 1610/2368/2345 1545/2464/2440
f 1545/2464/2440 1610/2368/2345 1611/2366/2343
f 1545/2464/2440 1611/2366/2343 1544/2465/2441
f 1544/2465/2441 1611/2366/2343 1612/2364/2341
f 1544/2465/2441 1612/2364/2341 1543/2466/2442
f 1543/2466/2442 1612/2364/2341 1613/2362/2339
f 1543/2466/2442 1613/2362/2339 1542/2467/2443
f 1542/2467/2443 1613/2362/2339 1614/2360/2337
f 1542/2467/2443 1614/2360/2337 1541/2468/2444
f 1541/2468/2444 1614/2360/2337 1615/2358/2335
f 1541/2468/2444 1615/2358/2335 1540/2469/2445
f 1540/2469/2445 1615/2358/2335 1616/2356/2333
f 1540/2469/2445 1616/2356/2333 1539/2470/2446
f 1539/2470/2446 1616/2356/2333 1617/2354/2331
f 1539/2470/2446 1617/2354/2331 1538/2471/2447
f 1538/2471/2447 1617/2354/2331 1618/2352/2329
f 1538/2471/2447 1618/2352/2329 1537/2472/2448
f 1537/2472/2448 1618/2352/2329 1619/2350/2327
f 1537/2472/2448 1619/2350/2327 1536/2473/2449
f 1536/2473/2449 1619/2350/2327 1620/2348/2325
f 1536/2473/2449 1620/2348/2325 1535/2474/2450
f 1535/2474/2450 1620/2348/2325 1621/2346/2323
f 1535/2474/2450 1621/2346/2323 1534/2475/2451
f 1534/2475/2451 1621/2346/2323 1622/2344/2321
f 1534/2475/2451 1622/2344/2321 1533/2476/2452
f 1533/2476/2452 1622/2344/2321 1623/2342/2319
f 1533/2476/2452 1623/2342/2319 1532/2477/2453
f 1532/2477/2453 1623/2342/2319 1624/2340/2317
f 1532/2477/2453 1624/2340/2317 1531/2478/2454
f 1531/2478/2454 1624/2340/2317 1625/2338/2315
f 1531/2478/2454 1625/2338/2315 1530/2479/2455
f 1530/2479/2455 1625/2338/2315 1626/2336/2313
f 1530/2479/2455 1626/2336/2313 1529/2480/2456
f 1529/2480/2456 1626/2336/2313 1627/2334/2311
f 1529/2480/2456 1627/2334/2311 1528/2481/2457
f 1528/2481/2457 1627/2334/2311 1628/2332/2309
f 1528/2481/2457 1628/2332/2309 1527/2482/2458
f 1527/2482/2458 1628/2332/2309 1629/2330/2307
f 1527/2482/2458 1629/2330/2307 1526/2483/2459
f 1526/2483/2459 1629/2330/2307 1630/2328/2305
f 1526/2483/2459 1630/2328/2305 1525/2484/2460
f 1525/2484/2460 1630/2328/2305 1631/2326/2303
f 1525/2484/2460 1631/2326/2303 1524/2485/2461
f 1524/2485/2461 1631/2326/2303 1632/2324/2301
f 1524/2485/2461 1632/2324/2301 1523/2486/2462
f 1523/2486/2462 1632/2324/2301 1633/2322/2299
f 1523/2486/2462 1633/2322/2299 1522/2487/2463
f 1522/2487/2463 1633/2322/2299 1634/2320/2297
f 1522/2487/2463 1634/2320/2297 1521/2488/2464
f 1521/2488/2464 1634/2320/2297 1635/2318/2295
f 1521/2488/2464 1635/2318/2295 1520/2489/2465
f 1520/2489/2465 1635/2318/2295 1636/2316/2293
f 1520/2489/2465 1636/2316/2293 1519/2490/2466
f 1519/2490/2466 1636/2316/2293 1637/2314/2291
f 1519/2490/2466 1637/2314/2291 1518/2491/2467
f 1518/2491/2467 1637/2314/2291 1638/2312/2289
f 1518/2491/2467 1638/2312/2289 1517/2492/2468
f 1517/2492/2468 1638/2312/2289 1639/2310/2287
f 1517/2492/2468 1639/2310/2287 1516/2493/2469
f 1516/2493/2469 1639/2310/2287 1640/2308/2285
f 1516/2493/2469 1640/2308/2285 1515/2494/2470
f 1515/2494/2470 1640/2308/2285 1641/2306/2283
f 1515/2494/2470 1641/2306/2283 1514/2495/2471
f 1514/2495/2471 1641/2306/2283 1642/2304/2281
f 1514/2495/2471 1642/2304/2281 1513/2496/2472
f 1513/2496/2472 1642/2304/2281 1643/2302/2279
f 1513/2496/2472 1643/2302/2279 1512/2497/2473
f 1512/2497/2473 1643/2302/2279 1644/2300/2277
f 1512/2497/2473 1644/2300/2277 1511/2498/2474
f 1511/2498/2474 1644/2300/2277 1645/2298/2275
f 1511/2498/2474 1645/2298/2275 1510/2499/2475
f 1510/2499/2475 1645/2298/2275 1646/2296/2273
f 1510/2499/2475 1646/2296/2273 1509/2500/2476
f 1509/2500/2476 1646/2296/2273 1647/2294/2271
f 1509/2500/2476 1647/2294/2271 1508/2501/2477
f 1508/2501/2477 1647/2294/2271 1648/2292/2269
f 1508/2501/2477 1648/2292/2269 1507/2502/2478
f 1507/2502/2478 1648/2292/2269 1649/2290/2267
f 1507/2502/2478 1649/2290/2267 1506/2503/2479
f 1506/2503/2479 1649/2290/2267 1650/2288/2265
f 1506/2503/2479 1650/2288/2265 1505/2504/2480
f 1505/2504/2480 1650/2288/2265 1651/2286/2263
f 1505/2504/2480 1651/2286/2263 1504/2505/2481
f 1504/2505/2481 1651/2286/2263 1652/2284/2261
f 1504/2505/2481 1652/2284/2261 1503/2506/2482
f 1503/2506/2482 1652/2284/2261 1653/2282/2259
f 1503/2506/2482 1653/2282/2259 1502/2507/2483
f 1502/2507/2483 1653/2282/2259 1654/2280/2257
f 1502/2507/2483 1654/2280/2257 1501/2508/2484
f 1501/2508/2484 1654/2280/2257 1655/2278/2255
f 1501/2508/2484 1655/2278/2255 1500/2429/2406
f 1500/2429/2406 1655/2278/2255 1656/2276/2253
f 1301/2509/2485 1421/2510/2486 1243/2511/2487
f 1243/2511/2487 1421/2510/2486 1420/2512/2488
f 1243/2511/2487 1420/2512/2488 1498/2513/2489
f 1421/2510/2486 1301/2509/2485 1422/2514/2490
f 1422/2514/2490 1301/2509/2485 1300/2515/2491
f 1422/2514/2490 1300/2515/2491 1423/2516/2492
f 1423/2516/2492 1300/2515/2491 1299/2517/2493
f 1423/2516/2492 1299/2517/2493 1424/2518/2494
f 1424/2518/2494 1299/2517/2493 1425/2519/2495
f 1425/2519/2495 1299/2517/2493 1298/2520/2496
f 1425/2519/2495 1298/2520/2496 1426/2521/2497
f 1426/2521/2497 1298/2520/2496 1297/2522/2498
f 1426/2521/2497 1297/2522/2498 1427/2523/2499
f 1427/2523/2499 1297/2522/2498 1296/2524/2500
f 1427/2523/2499 1296/2524/2500 1428/2525/2501
f 1428/2525/2501 1296/2524/2500 1429/2526/2502
f 1429/2526/2502 1296/2524/2500 1295/2527/2503
f 1429/2526/2502 1295/2527/2503 1430/2528/2504
f 1430/2528/2504 1295/2527/2503 1294/2529/2505
f 1430/2528/2504 1294/2529/2505 1431/2530/2506
f 1431/2530/2506 1294/2529/2505 1293/2531/2507
f 1431/2530/2506 1293/2531/2507 1432/2532/2508
f 1432/2532/2508 1293/2531/2507 1433/2533/2509
f 1433/2533/2509 1293/2531/2507 1292/2534/2510
f 1433/2533/2509 1292/2534/2510 1434/2535/2511
f 1434/2535/2511 1292/2534/2510 1291/2536/2512
f 1434/2535/2511 1291/2536/2512 1435/2537/2513
f 1435/2537/2513 1291/2536/2512 1290/2538/2514
f 1435/2537/2513 1290/2538/2514 1436/2539/2515
f 1436/2539/2515 1290/2538/2514 1437/2540/2516
f 1437/2540/2516 1290/2538/2514 1289/2541/2517
f 1437/2540/2516 1289/2541/2517 1438/2542/2518
f 1438/2542/2518 1289/2541/2517 1288/2543/2519
f 1438/2542/2518 1288/2543/2519 1439/2544/2520
f 1439/2544/2520 1288/2543/2519 1287/2545/2521
f 1439/2544/2520 1287/2545/2521 1440/2546/2522
f 1440/2546/2522 1287/2545/2521 1441/2547/2523
f 1441/2547/2523 1287/2545/2521 1286/2548/2524
f 1441/2547/2523 1286/2548/2524 1442/2549/2525
f 1442/2549/2525 1286/2548/2524 1285/2550/2526
f 1442/2549/2525 1285/2550/2526 1443/2551/2527
f 1443/2551/2527 1285/2550/2526 1284/2552/2528
f 1443/2551/2527 1284/2552/2528 1444/2553/2529
f 1444/2553/2529 1284/2552/2528 1445/2554/2530
f 1445/2554/2530 1284/2552/2528 1283/2555/2531
f 1445/2554/2530 1283/2555/2531 1446/2556/2532
f 1446/2556/2532 1283/2555/2531 1282/2557/2533
f 1446/2556/2532 1282/2557/2533 1447/2558/2534
f 1447/2558/2534 1282/2557/2533 1281/2559/2535
f 1447/2558/2534 1281/2559/2535 1448/2560/2536
f 1448/2560/2536 1281/2559/2535 1449/2561/2537
f 1449/2561/2537 1281/2559/2535 1280/2562/2538
f 1449/2561/2537 1280/2562/2538 1450/2563/2539
f 1450/2563/2539 1280/2562/2538 1279/2564/2540
f 1450/2563/2539 1279/2564/2540 1451/2565/2541
f 1451/2565/2541 1279/2564/2540 1278/2566/2542
f 1451/2565/2541 1278/2566/2542 1452/2567/2543
f 1452/2567/2543 1278/2566/2542 1453/2568/2544
f 1453/2568/2544 1278/2566/2542 1277/2569/2545
f 1453/2568/2544 1277/2569/2545 1454/2570/2546
f 1454/2570/2546 1277/2569/2545 1276/2571/2547
f 1454/2570/2546 1276/2571/2547 1455/2572/2548
f 1455/2572/2548 1276/2571/2547 1275/2573/2549
f 1455/2572/2548 1275/2573/2549 1456/2574/2550
f 1456/2574/2550 1275/2573/2549 1457/2575/2551
f 1457/2575/2551 1275/2573/2549 1274/2576/2552
f 1457/2575/2551 1274/2576/2552 1458/2577/2553
f 1458/2577/2553 1274/2576/2552 1273/2578/2554
f 1458/2577/2553 1273/2578/2554 1459/2579/2555
f 1459/2579/2555 1273/2578/2554 1460/2580/2556
f 1460/2580/2556 1273/2578/2554 1272/2581/2557
f 1460/2580/2556 1272/2581/2557 1461/2582/2558
f 1461/2582/2558 1272/2581/2557 1271/2583/2559
f 1461/2582/2558 1271/2583/2559 1462/2584/2560
f 1462/2584/2560 1271/2583/2559 1270/2585/2561
f 1462/2584/2560 1270/2585/2561 1463/2586/2562
f 1463/2586/2562 1270/2585/2561 1464/2587/2563
f 1464/2587/2563 1270/2585/2561 1269/2588/2564
f 1464/2587/2563 1269/2588/2564 1465/2589/2565
f 1465/2589/2565 1269/2588/2564 1268/2590/2566
f 1465/2589/2565 1268/2590/2566 1466/2591/2567
f 1466/2591/2567 1268/2590/2566 1267/2592/2568
f 1466/2591/2567 1267/2592/2568 1467/2593/2569
f 1467/2593/2569 1267/2592/2568 1468/2594/2570
f 1468/2594/2570 1267/2592/2568 1266/2595/2571
f 1468/2594/2570 1266/2595/2571 1469/2596/2572
f 1469/2596/2572 1266/2595/2571 1265/2597/2573
f 1469/2596/2572 1265/2597/2573 1470/2598/2574
f 1470/2598/2574 1265/2597/2573 1264/2599/2575
f 1470/2598/2574 1264/2599/2575 1471/2600/2576
f 1471/2600/2576 1264/2599/2575 1263/2601/2577
f 1471/2600/2576 1263/2601/2577 1472/2602/2578
f 1472/2602/2578 1263/2601/2577 1262/2603/2579
f 1472/2602/2578 1262/2603/2579 1473/2604/2580
f 1473/2604/2580 1262/2603/2579 1474/2605/2581
f 1474/2605/2581 1262/2603/2579 1261/2606/2582
f 1474/2605/2581 1261/2606/2582 1475/2607/2583
f 1475/2607/2583 1261/2606/2582 1476/2608/2584
f 1476/2608/2584 1261/2606/2582 1260/2609/2585
f 1476/2608/2584 1260/2609/2585 1477/2610/2586
f 1477/2610/2586 1260/2609/2585 1259/2611/2587
f 1477/2610/2586 1259/2611/2587 1478/2612/2588
f 1478/2612/2588 1259/2611/2587 1258/2613/2589
f 1478/2612/2588 1258/2613/2589 1479/2614/2590
f 1479/2614/2590 1258/2613/2589 1480/2615/2591
f 1480/2615/2591 1258/2613/2589 1257/2616/2592
f 1480/2615/2591 1257/2616/2592 1481/2617/2593
f 1481/2617/2593 1257/2616/2592 1256/2618/2594
f 1481/2617/2593 1256/2618/2594 1482/2619/2595
f 1482/2619/2595 1256/2618/2594 1255/2620/2596
f 1482/2619/2595 1255/2620/2596 1483/2621/2597
f 1483/2621/2597 1255/2620/2596 1484/2622/2598
f 1484/2622/2598 1255/2620/2596 1254/2623/2599
f 1484/2622/2598 1254/2623/2599 1485/2624/2600
f 1485/2624/2600 1254/2623/2599 1253/2625/2601
f 1485/2624/2600 1253/2625/2601 1486/2626/2602
f 1486/2626/2602 1253/2625/2601 1252/2627/2603
f 1486/2626/2602 1252/2627/2603 1487/2628/2604
f 1487/2628/2604 1252/2627/2603 1488/2629/2605
f 1488/2629/2605 1252/2627/2603 1251/2630/2606
f 1488/2629/2605 1251/2630/2606 1489/2631/2607
f 1489/2631/2607 1251/2630/2606 1250/2632/2608
f 1489/2631/2607 1250/2632/2608 1490/2633/2609
f 1490/2633/2609 1250/2632/2608 1249/2634/2610
f 1490/2633/2609 1249/2634/2610 1491/2635/2611
f 1491/2635/2611 1249/2634/2610 1492/2636/2612
f 1492/2636/2612 1249/2634/2610 1248/2637/2613
f 1492/2636/2612 1248/2637/2613 1493/2638/2614
f 1493/2638/2614 1248/2637/2613 1247/2639/2615
f 1493/2638/2614 1247/2639/2615 1494/2640/2616
f 1494/2640/2616 1247/2639/2615 1246/2641/2617
f 1494/2640/2616 1246/2641/2617 1495/2642/2618
f 1495/2642/2618 1246/2641/2617 1496/2643/2619
f 1496/2643/2619 1246/2641/2617 1245/2644/2620
f 1496/2643/2619 1245/2644/2620 1497/2645/2621
f 1497/2645/2621 1245/2644/2620 1244/2646/2622
f 1497/2645/2621 1244/2646/2622 1498/2513/2489
f 1498/2513/2489 1244/2646/2622 1243/2511/2487
f 1360/2647/2623 1500/2648/2624 1302/2649/2625
f 1302/2649/2625 1500/2648/2624 1499/2650/2626
f 1302/2649/2625 1499/2650/2626 1577/2651/2627
f 1500/2648/2624 1360/2647/2623 1501/2652/2628
f 1501/2652/2628 1360/2647/2623 1359/2653/2629
f 1501/2652/2628 1359/2653/2629 1502/2654/2630
f 1502/2654/2630 1359/2653/2629 1358/2655/2631
f 1502/2654/2630 1358/2655/2631 1503/2656/2632
f 1503/2656/2632 1358/2655/2631 1504/2657/2633
f 1504/2657/2633 1358/2655/2631 1357/2658/2634
f 1504/2657/2633 1357/2658/2634 1505/2659/2635
f 1505/2659/2635 1357/2658/2634 1356/2660/2636
f 1505/2659/2635 1356/2660/2636 1506/2661/2637
f 1506/2661/2637 1356/2660/2636 1355/2662/2638
f 1506/2661/2637 1355/2662/2638 1507/2663/2639
f 1507/2663/2639 1355/2662/2638 1508/2664/2640
f 1508/2664/2640 1355/2662/2638 1354/2665/2641
f 1508/2664/2640 1354/2665/2641 1509/2666/2642
f 1509/2666/2642 1354/2665/2641 1353/2667/2643
f 1509/2666/2642 1353/2667/2643 1510/2668/2644
f 1510/2668/2644 1353/2667/2643 1352/2669/2645
f 1510/2668/2644 1352/2669/2645 1511/2670/2646
f 1511/2670/2646 1352/2669/2645 1512/2671/2647
f 1512/2671/2647 1352/2669/2645 1351/2672/2648
f 1512/2671/2647 1351/2672/2648 1513/2673/2649
f 1513/2673/2649 1351/2672/2648 1350/2674/2650
f 1513/2673/2649 1350/2674/2650 1514/2675/2651
f 1514/2675/2651 1350/2674/2650 1349/2676/2652
f 1514/2675/2651 1349/2676/2652 1515/2677/2653
f 1515/2677/2653 1349/2676/2652 1516/2678/2654
f 1516/2678/2654 1349/2676/2652 1348/2679/2655
f 1516/2678/2654 1348/2679/2655 1517/2680/2656
f 1517/2680/2656 1348/2679/2655 1347/2681/2657
f 1517/2680/2656 1347/2681/2657 1518/2682/2658
f 1518/2682/2658 1347/2681/2657 1346/2683/2659
f 1518/2682/2658 1346/2683/2659 1519/2684/2660
f 1519/2684/2660 1346/2683/2659 1520/2685/2661
f 1520/2685/2661 1346/2683/2659 1345/2686/2662
f 1520/2685/2661 1345/2686/2662 1521/2687/2663
f 1521/2687/2663 1345/2686/2662 1344/2688/2664
f 1521/2687/2663 1344/2688/2664 1522/2689/2665
f 1522/2689/2665 1344/2688/2664 1343/2690/2666
f 1522/2689/2665 1343/2690/2666 1523/2691/2667
f 1523/2691/2667 1343/2690/2666 1524/2692/2668
f 1524/2692/2668 1343/2690/2666 1342/2693/2669
f 1524/2692/2668 1342/2693/2669 1525/2694/2670
f 1525/2694/2670 1342/2693/2669 1526/2695/2671
f 1526/2695/2671 1342/2693/2669 1341/2696/2672
f 1526/2695/2671 1341/2696/2672 1340/2697/2673
f 1339/2698/2674 1528/2699/2675 1340/2697/2673
f 1340/2697/2673 1528/2699/2675 1527/2700/2676
f 1340/2697/2673 1527/2700/2676 1526/2695/2671
f 1528/2699/2675 1339/2698/2674 1529/2701/2677
f 1529/2701/2677 1339/2698/2674 1338/2702/2678
f 1529/2701/2677 1338/2702/2678 1530/2703/2679
f 1530/2703/2679 1338/2702/2678 1337/2704/2680
f 1530/2703/2679 1337/2704/2680 1531/2705/2681
f 1531/2705/2681 1337/2704/2680 1532/2706/2682
f 1532/2706/2682 1337/2704/2680 1336/2707/2683
f 1532/2706/2682 1336/2707/2683 1533/2708/2684
f 1533/2708/2684 1336/2707/2683 1335/2709/2685
f 1533/2708/2684 1335/2709/2685 1534/2710/2686
f 1534/2710/2686 1335/2709/2685 1334/2711/2687
f 1534/2710/2686 1334/2711/2687 1535/2712/2688
f 1535/2712/2688 1334/2711/2687 1536/2713/2689
f 1536/2713/2689 1334/2711/2687 1333/2714/2690
f 1536/2713/2689 1333/2714/2690 1537/2715/2691
f 1537/2715/2691 1333/2714/2690 1332/2716/2692
f 1537/2715/2691 1332/2716/2692 1538/2717/2693
f 1538/2717/2693 1332/2716/2692 1331/2718/2694
f 1538/2717/2693 1331/2718/2694 1539/2719/2695
f 1539/2719/2695 1331/2718/2694 1540/2720/2696
f 1540/2720/2696 1331/2718/2694 1330/2721/2697
f 1540/2720/2696 1330/2721/2697 1541/2722/2698
f 1541/2722/2698 1330/2721/2697 1329/2723/2699
f 1541/2722/2698 1329/2723/2699 1542/2724/2700
f 1542/2724/2700 1329/2723/2699 1543/2725/2701
f 1543/2725/2701 1329/2723/2699 1328/2726/2702
f 1543/2725/2701 1328/2726/2702 1544/2727/2703
f 1544/2727/2703 1328/2726/2702 1327/2728/2704
f 1544/2727/2703 1327/2728/2704 1545/2729/2705
f 1545/2729/2705 1327/2728/2704 1326/2730/2706
f 1545/2729/2705 1326/2730/2706 1546/2731/2707
f 1546/2731/2707 1326/2730/2706 1547/2732/2708
f 1547/2732/2708 1326/2730/2706 1325/2733/2709
f 1547/2732/2708 1325/2733/2709 1548/2734/2710
f 1548/2734/2710 1325/2733/2709 1324/2735/2711
f 1548/2734/2710 1324/2735/2711 1549/2736/2712
f 1549/2736/2712 1324/2735/2711 1323/2737/2713
f 1549/2736/2712 1323/2737/2713 1550/2738/2714
f 1550/2738/2714 1323/2737/2713 1551/2739/2715
f 1551/2739/2715 1323/2737/2713 1322/2740/2716
f 1551/2739/2715 1322/2740/2716 1552/2741/2717
f 1552/2741/2717 1322/2740/2716 1321/2742/2718
f 1552/2741/2717 1321/2742/2718 1553/2743/2719
f 1553/2743/2719 1321/2742/2718 1320/2744/2720
f 1553/2743/2719 1320/2744/2720 1554/2745/2721
f 1554/2745/2721 1320/2744/2720 1555/2746/2722
f 1555/2746/2722 1320/2744/2720 1319/2747/2723
f 1555/2746/2722 1319/2747/2723 1556/2748/2724
f 1556/2748/2724 1319/2747/2723 1318/2749/2725
f 1556/2748/2724 1318/2749/2725 1557/2750/2726
f 1557/2750/2726 1318/2749/2725 1317/2751/2727
f 1557/2750/2726 1317/2751/2727 1558/2752/2728
f 1558/2752/2728 1317/2751/2727 1559/2753/2729
f 1559/2753/2729 1317/2751/2727 1316/2754/2730
f 1559/2753/2729 1316/2754/2730 1560/2755/2731
f 1560/2755/2731 1316/2754/2730 1315/2756/2732
f 1560/2755/2731 1315/2756/2732 1561/2757/2733
f 1561/2757/2733 1315/2756/2732 1314/2758/2734
f 1561/2757/2733 1314/2758/2734 1562/2759/2735
f 1562/2759/2735 1314/2758/2734 1563/2760/2736
f 1563/2760/2736 1314/2758/2734 1313/2761/2737
f 1563/2760/2736 1313/2761/2737 1564/2762/2738
f 1564/2762/2738 1313/2761/2737 1312/2763/2739
f 1564/2762/2738 1312/2763/2739 1565/2764/2740
f 1565/2764/2740 1312/2763/2739 1311/2765/2741
f 1565/2764/2740 1311/2765/2741 1566/2766/2742
f 1566/2766/2742 1311/2765/2741 1567/2767/2743
f 1567/2767/2743 1311/2765/2741 1310/2768/2744
f 1567/2767/2743 1310/2768/2744 1568/2769/2745
f 1568/2769/2745 1310/2768/2744 1309/2770/2746
f 1568/2769/2745 1309/2770/2746 1569/2771/2747
f 1569/2771/2747 1309/2770/2746 1308/2772/2748
f 1569/2771/2747 1308/2772/2748 1570/2773/2749
f 1570/2773/2749 1308/2772/2748 1571/2774/2750
f 1571/2774/2750 1308/2772/2748 1307/2775/2751
f 1571/2774/2750 1307/2775/2751 1572/2776/2752
f 1572/2776/2752 1307/2775/2751 1306/2777/2753
f 1572/2776/2752 1306/2777/2753 1573/2778/2754
f 1573/2778/2754 1306/2777/2753 1305/2779/2755
f 1573/2778/2754 1305/2779/2755 1574/2780/2756
f 1574/2780/2756 1305/2779/2755 1575/2781/2757
f 1575/2781/2757 1305/2779/2755 1304/2782/2758
f 1575/2781/2757 1304/2782/2758 1576/2783/2759
f 1576/2783/2759 1304/2782/2758 1303/2784/2760
f 1576/2783/2759 1303/2784/2760 1577/2651/2627
f 1577/2651/2627 1303/2784/2760 1302/2649/2625
# 1656 vertices
# 2784 texture params
# 2760 normals
# 3312 facets

# 4 groups
